close,epoch,high,low,open
4970.51,1769486400,4973.137,4968.721,4971.644
4969.088,1769487300,4976.253,4968.623,4970.496
4961.444,1769488200,4969.065,4961.444,4969.065
4962.957,1769489100,4964.121,4954.867,4961.437
4967.987,1769490000,4969.067,4955.476,4962.951
4971.532,1769490900,4972.37,4961.242,4967.965
4988.751,1769491800,4990.291,4970.824,4971.524
4993.807,1769492700,4997.683,4985.583,4988.741
5003.159,1769493600,5005.497,4993.228,4993.788
5013.212,1769494500,5018.852,5002.884,5003.143
5015.973,1769495400,5017.822,5010.178,5013.202
5013.684,1769496300,5016.616,5011.533,5015.972
5005.535,1769497200,5014.276,5005.535,5013.673
4999.67,1769498100,5005.515,4996.966,5005.515
4990.748,1769499000,4999.662,4990.748,4999.662
4983.798,1769499900,4990.731,4983.038,4990.731
4984.875,1769500800,4989.848,4980.82,4983.78
4993.7,1769501700,4994.628,4982.697,4984.873
5012.781,1769502600,5014.987,4991.589,4993.688
5006.621,1769503500,5013.131,5005.527,5012.779
5009.262,1769504400,5010.206,5003.394,5006.606
5015.292,1769505300,5018.077,5007.916,5009.247
5016.835,1769506200,5022.866,5012.705,5015.292
5013.649,1769507100,5016.923,5012.889,5016.832
5007.352,1769508000,5014.588,5007.352,5013.624
5005.032,1769508900,5007.345,5000.863,5007.345
4996.178,1769509800,5005.028,4996.178,5005.028
4990.823,1769510700,4998.027,4990.823,4996.157
4992.923,1769511600,5000.06,4989.575,4990.808
4987.49,1769512500,4992.919,4987.49,4992.919
4989.943,1769513400,4995.66,4985.641,4987.484
4991.924,1769514300,4993.263,4984.02,4989.94
4983.464,1769515200,4991.91,4983.464,4991.91
4974.42,1769516100,4983.463,4974.42,4983.463
4974.607,1769517000,4979.941,4970.487,4974.402
4966.64,1769517900,4974.599,4966.64,4974.599
4959.493,1769518800,4966.633,4959.493,4966.633
4968.46,1769519700,4970.208,4954.116,4959.492
4959.839,1769520600,4968.447,4959.839,4968.447
4959.216,1769521500,4965.694,4957.592,4959.835
4950.593,1769522400,4959.197,4950.593,4959.197
4943.865,1769523300,4950.575,4942.005,4950.575
4934.881,1769524200,4943.865,4934.881,4943.865
4925.602,1769525100,4934.877,4925.602,4934.877
4929.692,1769526000,4935.014,4923.747,4925.591
4931.54,1769526900,4936.559,4926.654,4929.681
4924.808,1769527800,4931.538,4924.808,4931.538
4921.237,1769528700,4925.735,4920.413,4924.792
4934.676,1769529600,4934.869,4916.821,4921.224
4925.546,1769530500,4934.664,4925.546,4934.664
4930.552,1769531400,4933.493,4921.865,4925.532
4926.325,1769532300,4932.223,4926.325,4930.545
4923.724,1769533200,4927.456,4921.438,4926.323
4915.161,1769534100,4923.718,4915.161,4923.718
4928.488,1769535000,4928.963,4913.251,4915.154
4935.25,1769535900,4936.775,4926.021,4928.478
4932.866,1769536800,4940.86,4932.866,4935.231
4926.28,1769537700,4932.851,4926.217,4932.851
4926.957,1769538600,4928.826,4920.264,4926.262
4918.243,1769539500,4926.949,4918.243,4926.949
4920.366,1769540400,4925.771,4917.601,4918.243
4911.466,1769541300,4920.355,4911.466,4920.355
4923.499,1769542200,4924.944,4907.335,4911.448
4928.111,1769543100,4929.781,4921.32,4923.494
4938.785,1769544000,4940.644,4926.623,4928.095
4940.94,1769544900,4941.701,4934.327,4938.782
4931.605,1769545800,4940.93,4931.605,4940.93
4922.433,1769546700,4931.6,4922.433,4931.6
4984.146,1769547600,4986.187,4920.889,4922.419
4978.631,1769548500,4986.853,4978.631,4984.141
4973.758,1769549400,4979.106,4973.758,4978.625
4977.935,1769550300,4984.38,4973.378,4973.756
4989.318,1769551200,4992.471,4977.707,4977.933
4982.716,1769552100,4989.317,4981.753,4989.317
4973.943,1769553000,4982.7,4973.943,4982.7
4967.562,1769553900,4974.706,4967.562,4973.921
4973.866,1769554800,4975.169,4965.162,4967.548
4978.395,1769555700,4980.804,4972.907,4973.861
4983.033,1769556600,4988.577,4976.634,4978.364
4976.976,1769557500,4983.032,4976.976,4983.032
4969.794,1769558400,4976.974,4969.477,4976.974
4997.724,1769559300,4998.185,4967.343,4969.791
4995.732,1769560200,5003.375,4995.732,4997.716
4994.322,1769561100,4997.253,4990.597,4995.73
4995.275,1769562000,4996.405,4987.218,4994.318
4996.148,1769562900,5001.989,4993.335,4995.268
5003.508,1769563800,5004.59,4993.88,4996.138
4997.205,1769564700,5003.491,4994.939,5003.491
4989.011,1769565600,4997.202,4989.011,4997.202
4995.492,1769566500,4997.009,4988.717,4989.004
4986.328,1769567400,4995.473,4986.328,4995.473
4984.126,1769568300,4986.324,4980.976,4986.324
4985.579,1769569200,4986.427,4982.727,4984.109
4976.336,1769570100,4985.578,4976.336,4985.578
4975.831,1769571000,4982.019,4973.478,4976.33
4970.538,1769571900,4977.411,4970.538,4975.805
4961.681,1769572800,4970.534,4961.681,4970.534
4966.263,1769573700,4973.666,4961.334,4961.666
4956.989,1769574600,4966.26,4956.989,4966.26
4947.973,1769575500,4956.977,4947.973,4956.977
4949.996,1769576400,4952.149,4941.328,4947.962
4957.121,1769577300,4958.189,4946.623,4949.987
4954.73,1769578200,4957.809,4951.835,4957.112
4946.003,1769579100,4954.721,4946.003,4954.721
4940.728,1769580000,4945.983,4940.728,4945.983
4945.209,1769580900,4947.548,4940.71,4940.724
4939.821,1769581800,4945.189,4939.821,4945.189
4944.127,1769582700,4949.864,4938.079,4939.808
4943.428,1769583600,4949.984,4941.489,4944.124
4961.627,1769584500,4961.71,4941.162,4943.422
4980.835,1769585400,4982.62,4957.318,4961.615
4977.819,1769586300,4982.885,4977.819,4980.82
4973.15,1769587200,4977.806,4969.182,4977.806
4973.607,1769588100,4976.565,4970.274,4973.143
4985.146,1769589000,4986.278,4973.331,4973.604
4981.736,1769589900,4987.609,4981.736,4985.131
4975.67,1769590800,4982.696,4975.67,4981.716
4969.984,1769591700,4975.665,4969.984,4975.665
4961.049,1769592600,4969.977,4961.049,4969.977
4953.706,1769593500,4961.049,4953.706,4961.049
4947.384,1769594400,4953.703,4946.306,4953.703
4945.203,1769595300,4951.208,4945.203,4947.38
4977.818,1769596200,4981.831,4944.904,4945.192
4978.566,1769597100,4980.854,4975.568,4977.807
4973.941,1769598000,4978.7,4973.169,4978.559
4966.15,1769598900,4973.928,4965.79,4973.928
4969.832,1769599800,4971.522,4963.036,4966.145
4984.673,1769600700,4988.109,4968.578,4969.814
4993.916,1769601600,4995.071,4979.538,4984.661
4985.225,1769602500,4993.915,4985.225,4993.915
4986.266,1769603400,4989.539,4982.294,4985.222
4982.617,1769604300,4990.433,4982.617,4986.256
4994.151,1769605200,5000.89,4980.892,4982.612
4997.812,1769606100,4999.805,4987.614,4994.149
4993.721,1769607000,5000.917,4993.721,4997.793
4989.869,1769607900,4998.303,4989.869,4993.713
4982.188,1769608800,4989.865,4982.188,4989.865
4973.498,1769609700,4982.171,4973.498,4982.171
4964.517,1769610600,4973.481,4964.517,4973.481
4960.81,1769611500,4964.509,4955.756,4964.509
4963.359,1769612400,4970.846,4960.288,4960.803
4976.537,1769613300,4981.723,4961.384,4963.34
4979.581,1769614200,4982.518,4974.636,4976.534
4979.391,1769615100,4984.428,4977.995,4979.571
4979.516,1769616000,4983.413,4975.349,4979.373
4970.844,1769616900,4979.508,4970.844,4979.508
4980.088,1769617800,4980.269,4967.026,4970.828
4970.929,1769618700,4980.082,4970.929,4980.082
4998.536,1769619600,4999.764,4969.843,4970.924
4995.798,1769620500,4998.784,4992.668,4998.521
5010.882,1769621400,5013.62,4992.391,4995.787
5001.586,1769622300,5010.871,5001.586,5010.871
4996.9,1769623200,5004.404,4996.9,5001.581
4999.637,1769624100,5004.941,4996.385,4996.895
4993.953,1769625000,4999.636,4993.953,4999.636
4999.975,1769625900,5001.783,4989.416,4993.932
4991.9,1769626800,4999.965,4991.9,4999.965
4992.603,1769627700,4998.997,4990.736,4991.887
4983.439,1769628600,4992.593,4983.439,4992.593
4986.752,1769629500,4990.825,4978.291,4983.429
4985.698,1769630400,4986.744,4979.023,4986.744
4983.12,1769631300,4987.006,4980.384,4985.681
4995.042,1769632200,4995.917,4980.909,4983.107
5002.197,1769633100,5004.082,4990.769,4995.034
5003.652,1769634000,5005.067,4996.604,5002.195
5009.423,1769634900,5010.355,4996.53,5003.641
5006.885,1769635800,5011.268,5006.885,5009.414
5007.611,1769636700,5010.946,5001.23,5006.872
4998.486,1769637600,5007.59,4998.486,5007.59
4989.991,1769638500,4998.461,4989.991,4998.461
4993.169,1769639400,4997.523,4986.629,4989.989
4983.819,1769640300,4993.165,4983.819,4993.165
4988.144,1769641200,4990.182,4982.452,4983.814
4987.949,1769642100,4990.98,4985.97,4988.133
4988.95,1769643000,4990.435,4983.047,4987.944
4985.556,1769643900,4990.13,4984.62,4988.943
4979.804,1769644800,4986.426,4979.804,4985.553
4975.561,1769645700,4981.801,4975.561,4979.787
4974.144,1769646600,4981.505,4974.144,4975.559
4974.157,1769647500,4976.559,4971.033,4974.13
4980.663,1769648400,4982.196,4968.219,4974.148
4973.388,1769649300,4980.632,4973.388,4980.632
4971.554,1769650200,4975.89,4968.82,4973.374
4965.828,1769651100,4974.531,4965.828,4971.531
4969.727,1769652000,4971.376,4963.756,4965.818
4966.038,1769652900,4972.549,4966.038,4969.725
4967.971,1769653800,4969.782,4960.742,4966.037
4964.052,1769654700,4967.969,4960.57,4967.969
4958.631,1769655600,4964.844,4958.631,4964.043
4953.397,1769656500,4958.616,4950.161,4958.616
4944.263,1769657400,4953.388,4944.263,4953.388
4935.271,1769658300,4944.253,4935.271,4944.253
4943.66,1769659200,4945.827,4931.239,4935.261
4946.979,1769660100,4949.658,4937.915,4943.643
4950.3,1769661000,4957.026,4944.55,4946.966
4952.819,1769661900,4955.195,4943.914,4950.283
4943.905,1769662800,4952.814,4943.905,4952.814
4937.162,1769663700,4943.894,4936.036,4943.894
4938.242,1769664600,4943.875,4933.771,4937.149
4933.724,1769665500,4938.229,4933.38,4938.229
4932.219,1769666400,4933.723,4926.004,4933.723
4924.657,1769667300,4932.215,4924.657,4932.215
4920.538,1769668200,4926.353,4920.538,4924.656
4929.238,1769669100,4933.747,4916.902,4920.517
4920.272,1769670000,4929.223,4920.272,4929.223
4929.955,1769670900,4934.049,4919.29,4920.27
4929.381,1769671800,4930.456,4924.511,4929.948
4926.411,1769672700,4929.372,4924.658,4929.372
4925.665,1769673600,4930.471,4923.664,4926.406
4928.458,1769674500,4931.901,4921.883,4925.652
4924.543,1769675400,4933.198,4924.543,4928.451
4915.633,1769676300,4924.543,4915.633,4924.543
4906.781,1769677200,4915.628,4906.781,4915.628
4909.415,1769678100,4916.604,4905.188,4906.778
4908.061,1769679000,4909.393,4904.473,4909.393
4911.556,1769679900,4913.292,4904.737,4908.058
4904.615,1769680800,4911.532,4903.496,4911.532
4895.786,1769681700,4904.614,4895.786,4904.614
4892.764,1769682600,4895.783,4888.521,4895.783
4903.854,1769683500,4907.151,4892.297,4892.756
4898.423,1769684400,4903.838,4898.423,4903.838
4916.214,1769685300,4916.438,4896.586,4898.404
4918.707,1769686200,4922.54,4913.734,4916.214
4917.681,1769687100,4923.412,4917.681,4918.699
4914.026,1769688000,4920.711,4914.026,4917.677
4918.205,1769688900,4918.388,4909.476,4913.999
4920.652,1769689800,4923.213,4914.369,4918.203
4915.003,1769690700,4921.228,4915.003,4920.641
4921.762,1769691600,4924.905,4912.264,4915.001
4917.709,1769692500,4925.969,4917.709,4921.749
4909.039,1769693400,4917.698,4909.039,4917.698
4900.315,1769694300,4909.034,4900.315,4909.034
4896.828,1769695200,4900.309,4892.171,4900.309
4895.243,1769696100,4901.395,4894.762,4896.827
4886.941,1769697000,4895.241,4886.941,4895.241
4877.823,1769697900,4886.938,4877.823,4886.938
4884.926,1769698800,4887.947,4877.129,4877.806
4880.478,1769699700,4884.918,4877.238,4884.918
4879.601,1769700600,4881.841,4873.824,4880.464
4870.745,1769701500,4879.584,4870.745,4879.584
4862.201,1769702400,4870.73,4862.201,4870.73
4853.403,1769703300,4862.197,4853.403,4862.197
4864.92,1769704200,4865.119,4850.22,4853.401
4862.871,1769705100,4866.345,4859.935,4864.897
4871.514,1769706000,4873.819,4860.369,4862.866
4867.306,1769706900,4874.883,4867.306,4871.497
4865.087,1769707800,4868.579,4862.768,4867.303
4866.287,1769708700,4871.691,4863.812,4865.061
4857.503,1769709600,4866.269,4857.503,4866.269
4856.596,1769710500,4858.77,4852.032,4857.48
4851.278,1769711400,4858.798,4851.278,4856.594
4848.721,1769712300,4851.262,4843.225,4851.262
4861.334,1769713200,4865.312,4848.268,4848.696
4852.462,1769714100,4861.318,4852.462,4861.318
4853.456,1769715000,4857.16,4848.938,4852.453
4854.491,1769715900,4862.664,4852.726,4853.447
4861.17,1769716800,4862.305,4852.934,4854.481
4852.38,1769717700,4861.157,4852.38,4861.157
4847.817,1769718600,4852.376,4845.468,4852.376
4844.01,1769719500,4847.804,4839.554,4847.804
4835.082,1769720400,4844.007,4835.082,4844.007
4826.817,1769721300,4835.074,4826.677,4835.074
4834.638,1769722200,4836.076,4824.505,4826.815
4828.77,1769723100,4834.62,4828.77,4834.62
4819.828,1769724000,4828.752,4819.828,4828.752
4813.924,1769724900,4819.82,4812.214,4819.82
4827.029,1769725800,4828.341,4811.571,4813.919
4818.466,1769726700,4827.021,4818.466,4827.021
4815.937,1769727600,4822.525,4815.937,4818.453
4841.225,1769728500,4842.724,4815.798,4815.935
4862.808,1769729400,4863.069,4837.196,4841.208
4855.39,1769730300,4862.804,4855.39,4862.804
4854.444,1769731200,4860.307,4852.752,4855.382
4847.156,1769732100,4854.436,4847.156,4854.436
4876.394,1769733000,4880.124,4846.362,4847.146
4877.818,1769733900,4882.882,4873.586,4876.381
4878.23,1769734800,4880.065,4873.124,4877.804
4876.98,1769735700,4878.299,4872.09,4878.221
4872.497,1769736600,4877.7,4872.497,4876.968
4886.195,1769737500,4890.986,4872.078,4872.481
4885.936,1769738400,4888.769,4884.214,4886.193
4881.732,1769739300,4888.948,4881.732,4885.93
4873.068,1769740200,4881.729,4873.068,4881.729
4869.905,1769741100,4873.825,4868.228,4873.044
4869.206,1769742000,4872.373,4864.192,4869.878
4861.776,1769742900,4869.198,4861.776,4869.198
4873.133,1769743800,4876.403,4860.81,4861.746
4864.259,1769744700,4873.112,4864.259,4873.112
4868.628,1769745600,4870.653,4861.515,4864.258
4859.777,1769746500,4868.627,4859.777,4868.627
4851.17,1769747400,4859.761,4851.17,4859.761
4844.426,1769748300,4851.156,4844.426,4851.156
4841.207,1769749200,4844.413,4835.749,4844.413
4847.607,1769750100,4852.196,4840.4,4841.187
4849.782,1769751000,4853.252,4844.866,4847.59
4841.162,1769751900,4849.781,4841.162,4849.781
4855.515,1769752800,4858.084,4837.932,4841.153
4870.726,1769753700,4871.971,4850.182,4855.496
4863.006,1769754600,4870.725,4863.006,4870.725
4867.31,1769755500,4869.613,4858.337,4862.999
4873.387,1769756400,4878.214,4864.962,4867.287
4864.765,1769757300,4873.367,4864.765,4873.367
4874.181,1769758200,4875.091,4858.4,4864.753
4896.505,1769759100,4897.717,4872.644,4874.165
4890.541,1769760000,4896.504,4888.902,4896.504
4890.286,1769760900,4891.63,4884.79,4890.528
4882.451,1769761800,4890.272,4882.451,4890.272
4879.504,1769762700,4883.413,4877.261,4882.44
4870.789,1769763600,4879.498,4870.789,4879.498
4876.598,1769764500,4881.713,4870.318,4870.776
4872.666,1769765400,4876.595,4868.403,4876.595
4870.326,1769766300,4879.558,4870.326,4872.657
4864.928,1769767200,4870.747,4864.642,4870.324
4870.618,1769768100,4876.704,4863.881,4864.909
4873.236,1769769000,4881.761,4870.534,4870.613
4871.182,1769769900,4876.647,4870.907,4873.218
4884.004,1769770800,4884.004,4866.455,4871.181
4878.013,1769771700,4883.995,4875.72,4883.995
4869.233,1769772600,4878.002,4869.233,4878.002
4874.819,1769773500,4875.012,4860.949,4869.227
4867.894,1769774400,4875.204,4867.894,4874.805
4872.164,1769775300,4872.462,4864.901,4867.878
4863.33,1769776200,4872.158,4863.33,4872.158
4881.956,1769777100,4882.89,4860.921,4863.32
4885.35,1769778000,4888.648,4877.22,4881.937
4891.244,1769778900,4893.534,4880.669,4885.325
4882.526,1769779800,4891.241,4882.526,4891.241
4875.268,1769780700,4882.512,4875.268,4882.512
4873.772,1769781600,4881.067,4873.772,4875.256
4877.481,1769782500,4881.453,4869.145,4873.761
4868.69,1769783400,4877.469,4868.69,4877.469
4859.658,1769784300,4868.668,4859.658,4868.668
4859.758,1769785200,4863.508,4857.11,4859.656
4855.073,1769786100,4863.084,4855.073,4859.746
4854.094,1769787000,4859.812,4851.776,4855.069
4845.637,1769787900,4854.077,4845.637,4854.077
4840.449,1769788800,4845.635,4838.544,4845.635
4835.462,1769789700,4840.447,4832.934,4840.447
4831.769,1769790600,4838.483,4831.275,4835.455
4826.278,1769791500,4831.768,4826.278,4831.768
4850.149,1769792400,4850.607,4825.78,4826.273
4848.482,1769793300,4850.144,4844.161,4850.144
4855.175,1769794200,4855.821,4841.868,4848.463
4881.045,1769795100,4881.045,4850.854,4855.171
4881.358,1769796000,4884.88,4879.292,4881.029
4888.079,1769796900,4892.949,4877.988,4881.352
4886.282,1769797800,4891.117,4886.282,4888.064
4878.876,1769798700,4886.281,4878.876,4886.281
4877.292,1769799600,4880.335,4874.639,4878.873
4873.131,1769800500,4877.272,4869.605,4877.272
4870.044,1769801400,4875.233,4869.568,4873.126
4870.581,1769802300,4877.951,4869.125,4870.035
4876.302,1769803200,4877.48,4867.628,4870.567
4885.526,1769804100,4888.48,4875.447,4876.293
4883.796,1769805000,4885.509,4877.358,4885.509
4875.026,1769805900,4883.792,4875.026,4883.792
4866.354,1769806800,4875.004,4866.354,4875.004
4861.784,1769807700,4866.349,4860.264,4866.349
4875.624,1769808600,4877.599,4859.85,4861.765
4883.302,1769809500,4883.373,4873.874,4875.614
4876.956,1769810400,4883.295,4876.956,4883.295
4871.069,1769811300,4877.917,4871.069,4876.954
4875.764,1769812200,4879.971,4867.1,4871.042
4893.25,1769813100,4894.058,4875.714,4875.751
4884.698,1769814000,4893.235,4884.698,4893.235
4880.734,1769814900,4886.333,4880.734,4884.678
4881.748,1769815800,4883.121,4876.904,4880.729
4873.07,1769816700,4881.747,4873.07,4881.747
4869.346,1769817600,4873.059,4865.88,4873.059
4864.395,1769818500,4869.341,4863.96,4869.341
4855.714,1769819400,4864.391,4855.714,4864.391
4856.496,1769820300,4863.489,4855.31,4855.709
4849.702,1769821200,4856.491,4849.702,4856.491
4841.009,1769822100,4849.702,4841.009,4849.702
4839.092,1769823000,4842.343,4835.135,4841.003
4842.447,1769823900,4849.091,4838.318,4839.087
4839.818,1769824800,4846.191,4839.818,4842.444
4849.0,1769825700,4849.163,4834.558,4839.8
4880.782,1769826600,4880.89,4848.911,4848.993
4878.115,1769827500,4884.167,4877.863,4880.77
4878.643,1769828400,4878.96,4871.152,4878.115
4885.776,1769829300,4885.843,4877.421,4878.638
4889.893,1769830200,4895.397,4885.112,4885.769
4893.064,1769831100,4896.645,4884.295,4889.882
4884.285,1769832000,4893.053,4884.285,4893.053
4881.649,1769832900,4886.078,4879.827,4884.262
4872.927,1769833800,4881.637,4872.927,4881.637
4887.771,1769834700,4893.488,4872.68,4872.925
4881.36,1769835600,4887.765,4881.36,4887.765
4874.911,1769836500,4882.992,4874.911,4881.348
4866.814,1769837400,4874.909,4866.814,4874.909
4858.381,1769838300,4866.811,4858.381,4866.811
4853.193,1769839200,4860.512,4853.193,4858.368
4846.793,1769840100,4853.184,4846.793,4853.184
4871.379,1769841000,4871.535,4843.522,4846.78
4877.165,1769841900,4878.702,4864.205,4871.371
4868.434,1769842800,4877.16,4868.434,4877.16
4869.973,1769843700,4872.528,4862.582,4868.417
4888.341,1769844600,4891.123,4865.966,4869.946
4891.011,1769845500,4892.772,4886.701,4888.33
4909.241,1769846400,4909.27,4886.356,4890.999
4900.616,1769847300,4909.228,4900.616,4909.228
4909.289,1769848200,4913.3,4896.24,4900.595
4918.781,1769849100,4921.968,4906.76,4909.283
4909.955,1769850000,4918.773,4909.955,4918.773
4905.19,1769850900,4909.947,4903.958,4909.947
4905.375,1769851800,4908.103,4902.534,4905.181
4914.496,1769852700,4921.239,4904.144,4905.375
4922.859,1769853600,4923.539,4911.409,4914.488
4917.823,1769854500,4922.847,4913.907,4922.847
4910.921,1769855400,4917.816,4910.921,4917.816
4901.806,1769856300,4910.912,4901.806,4910.912
4904.863,1769857200,4906.663,4900.197,4901.797
4904.629,1769858100,4912.426,4903.954,4904.861
4896.848,1769859000,4904.628,4896.848,4904.628
4892.826,1769859900,4896.845,4891.635,4896.845
4890.814,1769860800,4895.848,4888.765,4892.815
4903.714,1769861700,4904.371,4888.833,4890.802
4905.429,1769862600,4906.326,4899.163,4903.704
4896.384,1769863500,4905.419,4896.384,4905.419
4898.843,1769864400,4905.373,4894.722,4896.364
4905.121,1769865300,4912.558,4897.487,4898.841
4900.118,1769866200,4907.358,4900.077,4905.118
4911.992,1769867100,4916.209,4898.167,4900.105
4905.833,1769868000,4911.978,4905.833,4911.978
4896.73,1769868900,4905.815,4896.73,4905.815
4911.808,1769869800,4914.617,4895.113,4896.73
4902.912,1769870700,4911.799,4902.912,4911.799
4904.46,1769871600,4907.893,4897.549,4902.894
4914.331,1769872500,4915.152,4902.838,4904.46
4923.266,1769873400,4923.943,4910.682,4914.328
4935.317,1769874300,4935.401,4922.454,4923.266
4928.547,1769875200,4935.308,4928.547,4935.308
4930.553,1769876100,4932.327,4923.841,4928.531
4926.501,1769877000,4930.543,4923.0,4930.543
4937.971,1769877900,4939.119,4921.175,4926.484
4934.352,1769878800,4943.283,4934.352,4937.961
4939.812,1769879700,4942.693,4931.597,4934.341
4940.393,1769880600,4943.189,4936.974,4939.811
4932.279,1769881500,4940.384,4932.279,4940.384
4935.255,1769882400,4936.668,4927.253,4932.278
4926.313,1769883300,4935.241,4926.313,4935.241
4928.884,1769884200,4932.239,4924.117,4926.304
4921.744,1769885100,4930.73,4921.744,4928.88
4912.772,1769886000,4921.717,4912.772,4921.717
4903.821,1769886900,4912.755,4903.821,4912.755
4910.457,1769887800,4913.749,4899.984,4903.812
4902.141,1769888700,4910.45,4902.141,4910.45
4907.667,1769889600,4911.382,4897.947,4902.141
4916.889,1769890500,4918.831,4901.402,4907.654
4917.817,1769891400,4922.221,4914.777,4916.881
4916.19,1769892300,4917.817,4912.235,4917.817
4907.377,1769893200,4916.183,4907.377,4916.183
4899.106,1769894100,4907.358,4899.106,4907.358
4904.801,1769895000,4905.597,4894.715,4899.098
4902.47,1769895900,4909.095,4902.47,4904.798
4924.237,1769896800,4924.59,4900.684,4902.461
4927.863,1769897700,4929.495,4917.362,4924.237
4934.681,1769898600,4935.996,4924.815,4927.858
4932.772,1769899500,4938.907,4931.805,4934.664
4927.327,1769900400,4932.759,4924.359,4932.759
4932.728,1769901300,4941.071,4927.291,4927.301
4939.611,1769902200,4942.08,4928.143,4932.725
4945.025,1769903100,4947.865,4939.137,4939.602
4948.446,1769904000,4949.163,4940.146,4945.024
4944.291,1769904900,4949.138,4944.291,4948.44
4947.329,1769905800,4954.087,4943.852,4944.287
4946.176,1769906700,4949.606,4945.756,4947.329
4953.374,1769907600,4956.737,4943.479,4946.163
4958.848,1769908500,4963.489,4950.999,4953.365
4958.894,1769909400,4960.335,4951.173,4958.839
4949.81,1769910300,4958.888,4949.81,4958.888
4956.461,1769911200,4960.671,4948.435,4949.8
4947.779,1769912100,4956.445,4947.779,4956.445
4955.657,1769913000,4956.472,4946.443,4947.758
4961.94,1769913900,4965.162,4955.365,4955.641
4962.901,1769914800,4964.075,4955.229,4961.933
4978.662,1769915700,4980.406,4962.174,4962.888
4974.933,1769916600,4978.659,4971.107,4978.659
4981.014,1769917500,4981.521,4967.589,4974.919
4983.071,1769918400,4983.197,4975.404,4981.011
4994.25,1769919300,4994.528,4981.552,4983.058
4998.927,1769920200,5000.467,4988.703,4994.243
4998.819,1769921100,5002.04,4995.905,4998.909
5003.119,1769922000,5009.677,4998.132,4998.811
5005.681,1769922900,5006.728,4998.509,5003.111
5013.768,1769923800,5016.75,4999.828,5005.669
5005.012,1769924700,5013.765,5005.012,5013.765
4997.1,1769925600,5005.009,4997.1,5005.009
5011.878,1769926500,5013.201,4995.95,4997.096
5007.229,1769927400,5011.871,5004.282,5011.871
5011.759,1769928300,5013.91,5002.957,5007.215
5013.222,1769929200,5013.979,5005.271,5011.749
5004.234,1769930100,5013.193,5004.234,5013.193
5001.647,1769931000,5004.225,4997.135,5004.225
4992.733,1769931900,5001.626,4992.733,5001.626
4987.08,1769932800,4992.707,4987.039,4992.707
4986.215,1769933700,4989.552,4982.978,4987.074
4982.396,1769934600,4990.497,4982.396,4986.191
4980.236,1769935500,4985.985,4979.384,4982.383
4993.048,1769936400,4999.204,4979.477,4980.227
4992.919,1769937300,4994.403,4986.682,4993.039
5006.277,1769938200,5006.377,4989.055,4992.911
5020.353,1769939100,5022.229,5005.919,5006.266
5020.798,1769940000,5020.854,5012.394,5020.346
5012.337,1769940900,5020.788,5012.337,5020.788
5012.759,1769941800,5015.199,5006.956,5012.315
5025.548,1769942700,5028.281,5009.868,5012.752
5026.552,1769943600,5031.06,5020.718,5025.546
5041.929,1769944500,5042.478,5026.174,5026.539
5035.6,1769945400,5041.916,5035.6,5041.916
5026.684,1769946300,5035.594,5026.684,5035.594
5036.053,1769947200,5036.377,5025.839,5026.68
5038.463,1769948100,5043.887,5032.524,5036.045
5060.985,1769949000,5060.985,5036.576,5038.446
5060.771,1769949900,5061.697,5053.067,5060.979
5058.064,1769950800,5063.668,5057.223,5060.747
5052.558,1769951700,5058.043,5052.558,5058.043
5049.957,1769952600,5052.553,5045.149,5052.553
5070.955,1769953500,5072.721,5048.666,5049.95
5062.139,1769954400,5070.942,5062.139,5070.942
5067.99,1769955300,5070.973,5059.961,5062.139
5088.798,1769956200,5090.925,5066.311,5067.986
5084.315,1769957100,5088.793,5081.949,5088.793
5087.303,1769958000,5090.724,5079.895,5084.313
5082.738,1769958900,5088.315,5082.738,5087.294
5074.933,1769959800,5082.734,5074.933,5082.734
5070.436,1769960700,5079.67,5070.436,5079.67
5076.135,1769961600,5079.994,5067.81,5070.426
5067.15,1769962500,5076.13,5067.15,5076.13
5072.115,1769963400,5072.85,5062.438,5067.138
5089.41,1769964300,5095.542,5071.18,5072.11
5083.526,1769965200,5092.938,5083.526,5089.41
5074.437,1769966100,5083.5,5074.437,5083.5
5073.365,1769967000,5081.852,5073.365,5074.433
5072.925,1769967900,5078.963,5069.937,5073.337
5072.237,1769968800,5074.913,5068.317,5072.909
5073.625,1769969700,5078.398,5071.001,5072.23
5079.609,1769970600,5085.568,5071.197,5073.619
5099.826,1769971500,5102.813,5076.26,5079.604
5095.414,1769972400,5100.879,5095.414,5099.819
5098.894,1769973300,5102.01,5089.769,5095.403
5097.557,1769974200,5106.192,5097.557,5098.875
5097.737,1769975100,5098.891,5089.531,5097.546
5094.328,1769976000,5097.871,5091.937,5097.735
5126.224,1769976900,5126.572,5093.509,5094.304
5131.547,1769977800,5136.402,5125.3,5126.206
5121.979,1769978700,5131.541,5121.979,5131.541
5116.32,1769979600,5121.963,5115.65,5121.963
5107.743,1769980500,5116.311,5107.743,5116.311
5105.971,1769981400,5107.732,5102.809,5107.732
5119.429,1769982300,5120.048,5100.548,5105.969
5123.464,1769983200,5131.569,5119.189,5119.418
5121.47,1769984100,5124.666,5117.241,5123.445
5114.442,1769985000,5121.46,5114.442,5121.46
5105.025,1769985900,5114.439,5105.025,5114.439
5096.054,1769986800,5105.02,5096.054,5105.02
5087.79,1769987700,5096.053,5087.79,5096.053
5078.283,1769988600,5087.778,5078.283,5087.778
5068.984,1769989500,5078.277,5068.984,5078.277
5084.65,1769990400,5087.536,5065.635,5068.961
5091.035,1769991300,5092.193,5084.256,5084.639
5088.769,1769992200,5092.875,5085.847,5091.015
5080.221,1769993100,5088.746,5080.221,5088.746
5078.583,1769994000,5083.292,5075.878,5080.209
5069.421,1769994900,5078.566,5069.421,5078.566
5064.241,1769995800,5069.41,5062.201,5069.41
5066.332,1769996700,5071.709,5063.076,5064.227
5079.928,1769997600,5084.271,5065.997,5066.328
5070.716,1769998500,5079.924,5070.716,5079.924
5066.178,1769999400,5070.706,5065.077,5070.706
5065.124,1770000300,5071.069,5064.492,5066.158
5078.301,1770001200,5080.515,5062.091,5065.089
5085.529,1770002100,5086.132,5073.093,5078.299
5083.127,1770003000,5085.514,5077.807,5085.514
5074.746,1770003900,5083.124,5074.746,5083.124
5071.324,1770004800,5074.738,5067.992,5074.738
5099.966,1770005700,5102.559,5067.359,5071.316
5097.207,1770006600,5102.828,5095.646,5099.953
5089.014,1770007500,5097.196,5088.205,5097.196
5089.772,1770008400,5093.049,5086.488,5088.993
5086.175,1770009300,5089.769,5086.175,5089.769
5077.444,1770010200,5086.169,5077.444,5086.169
5076.557,1770011100,5080.522,5072.516,5077.444
5088.368,1770012000,5088.377,5071.947,5076.556
5106.524,1770012900,5110.99,5086.417,5088.365
5116.831,1770013800,5117.555,5101.712,5106.516
5110.331,1770014700,5116.825,5110.331,5116.825
5129.06,1770015600,5131.206,5105.424,5110.315
5120.002,1770016500,5129.041,5120.002,5129.041
5132.594,1770017400,5135.45,5115.551,5119.996
5141.881,1770018300,5142.091,5130.846,5132.575
5143.99,1770019200,5149.401,5139.809,5141.865
5147.91,1770020100,5150.722,5142.468,5143.984
5138.824,1770021000,5147.905,5138.824,5147.905
5132.415,1770021900,5140.255,5132.415,5138.809
5133.773,1770022800,5138.767,5128.103,5132.406
5125.021,1770023700,5133.77,5125.021,5133.77
5131.56,1770024600,5137.278,5122.365,5125.011
5138.277,1770025500,5138.915,5129.587,5131.555
5131.298,1770026400,5138.263,5129.87,5138.263
5130.549,1770027300,5133.791,5125.836,5131.287
5133.321,1770028200,5141.784,5129.755,5130.528
5130.201,1770029100,5133.32,5126.586,5133.32
5128.022,1770030000,5136.058,5128.022,5130.194
5119.218,1770030900,5128.011,5119.218,5128.011
5120.596,1770031800,5122.908,5117.488,5119.209
5130.565,1770032700,5131.167,5117.525,5120.591
5122.026,1770033600,5130.561,5121.272,5130.561
5112.807,1770034500,5122.012,5112.807,5122.012
5110.688,1770035400,5115.791,5108.42,5112.805
5107.264,1770036300,5110.685,5103.355,5110.685
5112.094,1770037200,5116.411,5103.42,5107.248
5126.104,1770038100,5126.6,5109.107,5112.089
5122.839,1770039000,5127.586,5121.603,5126.099
5120.698,1770039900,5126.122,5119.157,5122.823
5111.016,1770040800,5120.676,5111.016,5120.676
5102.433,1770041700,5111.001,5102.433,5111.001
5117.061,1770042600,5117.154,5101.54,5102.413
5115.171,1770043500,5118.075,5110.841,5117.061
5122.91,1770044400,5125.703,5110.017,5115.153
5123.811,1770045300,5125.149,5120.233,5122.894
5132.057,1770046200,5134.752,5123.051,5123.805
5128.079,1770047100,5132.478,5126.959,5132.046
5128.838,1770048000,5130.752,5125.087,5128.064
5120.764,1770048900,5128.832,5120.764,5128.832
5125.696,1770049800,5127.995,5118.371,5120.756
5133.71,1770050700,5134.998,5117.887,5125.669
5124.732,1770051600,5133.697,5124.732,5133.697
5124.007,1770052500,5126.056,5119.116,5124.726
5117.629,1770053400,5123.995,5117.629,5123.995
5116.606,1770054300,5123.871,5116.231,5117.621
5113.689,1770055200,5116.602,5111.501,5116.602
5132.156,1770056100,5133.881,5111.313,5113.67
5132.916,1770057000,5136.412,5130.031,5132.151
5140.929,1770057900,5145.6,5131.559,5132.899
5174.923,1770058800,5179.132,5140.819,5140.919
5169.602,1770059700,5174.92,5168.88,5174.92
5168.849,1770060600,5171.691,5165.106,5169.598
5159.153,1770061500,5168.844,5159.153,5168.844
5153.924,1770062400,5160.266,5153.924,5159.139
5145.623,1770063300,5153.902,5145.623,5153.902
5147.242,1770064200,5148.741,5140.315,5145.6
5153.701,1770065100,5155.416,5145.277,5147.239
5144.353,1770066000,5153.683,5144.353,5153.683
5182.059,1770066900,5182.17,5142.93,5144.347
5172.717,1770067800,5182.045,5172.717,5182.045
5165.083,1770068700,5172.708,5163.899,5172.708
5170.835,1770069600,5170.893,5160.776,5165.067
5161.548,1770070500,5170.835,5161.548,5170.835
5152.199,1770071400,5161.538,5152.199,5161.538
5145.738,1770072300,5153.235,5145.738,5152.192
5171.672,1770073200,5175.646,5145.673,5145.721
5163.228,1770074100,5171.664,5163.228,5171.664
5154.402,1770075000,5163.224,5154.402,5163.224
5169.316,1770075900,5171.266,5151.583,5154.395
5161.213,1770076800,5169.301,5161.123,5169.301
5171.717,1770077700,5176.844,5157.233,5161.2
5162.907,1770078600,5171.71,5162.907,5171.71
5174.046,1770079500,5178.745,5162.892,5162.892
5187.698,1770080400,5189.962,5170.875,5174.039
5196.045,1770081300,5197.664,5183.888,5187.696
5207.811,1770082200,5208.827,5194.5,5196.029
5201.163,1770083100,5207.796,5201.163,5207.796
5195.889,1770084000,5201.163,5194.611,5201.163
5189.253,1770084900,5195.871,5189.253,5195.871
5207.185,1770085800,5211.026,5188.197,5189.24
5209.716,1770086700,5214.927,5206.369,5207.172
5211.521,1770087600,5218.077,5208.828,5209.707
5210.195,1770088500,5218.329,5210.195,5211.518
5221.938,1770089400,5222.019,5205.44,5210.171
5212.753,1770090300,5221.933,5212.753,5221.933
5203.019,1770091200,5212.735,5203.019,5212.735
5206.296,1770092100,5207.347,5195.251,5203.018
5204.901,1770093000,5211.65,5203.737,5206.279
5200.392,1770093900,5208.936,5200.392,5204.879
5201.749,1770094800,5208.735,5200.182,5200.385
5199.849,1770095700,5203.809,5196.573,5201.729
5207.539,1770096600,5210.987,5195.055,5199.841
5211.851,1770097500,5214.089,5204.927,5207.534
5202.221,1770098400,5211.843,5202.221,5211.843
5198.558,1770099300,5203.378,5197.638,5202.212
5189.419,1770100200,5198.537,5189.419,5198.537
5187.038,1770101100,5195.57,5187.038,5189.415
5178.095,1770102000,5187.021,5178.095,5187.021
5197.023,1770102900,5199.432,5172.292,5178.068
5195.933,1770103800,5201.192,5194.996,5197.022
5208.454,1770104700,5213.65,5195.088,5195.925
5200.264,1770105600,5208.445,5200.264,5208.445
5193.723,1770106500,5200.619,5193.723,5200.263
5184.292,1770107400,5193.714,5184.292,5193.714
5181.447,1770108300,5185.285,5180.213,5184.286
5175.69,1770109200,5182.258,5175.69,5181.446
5183.241,1770110100,5186.12,5174.195,5175.668
5191.895,1770111000,5191.895,5181.183,5183.24
5182.481,1770111900,5191.871,5182.481,5191.871
5183.139,1770112800,5185.306,5178.189,5182.478
5193.895,1770113700,5197.072,5179.918,5183.134
5212.493,1770114600,5213.459,5193.491,5193.894
5209.768,1770115500,5212.691,5206.493,5212.491
5221.004,1770116400,5222.403,5208.684,5209.753
5214.637,1770117300,5220.99,5214.637,5220.99
5214.94,1770118200,5218.247,5208.524,5214.609
5207.116,1770119100,5214.935,5205.835,5214.935
5207.981,1770120000,5209.368,5199.208,5207.111
5198.473,1770120900,5207.973,5198.473,5207.973
5189.039,1770121800,5198.457,5189.039,5198.457
5182.2,1770122700,5191.058,5182.2,5189.032
5190.092,1770123600,5192.864,5181.65,5182.191
5200.743,1770124500,5207.677,5190.065,5190.087
5225.13,1770125400,5231.284,5199.337,5200.734
5225.055,1770126300,5231.192,5221.502,5225.117
5215.436,1770127200,5225.043,5215.436,5225.043
5207.816,1770128100,5215.425,5207.816,5215.425
5218.592,1770129000,5221.492,5204.363,5207.814
5209.037,1770129900,5218.591,5209.037,5218.591
5199.664,1770130800,5209.031,5199.664,5209.031
5190.276,1770131700,5199.628,5190.276,5199.628
5191.104,1770132600,5198.852,5189.707,5190.253
5181.993,1770133500,5191.092,5181.993,5191.092
5172.424,1770134400,5181.992,5172.424,5181.992
5163.189,1770135300,5172.421,5163.189,5172.421
5162.648,1770136200,5165.6,5160.833,5163.188
5153.663,1770137100,5162.645,5153.663,5162.645
5143.926,1770138000,5153.645,5143.926,5153.645
5134.573,1770138900,5143.922,5134.573,5143.922
5133.399,1770139800,5134.596,5126.85,5134.541
5124.317,1770140700,5133.389,5124.317,5133.389
5129.348,1770141600,5133.008,5122.597,5124.297
5136.534,1770142500,5136.907,5124.808,5129.327
5144.203,1770143400,5147.656,5133.768,5136.521
5144.865,1770144300,5151.5,5143.238,5144.194
5156.805,1770145200,5161.432,5144.517,5144.855
5153.383,1770146100,5157.826,5151.541,5156.792
5164.869,1770147000,5165.976,5152.867,5153.382
5155.688,1770147900,5164.855,5155.688,5164.855
5152.615,1770148800,5157.556,5151.089,5155.68
5143.227,1770149700,5152.611,5143.227,5152.611
5135.249,1770150600,5143.222,5135.249,5143.222
5137.447,1770151500,5144.08,5133.556,5135.246
5156.016,1770152400,5156.843,5137.327,5137.427
5146.554,1770153300,5156.007,5146.554,5156.007
5137.316,1770154200,5146.536,5137.316,5146.536
5144.769,1770155100,5146.871,5132.23,5137.313
5144.062,1770156000,5145.588,5137.618,5144.763
5142.365,1770156900,5145.696,5140.189,5144.045
5155.078,1770157800,5157.783,5136.859,5142.353
5154.417,1770158700,5155.826,5149.377,5155.071
5146.351,1770159600,5154.872,5146.351,5154.397
5156.725,1770160500,5159.534,5144.269,5146.336
5147.614,1770161400,5156.711,5147.614,5156.711
5156.141,1770162300,5161.155,5145.99,5147.614
5146.632,1770163200,5156.136,5146.632,5156.136
5147.925,1770164100,5149.528,5138.743,5146.617
5154.615,1770165000,5157.29,5144.586,5147.919
5150.55,1770165900,5154.613,5148.913,5154.613
5149.727,1770166800,5152.638,5144.402,5150.532
5150.4,1770167700,5154.977,5147.788,5149.701
5156.099,1770168600,5157.548,5149.15,5150.398
5159.386,1770169500,5162.399,5155.767,5156.087
5168.704,1770170400,5172.409,5157.277,5159.372
5179.401,1770171300,5182.702,5164.023,5168.7
5179.262,1770172200,5184.347,5176.646,5179.378
5169.83,1770173100,5179.245,5169.83,5179.245
5165.036,1770174000,5171.364,5165.036,5169.813
5159.451,1770174900,5165.03,5157.739,5165.03
5159.58,1770175800,5163.465,5157.401,5159.444
5165.282,1770176700,5166.557,5158.801,5159.563
5182.625,1770177600,5185.497,5162.134,5165.275
5176.234,1770178500,5182.622,5174.328,5182.622
5166.704,1770179400,5176.229,5166.704,5176.229
5176.955,1770180300,5178.414,5159.308,5166.702
5183.319,1770181200,5187.699,5173.675,5176.94
5174.17,1770182100,5183.307,5174.17,5183.307
5176.352,1770183000,5181.336,5173.691,5174.149
5173.237,1770183900,5176.335,5170.508,5176.335
5194.546,1770184800,5196.642,5173.138,5173.232
5185.189,1770185700,5194.535,5185.189,5194.535
5175.472,1770186600,5185.175,5175.472,5185.175
5168.207,1770187500,5175.453,5166.825,5175.453
5172.264,1770188400,5174.438,5160.98,5168.187
5162.946,1770189300,5172.256,5162.946,5172.256
5168.851,1770190200,5173.837,5159.112,5162.942
5164.959,1770191100,5168.839,5162.885,5168.839
5157.93,1770192000,5164.948,5157.93,5164.948
5161.24,1770192900,5166.645,5154.496,5157.911
5159.8,1770193800,5162.346,5154.703,5161.222
5152.392,1770194700,5159.796,5152.392,5159.796
5144.153,1770195600,5152.37,5143.289,5152.37
5137.215,1770196500,5145.849,5137.215,5144.146
5130.436,1770197400,5139.243,5130.436,5137.206
5138.026,1770198300,5141.539,5125.143,5130.436
5142.509,1770199200,5145.751,5137.146,5138.009
5133.235,1770200100,5142.498,5133.235,5142.498
5155.805,1770201000,5157.912,5129.235,5133.211
5165.003,1770201900,5166.471,5150.456,5155.797
5174.082,1770202800,5175.646,5163.739,5165.001
5171.825,1770203700,5174.205,5167.89,5174.073
5162.791,1770204600,5171.823,5162.791,5171.823
5183.422,1770205500,5184.947,5162.533,5162.79
5182.347,1770206400,5191.479,5182.347,5183.405
5182.856,1770207300,5188.9,5180.717,5182.34
5181.079,1770208200,5188.409,5181.079,5182.855
5180.567,1770209100,5182.683,5173.862,5181.073
5193.608,1770210000,5198.658,5179.155,5180.566
5192.429,1770210900,5197.394,5189.298,5193.591
5193.812,1770211800,5197.397,5188.83,5192.424
5184.548,1770212700,5193.791,5184.548,5193.791
5190.278,1770213600,5192.064,5181.673,5184.543
5198.812,1770214500,5202.194,5189.058,5190.273
5190.85,1770215400,5198.806,5190.85,5198.806
5181.458,1770216300,5190.822,5181.458,5190.822
5204.889,1770217200,5205.459,5178.378,5181.447
5200.649,1770218100,5204.871,5199.017,5204.871
5202.593,1770219000,5203.89,5193.502,5200.644
5193.052,1770219900,5202.584,5193.052,5202.584
5205.461,1770220800,5207.551,5190.789,5193.042
5222.025,1770221700,5224.22,5205.253,5205.44
5220.525,1770222600,5225.211,5217.283,5222.015
5223.262,1770223500,5227.75,5215.665,5220.507
5213.802,1770224400,5223.257,5213.802,5223.257
5213.357,1770225300,5214.471,5205.684,5213.795
5219.584,1770226200,5220.634,5209.507,5213.348
5213.402,1770227100,5219.575,5210.679,5219.575
5213.186,1770228000,5215.812,5206.63,5213.392
5217.706,1770228900,5221.091,5212.328,5213.183
5208.67,1770229800,5217.694,5208.67,5217.694
5229.5,1770230700,5229.653,5204.05,5208.669
5220.03,1770231600,5229.476,5220.03,5229.476
5210.654,1770232500,5220.025,5210.654,5220.025
5202.686,1770233400,5210.644,5201.75,5210.644
5210.193,1770234300,5215.782,5200.123,5202.678
5214.72,1770235200,5216.929,5207.838,5210.185
5219.465,1770236100,5223.682,5213.46,5214.712
5217.464,1770237000,5220.335,5212.765,5219.441
5213.624,1770237900,5217.462,5211.558,5217.462
5204.175,1770238800,5213.603,5204.175,5213.603
5224.065,1770239700,5226.543,5204.015,5204.158
5225.244,1770240600,5228.861,5223.099,5224.054
5215.625,1770241500,5225.22,5215.625,5225.22
5208.371,1770242400,5215.605,5208.371,5215.605
5207.268,1770243300,5213.854,5207.268,5208.357
5199.267,1770244200,5207.251,5199.267,5207.251
5189.935,1770245100,5199.266,5189.935,5199.266
5186.329,1770246000,5190.663,5184.886,5189.926
5181.423,1770246900,5186.321,5180.956,5186.321
5182.233,1770247800,5184.529,5177.39,5181.419
5186.497,1770248700,5194.842,5180.589,5182.226
5190.226,1770249600,5191.264,5178.87,5186.49
5210.571,1770250500,5214.35,5189.677,5190.214
5201.357,1770251400,5210.552,5201.357,5210.552
5212.154,1770252300,5213.297,5196.413,5201.356
5207.44,1770253200,5212.146,5205.07,5212.146
5199.366,1770254100,5207.432,5199.366,5207.432
5190.331,1770255000,5199.363,5190.331,5199.363
5198.759,1770255900,5200.308,5187.327,5190.325
5196.578,1770256800,5201.165,5196.372,5198.753
5195.206,1770257700,5204.338,5195.206,5196.555
5194.927,1770258600,5198.113,5189.064,5195.195
5194.482,1770259500,5197.414,5192.912,5194.922
5205.882,1770260400,5212.018,5194.357,5194.48
5207.536,1770261300,5210.079,5201.955,5205.864
5215.858,1770262200,5219.621,5203.617,5207.518
5231.508,1770263100,5232.026,5215.031,5215.847
5237.898,1770264000,5246.127,5231.46,5231.492
5239.709,1770264900,5246.85,5236.065,5237.89
5230.473,1770265800,5239.705,5230.473,5239.705
5246.588,1770266700,5246.921,5228.483,5230.457
5237.308,1770267600,5246.588,5237.308,5246.588
5237.806,1770268500,5245.664,5235.813,5237.301
5231.219,1770269400,5237.805,5231.219,5237.805
5246.118,1770270300,5248.772,5227.576,5231.212
5236.693,1770271200,5246.107,5236.693,5246.107
5227.294,1770272100,5236.68,5227.294,5236.68
5220.535,1770273000,5227.284,5219.54,5227.284
5213.308,1770273900,5220.523,5212.027,5220.523
5217.853,1770274800,5221.333,5211.462,5213.302
5208.618,1770275700,5217.851,5208.618,5217.851
5200.1,1770276600,5208.6,5200.1,5208.6
5211.207,1770277500,5211.567,5196.501,5200.096
5205.025,1770278400,5213.248,5205.025,5211.205
5206.674,1770279300,5211.114,5199.723,5205.012
5197.149,1770280200,5206.664,5197.149,5206.664
5191.447,1770281100,5197.138,5191.447,5197.138
5196.653,1770282000,5197.102,5182.926,5191.438
5200.904,1770282900,5203.463,5192.163,5196.651
5202.866,1770283800,5202.889,5196.06,5200.901
5207.214,1770284700,5210.086,5201.232,5202.849
5197.842,1770285600,5207.209,5197.842,5207.209
5195.266,1770286500,5201.27,5194.355,5197.841
5185.876,1770287400,5195.261,5185.876,5195.261
5186.488,1770288300,5186.808,5177.804,5185.866
5177.171,1770289200,5186.482,5177.171,5186.482
5167.789,1770290100,5177.147,5167.789,5177.147
5174.467,1770291000,5178.015,5164.138,5167.773
5169.277,1770291900,5174.704,5169.228,5174.463
5163.848,1770292800,5169.257,5163.259,5169.257
5154.327,1770293700,5163.822,5154.327,5163.822
5149.376,1770294600,5154.327,5145.494,5154.327
5142.839,1770295500,5149.369,5140.337,5149.369
5133.526,1770296400,5142.835,5133.526,5142.835
5139.431,1770297300,5140.325,5133.099,5133.501
5140.694,1770298200,5149.162,5138.326,5139.424
5131.873,1770299100,5140.683,5131.873,5140.683
5152.109,1770300000,5158.404,5131.239,5131.858
5148.813,1770300900,5154.605,5148.439,5152.085
5152.94,1770301800,5159.136,5147.156,5148.8
5162.378,1770302700,5166.858,5152.196,5152.919
5153.083,1770303600,5162.371,5153.083,5162.371
5158.957,1770304500,5163.015,5151.498,5153.079
5150.536,1770305400,5158.944,5150.536,5158.944
5155.071,1770306300,5163.695,5150.37,5150.527
5145.606,1770307200,5155.065,5145.606,5155.065
5136.374,1770308100,5145.587,5136.374,5145.587
5135.483,1770309000,5140.723,5132.161,5136.364
5136.756,1770309900,5140.673,5130.847,5135.474
5136.314,1770310800,5138.163,5131.004,5136.756
5127.265,1770311700,5136.308,5127.265,5136.308
5134.846,1770312600,5137.169,5125.527,5127.261
5157.013,1770313500,5163.599,5134.454,5134.839
5147.878,1770314400,5157.007,5147.878,5157.007
5138.828,1770315300,5147.858,5138.828,5147.858
5134.766,1770316200,5143.337,5134.766,5138.816
5131.425,1770317100,5138.675,5131.425,5134.754
5147.813,1770318000,5149.368,5129.83,5131.411
5138.748,1770318900,5147.801,5138.748,5147.801
5137.981,1770319800,5145.063,5137.981,5138.727
5138.806,1770320700,5147.811,5137.47,5137.975
5150.733,1770321600,5151.021,5136.829,5138.796
5141.563,1770322500,5150.728,5141.563,5150.728
5138.156,1770323400,5142.996,5138.156,5141.555
5143.416,1770324300,5150.422,5138.045,5138.155
5150.237,1770325200,5152.213,5139.052,5143.407
5140.881,1770326100,5150.228,5140.881,5150.228
5145.35,1770327000,5147.29,5139.801,5140.879
5136.285,1770327900,5145.335,5136.285,5145.335
5134.14,1770328800,5136.273,5127.538,5136.273
5132.797,1770329700,5137.655,5131.295,5134.127
5124.049,1770330600,5132.785,5124.049,5132.785
5131.082,1770331500,5134.982,5121.62,5124.039
5132.141,1770332400,5136.374,5126.06,5131.078
5136.8,1770333300,5139.808,5128.59,5132.128
5136.239,1770334200,5144.52,5135.931,5136.793
5138.036,1770335100,5142.843,5132.54,5136.232
5137.661,1770336000,5140.791,5134.31,5138.022
5138.359,1770336900,5139.523,5131.562,5137.642
5140.897,1770337800,5142.181,5134.782,5138.344
5146.337,1770338700,5150.21,5139.98,5140.893
5149.022,1770339600,5152.857,5141.964,5146.33
5140.012,1770340500,5149.016,5140.012,5149.016
5140.978,1770341400,5142.367,5136.477,5140.0
5140.496,1770342300,5146.886,5139.444,5140.968
5131.483,1770343200,5140.491,5131.483,5140.491
5148.091,1770344100,5150.487,5131.296,5131.48
5159.085,1770345000,5162.359,5147.379,5148.084
5157.929,1770345900,5161.678,5154.06,5159.072
5161.257,1770346800,5169.714,5157.3,5157.916
5162.791,1770347700,5167.984,5160.278,5161.243
5156.129,1770348600,5162.776,5156.129,5162.776
5146.806,1770349500,5156.109,5146.806,5156.109
5149.169,1770350400,5156.058,5144.529,5146.797
5144.938,1770351300,5149.159,5143.724,5149.159
5140.602,1770352200,5146.179,5140.602,5144.933
5131.896,1770353100,5140.599,5131.896,5140.599
5145.144,1770354000,5146.066,5123.803,5131.881
5185.581,1770354900,5186.922,5144.651,5145.135
5199.387,1770355800,5201.215,5184.704,5185.567
5190.202,1770356700,5199.367,5190.202,5199.367
5198.712,1770357600,5199.983,5187.091,5190.188
5194.209,1770358500,5198.708,5193.054,5198.708
5195.903,1770359400,5199.713,5188.618,5194.188
5194.922,1770360300,5197.711,5192.944,5195.891
5197.406,1770361200,5197.98,5186.05,5194.911
5195.504,1770362100,5198.332,5190.856,5197.387
5195.539,1770363000,5198.486,5188.917,5195.499
5185.967,1770363900,5195.535,5185.967,5195.535
5191.439,1770364800,5193.458,5183.018,5185.961
5209.516,1770365700,5211.133,5189.626,5191.42
5209.611,1770366600,5215.51,5206.594,5209.512
5219.692,1770367500,5220.627,5204.131,5209.604
5234.436,1770368400,5235.722,5214.43,5219.689
5235.909,1770369300,5238.633,5229.347,5234.423
5252.578,1770370200,5253.759,5233.889,5235.905
5278.407,1770371100,5278.414,5252.351,5252.577
5291.381,1770372000,5292.052,5271.629,5278.395
5281.945,1770372900,5291.366,5281.945,5291.366
5272.489,1770373800,5281.935,5272.489,5281.935
5273.599,1770374700,5281.189,5270.889,5272.479
5267.797,1770375600,5273.596,5267.303,5273.596
5258.065,1770376500,5267.792,5258.065,5267.792
5250.096,1770377400,5258.065,5250.096,5258.065
5262.08,1770378300,5264.459,5248.861,5250.09
5268.013,1770379200,5269.284,5254.845,5262.075
5263.306,1770380100,5270.959,5263.306,5268.002
5260.579,1770381000,5263.276,5256.228,5263.276
5257.467,1770381900,5263.751,5257.404,5260.561
5255.983,1770382800,5258.181,5252.66,5257.462
5256.884,1770383700,5258.727,5249.072,5255.96
5262.199,1770384600,5262.238,5247.633,5256.86
5253.095,1770385500,5262.188,5253.095,5262.188
5249.248,1770386400,5253.885,5248.193,5253.071
5239.572,1770387300,5249.232,5239.572,5249.232
5234.625,1770388200,5239.569,5233.938,5239.569
5247.158,1770389100,5248.105,5229.793,5234.612
5249.308,1770390000,5250.619,5238.901,5247.151
5241.626,1770390900,5249.303,5241.626,5249.303
5244.123,1770391800,5248.765,5239.868,5241.621
5241.093,1770392700,5244.102,5236.563,5244.102
5231.622,1770393600,5241.089,5231.622,5241.089
5225.174,1770394500,5231.608,5223.114,5231.608
5224.839,1770395400,5227.877,5218.645,5225.163
5229.558,1770396300,5233.802,5221.882,5224.834
5220.141,1770397200,5229.557,5220.141,5229.557
5217.008,1770398100,5220.122,5211.405,5220.122
5213.377,1770399000,5220.786,5213.377,5216.994
5210.74,1770399900,5219.28,5210.74,5213.358
5217.951,1770400800,5222.829,5209.453,5210.722
5216.215,1770401700,5220.699,5211.464,5217.943
5215.034,1770402600,5216.208,5209.474,5216.208
5232.789,1770403500,5235.425,5209.843,5215.023
5236.788,1770404400,5243.526,5232.362,5232.781
5236.421,1770405300,5238.637,5230.67,5236.777
5236.605,1770406200,5242.924,5233.395,5236.398
5247.301,1770407100,5248.51,5230.32,5236.59
5238.093,1770408000,5247.293,5238.093,5247.293
5229.148,1770408900,5238.09,5229.148,5238.09
5236.082,1770409800,5238.739,5228.137,5229.137
5232.098,1770410700,5236.068,5228.401,5236.068
5236.272,1770411600,5242.99,5229.473,5232.092
5238.402,1770412500,5239.163,5228.808,5236.27
5237.961,1770413400,5243.495,5237.446,5238.389
5247.609,1770414300,5248.326,5237.296,5237.956
5262.59,1770415200,5270.854,5247.037,5247.607
5261.569,1770416100,5266.611,5258.844,5262.574
5256.182,1770417000,5261.854,5256.182,5261.545
5265.276,1770417900,5266.485,5248.483,5256.179
5265.276,1770418800,5271.098,5264.202,5265.263
5271.575,1770419700,5274.186,5260.163,5265.263
5273.583,1770420600,5277.344,5266.266,5271.552
5273.623,1770421500,5276.365,5268.223,5273.578
5283.169,1770422400,5290.443,5273.315,5273.623
5289.847,1770423300,5291.682,5276.334,5283.161
5280.087,1770424200,5289.836,5280.087,5289.836
5277.029,1770425100,5286.13,5277.029,5280.077
5273.536,1770426000,5277.025,5269.142,5277.025
5263.672,1770426900,5273.524,5263.672,5273.524
5258.423,1770427800,5263.669,5256.169,5263.669
5268.06,1770428700,5273.663,5256.369,5258.382
5258.169,1770429600,5268.048,5258.169,5268.048
5259.216,1770430500,5266.983,5256.232,5258.16
5264.505,1770431400,5265.679,5254.973,5259.203
5284.431,1770432300,5286.151,5263.846,5264.474
5299.292,1770433200,5301.918,5282.406,5284.424
5313.193,1770434100,5314.702,5297.276,5299.29
5331.685,1770435000,5337.427,5313.078,5313.185
5347.916,1770435900,5348.271,5322.803,5331.674
5352.289,1770436800,5358.448,5345.626,5347.915
5342.862,1770437700,5352.285,5342.862,5352.285
5333.158,1770438600,5342.853,5333.158,5342.853
5325.167,1770439500,5333.152,5325.167,5333.152
5319.065,1770440400,5325.156,5317.271,5325.156
5320.925,1770441300,5325.779,5316.943,5319.046
5317.764,1770442200,5320.913,5311.573,5320.913
5329.191,1770443100,5329.244,5317.2,5317.758
5337.369,1770444000,5344.015,5326.99,5329.172
5327.747,1770444900,5337.361,5327.747,5337.361
5336.644,1770445800,5336.831,5320.893,5327.742
5349.528,1770446700,5354.653,5335.854,5336.64
5348.949,1770447600,5352.316,5345.229,5349.513
5359.464,1770448500,5363.258,5347.672,5348.949
5350.087,1770449400,5359.447,5350.087,5359.447
5341.53,1770450300,5350.087,5341.53,5350.087
5338.446,1770451200,5341.526,5333.727,5341.526
5328.55,1770452100,5338.425,5328.55,5338.425
5321.901,1770453000,5330.879,5321.901,5328.537
5317.575,1770453900,5321.883,5315.644,5321.883
5311.08,1770454800,5317.569,5311.08,5317.569
5302.374,1770455700,5311.071,5302.374,5311.071
5298.974,1770456600,5307.75,5298.974,5302.366
5299.405,1770457500,5300.067,5290.172,5298.973
5298.649,1770458400,5301.982,5295.891,5299.399
5297.529,1770459300,5298.646,5291.646,5298.646
5306.351,1770460200,5313.781,5297.422,5297.504
5296.43,1770461100,5306.333,5296.43,5306.333
5291.485,1770462000,5296.417,5289.22,5296.417
5296.365,1770462900,5297.636,5289.121,5291.471
5286.572,1770463800,5296.353,5286.572,5296.353
5282.241,1770464700,5286.569,5281.644,5286.569
5280.091,1770465600,5288.295,5280.091,5282.237
5280.612,1770466500,5281.882,5275.82,5280.061
5270.892,1770467400,5280.596,5270.892,5280.596
5263.315,1770468300,5271.929,5263.315,5270.885
5267.327,1770469200,5273.08,5262.064,5263.303
5268.107,1770470100,5270.314,5260.835,5267.301
5271.505,1770471000,5276.414,5265.224,5268.096
5267.563,1770471900,5273.476,5267.563,5271.502
5258.248,1770472800,5267.556,5258.248,5267.556
5249.156,1770473700,5258.241,5249.156,5258.241
5246.487,1770474600,5249.139,5241.066,5249.139
5242.94,1770475500,5246.48,5237.167,5246.48
5245.087,1770476400,5248.333,5240.751,5242.931
5261.908,1770477300,5264.104,5244.401,5245.083
5252.125,1770478200,5261.906,5252.125,5261.906
5270.212,1770479100,5273.81,5251.789,5252.112
5291.059,1770480000,5293.13,5267.127,5270.212
5285.908,1770480900,5291.038,5284.86,5291.038
5287.606,1770481800,5289.285,5281.732,5285.893
5278.121,1770482700,5287.591,5278.121,5287.591
5287.218,1770483600,5287.425,5275.165,5278.113
5293.754,1770484500,5295.091,5285.436,5287.209
5285.924,1770485400,5293.744,5285.924,5293.744
5284.432,1770486300,5291.672,5284.432,5285.908
5285.005,1770487200,5291.969,5282.509,5284.423
5275.15,1770488100,5284.997,5275.15,5284.997
5284.121,1770489000,5289.288,5274.497,5275.148
5281.161,1770489900,5284.107,5276.747,5284.107
5281.368,1770490800,5287.588,5280.768,5281.153
5284.494,1770491700,5287.183,5276.832,5281.366
5292.736,1770492600,5299.09,5284.102,5284.491
5296.141,1770493500,5298.416,5285.155,5292.732
5290.158,1770494400,5296.136,5290.158,5296.136
5281.648,1770495300,5290.814,5281.648,5290.137
5287.933,1770496200,5292.512,5277.703,5281.628
5290.828,1770497100,5298.644,5286.806,5287.913
5281.489,1770498000,5290.808,5281.489,5290.808
5275.531,1770498900,5283.482,5275.531,5281.483
5273.16,1770499800,5275.516,5267.474,5275.516
5271.291,1770500700,5276.798,5268.933,5273.142
5277.485,1770501600,5284.311,5269.424,5271.276
5268.122,1770502500,5277.476,5268.122,5277.476
5263.386,1770503400,5272.63,5263.386,5268.09
5253.642,1770504300,5263.373,5253.642,5263.373
5253.291,1770505200,5258.212,5248.933,5253.631
5248.702,1770506100,5257.807,5248.702,5253.272
5258.123,1770507000,5260.287,5242.605,5248.687
5250.971,1770507900,5258.119,5250.971,5258.119
5248.973,1770508800,5255.551,5248.973,5250.955
5239.827,1770509700,5248.958,5239.827,5248.958
5230.485,1770510600,5239.797,5230.485,5239.797
5220.904,1770511500,5230.451,5220.904,5230.451
5216.068,1770512400,5220.902,5213.912,5220.902
5219.405,1770513300,5222.4,5214.39,5216.051
5214.64,1770514200,5221.595,5214.64,5219.388
5211.937,1770515100,5214.638,5210.209,5214.638
5216.632,1770516000,5217.718,5206.563,5211.924
5208.106,1770516900,5216.626,5208.106,5216.626
5198.681,1770517800,5208.099,5198.681,5208.099
5193.267,1770518700,5202.052,5193.267,5198.667
5191.818,1770519600,5196.194,5191.818,5193.266
5184.511,1770520500,5191.811,5183.075,5191.811
5188.575,1770521400,5193.748,5182.355,5184.509
5220.073,1770522300,5223.265,5188.568,5188.568
5210.418,1770523200,5220.071,5210.418,5220.071
5213.777,1770524100,5216.41,5205.195,5210.408
5204.11,1770525000,5213.76,5204.11,5213.76
5208.86,1770525900,5214.249,5202.865,5204.103
5214.217,1770526800,5215.028,5206.77,5208.849
5213.779,1770527700,5217.267,5208.043,5214.197
5209.922,1770528600,5213.768,5209.08,5213.768
5213.448,1770529500,5214.689,5204.194,5209.911
5221.073,1770530400,5224.098,5211.175,5213.447
5211.49,1770531300,5221.067,5211.49,5221.067
5202.108,1770532200,5211.488,5202.108,5211.488
5201.16,1770533100,5202.694,5194.105,5202.106
5206.297,1770534000,5211.439,5199.833,5201.152
5211.418,1770534900,5216.678,5205.139,5206.274
5207.817,1770535800,5215.182,5207.817,5211.4
5221.831,1770536700,5224.068,5205.469,5207.811
5212.668,1770537600,5221.83,5212.668,5221.83
5225.874,1770538500,5231.844,5211.158,5212.657
5216.701,1770539400,5225.872,5216.701,5225.872
5207.196,1770540300,5216.685,5207.196,5216.685
5212.168,1770541200,5216.781,5206.09,5207.188
5212.835,1770542100,5217.187,5208.054,5212.153
5215.033,1770543000,5219.393,5212.008,5212.82
5215.234,1770543900,5218.58,5209.045,5215.022
5216.736,1770544800,5221.923,5211.168,5215.22
5214.935,1770545700,5219.423,5211.84,5216.718
5226.36,1770546600,5229.174,5212.209,5214.916
5225.493,1770547500,5228.874,5222.606,5226.348
5223.174,1770548400,5231.923,5223.174,5225.488
5217.383,1770549300,5223.165,5217.383,5223.165
5230.772,1770550200,5233.541,5215.579,5217.366
5224.33,1770551100,5230.758,5224.33,5230.758
5220.171,1770552000,5226.267,5220.171,5224.327
5210.86,1770552900,5220.161,5210.86,5220.161
5232.381,1770553800,5235.045,5209.569,5210.856
5235.669,1770554700,5243.574,5230.81,5232.367
5240.923,1770555600,5244.58,5235.66,5235.66
5252.754,1770556500,5253.069,5238.62,5240.908
5248.972,1770557400,5252.753,5245.128,5252.753
5264.548,1770558300,5268.72,5247.968,5248.95
5280.956,1770559200,5281.859,5263.879,5264.54
5284.423,1770560100,5286.865,5278.353,5280.95
5288.409,1770561000,5292.016,5281.299,5284.418
5283.549,1770561900,5290.224,5283.549,5288.395
5283.042,1770562800,5292.051,5283.042,5283.541
5273.441,1770563700,5283.036,5273.441,5283.036
5270.75,1770564600,5273.421,5265.855,5273.421
5261.164,1770565500,5270.724,5261.164,5270.724
5264.285,1770566400,5270.778,5258.129,5261.144
5266.563,1770567300,5272.37,5263.088,5264.282
5260.447,1770568200,5266.55,5260.447,5266.55
5251.458,1770569100,5260.444,5251.458,5260.444
5251.568,1770570000,5257.136,5248.529,5251.434
5242.493,1770570900,5251.568,5242.493,5251.568
5250.357,1770571800,5252.683,5239.059,5242.478
5266.337,1770572700,5266.887,5247.174,5250.34
5265.332,1770573600,5270.809,5262.951,5266.33
5255.936,1770574500,5265.324,5255.936,5265.324
5256.502,1770575400,5261.086,5254.276,5255.931
5254.587,1770576300,5259.345,5253.968,5256.495
5259.192,1770577200,5264.727,5252.663,5254.579
5254.055,1770578100,5260.108,5254.055,5259.169
5275.744,1770579000,5276.413,5252.366,5254.055
5266.202,1770579900,5275.733,5266.202,5275.733
5258.53,1770580800,5266.183,5258.53,5266.183
5263.638,1770581700,5264.181,5252.405,5258.506
5278.006,1770582600,5278.203,5256.779,5263.629
5280.94,1770583500,5281.995,5272.618,5277.991
5288.949,1770584400,5295.774,5280.858,5280.936
5293.445,1770585300,5298.608,5286.042,5288.935
5284.2,1770586200,5293.43,5284.2,5293.43
5279.656,1770587100,5284.19,5278.346,5284.19
5276.95,1770588000,5280.547,5273.861,5279.652
5267.322,1770588900,5276.943,5267.322,5276.943
5263.892,1770589800,5267.303,5258.659,5267.303
5275.915,1770590700,5278.746,5261.595,5263.883
5280.947,1770591600,5281.106,5268.376,5275.899
5287.14,1770592500,5291.878,5279.404,5280.924
5300.868,1770593400,5308.117,5285.102,5287.133
5294.53,1770594300,5300.862,5294.53,5300.862
5313.7,1770595200,5314.891,5293.82,5294.513
5308.688,1770596100,5317.021,5308.688,5313.683
5305.25,1770597000,5308.677,5299.653,5308.677
5307.467,1770597900,5310.596,5301.408,5305.24
5301.842,1770598800,5307.466,5301.842,5307.466
5295.368,1770599700,5305.324,5295.368,5301.828
5295.966,1770600600,5304.624,5294.428,5295.345
5297.765,1770601500,5298.078,5291.378,5295.96
5298.761,1770602400,5301.542,5294.045,5297.762
5292.125,1770603300,5298.739,5292.125,5298.739
5282.328,1770604200,5292.1,5282.328,5292.1
5300.097,1770605100,5305.196,5281.515,5282.315
5297.039,1770606000,5302.532,5295.808,5300.078
5297.334,1770606900,5301.825,5295.442,5297.032
5302.222,1770607800,5303.628,5294.964,5297.333
5312.679,1770608700,5313.169,5293.669,5302.217
5327.356,1770609600,5327.584,5311.841,5312.674
5333.077,1770610500,5334.34,5321.034,5327.343
5338.772,1770611400,5343.392,5329.964,5333.057
5347.647,1770612300,5348.159,5335.112,5338.754
5347.092,1770613200,5347.64,5338.751,5347.64
5357.126,1770614100,5358.407,5340.897,5347.085
5363.579,1770615000,5364.605,5354.145,5357.126
5400.321,1770615900,5404.279,5363.11,5363.565
5405.823,1770616800,5407.314,5395.162,5400.318
5405.605,1770617700,5407.643,5401.375,5405.821
5397.881,1770618600,5405.595,5397.881,5405.595
5394.17,1770619500,5397.877,5391.467,5397.877
5402.645,1770620400,5410.764,5393.819,5394.143
5392.945,1770621300,5402.632,5392.945,5402.632
5397.316,1770622200,5404.981,5392.467,5392.939
5387.896,1770623100,5397.301,5387.896,5397.301
5391.443,1770624000,5394.146,5381.153,5387.89
5388.01,1770624900,5391.44,5385.618,5391.44
5396.064,1770625800,5403.123,5387.253,5388.009
5396.646,1770626700,5398.992,5391.66,5396.055
5393.008,1770627600,5402.919,5393.008,5396.644
5399.97,1770628500,5407.207,5391.701,5393.004
5391.286,1770629400,5399.962,5391.286,5399.962
5399.205,1770630300,5406.548,5389.067,5391.261
5405.228,1770631200,5409.662,5394.126,5399.19
5396.748,1770632100,5405.221,5396.748,5405.221
5386.959,1770633000,5396.73,5386.959,5396.73
5378.308,1770633900,5386.951,5378.308,5386.951
5404.829,1770634800,5405.057,5376.623,5378.298
5406.764,1770635700,5412.624,5403.398,5404.821
5410.605,1770636600,5413.58,5401.933,5406.748
5410.683,1770637500,5418.372,5410.683,5412.816
5411.29,1770638400,5416.319,5405.899,5410.683
5401.544,1770639300,5411.258,5401.544,5411.258
5407.172,1770640200,5407.404,5395.083,5401.531
5418.018,1770641100,5423.119,5406.005,5407.168
5419.914,1770642000,5425.607,5415.018,5418.016
5417.011,1770642900,5422.578,5416.222,5419.912
5437.339,1770643800,5437.76,5416.124,5417.01
5449.698,1770644700,5452.854,5436.631,5437.322
5455.272,1770645600,5459.13,5444.991,5449.695
5445.361,1770646500,5455.267,5445.361,5455.267
5454.612,1770647400,5460.579,5443.29,5445.35
5450.89,1770648300,5459.043,5450.89,5454.594
5440.809,1770649200,5450.887,5440.809,5450.887
5431.602,1770650100,5440.778,5431.602,5440.778
5460.896,1770651000,5461.345,5430.749,5431.585
5463.518,1770651900,5465.742,5452.993,5460.879
5468.311,1770652800,5476.47,5463.432,5463.507
5476.597,1770653700,5477.703,5462.241,5468.297
5480.164,1770654600,5483.736,5473.151,5476.589
5473.305,1770655500,5480.162,5473.305,5480.162
5507.875,1770656400,5509.728,5478.809,5480.708
5499.375,1770657300,5507.873,5499.375,5507.873
5491.936,1770658200,5499.354,5490.331,5499.354
5489.755,1770659100,5499.562,5489.755,5491.928
5502.005,1770660000,5502.587,5487.291,5489.737
5516.531,1770660900,5516.881,5498.773,5501.991
5513.213,1770661800,5516.522,5507.698,5516.522
5509.83,1770662700,5515.71,5509.83,5513.211
5529.654,1770663600,5530.211,5509.814,5509.814
5531.488,1770664500,5532.385,5520.763,5529.65
5524.963,1770665400,5531.465,5522.247,5531.465
5516.212,1770666300,5524.955,5516.212,5524.955
5519.55,1770667200,5524.229,5515.819,5516.207
5509.617,1770668100,5519.532,5509.617,5519.532
5516.399,1770669000,5517.675,5501.58,5509.592
5511.752,1770669900,5518.648,5511.752,5516.389
5507.537,1770670800,5513.902,5507.537,5511.752
5511.645,1770671700,5514.299,5505.507,5507.521
5512.398,1770672600,5513.147,5503.976,5511.643
5517.221,1770673500,5518.844,5510.467,5512.384
5507.085,1770674400,5517.213,5507.085,5517.213
5516.841,1770675300,5522.671,5506.402,5507.081
5521.561,1770676200,5524.062,5510.484,5516.806
5511.509,1770677100,5521.543,5511.509,5521.543
5507.519,1770678000,5512.458,5506.344,5511.507
5499.335,1770678900,5507.494,5499.335,5507.494
5489.354,1770679800,5499.327,5489.354,5499.327
5482.302,1770680700,5489.348,5482.302,5489.348
5497.83,1770681600,5500.145,5480.53,5482.279
5496.415,1770682500,5500.382,5491.883,5497.827
5486.443,1770683400,5496.395,5486.443,5496.395
5476.49,1770684300,5486.435,5476.49,5486.435
5485.224,1770685200,5485.476,5471.269,5476.469
5497.978,1770686100,5499.848,5484.845,5485.213
5492.042,1770687000,5497.969,5492.042,5497.969
5491.097,1770687900,5498.582,5490.656,5492.04
5490.555,1770688800,5493.595,5484.358,5491.094
5491.903,1770689700,5496.332,5485.151,5490.539
5483.28,1770690600,5491.887,5483.28,5491.887
5479.954,1770691500,5483.277,5474.109,5483.277
5488.59,1770692400,5493.256,5477.711,5479.935
5488.301,1770693300,5495.163,5485.952,5488.587
5487.171,1770694200,5492.719,5483.729,5488.289
5477.216,1770695100,5487.157,5477.216,5487.157
5472.003,1770696000,5480.794,5472.003,5477.205
5462.163,1770696900,5471.986,5462.163,5471.986
5458.24,1770697800,5462.144,5453.768,5462.144
5450.045,1770698700,5458.239,5450.045,5458.239
5448.418,1770699600,5454.81,5448.351,5450.031
5456.769,1770700500,5459.104,5447.752,5448.404
5452.66,1770701400,5460.012,5452.66,5456.739
5449.044,1770702300,5454.383,5448.208,5452.646
5452.26,1770703200,5453.037,5442.074,5449.018
5442.986,1770704100,5452.252,5442.986,5452.252
5460.535,1770705000,5461.831,5442.827,5442.982
5460.014,1770705900,5466.956,5457.847,5460.512
5455.959,1770706800,5465.396,5455.959,5459.997
5462.805,1770707700,5467.857,5454.755,5455.94
5453.103,1770708600,5462.798,5453.103,5462.798
5443.845,1770709500,5453.094,5443.623,5453.094
5439.554,1770710400,5443.842,5436.611,5443.842
5429.364,1770711300,5439.551,5429.364,5439.551
5419.8,1770712200,5429.355,5419.8,5429.355
5417.827,1770713100,5419.794,5414.386,5419.794
5407.845,1770714000,5417.812,5407.845,5417.812
5397.417,1770714900,5407.821,5397.417,5407.821
5387.701,1770715800,5397.398,5387.701,5397.398
5386.217,1770716700,5389.375,5381.178,5387.698
5380.379,1770717600,5387.96,5380.379,5386.209
5380.127,1770718500,5383.751,5375.318,5380.371
5379.993,1770719400,5380.257,5372.66,5380.114
5382.116,1770720300,5384.984,5374.297,5379.978
5390.16,1770721200,5395.095,5380.378,5382.113
5385.282,1770722100,5393.142,5385.282,5390.153
5376.085,1770723000,5385.256,5376.085,5385.256
5370.986,1770723900,5378.07,5370.986,5376.084
5361.665,1770724800,5370.977,5361.665,5370.977
5366.195,1770725700,5370.336,5360.844,5361.656
5356.445,1770726600,5366.175,5356.445,5366.175
5346.517,1770727500,5356.438,5346.517,5356.438
5345.316,1770728400,5348.419,5339.939,5346.515
5335.771,1770729300,5345.299,5335.771,5345.299
5331.577,1770730200,5339.855,5331.577,5335.754
5334.332,1770731100,5335.317,5322.402,5331.564
5336.723,1770732000,5343.386,5331.6,5334.309
5327.096,1770732900,5336.712,5327.096,5336.712
5329.423,1770733800,5336.376,5324.461,5327.087
5324.431,1770734700,5330.824,5324.431,5329.418
5314.581,1770735600,5324.426,5314.581,5324.426
5323.8,1770736500,5324.286,5310.903,5314.567
5327.969,1770737400,5328.187,5319.785,5323.793
5341.589,1770738300,5347.26,5326.967,5327.955
5337.834,1770739200,5345.789,5337.834,5341.571
5329.847,1770740100,5337.826,5329.847,5337.826
5329.975,1770741000,5332.241,5323.35,5329.833
5320.298,1770741900,5329.975,5320.298,5329.975
5311.828,1770742800,5320.458,5311.828,5320.277
5305.901,1770743700,5311.827,5305.901,5311.827
5330.288,1770744600,5333.13,5303.803,5305.885
5329.288,1770745500,5338.139,5329.288,5330.277
5319.717,1770746400,5329.277,5319.717,5329.277
5322.976,1770747300,5326.97,5315.505,5319.716
5320.984,1770748200,5329.356,5320.495,5322.961
5331.764,1770749100,5332.6,5319.83,5320.979
5327.47,1770750000,5333.433,5327.47,5331.748
5323.305,1770750900,5327.467,5322.176,5327.467
5321.37,1770751800,5328.948,5321.37,5323.28
5318.374,1770752700,5322.649,5316.793,5321.351
5320.964,1770753600,5321.056,5310.084,5318.359
5329.393,1770754500,5329.943,5314.671,5320.961
5333.808,1770755400,5337.456,5323.862,5329.392
5324.105,1770756300,5333.807,5324.105,5333.807
5320.006,1770757200,5324.096,5317.864,5324.096
5312.122,1770758100,5319.998,5312.122,5319.998
5311.572,1770759000,5313.554,5305.189,5312.117
5314.604,1770759900,5315.08,5306.196,5311.57
5304.923,1770760800,5314.595,5304.923,5314.595
5314.311,1770761700,5320.195,5304.111,5304.911
5304.664,1770762600,5314.308,5304.664,5314.308
5299.325,1770763500,5304.924,5298.34,5304.654
5312.525,1770764400,5319.259,5296.532,5299.32
5318.818,1770765300,5320.445,5305.347,5312.513
5325.719,1770766200,5328.877,5312.449,5318.797
5316.171,1770767100,5325.71,5316.171,5325.71
5318.074,1770768000,5320.547,5310.358,5316.157
5313.906,1770768900,5321.647,5313.906,5318.072
5321.737,1770769800,5324.817,5309.928,5313.902
5334.368,1770770700,5337.978,5321.509,5321.717
5334.741,1770771600,5337.281,5329.059,5334.36
5333.356,1770772500,5338.489,5332.122,5334.719
5343.475,1770773400,5344.666,5329.998,5333.347
5333.845,1770774300,5343.455,5333.845,5343.455
5335.241,1770775200,5342.264,5333.444,5333.835
5349.258,1770776100,5354.198,5334.684,5335.239
5341.59,1770777000,5349.251,5341.59,5349.251
5335.445,1770777900,5341.569,5333.952,5341.569
5336.468,1770778800,5337.595,5331.797,5335.439
5336.539,1770779700,5341.423,5331.494,5336.458
5332.744,1770780600,5336.529,5330.575,5336.529
5334.828,1770781500,5338.375,5326.797,5332.737
5335.788,1770782400,5337.284,5330.937,5334.808
5335.173,1770783300,5339.533,5334.869,5335.776
5325.136,1770784200,5335.157,5325.136,5335.157
5317.435,1770785100,5325.12,5317.435,5325.12
5308.253,1770786000,5317.426,5308.253,5317.426
5305.931,1770786900,5308.249,5299.504,5308.249
5322.643,1770787800,5326.211,5317.339,5320.46
5316.314,1770788700,5322.635,5314.751,5322.635
5321.937,1770789600,5330.804,5315.948,5316.314
5331.587,1770790500,5334.871,5321.064,5321.936
5331.962,1770791400,5334.341,5326.843,5331.566
5335.988,1770792300,5344.445,5330.809,5331.945
5326.342,1770793200,5335.982,5326.342,5335.982
5316.556,1770794100,5326.329,5316.556,5326.329
5326.206,1770795000,5329.598,5316.468,5316.544
5335.528,1770795900,5335.793,5322.77,5326.19
5334.193,1770796800,5335.605,5328.96,5335.525
5334.597,1770797700,5336.319,5332.012,5334.191
5340.317,1770798600,5341.578,5327.783,5334.577
5345.586,1770799500,5347.716,5335.381,5340.307
5335.754,1770800400,5345.582,5335.754,5345.582
5326.195,1770801300,5335.749,5326.195,5335.749
5316.553,1770802200,5326.18,5316.553,5326.18
5320.448,1770803100,5327.342,5316.517,5316.543
5326.34,1770804000,5327.632,5315.579,5320.42
5320.398,1770804900,5326.324,5319.99,5326.324
5319.81,1770805800,5321.624,5313.898,5320.398
5312.333,1770806700,5320.966,5312.333,5319.807
5309.82,1770807600,5317.922,5309.82,5312.321
5303.279,1770808500,5309.818,5302.621,5309.818
5311.618,1770809400,5313.446,5297.865,5303.27
5308.674,1770810300,5311.618,5303.811,5311.618
5307.796,1770811200,5308.89,5300.242,5308.671
5308.979,1770812100,5309.322,5302.919,5307.791
5302.168,1770813000,5308.957,5300.148,5308.957
5305.054,1770813900,5309.137,5298.968,5302.155
5299.557,1770814800,5306.939,5299.557,5305.023
5299.377,1770815700,5305.499,5298.792,5299.54
5310.123,1770816600,5311.295,5293.553,5299.377
5303.876,1770817500,5310.106,5303.876,5310.106
5309.796,1770818400,5313.142,5299.796,5303.869
5313.335,1770819300,5313.844,5304.765,5309.792
5308.837,1770820200,5316.109,5308.837,5313.332
5304.75,1770821100,5313.81,5304.75,5308.837
5300.245,1770822000,5304.727,5300.245,5304.727
5306.083,1770822900,5309.947,5298.524,5300.223
5311.528,1770823800,5311.793,5300.111,5306.08
5307.415,1770824700,5311.563,5306.339,5311.509
5311.632,1770825600,5316.083,5303.553,5307.412
5306.717,1770826500,5311.62,5306.637,5311.62
5305.375,1770827400,5311.839,5304.187,5306.702
5301.296,1770828300,5305.36,5300.552,5305.36
5315.163,1770829200,5315.479,5300.734,5301.289
5308.751,1770830100,5315.159,5308.751,5315.159
5311.261,1770831000,5313.26,5301.139,5308.75
5301.437,1770831900,5311.254,5301.437,5311.254
5297.373,1770832800,5303.684,5297.373,5301.433
5300.868,1770833700,5302.238,5294.715,5297.358
5303.222,1770834600,5306.296,5295.207,5300.847
5306.155,1770835500,5306.283,5293.634,5303.213
5304.158,1770836400,5306.151,5300.705,5306.151
5298.992,1770837300,5305.174,5298.992,5304.148
5315.182,1770838200,5319.341,5296.48,5298.963
5305.344,1770839100,5315.159,5305.344,5315.159
5309.432,1770840000,5311.997,5304.049,5305.336
5321.028,1770840900,5321.757,5304.853,5309.414
5323.566,1770841800,5329.311,5318.504,5321.025
5314.011,1770842700,5323.566,5314.011,5323.566
5303.97,1770843600,5314.009,5303.97,5314.009
5304.455,1770844500,5313.188,5303.129,5303.958
5309.871,1770845400,5314.164,5300.138,5304.45
5308.331,1770846300,5310.755,5302.26,5309.866
5310.749,1770847200,5313.103,5304.261,5308.318
5311.789,1770848100,5316.257,5305.727,5310.745
5319.362,1770849000,5327.351,5311.54,5311.777
5341.332,1770849900,5344.561,5318.534,5319.354
5339.106,1770850800,5341.996,5334.601,5341.328
5344.201,1770851700,5350.554,5338.918,5339.1
5358.02,1770852600,5360.849,5339.608,5344.192
5348.112,1770853500,5358.018,5348.112,5358.018
5362.717,1770854400,5363.059,5347.684,5348.097
5374.194,1770855300,5379.686,5361.821,5362.7
5364.672,1770856200,5374.184,5364.672,5374.184
5383.105,1770857100,5383.33,5364.029,5364.669
5376.777,1770858000,5385.933,5376.777,5383.104
5372.157,1770858900,5378.314,5372.157,5376.753
5376.35,1770859800,5379.308,5368.115,5372.148
5380.05,1770860700,5383.013,5370.426,5376.349
5372.849,1770861600,5380.048,5371.371,5380.048
5378.294,1770862500,5380.48,5365.51,5372.847
5380.631,1770863400,5384.546,5374.015,5378.275
5395.413,1770864300,5396.184,5375.365,5380.619
5386.046,1770865200,5395.598,5386.046,5395.41
5388.886,1770866100,5394.35,5382.568,5386.013
5403.034,1770867000,5404.079,5387.395,5388.878
5393.537,1770867900,5403.011,5393.537,5403.011
5383.482,1770868800,5393.531,5383.482,5393.531
5383.222,1770869700,5383.723,5373.93,5383.478
5403.515,1770870600,5408.082,5380.563,5383.209
5393.955,1770871500,5403.495,5393.955,5403.495
5401.113,1770872400,5402.133,5388.091,5393.935
5400.568,1770873300,5407.277,5398.104,5401.112
5397.591,1770874200,5402.033,5397.51,5400.555
5388.206,1770875100,5397.583,5388.206,5397.583
5383.996,1770876000,5390.289,5383.996,5388.196
5375.239,1770876900,5383.995,5375.239,5383.995
5374.52,1770877800,5378.794,5370.829,5375.217
5404.325,1770878700,5405.246,5369.104,5374.499
5398.972,1770879600,5406.534,5398.972,5404.32
5426.808,1770880500,5427.434,5392.966,5398.965
5454.429,1770881400,5454.655,5426.414,5426.807
5444.788,1770882300,5454.417,5444.788,5454.417
5444.925,1770883200,5452.131,5442.182,5444.77
5440.678,1770884100,5447.68,5440.678,5444.912
5468.203,1770885000,5472.236,5440.541,5440.663
5458.528,1770885900,5468.199,5458.528,5468.199
5457.37,1770886800,5459.346,5450.34,5458.514
5452.216,1770887700,5459.053,5452.216,5457.358
5449.733,1770888600,5452.216,5444.745,5452.216
5439.635,1770889500,5449.723,5439.635,5449.723
5430.008,1770890400,5439.633,5430.008,5439.633
5430.913,1770891300,5432.554,5426.167,5429.995
5433.537,1770892200,5439.055,5426.796,5430.888
5443.416,1770893100,5444.223,5433.401,5433.535
5443.831,1770894000,5444.996,5439.201,5443.414
5440.62,1770894900,5446.147,5439.548,5443.814
5430.781,1770895800,5440.611,5430.781,5440.611
5420.632,1770896700,5430.78,5420.632,5430.78
5415.428,1770897600,5420.624,5414.194,5420.624
5438.513,1770898500,5439.085,5414.529,5415.41
5431.703,1770899400,5439.205,5431.703,5438.498
5435.385,1770900300,5437.519,5427.7,5431.69
5427.102,1770901200,5435.533,5427.102,5435.381
5429.32,1770902100,5430.265,5424.059,5427.097
5446.688,1770903000,5450.684,5428.903,5429.307
5436.891,1770903900,5446.672,5436.891,5446.672
5440.285,1770904800,5446.911,5434.962,5436.875
5453.931,1770905700,5457.664,5439.721,5440.274
5454.102,1770906600,5454.776,5445.156,5453.91
5443.918,1770907500,5454.094,5443.918,5454.094
5439.818,1770908400,5446.218,5439.818,5443.905
5432.591,1770909300,5439.808,5432.591,5439.808
5441.091,1770910200,5445.988,5429.42,5432.588
5443.153,1770911100,5447.075,5438.091,5441.086
5443.389,1770912000,5444.007,5434.252,5443.148
5454.844,1770912900,5458.639,5442.994,5443.376
5509.019,1770913800,5511.701,5452.401,5454.832
5502.467,1770914700,5509.005,5501.351,5509.005
5497.961,1770915600,5502.465,5494.697,5502.465
5494.301,1770916500,5497.959,5489.914,5497.959
5484.758,1770917400,5494.299,5484.758,5494.299
5477.616,1770918300,5486.606,5477.616,5484.746
5478.051,1770919200,5479.666,5470.478,5477.598
5469.192,1770920100,5478.044,5469.192,5478.044
5469.866,1770921000,5470.948,5460.472,5469.186
5480.136,1770921900,5484.038,5469.636,5469.858
5474.936,1770922800,5482.137,5474.936,5480.128
5480.345,1770923700,5482.608,5474.002,5474.921
5470.238,1770924600,5480.344,5470.238,5480.344
5476.491,1770925500,5478.508,5468.916,5470.233
5471.49,1770926400,5476.487,5466.63,5476.487
5467.586,1770927300,5474.384,5466.611,5471.469
5457.491,1770928200,5467.577,5457.491,5467.577
5465.433,1770929100,5467.365,5450.639,5457.488
5476.437,1770930000,5477.357,5462.761,5465.416
5468.876,1770930900,5476.417,5468.876,5476.417
5461.58,1770931800,5468.869,5461.58,5468.869
5470.226,1770932700,5472.528,5461.3,5461.563
5461.747,1770933600,5470.212,5461.747,5470.212
5452.453,1770934500,5461.739,5452.453,5461.739
5452.302,1770935400,5458.414,5451.741,5452.435
5448.693,1770936300,5455.017,5448.693,5452.3
5466.79,1770937200,5468.129,5445.936,5448.674
5464.108,1770938100,5469.002,5462.357,5466.78
5456.728,1770939000,5464.073,5456.728,5464.073
5454.766,1770939900,5459.839,5451.691,5456.705
5461.221,1770940800,5465.608,5449.499,5454.765
5455.349,1770941700,5461.202,5455.349,5461.202
5457.847,1770942600,5465.701,5454.309,5455.348
5463.668,1770943500,5464.05,5448.854,5457.837
5462.138,1770944400,5464.59,5457.883,5463.641
5473.287,1770945300,5476.937,5458.499,5462.136
5469.525,1770946200,5473.283,5465.663,5473.283
5466.519,1770947100,5473.635,5466.078,5469.511
5456.572,1770948000,5466.506,5456.572,5466.506
5457.315,1770948900,5462.409,5452.413,5456.564
5456.321,1770949800,5457.539,5451.621,5457.293
5446.571,1770950700,5456.311,5446.571,5456.311
5436.511,1770951600,5446.555,5436.511,5446.555
5426.872,1770952500,5436.499,5426.872,5436.499
5438.754,1770953400,5440.777,5425.596,5426.866
5441.808,1770954300,5443.22,5433.899,5438.744
5432.263,1770955200,5441.798,5432.263,5441.798
5437.948,1770956100,5440.591,5428.786,5432.231
5429.343,1770957000,5437.942,5429.343,5437.942
5425.19,1770957900,5432.188,5425.19,5429.336
5428.528,1770958800,5431.836,5420.915,5425.186
5428.631,1770959700,5429.889,5423.566,5428.516
5431.386,1770960600,5433.08,5420.596,5428.628
5434.194,1770961500,5435.981,5429.164,5431.371
5428.909,1770962400,5434.184,5427.684,5434.184
5430.156,1770963300,5433.944,5425.016,5428.898
5425.195,1770964200,5430.24,5425.195,5430.14
5419.506,1770965100,5425.172,5415.5,5425.172
5409.931,1770966000,5419.483,5409.931,5419.483
5401.62,1770966900,5411.356,5401.62,5409.925
5391.8,1770967800,5401.619,5391.8,5401.619
5398.461,1770968700,5402.982,5386.24,5391.798
5395.157,1770969600,5399.521,5393.135,5398.454
5385.373,1770970500,5395.146,5385.373,5395.146
5384.967,1770971400,5392.365,5383.112,5385.366
5375.334,1770972300,5384.961,5375.334,5384.961
5369.376,1770973200,5375.314,5368.313,5375.314
5376.72,1770974100,5377.035,5367.96,5369.375
5374.074,1770975000,5379.202,5374.074,5376.719
5373.698,1770975900,5377.881,5368.642,5374.056
5375.686,1770976800,5380.638,5371.229,5373.678
5368.905,1770977700,5376.241,5368.905,5375.675
5359.201,1770978600,5368.9,5359.201,5368.9
5349.724,1770979500,5359.187,5349.724,5359.187
5350.802,1770980400,5357.003,5346.251,5349.722
5341.567,1770981300,5350.777,5341.567,5350.777
5355.517,1770982200,5355.612,5339.486,5341.549
5349.982,1770983100,5356.787,5349.982,5355.488
5354.226,1770984000,5360.533,5349.728,5349.969
5367.731,1770984900,5368.046,5348.379,5354.217
5358.293,1770985800,5367.726,5358.293,5367.726
5365.851,1770986700,5367.594,5354.761,5358.288
5364.497,1770987600,5371.604,5363.574,5365.845
5356.713,1770988500,5364.469,5356.713,5364.469
5348.965,1770989400,5356.705,5348.965,5356.705
5351.58,1770990300,5356.45,5344.057,5348.949
5349.965,1770991200,5356.351,5349.605,5351.566
5343.185,1770992100,5349.946,5343.185,5349.946
5347.25,1770993000,5348.647,5339.902,5343.165
5337.377,1770993900,5347.248,5337.377,5347.248
5331.537,1770994800,5337.37,5331.019,5337.37
5321.623,1770995700,5331.533,5321.623,5331.533
5312.568,1770996600,5321.62,5312.568,5321.62
5309.188,1770997500,5315.473,5309.188,5312.555
5314.05,1770998400,5317.015,5303.72,5309.185
5315.626,1770999300,5318.057,5308.576,5314.028
5321.693,1771000200,5329.782,5314.624,5315.614
5316.567,1771001100,5323.248,5316.567,5321.675
5311.725,1771002000,5319.411,5311.725,5316.561
5310.39,1771002900,5312.928,5305.37,5311.713
5301.098,1771003800,5310.385,5301.098,5310.385
5294.142,1771004700,5301.092,5291.733,5301.092
5292.543,1771005600,5296.281,5289.813,5294.141
5300.234,1771006500,5301.465,5289.623,5292.538
5295.601,1771007400,5300.223,5293.803,5300.223
5298.276,1771008300,5305.454,5292.991,5295.581
5307.127,1771009200,5311.456,5297.32,5298.264
5308.497,1771010100,5313.232,5304.872,5307.119
5299.045,1771011000,5308.475,5299.045,5308.475
5289.369,1771011900,5299.019,5289.369,5299.019
5286.433,1771012800,5291.359,5284.558,5289.357
5279.651,1771013700,5286.426,5279.651,5286.426
5282.735,1771014600,5289.692,5277.653,5279.641
5288.947,1771015500,5294.372,5282.072,5282.71
5292.491,1771016400,5296.135,5284.275,5288.939
5283.682,1771017300,5292.483,5283.682,5292.483
5287.582,1771018200,5290.85,5282.761,5283.675
5278.035,1771019100,5287.578,5278.035,5287.578
5270.56,1771020000,5279.802,5270.56,5278.012
5261.133,1771020900,5270.549,5261.133,5270.549
5263.22,1771021800,5267.076,5257.082,5261.119
5283.489,1771022700,5285.666,5261.721,5263.216
5274.169,1771023600,5283.477,5274.169,5283.477
5269.063,1771024500,5274.995,5269.063,5274.144
5268.169,1771025400,5271.992,5264.383,5269.052
5264.366,1771026300,5268.162,5262.475,5268.162
5262.973,1771027200,5266.647,5258.465,5264.358
5269.305,1771028100,5272.113,5259.182,5262.945
5261.732,1771029000,5270.655,5261.732,5269.296
5267.662,1771029900,5268.07,5256.942,5261.72
5287.133,1771030800,5287.442,5264.048,5267.648
5282.232,1771031700,5288.117,5282.232,5287.123
5293.441,1771032600,5297.968,5281.574,5282.215
5313.912,1771033500,5316.075,5292.829,5293.428
5304.337,1771034400,5313.896,5304.337,5313.896
5303.072,1771035300,5308.614,5300.631,5304.315
5303.173,1771036200,5310.09,5300.64,5303.069
5293.622,1771037100,5303.169,5293.622,5303.169
5296.662,1771038000,5301.173,5292.837,5293.613
5302.095,1771038900,5302.773,5294.053,5296.638
5308.396,1771039800,5316.238,5301.149,5302.079
5307.301,1771040700,5314.009,5305.755,5308.39
5321.132,1771041600,5326.302,5306.661,5307.287
5344.131,1771042500,5347.865,5318.969,5321.122
5347.693,1771043400,5351.829,5340.116,5344.124
5343.621,1771044300,5347.688,5340.503,5347.688
5338.193,1771045200,5347.505,5338.193,5343.596
5330.655,1771046100,5340.327,5330.655,5338.192
5331.52,1771047000,5333.488,5328.255,5330.619
5323.764,1771047900,5331.518,5323.121,5331.518
5314.164,1771048800,5323.759,5314.164,5323.759
5309.278,1771049700,5314.334,5309.278,5314.155
5300.417,1771050600,5309.322,5300.417,5309.271
5301.803,1771051500,5304.862,5299.66,5300.392
5295.074,1771052400,5302.843,5295.074,5301.79
5285.727,1771053300,5295.066,5285.727,5295.066
5289.789,1771054200,5291.08,5280.404,5285.714
5302.392,1771055100,5306.87,5287.315,5289.767
5292.752,1771056000,5302.385,5292.752,5302.385
5283.262,1771056900,5292.745,5283.262,5292.745
5273.798,1771057800,5283.253,5273.798,5283.253
5273.825,1771058700,5282.324,5273.012,5273.79
5266.151,1771059600,5273.807,5266.151,5273.807
5284.271,1771060500,5286.374,5264.365,5266.143
5302.688,1771061400,5306.092,5278.989,5284.264
5307.756,1771062300,5311.896,5302.137,5302.683
5298.119,1771063200,5307.749,5298.119,5307.749
5306.194,1771064100,5307.057,5291.427,5298.101
5304.158,1771065000,5308.1,5300.389,5306.182
5322.908,1771065900,5327.822,5302.882,5304.155
5316.276,1771066800,5322.893,5316.276,5322.893
5317.285,1771067700,5322.547,5312.27,5316.276
5310.761,1771068600,5317.284,5309.054,5317.284
5309.928,1771069500,5310.824,5306.374,5310.753
5300.482,1771070400,5309.912,5300.482,5309.912
5308.631,1771071300,5311.915,5297.486,5300.477
5298.813,1771072200,5308.629,5298.813,5308.629
5296.275,1771073100,5301.923,5295.396,5298.813
5288.475,1771074000,5296.258,5288.475,5296.258
5288.968,1771074900,5293.722,5285.588,5288.448
5284.817,1771075800,5292.014,5284.817,5288.966
5289.796,1771076700,5289.796,5276.832,5284.816
5298.01,1771077600,5299.307,5289.762,5289.774
5328.497,1771078500,5330.22,5294.926,5298.009
5332.531,1771079400,5339.443,5328.496,5328.496
5345.97,1771080300,5346.379,5328.908,5332.524
5336.255,1771081200,5345.968,5336.255,5345.968
5326.551,1771082100,5336.243,5326.551,5336.243
5336.335,1771083000,5336.346,5318.964,5326.55
5327.555,1771083900,5336.326,5327.555,5336.326
5340.395,1771084800,5341.864,5320.618,5327.537
5330.54,1771085700,5340.379,5330.54,5340.379
5320.509,1771086600,5330.529,5320.509,5330.529
5327.989,1771087500,5332.309,5316.093,5320.497
5320.692,1771088400,5327.966,5320.692,5327.966
5316.973,1771089300,5326.059,5316.973,5320.682
5315.38,1771090200,5316.97,5310.634,5316.97
5311.457,1771091100,5315.839,5309.951,5315.374
5320.907,1771092000,5322.92,5309.763,5311.453
5311.101,1771092900,5320.906,5311.101,5320.906
5314.825,1771093800,5317.629,5309.011,5311.099
5328.168,1771094700,5329.768,5310.619,5314.822
5324.547,1771095600,5328.294,5324.061,5328.161
5330.052,1771096500,5335.706,5321.476,5324.546
5328.893,1771097400,5332.832,5325.506,5330.049
5330.114,1771098300,5332.732,5324.149,5328.874
5334.259,1771099200,5341.214,5329.173,5330.109
5324.842,1771100100,5334.257,5324.842,5334.257
5315.183,1771101000,5324.828,5315.183,5324.828
5312.333,1771101900,5315.178,5308.78,5315.178
5317.059,1771102800,5318.266,5306.875,5312.322
5313.498,1771103700,5317.051,5308.768,5317.051
5303.381,1771104600,5313.487,5303.381,5313.487
5317.603,1771105500,5323.447,5302.941,5303.352
5319.099,1771106400,5323.527,5314.492,5317.599
5311.518,1771107300,5320.135,5311.518,5319.085
5333.684,1771108200,5337.077,5310.083,5311.5
5325.463,1771109100,5333.67,5325.463,5333.67
5343.434,1771110000,5347.312,5325.204,5325.454
5333.564,1771110900,5343.43,5333.564,5343.43
5332.662,1771111800,5336.395,5327.644,5333.559
5322.95,1771112700,5332.661,5322.95,5332.661
5318.165,1771113600,5322.943,5317.695,5322.943
5312.906,1771114500,5321.798,5312.906,5318.164
5333.324,1771115400,5333.75,5305.604,5312.904
5337.038,1771116300,5345.176,5332.274,5333.313
5335.737,1771117200,5342.478,5335.293,5337.029
5343.284,1771118100,5345.16,5333.625,5335.724
5359.044,1771119000,5359.546,5341.125,5343.274
5358.28,1771119900,5364.838,5356.6,5359.043
5351.717,1771120800,5358.258,5351.717,5358.258
5352.431,1771121700,5358.937,5349.427,5351.715
5365.571,1771122600,5365.637,5344.278,5352.415
5375.701,1771123500,5376.953,5361.322,5365.559
5365.802,1771124400,5375.689,5365.802,5375.689
5357.717,1771125300,5365.79,5357.717,5365.79
5363.59,1771126200,5369.082,5354.868,5357.698
5358.874,1771127100,5363.588,5353.975,5363.588
5358.348,1771128000,5364.664,5356.568,5358.869
5358.45,1771128900,5362.24,5355.601,5358.326
5358.957,1771129800,5366.397,5356.146,5358.432
5358.595,1771130700,5359.975,5350.595,5358.947
5375.249,1771131600,5375.961,5352.973,5358.575
5379.628,1771132500,5382.789,5373.7,5375.235
5380.017,1771133400,5385.05,5377.918,5379.605
5385.638,1771134300,5385.948,5371.941,5379.998
5376.89,1771135200,5385.623,5376.89,5385.623
5370.311,1771136100,5376.864,5370.311,5376.864
5366.852,1771137000,5370.292,5364.626,5370.292
5357.964,1771137900,5366.838,5357.964,5366.838
5358.311,1771138800,5363.29,5354.123,5357.948
5353.573,1771139700,5358.308,5348.761,5358.308
5343.965,1771140600,5353.568,5343.965,5353.568
5368.168,1771141500,5370.214,5342.632,5343.955
5375.515,1771142400,5379.477,5367.686,5368.157
5366.227,1771143300,5375.506,5366.227,5375.506
5370.168,1771144200,5375.446,5364.614,5366.211
5366.915,1771145100,5373.346,5366.915,5370.167
5364.588,1771146000,5370.152,5362.723,5366.908
5363.322,1771146900,5368.911,5361.486,5364.587
5353.484,1771147800,5363.294,5353.484,5363.294
5357.262,1771148700,5358.149,5348.349,5353.474
5363.006,1771149600,5367.551,5355.022,5357.251
5375.868,1771150500,5379.333,5360.785,5362.985
5373.488,1771151400,5376.271,5373.177,5375.857
5366.065,1771152300,5373.473,5365.202,5373.473
5356.147,1771153200,5366.058,5356.147,5366.058
5357.657,1771154100,5358.065,5351.567,5356.128
5361.985,1771155000,5363.794,5354.218,5357.65
5352.429,1771155900,5361.975,5352.429,5361.975
5357.25,1771156800,5363.974,5349.846,5352.426
5351.985,1771157700,5357.235,5351.644,5357.235
5351.577,1771158600,5358.513,5349.554,5351.971
5356.604,1771159500,5356.94,5343.633,5351.698
5346.487,1771160400,5356.594,5346.487,5356.594
5352.511,1771161300,5353.716,5343.241,5346.482
5342.876,1771162200,5352.493,5342.876,5352.493
5333.778,1771163100,5342.863,5333.778,5342.863
5324.165,1771164000,5333.765,5324.165,5333.765
5331.446,1771164900,5332.99,5322.526,5324.162
5334.956,1771165800,5336.72,5325.21,5331.434
5339.369,1771166700,5345.697,5331.846,5334.952
5351.186,1771167600,5355.861,5338.455,5339.35
5362.602,1771168500,5369.701,5350.983,5351.169
5356.411,1771169400,5366.096,5356.411,5362.579
5383.504,1771170300,5385.459,5354.183,5356.41
5378.067,1771171200,5383.492,5378.067,5383.492
5373.554,1771172100,5381.627,5373.554,5378.057
5371.691,1771173000,5373.543,5364.712,5373.543
5371.597,1771173900,5372.513,5365.1,5371.688
5369.008,1771174800,5371.581,5363.88,5371.581
5384.197,1771175700,5384.438,5363.485,5369.003
5383.394,1771176600,5384.18,5376.495,5384.18
5384.886,1771177500,5387.409,5376.481,5383.384
5380.24,1771178400,5388.862,5380.24,5384.879
5386.715,1771179300,5389.523,5379.527,5380.237
5377.014,1771180200,5386.712,5377.014,5386.712
5375.14,1771181100,5378.463,5370.397,5376.995
5375.173,1771182000,5376.348,5367.576,5375.132
5381.89,1771182900,5383.907,5370.935,5375.155
5393.226,1771183800,5396.838,5379.067,5381.882
5406.068,1771184700,5409.606,5390.953,5393.223
5402.154,1771185600,5408.661,5402.154,5406.063
5392.513,1771186500,5402.138,5392.513,5402.138
5382.785,1771187400,5392.503,5382.785,5392.503
5398.914,1771188300,5400.809,5381.276,5382.771
5403.018,1771189200,5407.002,5395.049,5398.897
5402.388,1771190100,5404.385,5398.073,5403.004
5398.032,1771191000,5402.37,5397.787,5402.37
5411.2,1771191900,5413.449,5391.38,5398.028
5420.294,1771192800,5420.36,5405.924,5411.188
5417.171,1771193700,5420.282,5410.476,5420.282
5430.879,1771194600,5431.575,5411.19,5417.143
5439.546,1771195500,5440.853,5428.005,5430.875
5437.075,1771196400,5439.536,5432.423,5439.536
5430.04,1771197300,5437.068,5430.04,5437.068
5421.127,1771198200,5430.035,5421.127,5430.035
5424.72,1771199100,5430.977,5418.865,5421.116
5417.09,1771200000,5424.704,5417.09,5424.704
5409.626,1771200900,5417.068,5409.285,5417.068
5416.41,1771201800,5422.507,5409.482,5409.619
5418.504,1771202700,5421.604,5412.868,5416.397
5408.691,1771203600,5418.499,5408.691,5418.499
5422.732,1771204500,5422.841,5404.509,5408.682
5421.333,1771205400,5428.105,5421.333,5422.722
5415.151,1771206300,5421.6,5414.553,5421.331
5419.763,1771207200,5421.495,5409.503,5415.143
5410.913,1771208100,5419.754,5410.913,5419.754
5442.45,1771209000,5443.875,5410.045,5410.903
5432.724,1771209900,5442.431,5432.724,5442.431
5434.249,1771210800,5436.32,5427.219,5432.716
5424.695,1771211700,5434.226,5424.695,5434.226
5426.224,1771212600,5431.068,5422.007,5424.681
5442.657,1771213500,5443.254,5422.577,5426.223
5440.709,1771214400,5446.979,5438.82,5442.651
5449.48,1771215300,5450.901,5433.015,5440.7
5439.42,1771216200,5449.475,5439.42,5449.475
5441.845,1771217100,5448.615,5436.154,5439.398
5443.815,1771218000,5449.719,5438.212,5441.832
5456.243,1771218900,5461.89,5442.649,5443.814
5465.388,1771219800,5472.67,5453.96,5456.229
5464.975,1771220700,5472.925,5463.296,5465.385
5459.008,1771221600,5467.26,5459.008,5464.962
5457.731,1771222500,5463.099,5454.031,5458.999
5450.006,1771223400,5459.408,5450.006,5457.719
5442.479,1771224300,5449.999,5440.601,5449.999
5448.506,1771225200,5451.922,5438.86,5442.478
5455.795,1771226100,5461.237,5448.254,5448.499
5445.627,1771227000,5455.794,5445.627,5455.794
5446.242,1771227900,5450.262,5440.187,5445.622
5441.14,1771228800,5450.241,5441.14,5446.228
5436.314,1771229700,5441.122,5431.653,5441.122
5451.751,1771230600,5452.335,5433.418,5436.309
5450.202,1771231500,5451.745,5446.416,5451.745
5447.368,1771232400,5452.946,5445.999,5450.186
5449.908,1771233300,5450.237,5441.895,5447.355
5439.914,1771234200,5449.89,5439.914,5449.89
5439.799,1771235100,5441.639,5432.037,5439.892
5432.204,1771236000,5440.856,5432.204,5439.79
5427.289,1771236900,5432.193,5427.007,5432.193
5453.082,1771237800,5456.476,5422.808,5427.265
5443.218,1771238700,5453.057,5443.218,5453.057
5433.391,1771239600,5443.21,5433.391,5443.21
5427.53,1771240500,5433.378,5426.738,5433.378
5445.836,1771241400,5445.836,5427.18,5427.527
5451.513,1771242300,5451.764,5437.771,5445.823
5445.227,1771243200,5451.512,5445.227,5451.512
5442.432,1771244100,5449.102,5442.432,5445.199
5432.526,1771245000,5442.431,5432.526,5442.431
5434.969,1771245900,5436.333,5430.873,5432.523
5433.033,1771246800,5436.049,5428.099,5434.948
5425.435,1771247700,5433.03,5425.435,5433.03
5429.996,1771248600,5434.875,5421.504,5425.41
5442.154,1771249500,5442.379,5425.631,5429.974
5442.302,1771250400,5446.721,5436.736,5442.136
5441.138,1771251300,5444.506,5435.617,5442.289
5464.23,1771252200,5467.175,5440.911,5441.135
5470.962,1771253100,5476.021,5462.899,5464.202
5470.593,1771254000,5470.952,5461.072,5470.952
5460.666,1771254900,5470.589,5460.666,5470.589
5450.45,1771255800,5460.663,5450.45,5460.663
5440.692,1771256700,5450.447,5440.692,5450.447
5454.539,1771257600,5454.861,5435.681,5440.687
5455.045,1771258500,5457.495,5451.376,5454.525
5445.559,1771259400,5455.029,5445.559,5455.029
5454.17,1771260300,5459.436,5443.601,5445.557
5464.657,1771261200,5467.533,5451.136,5454.16
5454.721,1771262100,5464.641,5454.721,5464.641
5453.643,1771263000,5460.708,5452.422,5454.719
5446.698,1771263900,5453.632,5445.841,5453.632
5467.267,1771264800,5468.901,5442.415,5446.686
5457.175,1771265700,5467.264,5457.175,5467.264
5481.448,1771266600,5486.708,5456.162,5457.164
5498.125,1771267500,5499.812,5480.077,5481.447
5500.741,1771268400,5502.173,5494.8,5498.12
5501.964,1771269300,5506.762,5496.744,5500.729
5495.818,1771270200,5501.958,5495.818,5501.958
5511.66,1771271100,5515.395,5492.865,5495.812
5528.344,1771272000,5531.805,5509.221,5511.645
5543.121,1771272900,5547.277,5524.145,5528.34
5532.819,1771273800,5543.1,5532.819,5543.1
5539.009,1771274700,5539.201,5523.849,5532.817
5535.183,1771275600,5539.319,5533.888,5539.0
5525.214,1771276500,5535.16,5525.214,5535.16
5515.103,1771277400,5525.198,5515.103,5525.198
5504.749,1771278300,5515.088,5504.749,5515.088
5499.157,1771279200,5504.74,5497.848,5504.74
5505.479,1771280100,5507.667,5497.009,5499.152
5504.841,1771281000,5510.85,5503.058,5505.478
5499.226,1771281900,5507.545,5499.226,5504.837
5489.203,1771282800,5499.204,5489.203,5499.204
5498.049,1771283700,5498.111,5481.948,5489.195
5496.691,1771284600,5501.392,5496.474,5498.025
5503.025,1771285500,5503.319,5493.981,5496.68
5502.969,1771286400,5503.502,5493.542,5503.001
5498.177,1771287300,5505.83,5498.177,5502.952
5490.236,1771288200,5498.169,5490.236,5498.169
5489.818,1771289100,5495.8,5487.726,5490.216
5480.055,1771290000,5489.81,5480.055,5489.81
5493.119,1771290900,5495.558,5478.556,5480.05
5492.338,1771291800,5496.739,5489.54,5493.107
5497.308,1771292700,5501.546,5488.017,5492.333
5490.308,1771293600,5497.287,5490.308,5497.287
5480.321,1771294500,5490.306,5480.321,5490.306
5480.934,1771295400,5482.757,5471.692,5480.311
5496.531,1771296300,5498.162,5475.663,5480.924
5495.699,1771297200,5499.1,5490.598,5496.517
5510.756,1771298100,5511.404,5494.175,5495.692
5501.054,1771299000,5510.747,5501.054,5510.747
5500.944,1771299900,5502.29,5492.704,5501.032
5517.028,1771300800,5518.718,5495.624,5500.94
5521.473,1771301700,5525.491,5516.436,5517.02
5513.398,1771302600,5521.458,5513.398,5521.458
5532.43,1771303500,5535.511,5512.41,5513.396
5531.318,1771304400,5536.144,5528.655,5532.417
5521.41,1771305300,5531.306,5521.41,5531.306
5513.774,1771306200,5521.386,5513.774,5521.386
5507.034,1771307100,5516.781,5507.034,5513.761
5506.467,1771308000,5514.677,5506.467,5507.032
5500.866,1771308900,5508.087,5500.866,5506.46
5513.653,1771309800,5518.666,5499.811,5500.862
5511.731,1771310700,5516.035,5508.429,5513.649
5504.881,1771311600,5511.73,5503.046,5511.73
5494.494,1771312500,5504.879,5494.494,5504.879
5491.636,1771313400,5499.691,5491.636,5494.488
5499.161,1771314300,5505.826,5488.304,5491.628
5501.328,1771315200,5501.781,5493.765,5499.151
5513.358,1771316100,5515.604,5498.278,5501.316
5513.012,1771317000,5519.288,5510.782,5513.338
5503.269,1771317900,5513.01,5503.269,5513.01
5508.445,1771318800,5508.491,5496.102,5503.259
5498.48,1771319700,5508.427,5498.48,5508.427
5492.604,1771320600,5498.479,5492.604,5498.479
5494.48,1771321500,5497.177,5485.23,5492.603
5500.731,1771322400,5502.301,5491.535,5494.479
5501.344,1771323300,5503.658,5493.445,5500.722
5513.293,1771324200,5514.61,5494.785,5501.32
5534.59,1771325100,5538.739,5512.337,5513.292
5544.676,1771326000,5546.463,5532.682,5534.576
5537.108,1771326900,5544.661,5537.108,5544.661
5540.985,1771327800,5543.412,5535.555,5537.091
5536.405,1771328700,5540.979,5533.759,5540.979
5526.558,1771329600,5536.381,5526.558,5536.381
5534.865,1771330500,5538.906,5526.352,5526.547
5549.99,1771331400,5550.287,5534.689,5534.845
5542.283,1771332300,5549.969,5542.283,5549.969
5543.012,1771333200,5547.105,5536.599,5542.28
5532.698,1771334100,5543.003,5532.698,5543.003
5534.599,1771335000,5543.754,5532.516,5532.693
5532.649,1771335900,5534.628,5526.47,5534.585
5530.464,1771336800,5532.643,5525.565,5532.643
5549.73,1771337700,5551.704,5527.067,5530.463
5554.583,1771338600,5558.627,5548.817,5549.721
5549.032,1771339500,5554.567,5549.032,5554.567
5551.717,1771340400,5557.558,5548.582,5549.029
5552.581,1771341300,5556.69,5545.772,5551.711
5543.808,1771342200,5552.858,5543.808,5552.579
5533.779,1771343100,5543.782,5533.779,5543.782
5542.212,1771344000,5546.062,5530.746,5533.767
5544.202,1771344900,5549.445,5537.352,5542.206
5545.865,1771345800,5545.917,5537.601,5544.167
5560.218,1771346700,5560.841,5539.967,5545.846
5567.941,1771347600,5570.778,5559.405,5560.217
5559.591,1771348500,5567.924,5559.591,5567.924
5553.089,1771349400,5560.867,5553.089,5559.59
5551.228,1771350300,5557.513,5549.404,5553.082
5546.327,1771351200,5553.52,5546.327,5551.227
5536.014,1771352100,5546.321,5536.014,5546.321
5560.889,1771353000,5563.757,5535.69,5535.995
5556.518,1771353900,5562.854,5556.518,5560.877
5560.707,1771354800,5562.101,5554.719,5556.509
5550.806,1771355700,5560.699,5550.806,5560.699
5551.764,1771356600,5560.383,5549.854,5550.8
5541.876,1771357500,5551.763,5541.876,5551.763
5539.569,1771358400,5543.144,5537.013,5541.865
5544.162,1771359300,5550.435,5538.337,5539.568
5534.207,1771360200,5544.16,5534.207,5544.16
5529.542,1771361100,5534.203,5525.24,5534.203
5532.677,1771362000,5538.018,5525.282,5529.524
5522.943,1771362900,5532.67,5522.943,5532.67
5519.105,1771363800,5525.867,5519.105,5522.924
5527.616,1771364700,5534.567,5518.661,5519.093
5536.143,1771365600,5540.453,5525.99,5527.614
5526.07,1771366500,5536.142,5526.07,5536.142
5528.279,1771367400,5536.108,5525.706,5526.065
5527.012,1771368300,5534.288,5526.032,5528.254
5524.466,1771369200,5528.763,5521.718,5527.011
5535.482,1771370100,5535.576,5520.802,5524.443
5525.456,1771371000,5535.479,5525.456,5535.479
5515.465,1771371900,5525.435,5515.465,5525.435
5507.752,1771372800,5516.831,5507.752,5515.455
5508.523,1771373700,5509.751,5501.485,5507.746
5512.497,1771374600,5514.084,5501.303,5508.514
5503.807,1771375500,5512.471,5503.807,5512.471
5501.204,1771376400,5505.168,5498.002,5503.795
5505.284,1771377300,5513.46,5501.177,5501.197
5508.515,1771378200,5512.629,5500.616,5505.264
5510.579,1771379100,5516.13,5507.843,5508.513
5515.065,1771380000,5516.773,5506.116,5510.564
5541.631,1771380900,5543.851,5514.47,5515.063
5553.528,1771381800,5556.072,5540.87,5541.62
5553.443,1771382700,5555.276,5545.223,5553.497
5548.941,1771383600,5553.426,5544.95,5553.426
5538.76,1771384500,5548.934,5538.76,5548.934
5535.182,1771385400,5538.752,5530.705,5538.752
5527.094,1771386300,5535.171,5527.094,5535.171
5522.592,1771387200,5527.732,5522.525,5527.085
5512.569,1771388100,5522.573,5512.569,5522.573
5502.752,1771389000,5512.548,5502.752,5512.548
5495.229,1771389900,5502.746,5495.229,5502.746
5490.397,1771390800,5495.776,5490.397,5495.216
5493.997,1771391700,5495.541,5485.881,5490.393
5484.081,1771392600,5493.991,5484.081,5493.991
5482.312,1771393500,5487.488,5479.876,5484.076
5474.896,1771394400,5482.299,5474.896,5482.299
5477.872,1771395300,5481.232,5472.021,5474.894
5467.638,1771396200,5477.872,5467.638,5477.872
5471.94,1771397100,5478.072,5467.338,5467.627
5477.35,1771398000,5479.769,5466.881,5471.925
5469.813,1771398900,5479.118,5469.813,5477.35
5476.331,1771399800,5476.621,5464.024,5469.797
5474.362,1771400700,5480.524,5472.736,5476.318
5479.555,1771401600,5480.537,5466.788,5474.338
5490.336,1771402500,5493.284,5477.999,5479.537
5489.671,1771403400,5493.284,5487.096,5490.327
5489.259,1771404300,5494.661,5485.992,5489.657
5482.075,1771405200,5489.237,5480.238,5489.237
5509.249,1771406100,5514.628,5481.749,5482.067
5512.104,1771407000,5512.837,5504.262,5509.239
5509.875,1771407900,5512.097,5502.706,5512.097
5503.614,1771408800,5512.012,5503.614,5509.867
5517.368,1771409700,5518.694,5502.961,5503.61
5510.902,1771410600,5517.348,5510.902,5517.348
5538.804,1771411500,5544.887,5510.521,5510.88
5528.09,1771412400,5538.796,5528.09,5538.796
5518.464,1771413300,5528.09,5518.464,5528.09
5508.229,1771414200,5518.455,5508.229,5518.455
5504.516,1771415100,5512.482,5504.516,5508.228
5502.645,1771416000,5508.359,5501.565,5504.504
5492.955,1771416900,5502.636,5492.955,5502.636
5492.298,1771417800,5496.03,5490.636,5492.931
5488.517,1771418700,5492.966,5487.538,5492.289
5478.765,1771419600,5488.496,5478.765,5488.496
5479.612,1771420500,5482.548,5472.077,5478.751
5471.476,1771421400,5479.604,5471.476,5479.604
5470.269,1771422300,5473.616,5468.486,5471.462
5467.613,1771423200,5470.253,5461.722,5470.253
5463.125,1771424100,5469.407,5463.125,5467.59
5467.836,1771425000,5468.639,5458.573,5463.116
5488.019,1771425900,5490.781,5463.242,5467.812
5478.179,1771426800,5487.999,5478.179,5487.999
5480.039,1771427700,5481.292,5470.742,5478.169
5478.357,1771428600,5480.019,5470.454,5480.019
5478.007,1771429500,5478.778,5470.046,5478.35
5482.274,1771430400,5487.422,5473.221,5478.005
5480.38,1771431300,5484.202,5476.601,5482.251
5470.694,1771432200,5480.365,5470.694,5480.365
5478.514,1771433100,5480.996,5464.526,5470.684
5472.593,1771434000,5480.007,5472.593,5478.506
5464.93,1771434900,5472.575,5463.249,5472.575
5465.92,1771435800,5474.308,5463.655,5464.916
5475.204,1771436700,5476.604,5461.782,5465.912
5466.907,1771437600,5475.189,5466.907,5475.189
5471.216,1771438500,5475.109,5464.444,5466.89
5476.177,1771439400,5477.426,5462.89,5471.195
5479.699,1771440300,5482.425,5472.133,5476.156
5473.744,1771441200,5479.69,5473.744,5479.69
5470.989,1771442100,5480.446,5470.989,5473.722
5467.408,1771443000,5470.973,5463.984,5470.973
5457.881,1771443900,5467.404,5457.881,5467.404
5448.291,1771444800,5457.871,5448.291,5457.871
5440.119,1771445700,5448.284,5439.656,5448.284
5430.691,1771446600,5440.088,5430.691,5440.088
5432.503,1771447500,5436.986,5428.848,5430.687
5422.875,1771448400,5432.496,5422.875,5432.496
5417.127,1771449300,5422.873,5417.127,5422.873
5415.588,1771450200,5424.335,5415.588,5417.118
5405.681,1771451100,5415.588,5405.681,5415.588
5408.321,1771452000,5412.354,5400.575,5405.673
5398.762,1771452900,5408.3,5398.762,5408.3
5402.05,1771453800,5403.423,5390.557,5398.761
5395.032,1771454700,5402.03,5395.032,5402.03
5390.631,1771455600,5395.022,5385.982,5395.022
5410.36,1771456500,5412.581,5387.843,5390.624
5414.718,1771457400,5416.547,5406.984,5410.341
5404.979,1771458300,5414.699,5404.979,5414.699
5416.197,1771459200,5419.308,5400.704,5404.97
5406.562,1771460100,5416.195,5406.562,5416.195
5416.927,1771461000,5424.861,5405.122,5406.561
5409.866,1771461900,5416.919,5408.324,5416.919
5412.987,1771462800,5414.329,5402.444,5409.858
5415.53,1771463700,5419.391,5409.719,5412.971
5410.206,1771464600,5415.712,5410.206,5415.527
5404.203,1771465500,5410.199,5400.985,5410.199
5401.293,1771466400,5404.479,5397.463,5404.189
5393.711,1771467300,5401.279,5393.711,5401.279
5395.771,1771468200,5402.131,5390.036,5393.693
5386.089,1771469100,5395.77,5386.089,5395.77
5389.149,1771470000,5389.411,5376.74,5386.086
5387.021,1771470900,5392.677,5385.763,5389.143
5388.077,1771471800,5391.584,5383.993,5387.013
5382.201,1771472700,5388.413,5382.201,5388.075
5378.854,1771473600,5388.432,5378.854,5388.432
5379.946,1771474500,5381.124,5373.515,5378.843
5371.197,1771475400,5379.943,5371.197,5379.943
5361.576,1771476300,5371.19,5361.576,5371.19
5351.303,1771477200,5361.562,5351.303,5361.562
5347.545,1771478100,5355.997,5347.545,5351.298
5337.795,1771479000,5347.537,5337.795,5347.537
5375.535,1771479900,5376.733,5337.623,5337.791
5388.665,1771480800,5396.651,5375.249,5375.526
5396.334,1771481700,5398.387,5385.931,5388.652
5396.218,1771482600,5402.889,5393.235,5396.312
5386.569,1771483500,5396.208,5386.569,5396.208
5389.813,1771484400,5391.725,5382.117,5386.551
5380.255,1771485300,5389.796,5380.255,5389.796
5374.002,1771486200,5380.255,5374.002,5380.255
5365.59,1771487100,5374.001,5364.394,5374.001
5364.479,1771488000,5367.684,5361.465,5365.577
5381.472,1771488900,5385.992,5360.354,5364.472
5385.529,1771489800,5393.911,5379.98,5381.463
5393.302,1771490700,5396.311,5380.64,5385.52
5393.555,1771491600,5398.348,5388.446,5393.29
5398.436,1771492500,5400.685,5389.398,5393.554
5392.439,1771493400,5400.796,5392.439,5398.431
5385.835,1771494300,5392.433,5385.835,5392.433
5376.101,1771495200,5385.819,5376.101,5385.819
5367.365,1771496100,5376.088,5367.365,5376.088
5367.739,1771497000,5371.08,5361.244,5367.351
5374.525,1771497900,5376.4,5363.527,5367.733
5367.369,1771498800,5374.508,5367.369,5374.508
5361.667,1771499700,5367.366,5360.178,5367.366
5359.528,1771500600,5369.156,5359.528,5361.665
5354.169,1771501500,5360.755,5354.169,5359.523
5345.046,1771502400,5354.157,5344.654,5354.157
5351.634,1771503300,5351.723,5342.549,5345.026
5351.841,1771504200,5352.484,5346.105,5351.631
5344.589,1771505100,5351.827,5344.589,5351.827
5342.406,1771506000,5347.924,5340.396,5344.568
5349.789,1771506900,5349.831,5338.615,5342.398
5351.827,1771507800,5352.508,5340.811,5349.774
5365.117,1771508700,5369.513,5350.832,5351.82
5359.923,1771509600,5368.639,5359.923,5365.114
5354.154,1771510500,5360.421,5354.154,5359.911
5357.05,1771511400,5357.56,5347.789,5354.143
5358.387,1771512300,5359.755,5353.49,5357.045
5365.268,1771513200,5365.335,5354.443,5358.375
5367.962,1771514100,5369.19,5360.038,5365.244
5358.397,1771515000,5367.957,5358.397,5367.957
5360.889,1771515900,5364.839,5352.763,5358.389
5351.0,1771516800,5360.879,5351.0,5360.879
5356.473,1771517700,5360.15,5349.208,5350.984
5354.778,1771518600,5359.439,5353.627,5356.466
5353.64,1771519500,5360.053,5353.64,5354.769
5349.704,1771520400,5359.281,5349.704,5353.625
5339.758,1771521300,5349.698,5339.758,5349.698
5339.767,1771522200,5341.478,5331.758,5339.748
5337.368,1771523100,5344.527,5337.306,5339.759
5327.602,1771524000,5337.368,5327.602,5337.368
5330.845,1771524900,5335.864,5326.994,5327.586
5320.929,1771525800,5330.837,5320.929,5330.837
5314.272,1771526700,5320.927,5314.272,5320.927
5331.081,1771527600,5334.231,5314.001,5314.27
5321.493,1771528500,5331.077,5321.493,5331.077
5324.914,1771529400,5327.252,5317.118,5321.487
5318.187,1771530300,5324.897,5315.282,5324.897
5314.4,1771531200,5323.112,5314.4,5318.187
5325.873,1771532100,5326.779,5312.864,5314.388
5330.914,1771533000,5333.024,5325.262,5325.854
5325.032,1771533900,5330.9,5322.719,5330.9
5319.277,1771534800,5325.019,5317.523,5325.019
5326.284,1771535700,5331.907,5318.402,5319.257
5321.466,1771536600,5326.696,5321.466,5326.276
5332.36,1771537500,5332.829,5318.544,5321.438
5322.714,1771538400,5332.342,5322.714,5332.342
5323.039,1771539300,5323.044,5314.202,5322.698
5321.463,1771540200,5328.837,5320.927,5323.02
5344.841,1771541100,5348.833,5317.968,5321.451
5347.189,1771542000,5349.643,5341.9,5344.818
5360.612,1771542900,5367.17,5344.321,5347.186
5359.232,1771543800,5363.839,5355.286,5360.601
5357.353,1771544700,5364.769,5356.976,5359.229
5384.876,1771545600,5386.998,5356.53,5357.351
5382.493,1771546500,5386.822,5381.41,5384.869
5376.099,1771547400,5382.484,5376.099,5382.484
5382.69,1771548300,5387.171,5374.371,5376.094
5372.954,1771549200,5382.684,5372.954,5382.684
5386.296,1771550100,5392.451,5370.847,5372.937
5387.679,1771551000,5393.738,5384.744,5386.286
5381.85,1771551900,5388.106,5381.85,5387.675
5378.099,1771552800,5385.314,5378.099,5381.824
5370.519,1771553700,5378.095,5370.519,5378.095
5368.64,1771554600,5374.794,5366.956,5370.503
5366.123,1771555500,5373.125,5366.004,5368.635
5356.607,1771556400,5366.116,5356.607,5366.116
5359.906,1771557300,5365.005,5352.282,5356.59
5364.238,1771558200,5365.644,5358.861,5359.889
5354.713,1771559100,5364.234,5354.713,5364.234
5345.024,1771560000,5354.687,5345.024,5354.687
5350.138,1771560900,5355.493,5340.618,5345.02
5349.954,1771561800,5355.559,5346.6,5350.126
5380.53,1771562700,5382.366,5349.381,5349.944
5389.92,1771563600,5391.475,5377.94,5380.51
5398.982,1771564500,5402.611,5389.329,5389.892
5403.314,1771565400,5410.488,5396.829,5398.977
5425.991,1771566300,5427.884,5399.955,5403.305
5416.612,1771567200,5426.142,5416.612,5425.981
5417.662,1771568100,5424.694,5414.78,5416.608
5416.074,1771569000,5422.373,5415.205,5417.65
5411.825,1771569900,5420.56,5411.825,5416.072
5413.026,1771570800,5414.081,5404.502,5411.806
5403.266,1771571700,5413.017,5403.266,5413.017
5406.978,1771572600,5410.437,5400.173,5403.263
5404.778,1771573500,5406.959,5401.283,5406.959
5420.564,1771574400,5422.851,5401.856,5404.764
5440.25,1771575300,5442.36,5419.364,5420.54
5441.201,1771576200,5447.834,5439.773,5440.249
5433.62,1771577100,5441.198,5432.004,5441.198
5433.465,1771578000,5438.108,5430.605,5433.62
5429.242,1771578900,5438.7,5429.242,5433.449
5419.584,1771579800,5429.222,5419.584,5429.222
5409.691,1771580700,5419.564,5409.691,5419.564
5421.017,1771581600,5427.616,5409.364,5409.678
5429.449,1771582500,5433.021,5417.827,5421.012
5419.474,1771583400,5429.423,5419.474,5429.423
5424.676,1771584300,5430.388,5416.907,5419.47
5427.073,1771585200,5432.972,5423.35,5424.656
5425.459,1771586100,5427.646,5421.753,5427.072
5416.233,1771587000,5425.451,5416.233,5425.451
5406.194,1771587900,5416.225,5406.194,5416.225
5414.014,1771588800,5415.287,5406.043,5406.185
5413.122,1771589700,5419.57,5411.32,5414.008
5440.908,1771590600,5442.917,5412.897,5413.112
5447.538,1771591500,5449.49,5438.382,5440.908
5450.82,1771592400,5453.255,5440.376,5447.536
5444.389,1771593300,5454.294,5444.389,5450.812
5443.198,1771594200,5445.969,5437.364,5444.383
5440.376,1771595100,5447.183,5440.376,5443.19
5441.267,1771596000,5442.442,5435.507,5440.354
5431.686,1771596900,5441.259,5431.686,5441.259
5428.988,1771597800,5435.137,5428.988,5431.672
5419.089,1771598700,5428.972,5419.089,5428.972
5435.413,1771599600,5437.172,5415.572,5419.064
5447.622,1771600500,5449.1,5432.484,5435.408
5441.465,1771601400,5447.596,5441.465,5447.596
5444.243,1771602300,5444.792,5435.554,5441.455
5434.564,1771603200,5444.238,5434.564,5444.238
5429.548,1771604100,5434.548,5427.368,5434.548
5432.203,1771605000,5434.79,5424.238,5429.546
5422.371,1771605900,5432.279,5422.371,5432.189
5421.307,1771606800,5426.67,5418.728,5422.365
5417.412,1771607700,5425.24,5417.412,5421.305
5409.105,1771608600,5417.394,5409.105,5417.394
5399.076,1771609500,5409.105,5399.076,5409.105
5397.968,1771610400,5407.187,5397.968,5399.062
5396.961,1771611300,5399.722,5391.173,5397.963
5389.435,1771612200,5398.027,5389.435,5396.914
5389.549,1771613100,5394.056,5387.231,5389.429
5379.776,1771614000,5389.547,5379.776,5389.547
5383.42,1771614900,5388.226,5377.893,5379.767
5381.925,1771615800,5389.444,5381.336,5383.42
5383.377,1771616700,5385.437,5374.341,5381.899
5373.579,1771617600,5383.35,5373.579,5383.35
5364.145,1771618500,5373.573,5364.145,5373.573
5354.208,1771619400,5364.135,5354.208,5364.135
5368.602,1771620300,5369.862,5347.758,5354.189
5364.928,1771621200,5368.838,5363.289,5368.599
5374.206,1771622100,5375.484,5362.632,5364.925
5381.398,1771623000,5381.619,5370.408,5374.205
5397.695,1771623900,5401.694,5380.835,5381.397
5396.077,1771624800,5401.551,5393.459,5397.69
5400.384,1771625700,5404.324,5395.177,5396.076
5402.181,1771626600,5408.76,5397.296,5400.366
5426.41,1771627500,5427.533,5401.401,5402.159
5432.067,1771628400,5432.7,5419.525,5426.403
5422.213,1771629300,5432.055,5422.213,5432.055
5420.647,1771630200,5422.208,5412.901,5422.208
5410.937,1771631100,5420.641,5410.937,5420.641
5416.472,1771632000,5419.33,5409.275,5410.922
5412.645,1771632900,5419.24,5412.645,5416.461
5415.36,1771633800,5420.842,5412.167,5412.622
5405.668,1771634700,5415.352,5405.668,5415.352
5411.855,1771635600,5413.821,5400.469,5405.653
5406.126,1771636500,5415.527,5406.126,5411.839
5396.501,1771637400,5406.122,5396.501,5406.122
5401.56,1771638300,5403.736,5390.183,5396.497
5392.741,1771639200,5401.539,5392.741,5401.539
5417.825,1771640100,5418.122,5391.859,5392.718
5415.265,1771641000,5417.818,5408.613,5417.818
5422.308,1771641900,5430.161,5414.995,5415.255
5428.085,1771642800,5429.903,5417.027,5422.294
5428.467,1771643700,5436.21,5426.479,5428.085
5425.206,1771644600,5430.832,5424.257,5428.457
5421.91,1771645500,5431.418,5421.91,5425.192
5415.991,1771646400,5421.908,5414.719,5421.908
5406.661,1771647300,5415.981,5406.661,5415.981
5408.161,1771648200,5414.664,5403.73,5406.648
5416.44,1771649100,5418.469,5406.979,5408.139
5419.214,1771650000,5423.558,5414.557,5416.431
5418.813,1771650900,5424.289,5416.985,5419.184
5429.971,1771651800,5432.832,5416.131,5418.805
5428.08,1771652700,5432.012,5424.156,5429.96
5422.517,1771653600,5428.079,5419.8,5428.079
5423.306,1771654500,5424.989,5414.593,5422.5
5441.859,1771655400,5447.828,5422.162,5423.286
5445.247,1771656300,5453.411,5441.006,5441.85
5453.161,1771657200,5456.271,5440.458,5445.238
5465.714,1771658100,5466.991,5444.562,5453.147
5472.049,1771659000,5474.059,5462.3,5465.711
5473.434,1771659900,5474.878,5464.895,5472.035
5472.575,1771660800,5477.466,5470.994,5473.416
5490.825,1771661700,5497.195,5471.84,5472.574
5491.561,1771662600,5495.249,5484.487,5490.817
5523.201,1771663500,5524.825,5488.649,5491.556
5516.658,1771664400,5523.189,5516.658,5523.189
5508.42,1771665300,5516.638,5508.42,5516.638
5499.537,1771666200,5508.414,5499.537,5508.414
5494.326,1771667100,5499.526,5493.036,5499.526
5485.1,1771668000,5494.313,5485.1,5494.313
5492.521,1771668900,5492.827,5480.16,5485.084
5482.631,1771669800,5492.499,5482.631,5492.499
5492.428,1771670700,5495.878,5479.508,5482.61
5487.585,1771671600,5492.401,5487.094,5492.401
5486.68,1771672500,5490.982,5484.004,5487.577
5481.181,1771673400,5488.936,5481.181,5486.671
5487.596,1771674300,5492.837,5480.086,5481.166
5489.152,1771675200,5496.071,5485.413,5487.579
5479.389,1771676100,5489.136,5479.389,5489.136
5480.282,1771677000,5480.874,5472.797,5479.384
5492.462,1771677900,5494.748,5473.833,5480.278
5483.032,1771678800,5492.453,5483.032,5492.453
5492.446,1771679700,5493.531,5479.32,5483.017
5482.451,1771680600,5492.434,5482.451,5492.434
5478.637,1771681500,5482.434,5476.158,5482.434
5490.756,1771682400,5496.26,5476.037,5478.632
5485.783,1771683300,5490.746,5484.505,5490.746
5490.568,1771684200,5493.786,5482.481,5485.782
5480.781,1771685100,5490.555,5480.781,5490.555
5477.548,1771686000,5481.978,5476.981,5480.776
5473.005,1771686900,5479.262,5473.005,5477.538
5462.943,1771687800,5473.003,5462.943,5473.003
5468.676,1771688700,5471.916,5457.329,5462.934
5470.478,1771689600,5474.425,5463.754,5468.675
5465.858,1771690500,5470.455,5464.331,5470.455
5466.633,1771691400,5467.22,5459.984,5465.847
5486.172,1771692300,5488.316,5465.239,5466.629
5486.26,1771693200,5494.593,5484.786,5486.165
5482.303,1771694100,5492.167,5482.303,5486.251
5521.802,1771695000,5522.202,5481.229,5482.286
5513.512,1771695900,5522.224,5513.512,5521.787
5517.867,1771696800,5521.776,5511.581,5513.495
5522.168,1771697700,5526.291,5513.559,5517.867
5521.371,1771698600,5527.895,5521.371,5522.156
5529.014,1771699500,5533.837,5520.493,5521.369
5519.064,1771700400,5529.008,5519.064,5529.008
5537.859,1771701300,5537.942,5516.591,5519.054
5540.098,1771702200,5543.378,5532.993,5537.857
5547.32,1771703100,5553.093,5536.357,5540.091
5548.836,1771704000,5549.921,5541.241,5547.307
5554.015,1771704900,5554.803,5545.321,5548.827
5567.269,1771705800,5569.461,5550.294,5553.996
5571.416,1771706700,5575.205,5562.871,5567.256
5561.142,1771707600,5571.408,5561.142,5571.408
5558.772,1771708500,5566.757,5558.772,5561.133
5560.31,1771709400,5562.824,5551.456,5558.759
5566.215,1771710300,5569.207,5559.584,5560.309
5571.234,1771711200,5580.031,5566.048,5566.209
5567.129,1771712100,5575.758,5567.129,5571.219
5562.756,1771713000,5567.128,5560.145,5567.128
5553.664,1771713900,5562.741,5553.664,5562.741
5563.832,1771714800,5568.131,5551.929,5553.655
5569.562,1771715700,5570.423,5561.605,5563.817
5559.582,1771716600,5569.545,5559.582,5569.545
5553.099,1771717500,5560.038,5553.099,5559.57
5548.002,1771718400,5558.336,5548.002,5553.091
5577.291,1771719300,5577.983,5544.387,5547.991
5577.838,1771720200,5583.605,5573.582,5577.29
5567.597,1771721100,5577.83,5567.597,5577.83
5557.668,1771722000,5567.577,5557.668,5567.577
5556.884,1771722900,5559.936,5551.135,5557.661
5561.049,1771723800,5564.458,5550.965,5556.878
5550.82,1771724700,5561.037,5550.82,5561.037
5553.26,1771725600,5555.538,5543.364,5550.802
5549.72,1771726500,5557.697,5549.72,5553.241
5566.784,1771727400,5566.895,5548.647,5549.691
5569.638,1771728300,5573.278,5561.941,5566.774
5561.886,1771729200,5569.609,5561.886,5569.609
5554.974,1771730100,5561.877,5554.974,5561.877
5545.088,1771731000,5554.956,5545.088,5554.956
5553.595,1771731900,5554.316,5544.368,5545.085
5562.109,1771732800,5567.535,5549.018,5553.586
5552.791,1771733700,5562.101,5552.791,5562.101
5551.836,1771734600,5560.246,5551.836,5552.782
5541.368,1771735500,5551.828,5541.368,5551.828
5536.153,1771736400,5541.342,5533.174,5541.342
5525.999,1771737300,5536.137,5525.999,5536.137
5516.751,1771738200,5525.997,5516.751,5525.997
5513.902,1771739100,5516.732,5508.674,5516.732
5503.583,1771740000,5513.893,5503.583,5513.893
5507.187,1771740900,5508.357,5499.566,5503.563
5523.002,1771741800,5524.202,5503.506,5507.186
5521.18,1771742700,5529.273,5521.18,5522.984
5511.732,1771743600,5521.16,5511.732,5521.16
5523.876,1771744500,5524.503,5508.366,5511.722
5518.507,1771745400,5523.861,5513.775,5523.861
5515.906,1771746300,5518.492,5509.148,5518.492
5523.421,1771747200,5524.372,5515.4,5515.893
5513.458,1771748100,5523.404,5513.458,5523.404
5540.145,1771749000,5546.373,5512.368,5513.457
5546.955,1771749900,5549.017,5540.078,5540.14
5536.739,1771750800,5546.947,5536.739,5546.947
5539.356,1771751700,5546.835,5534.308,5536.736
5529.577,1771752600,5539.354,5529.577,5539.354
5541.959,1771753500,5542.91,5522.666,5529.575
5553.34,1771754400,5554.423,5539.866,5541.95
5549.707,1771755300,5555.619,5549.707,5553.325
5544.035,1771756200,5552.925,5544.035,5549.692
5538.87,1771757100,5544.031,5537.693,5544.031
5537.084,1771758000,5542.442,5534.66,5538.854
5546.108,1771758900,5546.287,5534.041,5537.076
5535.997,1771759800,5546.09,5535.997,5546.09
5539.063,1771760700,5540.871,5530.202,5535.991
5537.097,1771761600,5540.711,5532.312,5539.026
5527.303,1771762500,5537.094,5527.303,5537.094
5531.628,1771763400,5536.738,5522.53,5527.285
5536.581,1771764300,5541.484,5529.819,5531.621
5540.011,1771765200,5548.57,5535.647,5536.568
5554.289,1771766100,5555.831,5537.581,5540.005
5547.059,1771767000,5554.274,5547.007,5554.274
5537.158,1771767900,5547.043,5537.158,5547.043
5527.325,1771768800,5537.151,5527.325,5537.151
5550.426,1771769700,5552.314,5521.711,5527.304
5540.563,1771770600,5550.418,5540.563,5550.418
5543.501,1771771500,5544.719,5538.482,5540.553
5543.379,1771772400,5552.608,5542.671,5543.48
5533.787,1771773300,5543.372,5533.787,5543.372
5525.976,1771774200,5533.769,5525.976,5533.769
5519.075,1771775100,5527.006,5519.075,5525.96
5525.963,1771776000,5529.079,5514.057,5519.061
5516.0,1771776900,5525.956,5516.0,5525.956
5513.611,1771777800,5515.984,5508.0,5515.984
5516.294,1771778700,5518.406,5511.089,5513.601
5520.965,1771779600,5525.136,5513.537,5516.285
5541.492,1771780500,5543.095,5519.041,5520.945
5534.465,1771781400,5541.487,5533.175,5541.487
5553.978,1771782300,5554.392,5529.068,5534.455
5565.289,1771783200,5569.364,5550.809,5553.951
5582.507,1771784100,5585.43,5564.832,5565.283
5588.955,1771785000,5595.793,5580.41,5582.494
5585.231,1771785900,5588.94,5582.342,5588.94
5590.74,1771786800,5592.14,5581.249,5585.217
5608.31,1771787700,5615.522,5588.679,5590.728
5598.367,1771788600,5608.297,5598.367,5608.297
5588.414,1771789500,5598.356,5588.414,5598.356
5600.155,1771790400,5600.461,5580.339,5588.411
5590.18,1771791300,5600.147,5590.18,5600.147
5586.223,1771792200,5594.158,5586.223,5590.165
5595.603,1771793100,5595.603,5583.664,5586.217
5587.65,1771794000,5595.581,5587.65,5595.581
5580.9,1771794900,5588.705,5580.9,5587.626
5585.079,1771795800,5590.519,5577.331,5580.897
5591.44,1771796700,5597.529,5582.613,5585.055
5590.011,1771797600,5595.432,5586.785,5591.422
5600.173,1771798500,5606.621,5589.593,5590.006
5596.571,1771799400,5602.678,5596.469,5600.156
5614.88,1771800300,5616.941,5593.31,5596.57
5604.681,1771801200,5614.875,5604.681,5614.875
5594.769,1771802100,5604.667,5594.769,5604.667
5584.823,1771803000,5594.764,5584.823,5594.764
5584.33,1771803900,5591.024,5583.65,5584.791
5574.247,1771804800,5584.308,5574.247,5584.308
5576.272,1771805700,5580.495,5572.326,5574.23
5582.189,1771806600,5584.017,5570.865,5576.258
5597.055,1771807500,5599.789,5581.131,5582.18
5594.723,1771808400,5602.488,5594.723,5597.047
5587.411,1771809300,5594.72,5587.411,5594.72
5600.523,1771810200,5602.603,5585.022,5587.406
5611.678,1771811100,5614.454,5607.057,5614.454
5631.695,1771812000,5632.356,5610.629,5611.673
5621.559,1771812900,5631.673,5621.559,5631.673
5630.819,1771813800,5636.397,5620.1,5621.528
5627.638,1771814700,5631.37,5626.78,5630.816
5649.784,1771815600,5654.084,5627.316,5627.617
5641.174,1771816500,5649.769,5641.174,5649.769
5652.347,1771817400,5652.797,5635.898,5641.173
5642.152,1771818300,5652.332,5642.152,5652.332
5650.036,1771819200,5650.183,5636.507,5642.137
5639.291,1771820100,5650.034,5639.291,5650.034
5628.514,1771821000,5639.258,5628.514,5639.258
5633.077,1771821900,5633.573,5622.073,5628.509
5622.91,1771822800,5633.055,5622.91,5633.055
5615.558,1771823700,5622.891,5614.33,5622.891
5617.092,1771824600,5626.141,5614.18,5615.53
5618.279,1771825500,5622.879,5611.318,5617.086
5608.479,1771826400,5618.277,5608.479,5618.277
5598.18,1771827300,5608.46,5598.18,5608.46
5612.251,1771828200,5612.785,5590.77,5598.176
5609.657,1771829100,5613.058,5607.994,5612.249
5606.754,1771830000,5611.458,5604.407,5609.651
5597.981,1771830900,5606.733,5597.981,5606.733
5596.547,1771831800,5599.95,5596.22,5597.953
5605.47,1771832700,5607.337,5594.668,5596.533
5600.931,1771833600,5607.466,5599.442,5605.466
5601.88,1771834500,5608.756,5597.961,5600.925
5591.581,1771835400,5601.872,5591.581,5601.872
5584.619,1771836300,5592.52,5584.619,5591.581
5582.286,1771837200,5585.833,5578.385,5584.612
5580.871,1771838100,5585.852,5577.165,5582.282
5570.829,1771839000,5580.87,5570.829,5580.87
5586.661,1771839900,5588.061,5563.92,5570.818
5582.035,1771840800,5586.704,5581.265,5586.651
5580.182,1771841700,5584.067,5577.645,5582.013
5613.54,1771842600,5614.157,5578.727,5580.175
5620.47,1771843500,5623.069,5612.233,5613.538
5612.991,1771844400,5622.404,5612.895,5620.467
5628.549,1771845300,5631.484,5611.157,5612.965
5618.092,1771846200,5628.532,5618.092,5628.532
5607.65,1771847100,5618.073,5607.65,5618.073
5614.193,1771848000,5617.087,5601.243,5607.632
5618.745,1771848900,5623.948,5612.782,5614.191
5624.694,1771849800,5632.256,5616.114,5618.744
5637.494,1771850700,5642.153,5621.314,5624.69
5661.387,1771851600,5661.575,5633.935,5637.483
5659.509,1771852500,5662.964,5655.687,5661.374
5649.118,1771853400,5659.499,5649.118,5659.499
5656.142,1771854300,5657.864,5646.129,5649.117
5646.061,1771855200,5656.141,5646.061,5656.141
5646.962,1771856100,5649.28,5643.19,5646.033
5658.697,1771857000,5659.678,5641.471,5646.951
5679.193,1771857900,5681.554,5658.529,5658.692
5690.137,1771858800,5692.843,5673.115,5679.176
5679.818,1771859700,5690.114,5679.818,5690.114
5678.322,1771860600,5682.31,5675.12,5679.809
5669.573,1771861500,5679.141,5669.573,5678.302
5678.395,1771862400,5679.534,5666.629,5669.555
5667.996,1771863300,5678.385,5667.996,5678.385
5657.461,1771864200,5667.973,5657.461,5667.973
5656.962,1771865100,5659.381,5650.532,5657.458
5652.86,1771866000,5660.616,5652.86,5656.946
5648.603,1771866900,5655.89,5648.603,5652.837
5659.915,1771867800,5668.649,5647.782,5648.596
5683.915,1771868700,5684.197,5653.289,5659.91
5680.794,1771869600,5687.569,5680.794,5683.898
5680.174,1771870500,5682.013,5672.033,5680.791
5681.439,1771871400,5684.8,5678.734,5680.164
5671.209,1771872300,5681.428,5671.209,5681.428
5674.857,1771873200,5675.671,5668.178,5671.202
5677.034,1771874100,5679.051,5671.53,5674.843
5678.94,1771875000,5688.796,5676.685,5677.031
5688.38,1771875900,5688.788,5671.406,5678.933
5678.454,1771876800,5688.354,5678.454,5688.354
5680.184,1771877700,5682.656,5671.192,5678.437
5672.697,1771878600,5680.17,5672.697,5680.17
5679.118,1771879500,5679.703,5668.618,5672.69
5676.92,1771880400,5686.212,5676.92,5679.096
5667.47,1771881300,5676.915,5667.47,5676.915
5663.495,1771882200,5667.457,5658.487,5667.457
5663.969,1771883100,5665.597,5656.772,5663.481
5668.902,1771884000,5671.206,5656.104,5663.949
5678.912,1771884900,5681.225,5663.654,5668.89
5682.153,1771885800,5688.628,5677.37,5678.902
5686.197,1771886700,5688.344,5675.601,5682.136
5690.753,1771887600,5693.688,5680.641,5686.194
5680.284,1771888500,5690.73,5680.284,5690.73
5686.985,1771889400,5690.848,5675.648,5680.262
5683.993,1771890300,5687.966,5680.911,5686.984
5694.704,1771891200,5698.008,5683.417,5683.99
5686.836,1771892100,5694.702,5686.836,5694.702
5702.727,1771893000,5706.612,5681.962,5686.814
5718.043,1771893900,5721.947,5702.017,5702.705
5723.064,1771894800,5727.63,5715.552,5718.025
5727.206,1771895700,5732.279,5722.655,5723.064
5726.943,1771896600,5729.772,5720.221,5727.19
5716.843,1771897500,5726.925,5716.843,5726.925
5706.328,1771898400,5716.838,5706.328,5716.838
5712.13,1771899300,5718.383,5706.303,5706.316
5725.493,1771900200,5730.408,5709.35,5712.118
5728.899,1771901100,5732.333,5718.496,5725.492
5736.344,1771902000,5738.296,5724.348,5728.892
5736.315,1771902900,5743.65,5733.29,5736.327
5749.362,1771903800,5755.405,5732.911,5736.308
5740.433,1771904700,5749.348,5740.433,5749.348
5755.844,1771905600,5757.156,5735.425,5740.426
5751.189,1771906500,5755.824,5748.745,5755.824
5758.633,1771907400,5761.888,5750.1,5751.167
5756.172,1771908300,5760.856,5753.152,5758.621
5759.819,1771909200,5763.104,5751.707,5756.17
5759.327,1771910100,5762.018,5755.937,5759.819
5757.036,1771911000,5759.304,5749.706,5759.304
5757.611,1771911900,5763.148,5754.481,5757.03
5755.75,1771912800,5761.899,5753.064,5757.593
5745.115,1771913700,5755.741,5745.115,5755.741
5739.812,1771914600,5749.575,5739.812,5745.11
5729.528,1771915500,5739.803,5729.528,5739.803
5722.907,1771916400,5729.514,5721.422,5729.514
5717.792,1771917300,5722.898,5713.57,5722.898
5712.352,1771918200,5717.784,5709.974,5717.784
5702.163,1771919100,5712.348,5702.163,5712.348
5700.679,1771920000,5704.748,5697.687,5702.154
5697.032,1771920900,5701.075,5694.313,5700.677
5699.855,1771921800,5707.821,5696.768,5697.01
5689.65,1771922700,5699.83,5689.65,5699.83
5679.212,1771923600,5689.636,5679.212,5689.636
5668.774,1771924500,5679.186,5668.774,5679.186
5658.671,1771925400,5668.757,5658.671,5668.757
5674.148,1771926300,5678.645,5658.305,5658.659
5663.926,1771927200,5674.124,5663.926,5674.124
5670.144,1771928100,5670.461,5658.287,5663.91
5659.728,1771929000,5670.142,5659.728,5670.142
5653.389,1771929900,5659.717,5650.37,5659.717
5643.167,1771930800,5653.366,5643.167,5653.366
5653.051,1771931700,5653.652,5636.91,5643.158
5642.596,1771932600,5653.038,5642.596,5653.038
5639.282,1771933500,5642.58,5634.506,5642.58
5633.509,1771934400,5639.28,5629.928,5639.28
5626.469,1771935300,5633.502,5626.469,5633.502
5616.638,1771936200,5626.449,5616.638,5626.449
5618.515,1771937100,5628.101,5616.497,5616.633
5611.822,1771938000,5618.495,5611.822,5618.495
5602.202,1771938900,5611.806,5602.202,5611.806
5601.8,1771939800,5606.977,5597.319,5602.199
5591.389,1771940700,5601.799,5591.389,5601.799
5599.293,1771941600,5608.008,5590.524,5591.381
5597.984,1771942500,5605.539,5596.899,5599.275
5595.911,1771943400,5602.522,5595.911,5597.977
5590.515,1771944300,5595.904,5590.515,5595.904
5580.129,1771945200,5590.51,5580.129,5590.51
5572.57,1771946100,5580.113,5572.57,5580.113
5582.311,1771947000,5583.395,5571.916,5572.551
5588.589,1771947900,5590.683,5579.662,5582.304
5578.216,1771948800,5588.587,5578.216,5588.587
5598.439,1771949700,5601.416,5577.582,5578.203
5592.897,1771950600,5598.436,5590.763,5598.436
5608.342,1771951500,5614.556,5592.025,5592.874
5605.958,1771952400,5608.501,5602.062,5608.324
5597.185,1771953300,5605.953,5597.185,5605.953
5606.272,1771954200,5608.77,5593.37,5597.163
5603.006,1771955100,5610.609,5603.006,5606.259
5592.372,1771956000,5602.992,5592.372,5602.992
5596.301,1771956900,5601.015,5590.171,5592.362
5595.437,1771957800,5598.551,5590.93,5596.29
5605.119,1771958700,5606.398,5587.968,5595.42
5621.095,1771959600,5622.431,5602.764,5605.113
5627.662,1771960500,5634.854,5619.49,5621.077
5618.2,1771961400,5627.657,5618.2,5627.657
5607.84,1771962300,5618.199,5607.84,5618.199
5610.292,1771963200,5615.429,5606.149,5607.839
5606.177,1771964100,5610.28,5602.336,5610.28
5596.645,1771965000,5606.163,5596.645,5606.163
5593.033,1771965900,5598.57,5592.63,5596.632
5599.756,1771966800,5601.319,5592.923,5593.026
5612.58,1771967700,5615.151,5596.862,5599.755
5614.378,1771968600,5618.555,5610.316,5612.562
5604.457,1771969500,5614.359,5604.457,5614.359
5604.329,1771970400,5608.593,5601.805,5604.45
5600.225,1771971300,5604.538,5598.531,5604.322
5601.653,1771972200,5605.942,5594.331,5600.22
5614.391,1771973100,5614.812,5596.854,5601.649
5623.988,1771974000,5626.81,5608.501,5614.362
5636.736,1771974900,5637.297,5623.902,5623.974
5632.497,1771975800,5636.733,5627.644,5636.733
5627.987,1771976700,5632.493,5624.414,5632.493
5617.897,1771977600,5627.984,5617.897,5627.984
5616.843,1771978500,5620.91,5614.473,5617.876
5619.396,1771979400,5625.065,5615.25,5616.838
5631.363,1771980300,5633.288,5616.915,5619.387
5629.025,1771981200,5632.619,5626.198,5631.343
5624.814,1771982100,5629.024,5620.209,5629.024
5615.826,1771983000,5624.812,5615.826,5624.812
5610.427,1771983900,5615.813,5610.169,5615.813
5600.963,1771984800,5610.417,5600.963,5610.417
5605.384,1771985700,5613.27,5600.458,5600.929
5619.113,1771986600,5620.458,5599.604,5605.368
5639.516,1771987500,5641.267,5617.598,5619.092
5633.605,1771988400,5639.498,5630.27,5639.498
5640.793,1771989300,5643.34,5630.724,5633.601
5673.37,1771990200,5678.408,5639.063,5640.793
5668.368,1771991100,5678.472,5668.368,5673.344
5664.398,1771992000,5669.822,5661.225,5668.35
5667.268,1771992900,5673.495,5663.053,5664.393
5656.942,1771993800,5667.252,5656.942,5667.252
5661.479,1771994700,5665.762,5656.051,5656.929
5653.836,1771995600,5664.007,5653.836,5661.461
5643.513,1771996500,5653.826,5643.513,5653.826
5641.511,1771997400,5645.049,5637.218,5643.49
5641.046,1771998300,5647.682,5640.979,5641.505
5649.262,1771999200,5650.8,5639.949,5641.04
5639.066,1772000100,5649.249,5639.066,5649.249
5639.875,1772001000,5640.194,5629.226,5639.048
5638.282,1772001900,5642.676,5636.551,5639.858
5638.261,1772002800,5639.415,5632.454,5638.278
5627.905,1772003700,5638.255,5627.905,5638.255
5619.82,1772004600,5627.892,5619.82,5627.892
5613.203,1772005500,5619.804,5613.203,5619.804
5613.889,1772006400,5618.289,5608.94,5613.188
5611.818,1772007300,5621.021,5611.818,5613.873
5607.139,1772008200,5613.389,5607.139,5611.814
5625.47,1772009100,5629.364,5606.389,5607.119
5620.975,1772010000,5625.457,5619.51,5625.457
5619.732,1772010900,5625.701,5619.144,5620.951
5621.875,1772011800,5630.612,5618.444,5619.718
5617.994,1772012700,5621.853,5612.885,5621.853
5607.649,1772013600,5617.987,5607.649,5617.987
5597.546,1772014500,5607.631,5597.546,5607.631
5593.975,1772015400,5598.937,5591.574,5597.546
5595.084,1772016300,5601.032,5592.563,5593.965
5586.529,1772017200,5595.075,5585.291,5595.075
5593.055,1772018100,5595.189,5583.12,5586.528
5600.869,1772019000,5601.946,5589.952,5593.053
5606.851,1772019900,5606.871,5597.995,5600.854
5601.594,1772020800,5606.845,5600.794,5606.845
5593.129,1772021700,5601.586,5593.129,5601.586
5589.06,1772022600,5597.083,5589.06,5593.121
5595.982,1772023500,5602.096,5588.505,5589.052
5585.823,1772024400,5595.976,5585.823,5595.976
5575.894,1772025300,5585.816,5575.894,5585.816
5573.337,1772026200,5577.805,5572.25,5575.888
5570.926,1772027100,5573.325,5565.554,5573.325
5567.637,1772028000,5573.016,5567.547,5570.913
5557.362,1772028900,5567.635,5557.362,5567.635
5548.65,1772029800,5557.359,5548.65,5557.359
5550.28,1772030700,5555.133,5546.109,5548.641
5540.542,1772031600,5550.258,5540.542,5550.258
5550.034,1772032500,5552.081,5539.24,5540.535
5555.648,1772033400,5557.679,5547.07,5550.029
5564.67,1772034300,5567.34,5550.736,5555.624
5557.973,1772035200,5565.322,5557.973,5564.653
5548.047,1772036100,5557.965,5548.047,5557.965
5572.819,1772037000,5575.119,5546.584,5548.036
5562.967,1772037900,5572.802,5562.967,5572.802
5570.143,1772038800,5572.594,5559.211,5562.963
5571.669,1772039700,5572.491,5561.854,5570.14
5567.039,1772040600,5575.76,5567.039,5571.648
5568.607,1772041500,5570.437,5561.451,5567.029
5558.416,1772042400,5568.603,5558.416,5568.603
5563.984,1772043300,5565.294,5557.341,5558.412
5554.124,1772044200,5563.979,5554.124,5563.979
5559.306,1772045100,5565.329,5553.8,5554.113
5557.79,1772046000,5559.383,5551.45,5559.278
5563.482,1772046900,5567.342,5553.849,5557.762
5573.691,1772047800,5578.506,5561.573,5563.479
5579.711,1772048700,5581.545,5572.09,5573.664
5587.935,1772049600,5595.201,5577.427,5579.695
5577.782,1772050500,5587.926,5577.782,5587.926
5579.783,1772051400,5583.907,5574.271,5577.761
5575.355,1772052300,5582.669,5575.355,5579.762
5575.896,1772053200,5579.358,5568.618,5575.351
5569.656,1772054100,5575.894,5568.363,5575.894
5584.817,1772055000,5584.983,5568.495,5569.638
5589.54,1772055900,5597.604,5583.797,5584.811
5579.633,1772056800,5589.529,5579.633,5589.529
5583.059,1772057700,5588.03,5577.775,5579.623
5594.556,1772058600,5596.228,5580.228,5583.037
5614.111,1772059500,5615.112,5594.423,5594.534
5608.672,1772060400,5614.099,5607.207,5614.099
5604.978,1772061300,5610.646,5604.694,5608.663
5627.996,1772062200,5630.419,5603.701,5604.96
5618.593,1772063100,5627.972,5618.593,5627.972
5608.282,1772064000,5618.585,5608.282,5618.585
5607.101,1772064900,5608.258,5598.373,5608.258
5607.559,1772065800,5610.833,5601.535,5607.099
5639.906,1772066700,5640.631,5604.09,5607.546
5637.175,1772067600,5642.041,5634.905,5639.89
5635.537,1772068500,5640.005,5631.378,5637.173
5637.172,1772069400,5644.941,5632.986,5635.519
5645.779,1772070300,5654.575,5636.571,5637.163
5636.059,1772071200,5645.776,5636.059,5645.776
5648.317,1772072100,5649.082,5634.363,5636.053
5652.13,1772073000,5658.2,5644.633,5648.314
5655.584,1772073900,5658.478,5646.826,5652.129
5645.523,1772074800,5655.576,5645.523,5655.576
5636.381,1772075700,5645.509,5636.381,5645.509
5628.024,1772076600,5636.359,5628.024,5636.359
5622.21,1772077500,5628.017,5620.259,5628.017
5612.09,1772078400,5622.199,5612.09,5622.199
5601.861,1772079300,5612.085,5601.861,5612.085
5616.306,1772080200,5617.439,5600.707,5601.859
5637.803,1772081100,5640.486,5615.536,5616.299
5632.782,1772082000,5637.785,5632.782,5637.785
5627.929,1772082900,5635.567,5627.929,5632.765
5639.872,1772083800,5641.151,5620.917,5627.916
5637.789,1772084700,5646.537,5637.789,5639.872
5643.243,1772085600,5645.631,5635.341,5637.777
5635.312,1772086500,5643.239,5635.312,5643.239
5641.136,1772087400,5645.099,5631.631,5635.305
5631.021,1772088300,5641.13,5631.021,5641.13
5630.64,1772089200,5634.588,5630.623,5631.007
5627.35,1772090100,5635.553,5627.35,5630.639
5637.855,1772091000,5639.88,5622.228,5627.34
5645.266,1772091900,5652.43,5636.849,5637.831
5639.333,1772092800,5648.804,5639.333,5645.259
5632.079,1772093700,5639.315,5629.783,5639.315
5622.283,1772094600,5632.069,5622.283,5632.069
5634.592,1772095500,5639.279,5617.684,5622.273
5631.04,1772096400,5636.183,5629.626,5634.583
5634.332,1772097300,5635.809,5623.023,5631.04
5634.93,1772098200,5639.781,5632.28,5634.324
5628.92,1772099100,5637.623,5628.92,5634.925
5638.22,1772100000,5645.574,5626.819,5628.913
5636.009,1772100900,5644.017,5636.009,5638.206
5626.165,1772101800,5635.99,5626.165,5635.99
5616.119,1772102700,5626.165,5616.119,5626.165
5618.327,1772103600,5621.091,5609.545,5616.109
5618.827,1772104500,5622.785,5614.076,5618.325
5608.646,1772105400,5618.818,5608.646,5618.818
5598.523,1772106300,5608.642,5598.523,5608.642
5616.538,1772107200,5618.072,5595.185,5598.519
5630.442,1772108100,5633.98,5611.24,5616.522
5636.371,1772109000,5641.259,5627.313,5630.434
5627.295,1772109900,5636.364,5627.295,5636.364
5632.635,1772110800,5639.486,5626.856,5627.289
5643.729,1772111700,5644.82,5627.609,5632.594
5633.167,1772112600,5643.723,5633.167,5643.723
5634.373,1772113500,5638.295,5631.149,5633.145
5623.977,1772114400,5634.361,5623.977,5634.361
5617.707,1772115300,5625.581,5617.707,5623.975
5607.616,1772116200,5617.685,5607.616,5617.685
5597.413,1772117100,5607.607,5597.413,5607.607
5598.94,1772118000,5601.531,5589.69,5597.4
5609.173,1772118900,5609.711,5594.696,5598.932
5614.836,1772119800,5623.034,5614.836,5616.094
5607.792,1772120700,5614.827,5607.792,5614.827
5597.97,1772121600,5607.788,5597.97,5607.788
5596.556,1772122500,5599.541,5593.111,5597.964
5599.223,1772123400,5604.475,5592.899,5596.551
5588.68,1772124300,5599.211,5588.68,5599.211
5578.758,1772125200,5588.668,5578.758,5588.668
5572.833,1772126100,5580.72,5572.833,5578.74
5571.903,1772127000,5578.587,5569.461,5572.821
5591.182,1772127900,5595.105,5567.381,5571.895
5589.151,1772128800,5591.474,5583.208,5591.17
5579.349,1772129700,5589.143,5579.349,5589.143
5576.783,1772130600,5583.863,5576.783,5579.327
5569.393,1772131500,5576.747,5569.393,5576.747
5573.674,1772132400,5582.144,5569.143,5569.383
5596.658,1772133300,5597.877,5572.289,5573.66
5593.302,1772134200,5598.7,5592.047,5596.657
5583.147,1772135100,5593.298,5583.147,5593.298
5573.951,1772136000,5583.137,5573.951,5583.137
5566.849,1772136900,5573.946,5565.973,5573.946
5561.314,1772137800,5566.836,5557.857,5566.836
5581.572,1772138700,5586.945,5560.217,5561.299
5591.406,1772139600,5596.323,5579.789,5581.567
5581.893,1772140500,5591.387,5581.893,5591.387
5590.476,1772141400,5591.42,5578.74,5581.882
5581.951,1772142300,5590.459,5580.759,5590.459
5600.361,1772143200,5606.661,5579.737,5581.937
5615.453,1772144100,5621.74,5599.202,5600.337
5605.326,1772145000,5615.444,5605.326,5615.444
5597.727,1772145900,5605.315,5597.727,5605.315
5595.033,1772146800,5597.719,5589.546,5597.719
5585.002,1772147700,5595.018,5585.002,5595.018
5576.331,1772148600,5584.994,5576.331,5584.994
5581.079,1772149500,5584.027,5573.24,5576.303
5603.397,1772150400,5603.56,5580.819,5581.06
5600.302,1772151300,5609.786,5600.302,5603.394
5598.234,1772152200,5603.475,5598.234,5600.294
5601.435,1772153100,5608.26,5595.315,5598.229
5599.296,1772154000,5603.175,5596.536,5601.424
5589.587,1772154900,5599.284,5589.587,5599.284
5606.921,1772155800,5608.102,5583.464,5589.577
5611.661,1772156700,5614.928,5606.564,5606.9
5607.259,1772157600,5611.659,5604.522,5611.659
5619.203,1772158500,5619.631,5601.568,5607.256
5613.807,1772159400,5622.479,5613.807,5619.195
5614.779,1772160300,5620.585,5612.766,5613.795
5615.281,1772161200,5619.432,5612.789,5614.778
5613.397,1772162100,5619.452,5610.656,5615.258
5611.461,1772163000,5619.309,5611.037,5613.379
5601.737,1772163900,5611.456,5601.49,5611.456
5592.517,1772164800,5601.699,5592.517,5601.699
5582.368,1772165700,5592.491,5582.368,5592.491
5589.045,1772166600,5589.531,5576.789,5582.362
5600.861,1772167500,5602.423,5588.811,5589.043
5615.434,1772168400,5617.409,5595.905,5600.86
5609.365,1772169300,5616.775,5609.365,5615.426
5611.761,1772170200,5612.842,5601.56,5609.362
5613.295,1772171100,5619.115,5610.017,5611.751
5616.187,1772172000,5618.138,5610.414,5613.294
5613.422,1772172900,5620.014,5612.51,5616.183
5612.949,1772173800,5618.492,5610.405,5613.409
5616.266,1772174700,5626.224,5612.819,5612.943
5621.234,1772175600,5621.292,5611.468,5616.257
5626.583,1772176500,5628.735,5619.935,5621.209
5622.345,1772177400,5629.06,5622.345,5626.575
5612.657,1772178300,5622.341,5612.657,5622.341
5604.915,1772179200,5613.345,5604.915,5612.653
5611.642,1772180100,5612.995,5600.835,5604.905
5626.688,1772181000,5633.563,5611.302,5611.631
5616.388,1772181900,5626.684,5616.388,5626.684
5619.336,1772182800,5619.997,5608.993,5616.378
5620.228,1772183700,5621.009,5614.715,5619.319
5620.97,1772184600,5629.63,5619.757,5620.216
5621.283,1772185500,5625.67,5615.301,5620.956
5625.098,1772186400,5626.935,5616.35,5621.282
5617.804,1772187300,5627.686,5617.804,5625.087
5613.45,1772188200,5617.803,5610.586,5617.803
5614.332,1772189100,5615.886,5607.094,5613.444
5610.508,1772190000,5614.613,5606.342,5614.315
5600.52,1772190900,5610.502,5600.52,5610.502
5595.675,1772191800,5604.934,5595.675,5600.502
5588.912,1772192700,5596.71,5588.912,5595.67
5600.301,1772193600,5603.332,5583.883,5588.91
5592.676,1772194500,5600.287,5592.676,5600.287
5610.177,1772195400,5616.237,5591.614,5592.654
5622.388,1772196300,5626.919,5608.396,5610.147
5618.934,1772197200,5622.367,5614.005,5622.367
5608.906,1772198100,5618.906,5608.906,5618.906
5598.997,1772199000,5608.896,5598.997,5608.896
5597.634,1772199900,5600.719,5592.871,5598.994
5596.058,1772200800,5598.676,5590.192,5597.625
5611.078,1772201700,5612.433,5595.912,5596.051
5624.397,1772202600,5625.326,5607.683,5611.051
5625.621,1772203500,5632.619,5624.101,5624.394
5625.832,1772204400,5629.704,5623.511,5625.617
5629.05,1772205300,5630.117,5622.643,5625.819
5649.154,1772206200,5649.225,5623.141,5629.04
5648.317,1772207100,5650.262,5644.621,5649.143
5649.955,1772208000,5660.186,5648.248,5648.292
5649.1,1772208900,5656.961,5647.737,5649.93
5647.071,1772209800,5654.174,5645.595,5649.075
5647.879,1772210700,5650.569,5641.141,5647.06
5637.508,1772211600,5647.872,5637.508,5647.872
5639.124,1772212500,5639.681,5631.238,5637.501
5640.072,1772213400,5642.357,5631.491,5639.122
5635.63,1772214300,5640.939,5635.578,5640.056
5629.976,1772215200,5635.623,5625.313,5635.623
5626.701,1772216100,5630.044,5625.396,5629.952
5618.342,1772217000,5626.675,5618.342,5626.675
5640.957,1772217900,5641.844,5616.237,5618.328
5635.243,1772218800,5640.939,5632.696,5640.939
5625.059,1772219700,5635.232,5625.059,5635.232
5618.034,1772220600,5625.05,5616.576,5625.05
5618.262,1772221500,5626.468,5616.355,5618.032
5614.533,1772222400,5624.742,5614.533,5618.253
5621.632,1772223300,5623.52,5609.516,5614.52
5618.68,1772224200,5626.124,5618.68,5621.622
5608.733,1772225100,5618.677,5608.733,5618.677
5610.906,1772226000,5620.532,5607.816,5608.723
5615.327,1772226900,5619.843,5604.828,5610.899
5631.201,1772227800,5635.865,5610.687,5615.306
5620.881,1772228700,5631.198,5620.881,5631.198
5630.983,1772229600,5631.098,5615.523,5620.873
5632.454,1772230500,5634.898,5628.105,5630.977
5638.725,1772231400,5641.453,5627.234,5632.439
5630.719,1772232300,5638.716,5630.719,5638.716
5620.703,1772233200,5630.701,5620.703,5630.701
5624.989,1772234100,5626.717,5616.11,5620.685
5619.423,1772235000,5624.981,5615.944,5624.981
5634.199,1772235900,5636.318,5615.519,5619.42
5630.053,1772236800,5637.61,5630.053,5634.19
5619.976,1772237700,5630.017,5619.976,5630.017
5609.895,1772238600,5619.959,5609.895,5619.959
5615.733,1772239500,5618.046,5609.273,5609.875
5613.501,1772240400,5620.995,5613.501,5615.725
5624.071,1772241300,5625.093,5609.113,5613.485
5614.019,1772242200,5624.065,5614.019,5624.065
5613.172,1772243100,5620.091,5611.141,5613.997
5604.744,1772244000,5613.984,5604.744,5613.157
5594.563,1772244900,5604.74,5594.563,5604.74
5594.583,1772245800,5601.4,5591.626,5594.563
5614.212,1772246700,5619.782,5592.876,5594.58
5611.136,1772247600,5614.197,5607.019,5614.197
5601.655,1772248500,5611.124,5601.655,5611.124
5602.401,1772249400,5605.911,5595.356,5601.645
5607.538,1772250300,5608.592,5594.143,5602.385
5616.627,1772251200,5616.997,5603.356,5607.519
5626.084,1772252100,5631.258,5615.867,5616.612
5615.477,1772253000,5626.066,5615.477,5626.066
5620.118,1772253900,5622.887,5614.127,5615.451
5615.239,1772254800,5622.084,5615.239,5620.113
5616.309,1772255700,5623.791,5612.071,5615.212
5615.651,1772256600,5620.958,5614.06,5616.308
5626.658,1772257500,5627.056,5609.615,5615.646
5638.425,1772258400,5640.063,5623.109,5626.643
5628.273,1772259300,5638.41,5628.273,5638.41
5637.995,1772260200,5640.194,5623.828,5628.271
5639.495,1772261100,5648.633,5637.135,5637.981
5644.564,1772262000,5648.21,5634.43,5639.473
5638.555,1772262900,5647.236,5638.555,5644.55
5628.672,1772263800,5638.546,5628.672,5638.546
5618.372,1772264700,5628.67,5618.372,5628.67
5639.66,1772265600,5642.322,5617.801,5618.364
5639.757,1772266500,5647.098,5638.949,5639.655
5638.073,1772267400,5648.186,5638.073,5639.738
5637.279,1772268300,5638.724,5629.551,5638.048
5626.751,1772269200,5637.268,5626.751,5637.268
5623.029,1772270100,5626.746,5616.702,5626.746
5630.661,1772271000,5636.447,5620.646,5623.015
5620.723,1772271900,5630.654,5620.723,5630.654
5610.464,1772272800,5620.715,5610.464,5620.715
5610.637,1772273700,5614.804,5608.741,5610.461
5605.919,1772274600,5610.623,5605.919,5610.623
5601.405,1772275500,5605.91,5596.568,5605.91
5601.074,1772276400,5602.895,5596.529,5601.404
5593.706,1772277300,5601.061,5593.706,5601.061
5593.374,1772278200,5603.269,5593.374,5593.693
5587.569,1772279100,5596.404,5587.569,5593.37
5577.817,1772280000,5587.56,5577.817,5587.56
5574.566,1772280900,5577.892,5573.236,5577.809
5574.883,1772281800,5579.953,5573.652,5574.536
5579.459,1772282700,5580.89,5568.121,5574.881
5581.958,1772283600,5582.909,5572.643,5579.457
5596.544,1772284500,5599.115,5580.815,5581.945
5590.999,1772285400,5597.735,5590.999,5596.528
5595.901,1772286300,5596.976,5588.678,5590.99
5585.788,1772287200,5595.89,5585.788,5595.89
5578.437,1772288100,5588.114,5578.437,5585.785
5577.888,1772289000,5579.196,5573.809,5578.431
5576.591,1772289900,5582.128,5574.902,5577.877
5571.172,1772290800,5576.585,5566.651,5576.585
5579.137,1772291700,5581.38,5570.528,5571.162
5585.639,1772292600,5587.385,5577.563,5579.113
5577.875,1772293500,5585.63,5577.875,5585.63
5597.088,1772294400,5599.867,5576.042,5577.86
5597.715,1772295300,5601.256,5591.557,5597.078
5614.836,1772296200,5615.428,5597.498,5597.707
5612.708,1772297100,5621.762,5612.708,5614.822
5622.354,1772298000,5627.742,5611.737,5612.704
5629.453,1772298900,5630.677,5614.399,5622.337
5624.101,1772299800,5630.643,5624.101,5629.443
5615.174,1772300700,5624.093,5615.174,5624.093
5610.566,1772301600,5615.174,5606.47,5615.174
5600.881,1772302500,5610.551,5600.881,5610.551
5592.753,1772303400,5600.88,5591.427,5600.88
5608.175,1772304300,5608.703,5589.661,5592.724
5603.906,1772305200,5608.168,5602.308,5608.168
5605.707,1772306100,5609.182,5598.813,5603.89
5598.961,1772307000,5605.693,5598.961,5605.693
5604.969,1772307900,5611.892,5597.297,5598.957
5594.643,1772308800,5604.959,5594.643,5604.959
5598.952,1772309700,5600.783,5589.262,5594.604
5588.74,1772310600,5598.951,5588.74,5598.951
5611.166,1772311500,5611.184,5582.246,5588.725
5603.58,1772312400,5611.149,5603.58,5611.149
5593.456,1772313300,5603.565,5593.456,5603.565
5592.788,1772314200,5595.603,5586.119,5593.44
5597.328,1772315100,5597.894,5586.831,5592.767
5587.476,1772316000,5597.316,5587.476,5597.316
5589.403,1772316900,5589.914,5583.21,5587.454
5578.85,1772317800,5589.387,5578.85,5589.387
5568.925,1772318700,5578.844,5568.925,5578.844
5562.796,1772319600,5572.237,5562.796,5568.918
5563.561,1772320500,5573.237,5562.612,5562.785
5554.624,1772321400,5563.548,5554.624,5563.548
5554.221,1772322300,5555.487,5545.937,5554.616
5550.762,1772323200,5554.211,5549.179,5554.211
5565.23,1772324100,5565.906,5548.642,5550.739
5557.969,1772325000,5566.421,5557.969,5565.214
5557.954,1772325900,5559.936,5552.294,5557.963
5579.714,1772326800,5581.582,5554.675,5557.937
5577.852,1772327700,5583.004,5577.852,5579.699
5567.753,1772328600,5577.849,5567.753,5577.849
5557.469,1772329500,5567.743,5557.469,5567.743
5554.037,1772330400,5557.458,5548.954,5557.458
5556.65,1772331300,5564.742,5553.27,5554.022
5548.001,1772332200,5556.916,5548.001,5556.649
5537.984,1772333100,5547.991,5537.984,5547.991
5537.941,1772334000,5539.299,5532.949,5537.955
5531.216,1772334900,5541.389,5531.216,5537.924
5520.884,1772335800,5531.205,5520.884,5531.205
5529.105,1772336700,5532.356,5515.889,5520.882
5528.619,1772337600,5536.93,5527.466,5529.093
5552.695,1772338500,5552.924,5524.587,5528.613
5550.564,1772339400,5553.717,5545.781,5552.675
5540.485,1772340300,5550.553,5540.485,5550.553
5531.541,1772341200,5540.458,5531.541,5540.458
5546.842,1772342100,5550.954,5527.939,5531.521
5545.655,1772343000,5551.16,5542.161,5546.832
5548.914,1772343900,5551.973,5542.99,5545.645
5558.845,1772344800,5561.766,5543.378,5548.909
5567.429,1772345700,5569.493,5552.567,5558.827
5562.266,1772346600,5567.423,5560.343,5567.423
5557.356,1772347500,5562.253,5556.274,5562.253
5551.98,1772348400,5557.338,5547.672,5557.338
5542.411,1772349300,5551.962,5542.411,5551.962
5547.754,1772350200,5551.602,5540.368,5542.397
5554.246,1772351100,5556.659,5545.861,5547.752
5552.164,1772352000,5561.612,5552.164,5554.227
5564.545,1772352900,5567.833,5551.78,5552.155
5568.684,1772353800,5574.176,5561.373,5564.528
5574.641,1772354700,5576.572,5565.261,5568.656
5581.253,1772355600,5584.472,5572.706,5574.625
5587.579,1772356500,5589.383,5573.244,5581.243
5577.739,1772357400,5587.563,5577.739,5587.563
5570.086,1772358300,5577.733,5570.086,5577.733
5578.47,1772359200,5579.005,5566.642,5570.083
5568.519,1772360100,5578.456,5568.519,5578.456
5560.709,1772361000,5568.515,5560.559,5568.515
5558.971,1772361900,5565.909,5557.678,5560.681
5573.941,1772362800,5575.004,5558.933,5558.951
5574.884,1772363700,5578.858,5571.723,5573.933
5580.288,1772364600,5581.323,5572.218,5574.884
5574.248,1772365500,5581.81,5574.248,5580.282
5573.752,1772366400,5577.565,5567.932,5574.24
5569.377,1772367300,5576.449,5569.377,5573.745
5576.934,1772368200,5581.716,5565.935,5569.377
5570.226,1772369100,5576.933,5570.226,5576.933
5569.241,1772370000,5573.244,5567.299,5570.223
5576.725,1772370900,5578.091,5560.144,5569.235
5576.381,1772371800,5580.743,5571.759,5576.723
5568.726,1772372700,5576.378,5567.404,5576.378
5566.23,1772373600,5571.813,5565.183,5568.706
5557.766,1772374500,5566.211,5557.766,5566.211
5570.252,1772375400,5574.666,5556.867,5557.75
5560.22,1772376300,5570.24,5560.22,5570.24
5554.571,1772377200,5560.198,5550.539,5560.198
5546.662,1772378100,5554.561,5546.662,5554.561
5557.142,1772379000,5564.891,5545.007,5546.649
5555.682,1772379900,5561.875,5553.451,5557.115
5545.701,1772380800,5555.679,5545.701,5555.679
5535.73,1772381700,5545.694,5535.73,5545.694
5532.042,1772382600,5535.729,5529.755,5535.729
5533.821,1772383500,5536.894,5528.471,5532.038
5541.055,1772384400,5542.617,5527.731,5533.817
5542.789,1772385300,5550.591,5542.789,5550.591
5532.656,1772386200,5542.768,5532.656,5542.768
5527.527,1772387100,5532.633,5526.797,5532.633
5518.372,1772388000,5527.513,5518.372,5527.513
5523.196,1772388900,5524.404,5511.12,5518.368
5528.276,1772389800,5528.98,5520.242,5523.182
5534.271,1772390700,5535.178,5523.777,5528.268
5531.974,1772391600,5541.541,5531.974,5534.265
5534.937,1772392500,5535.361,5526.27,5531.967
5526.092,1772393400,5534.93,5526.092,5534.93
5526.517,1772394300,5531.865,5521.173,5526.081
5518.042,1772395200,5527.042,5518.042,5526.505
5514.22,1772396100,5518.614,5512.274,5518.041
5505.934,1772397000,5515.487,5505.934,5514.212
5516.565,1772397900,5517.657,5503.242,5505.933
5506.147,1772398800,5516.553,5506.147,5516.553
5506.689,1772399700,5512.16,5501.525,5506.126
5500.976,1772400600,5506.677,5498.302,5506.677
5491.208,1772401500,5500.965,5491.208,5500.965
5500.459,1772402400,5503.182,5485.691,5491.19
5517.062,1772403300,5518.724,5495.339,5500.433
5513.455,1772404200,5521.046,5513.455,5517.037
5508.459,1772405100,5514.166,5508.459,5513.447
5504.813,1772406000,5508.453,5502.058,5508.453
5499.771,1772406900,5504.807,5498.546,5504.807
5493.996,1772407800,5499.77,5492.084,5499.77
5495.345,1772408700,5498.591,5492.701,5493.981
5488.812,1772409600,5498.553,5488.812,5495.332
5480.993,1772410500,5488.787,5480.993,5488.787
5471.234,1772411400,5480.991,5471.234,5480.991
5476.364,1772412300,5483.256,5468.914,5471.222
5500.076,1772413200,5502.308,5474.954,5476.352
5511.173,1772414100,5511.375,5494.729,5500.059
5502.21,1772415000,5511.158,5502.21,5511.158
5500.926,1772415900,5506.064,5497.549,5502.203
5506.969,1772416800,5511.96,5500.419,5500.917
5507.778,1772417700,5510.943,5499.822,5506.942
5507.797,1772418600,5510.847,5500.943,5507.778
5508.295,1772419500,5511.474,5505.518,5507.792
5509.788,1772420400,5514.152,5505.252,5508.283
5508.69,1772421300,5513.386,5504.944,5509.78
5502.842,1772422200,5508.68,5501.944,5508.68
5508.741,1772423100,5509.785,5498.478,5502.815
5505.117,1772424000,5509.567,5502.932,5508.73
5500.625,1772424900,5505.099,5497.957,5505.099
5492.207,1772425800,5500.603,5492.207,5500.603
5496.427,1772426700,5498.597,5490.678,5492.205
5494.801,1772427600,5500.673,5494.539,5496.418
5485.075,1772428500,5494.793,5485.075,5494.793
5494.145,1772429400,5494.476,5479.751,5485.07
5501.87,1772430300,5503.337,5488.396,5494.124
5513.075,1772431200,5513.528,5496.941,5501.868
5503.379,1772432100,5513.07,5503.379,5513.07
5494.445,1772433000,5503.374,5493.836,5503.374
5484.528,1772433900,5494.428,5484.528,5494.428
5479.457,1772434800,5484.587,5479.457,5484.517
5469.664,1772435700,5479.441,5469.664,5479.441
5472.991,1772436600,5474.965,5464.261,5469.662
5472.763,1772437500,5472.987,5463.13,5472.987
5465.599,1772438400,5473.957,5465.599,5472.748
5467.696,1772439300,5473.911,5464.583,5465.567
5465.471,1772440200,5468.335,5462.726,5467.696
5473.847,1772441100,5478.347,5462.48,5465.455
5463.871,1772442000,5473.824,5463.871,5473.824
5457.433,1772442900,5467.011,5457.433,5463.852
5454.596,1772443800,5457.411,5449.714,5457.411
5449.836,1772444700,5455.721,5449.836,5454.59
5463.162,1772445600,5466.293,5448.694,5449.83
5453.226,1772446500,5463.155,5453.226,5463.155
5443.506,1772447400,5453.222,5443.506,5453.222
5437.362,1772448300,5443.495,5435.408,5443.495
5433.722,1772449200,5437.354,5427.384,5437.354
5442.949,1772450100,5449.487,5432.454,5433.715
5433.361,1772451000,5442.932,5433.361,5442.932
5427.672,1772451900,5433.36,5426.159,5433.36
5426.614,1772452800,5429.819,5423.899,5427.67
5417.109,1772453700,5426.607,5417.109,5426.607
5411.572,1772454600,5417.705,5411.572,5417.102
5412.838,1772455500,5418.386,5410.761,5411.562
5413.065,1772456400,5415.923,5408.358,5412.827
5403.302,1772457300,5413.048,5403.302,5413.048
5407.766,1772458200,5409.927,5396.014,5403.3
5414.161,1772459100,5418.869,5406.485,5407.752
5404.539,1772460000,5414.149,5404.539,5414.149
5394.577,1772460900,5404.531,5394.577,5404.531
5389.501,1772461800,5397.704,5389.501,5394.574
5398.479,1772462700,5399.42,5383.197,5389.492
5398.821,1772463600,5401.791,5391.93,5398.474
5414.604,1772464500,5417.709,5394.822,5398.806
5414.022,1772465400,5420.917,5412.826,5414.596
5411.335,1772466300,5416.688,5409.949,5414.006
5415.426,1772467200,5420.78,5410.732,5411.319
5420.728,1772468100,5423.012,5413.8,5415.423
5429.769,1772469000,5432.864,5416.904,5420.723
5424.671,1772469900,5429.763,5420.329,5429.763
5415.079,1772470800,5424.67,5415.079,5424.67
5409.2,1772471700,5415.14,5409.2,5415.064
5415.911,1772472600,5417.521,5405.714,5409.196
5411.896,1772473500,5418.024,5409.261,5415.906
5429.55,1772474400,5432.348,5410.151,5411.892
5433.828,1772475300,5435.797,5427.357,5429.547
5425.154,1772476200,5433.8,5425.154,5433.8
5416.073,1772477100,5425.135,5416.073,5425.135
5411.782,1772478000,5416.058,5407.228,5416.058
5403.742,1772478900,5411.78,5403.742,5411.78
5402.324,1772479800,5406.637,5400.79,5403.74
5405.816,1772480700,5414.349,5401.301,5402.318
5425.72,1772481600,5428.738,5403.412,5405.814
5420.676,1772482500,5427.344,5420.676,5425.704
5427.767,1772483400,5428.17,5416.752,5420.655
5423.368,1772484300,5429.855,5423.368,5427.747
5413.957,1772485200,5423.357,5413.957,5423.357
5404.472,1772486100,5413.952,5404.472,5413.952
5411.8,1772487000,5416.786,5403.634,5404.459
5405.847,1772487900,5411.778,5405.35,5411.778
5399.023,1772488800,5407.338,5399.023,5405.837
5389.312,1772489700,5399.023,5389.312,5399.023
5395.537,1772490600,5399.572,5384.342,5389.296
5385.672,1772491500,5395.536,5385.672,5395.536
5394.144,1772492400,5394.68,5379.681,5385.661
5410.464,1772493300,5412.59,5393.445,5394.131
5406.085,1772494200,5410.457,5402.589,5410.457
5405.77,1772495100,5406.432,5396.861,5406.064
5411.786,1772496000,5414.374,5403.601,5405.766
5419.96,1772496900,5424.166,5410.162,5411.785
5456.773,1772497800,5460.054,5417.237,5419.957
5447.847,1772498700,5456.753,5447.019,5456.753
5445.574,1772499600,5454.801,5445.574,5447.83
5443.246,1772500500,5449.475,5442.058,5445.558
5433.896,1772501400,5443.241,5433.896,5443.241
5435.657,1772502300,5441.092,5433.154,5433.879
5437.817,1772503200,5438.141,5430.104,5435.651
5427.716,1772504100,5437.806,5427.716,5437.806
5417.918,1772505000,5427.712,5417.918,5427.712
5423.39,1772505900,5425.951,5413.015,5417.899
5427.745,1772506800,5432.122,5423.383,5423.383
5435.645,1772507700,5436.669,5426.142,5427.74
5432.171,1772508600,5439.49,5430.79,5435.626
5430.124,1772509500,5434.555,5427.262,5432.154
5427.755,1772510400,5432.564,5427.755,5430.122
5436.291,1772511300,5438.455,5425.463,5427.742
5428.54,1772512200,5436.627,5428.54,5436.271
5418.656,1772513100,5428.526,5418.656,5428.526
5409.332,1772514000,5418.654,5409.332,5418.654
5423.361,1772514900,5427.031,5408.481,5409.32
5436.559,1772515800,5440.638,5421.328,5423.351
5431.4,1772516700,5436.552,5431.4,5436.552
5437.178,1772517600,5439.502,5426.56,5431.392
5437.99,1772518500,5438.647,5429.064,5437.159
5428.17,1772519400,5437.975,5428.17,5437.975
5436.967,1772520300,5438.053,5425.257,5428.166
5439.847,1772521200,5440.765,5432.292,5436.944
5433.187,1772522100,5439.844,5430.4,5439.844
5435.691,1772523000,5436.762,5426.669,5433.173
5425.826,1772523900,5435.682,5425.826,5435.682
5440.488,1772524800,5446.172,5425.23,5425.824
5441.235,1772525700,5444.368,5437.78,5440.475
5442.269,1772526600,5445.083,5439.895,5441.23
5436.332,1772527500,5442.252,5433.42,5442.252
5432.429,1772528400,5437.429,5431.417,5436.327
5434.403,1772529300,5437.482,5428.31,5432.424
5424.236,1772530200,5434.395,5424.236,5434.395
5417.38,1772531100,5425.52,5417.38,5424.233
5407.591,1772532000,5417.376,5407.591,5417.376
5431.656,1772532900,5432.738,5406.241,5407.576
5426.379,1772533800,5431.655,5424.783,5431.655
5416.734,1772534700,5426.376,5416.734,5426.376
5424.979,1772535600,5425.613,5416.326,5416.725
5421.683,1772536500,5424.958,5418.201,5424.958
5424.52,1772537400,5425.826,5416.818,5421.677
5419.604,1772538300,5424.511,5418.58,5424.511
5425.714,1772539200,5427.423,5416.621,5419.584
5433.485,1772540100,5434.127,5422.113,5425.706
5423.863,1772541000,5433.475,5423.863,5433.475
5420.366,1772541900,5427.268,5420.366,5423.86
5415.244,1772542800,5420.357,5415.244,5420.357
5412.025,1772543700,5420.063,5412.025,5415.238
5410.265,1772544600,5412.295,5405.356,5412.015
5409.522,1772545500,5416.539,5407.455,5410.245
5414.61,1772546400,5415.41,5404.304,5409.519
5409.841,1772547300,5416.948,5409.841,5414.597
5406.144,1772548200,5412.938,5406.144,5409.828
5420.822,1772549100,5425.664,5404.682,5406.127
5415.666,1772550000,5423.12,5415.666,5420.813
5416.968,1772550900,5418.464,5407.666,5415.653
5412.146,1772551800,5417.845,5411.674,5416.956
5402.087,1772552700,5412.145,5402.087,5412.145
5392.602,1772553600,5402.075,5392.602,5402.075
5387.192,1772554500,5392.588,5386.371,5392.588
5377.401,1772555400,5387.172,5377.401,5387.172
5370.034,1772556300,5377.388,5368.043,5377.388
5373.978,1772557200,5374.659,5362.207,5370.031
5372.73,1772558100,5378.477,5372.73,5373.977
5364.861,1772559000,5374.111,5364.861,5372.728
5369.388,1772559900,5372.695,5359.282,5364.859
5363.203,1772560800,5369.373,5360.947,5369.373
5366.719,1772561700,5368.848,5355.463,5363.196
5365.498,1772562600,5369.336,5360.736,5366.69
5355.679,1772563500,5365.493,5355.679,5365.493
5345.946,1772564400,5355.679,5345.946,5355.679
5341.338,1772565300,5345.927,5337.791,5345.927
5366.877,1772566200,5367.734,5338.461,5341.323
5365.027,1772567100,5369.619,5362.395,5366.869
5355.619,1772568000,5365.01,5355.619,5365.01
5354.948,1772568900,5355.917,5350.57,5355.601
5362.11,1772569800,5368.069,5352.262,5354.944
5374.633,1772570700,5375.34,5358.706,5362.104
5377.38,1772571600,5378.565,5366.056,5374.623
5373.689,1772572500,5383.177,5373.689,5377.365
5364.008,1772573400,5373.678,5364.008,5373.678
5360.394,1772574300,5368.5,5360.394,5364.001
5357.63,1772575200,5360.454,5355.994,5360.386
5356.244,1772576100,5357.74,5349.454,5357.614
5351.158,1772577000,5358.712,5351.158,5356.242
5341.243,1772577900,5351.131,5341.243,5351.131
5350.458,1772578800,5356.447,5340.156,5341.231
5355.39,1772579700,5355.634,5343.947,5350.446
5345.582,1772580600,5355.357,5345.582,5355.357
5352.84,1772581500,5352.889,5339.896,5345.559
5351.877,1772582400,5360.952,5351.877,5352.829
5347.763,1772583300,5351.963,5346.512,5351.872
5343.853,1772584200,5347.751,5340.152,5347.751
5338.084,1772585100,5345.124,5338.084,5343.843
5340.734,1772586000,5342.131,5330.171,5338.058
5357.62,1772586900,5362.65,5339.4,5340.719
5369.981,1772587800,5375.596,5357.221,5357.615
5379.302,1772588700,5381.263,5363.569,5369.963
5375.419,1772589600,5379.278,5370.159,5379.278
5383.688,1772590500,5384.814,5367.087,5375.402
5393.722,1772591400,5395.352,5381.547,5383.681
5399.786,1772592300,5402.506,5387.332,5393.719
5414.083,1772593200,5415.427,5396.152,5399.78
5415.138,1772594100,5423.008,5412.183,5414.064
5443.638,1772595000,5444.342,5414.94,5415.128
5450.763,1772595900,5452.812,5440.866,5443.622
5458.799,1772596800,5464.24,5448.999,5450.752
5448.994,1772597700,5458.788,5448.994,5458.788
5445.166,1772598600,5450.147,5444.876,5448.978
5440.005,1772599500,5445.155,5438.466,5445.155
5437.727,1772600400,5440.772,5433.679,5439.998
5449.954,1772601300,5451.343,5436.748,5437.722
5450.395,1772602200,5453.231,5442.677,5449.952
5448.609,1772603100,5450.379,5441.814,5450.379
5446.695,1772604000,5448.598,5440.418,5448.598
5450.454,1772604900,5450.757,5440.158,5446.685
5440.766,1772605800,5450.441,5440.766,5450.441
5449.321,1772606700,5451.213,5439.218,5440.742
5443.463,1772607600,5450.047,5443.463,5449.315
5454.134,1772608500,5454.641,5439.421,5443.445
5452.97,1772609400,5458.151,5449.472,5454.129
5443.101,1772610300,5452.944,5443.101,5452.944
5439.116,1772611200,5443.091,5435.582,5443.091
5433.556,1772612100,5441.878,5433.556,5439.116
5423.838,1772613000,5433.554,5423.838,5433.554
5429.281,1772613900,5437.134,5422.384,5423.82
5419.587,1772614800,5429.277,5419.587,5429.277
5411.589,1772615700,5419.57,5411.589,5419.57
5418.104,1772616600,5418.791,5408.576,5411.585
5414.565,1772617500,5418.087,5409.532,5418.087
5411.856,1772618400,5415.284,5408.215,5414.546
5421.644,1772619300,5423.574,5411.476,5411.847
5420.167,1772620200,5421.827,5413.372,5421.636
5414.785,1772621100,5420.166,5414.785,5420.166
5431.592,1772622000,5435.892,5413.513,5414.765
5437.06,1772622900,5443.867,5428.551,5431.584
5427.433,1772623800,5437.047,5427.433,5437.047
5419.993,1772624700,5427.414,5419.993,5427.414
5427.183,1772625600,5435.233,5418.417,5419.987
5417.316,1772626500,5427.18,5417.316,5427.18
5418.436,1772627400,5422.115,5415.233,5417.305
5408.958,1772628300,5418.425,5408.958,5418.425
5417.398,1772629200,5419.225,5402.414,5408.952
5439.905,1772630100,5440.272,5415.069,5417.39
5431.66,1772631000,5441.07,5431.66,5439.895
5421.69,1772631900,5431.654,5421.69,5431.654
5427.334,1772632800,5429.532,5420.615,5421.677
5422.913,1772633700,5432.607,5422.913,5427.327
5426.425,1772634600,5427.578,5414.106,5422.902
5432.595,1772635500,5434.489,5419.029,5426.419
5431.222,1772636400,5437.02,5429.494,5432.568
5426.704,1772637300,5431.203,5422.997,5431.203
5420.533,1772638200,5426.694,5418.451,5426.694
5417.051,1772639100,5423.638,5417.051,5420.521
5407.52,1772640000,5417.05,5407.52,5417.05
5397.968,1772640900,5407.515,5397.968,5407.515
5395.391,1772641800,5400.251,5393.137,5397.947
5389.15,1772642700,5395.383,5389.15,5395.383
5379.242,1772643600,5389.138,5379.242,5389.138
5394.035,1772644500,5395.155,5375.831,5379.229
5384.668,1772645400,5394.034,5384.668,5394.034
5392.209,1772646300,5397.957,5383.432,5384.66
5414.879,1772647200,5415.078,5389.652,5392.207
5420.86,1772648100,5421.766,5406.617,5414.868
5422.524,1772649000,5425.334,5414.015,5420.846
5419.602,1772649900,5423.083,5416.485,5422.518
5418.956,1772650800,5423.918,5414.809,5419.602
5414.802,1772651700,5418.948,5412.191,5418.948
5405.2,1772652600,5414.802,5405.2,5414.802
5410.578,1772653500,5413.687,5403.604,5405.195
5406.24,1772654400,5410.57,5404.494,5410.57
5418.612,1772655300,5418.718,5401.968,5406.232
5421.155,1772656200,5424.0,5412.548,5418.589
5417.416,1772657100,5421.148,5416.821,5421.148
5427.94,1772658000,5428.2,5407.695,5417.413
5426.423,1772658900,5428.825,5420.501,5427.926
5431.624,1772659800,5432.033,5422.324,5426.422
5433.207,1772660700,5436.462,5427.774,5431.603
5450.77,1772661600,5450.781,5428.617,5433.206
5460.946,1772662500,5463.038,5448.187,5450.737
5461.77,1772663400,5468.854,5459.465,5460.942
5457.791,1772664300,5464.002,5457.791,5461.766
5456.559,1772665200,5457.854,5453.033,5457.769
5449.448,1772666100,5456.551,5449.448,5456.551
5450.538,1772667000,5453.451,5444.194,5449.428
5440.97,1772667900,5450.523,5440.97,5450.523
5431.205,1772668800,5440.967,5431.205,5440.967
5438.593,1772669700,5439.412,5425.277,5431.192
5436.7,1772670600,5443.477,5435.651,5438.577
5444.929,1772671500,5448.094,5436.002,5436.689
5438.403,1772672400,5444.924,5438.135,5444.924
5432.176,1772673300,5439.412,5432.176,5438.385
5422.125,1772674200,5432.161,5422.125,5432.161
5426.671,1772675100,5432.766,5421.009,5422.105
5416.744,1772676000,5426.655,5416.744,5426.655
5407.035,1772676900,5416.715,5407.035,5416.715
5404.669,1772677800,5407.811,5401.209,5407.03
5407.473,1772678700,5410.486,5402.591,5404.664
5410.701,1772679600,5414.184,5406.436,5407.466
5410.23,1772680500,5412.914,5403.72,5410.682
5409.904,1772681400,5415.933,5408.869,5410.203
5407.419,1772682300,5409.893,5402.513,5409.893
5411.751,1772683200,5418.671,5405.572,5407.4
5404.691,1772684100,5411.727,5402.133,5411.727
5403.185,1772685000,5404.903,5396.689,5404.682
5401.421,1772685900,5403.17,5396.441,5403.17
5391.437,1772686800,5401.41,5391.437,5401.41
5381.846,1772687700,5391.437,5381.846,5391.437
5397.919,1772688600,5397.975,5377.509,5381.832
5398.627,1772689500,5400.854,5395.818,5397.919
5390.842,1772690400,5398.618,5390.842,5398.618
5406.981,1772691300,5407.884,5387.673,5390.832
5405.24,1772692200,5408.244,5401.886,5406.98
5395.216,1772693100,5405.234,5395.216,5405.234
5400.771,1772694000,5410.045,5395.006,5395.193
5410.844,1772694900,5412.096,5399.489,5400.757
5430.819,1772695800,5432.351,5409.429,5410.827
5432.165,1772696700,5433.901,5422.753,5430.798
5426.171,1772697600,5432.142,5422.489,5432.142
5445.801,1772698500,5446.132,5422.43,5426.15
5453.53,1772699400,5459.852,5442.312,5445.781
5446.556,1772700300,5453.528,5446.556,5453.528
5438.362,1772701200,5446.542,5438.362,5446.542
5445.703,1772702100,5449.435,5437.866,5438.348
5459.939,1772703000,5460.659,5445.489,5445.697
5465.835,1772703900,5468.235,5455.182,5459.917
5467.329,1772704800,5471.359,5460.248,5465.818
5457.632,1772705700,5467.321,5457.632,5467.321
5460.371,1772706600,5461.764,5450.475,5457.621
5453.241,1772707500,5461.077,5453.241,5460.37
5451.429,1772708400,5458.165,5449.617,5453.216
5451.849,1772709300,5458.322,5449.216,5451.419
5459.975,1772710200,5468.327,5451.131,5451.845
5449.877,1772711100,5459.961,5449.877,5459.961
5448.021,1772712000,5456.326,5448.021,5449.864
5440.169,1772712900,5448.502,5440.169,5448.017
5437.203,1772713800,5445.038,5437.203,5440.161
5432.264,1772714700,5438.359,5432.264,5437.199
5438.584,1772715600,5444.122,5428.004,5432.254
5442.337,1772716500,5450.089,5437.023,5438.558
5467.973,1772717400,5469.04,5439.487,5442.335
5462.016,1772718300,5470.588,5462.016,5467.953
5455.094,1772719200,5462.002,5453.768,5462.002
5465.5,1772720100,5467.585,5454.796,5455.089
5463.362,1772721000,5468.963,5461.171,5465.481
5460.46,1772721900,5463.353,5458.09,5463.353
5488.235,1772722800,5488.575,5456.487,5460.456
5493.665,1772723700,5494.009,5482.752,5488.23
5489.6,1772724600,5496.536,5489.6,5493.661
5480.088,1772725500,5489.594,5480.088,5489.594
5479.711,1772726400,5480.777,5471.214,5480.087
5469.29,1772727300,5479.695,5469.29,5479.695
5473.934,1772728200,5475.99,5465.375,5469.276
5489.033,1772729100,5493.204,5472.553,5473.932
5489.886,1772730000,5498.969,5488.653,5489.031
5501.385,1772730900,5502.685,5487.087,5489.88
5502.583,1772731800,5503.563,5492.612,5501.374
5510.895,1772732700,5519.483,5502.455,5502.581
5503.698,1772733600,5510.887,5503.698,5510.887
5514.001,1772734500,5520.04,5501.519,5503.682
5521.156,1772735400,5526.886,5511.968,5513.979
5521.327,1772736300,5526.135,5515.84,5521.141
5526.647,1772737200,5530.143,5519.037,5521.318
5516.936,1772738100,5526.647,5516.936,5526.647
5511.349,1772739000,5516.931,5507.602,5516.931
5509.189,1772739900,5511.342,5502.685,5511.342
5507.238,1772740800,5513.971,5505.494,5509.186
5499.124,1772741700,5507.698,5499.124,5507.204
5503.808,1772742600,5505.462,5493.914,5499.102
5495.938,1772743500,5503.802,5495.938,5503.802
5493.951,1772744400,5498.809,5491.099,5495.928
5487.499,1772745300,5496.073,5487.499,5493.939
5478.992,1772746200,5488.479,5478.992,5487.481
5475.421,1772747100,5484.673,5475.421,5478.986
5475.198,1772748000,5483.526,5473.761,5475.405
5496.881,1772748900,5498.109,5474.748,5475.172
5486.457,1772749800,5496.861,5486.457,5496.861
5485.281,1772750700,5488.993,5483.83,5486.455
5475.994,1772751600,5485.273,5475.994,5485.273
5467.704,1772752500,5475.992,5467.704,5475.992
5465.508,1772753400,5472.929,5465.34,5467.686
5470.304,1772754300,5475.608,5463.674,5465.506
5460.472,1772755200,5470.302,5460.472,5470.302
5450.844,1772756100,5460.455,5450.844,5460.455
5441.058,1772757000,5450.831,5441.058,5450.831
5437.383,1772757900,5443.969,5437.383,5441.05
5441.036,1772758800,5443.776,5433.51,5437.37
5441.611,1772759700,5443.892,5435.293,5441.015
5446.047,1772760600,5446.467,5435.278,5441.6
5456.112,1772761500,5458.368,5441.394,5446.025
5452.921,1772762400,5459.085,5452.808,5456.092
5442.813,1772763300,5452.919,5442.813,5452.919
5434.131,1772764200,5442.781,5434.131,5442.781
5433.281,1772765100,5437.626,5432.924,5434.118
5435.304,1772766000,5436.328,5424.338,5433.262
5437.794,1772766900,5439.702,5430.845,5435.294
5427.911,1772767800,5437.772,5427.911,5437.772
5419.238,1772768700,5427.996,5419.238,5427.9
5421.456,1772769600,5429.75,5418.525,5419.233
5418.432,1772770500,5422.98,5416.261,5421.449
5418.249,1772771400,5422.247,5415.982,5418.419
5419.548,1772772300,5428.375,5417.975,5418.226
5414.133,1772773200,5421.779,5414.133,5419.54
5404.218,1772774100,5414.119,5404.218,5414.119
5408.383,1772775000,5410.328,5398.018,5404.212
5402.246,1772775900,5408.383,5402.246,5408.383
5396.53,1772776800,5402.216,5392.9,5402.216
5409.784,1772777700,5410.354,5395.657,5396.523
5416.23,1772778600,5419.612,5406.58,5409.778
5416.85,1772779500,5417.985,5408.992,5416.21
5416.681,1772780400,5417.363,5407.377,5416.835
5406.392,1772781300,5416.66,5406.392,5416.66
5415.55,1772782200,5418.648,5403.609,5406.389
5431.548,1772783100,5433.194,5414.534,5415.545
5433.985,1772784000,5438.167,5428.855,5431.546
5427.803,1772784900,5436.24,5427.803,5433.983
5417.78,1772785800,5427.795,5417.78,5427.795
5422.174,1772786700,5424.829,5414.18,5417.764
5418.159,1772787600,5422.173,5413.989,5422.173
5451.774,1772788500,5452.915,5417.409,5418.136
5444.875,1772789400,5451.765,5444.198,5451.765
5442.308,1772790300,5444.863,5437.964,5444.863
5449.942,1772791200,5450.364,5438.694,5442.303
5440.025,1772792100,5449.93,5440.025,5449.93
5466.341,1772793000,5467.098,5434.663,5440.018
5458.41,1772793900,5466.317,5458.41,5466.317
5459.6,1772794800,5460.367,5453.446,5458.399
5457.673,1772795700,5464.164,5456.554,5459.588
5454.64,1772796600,5457.666,5451.23,5457.666
5444.716,1772797500,5454.637,5444.716,5454.637
5444.635,1772798400,5452.38,5443.924,5444.701
5442.763,1772799300,5446.058,5440.736,5444.626
5444.966,1772800200,5449.095,5437.872,5442.752
5449.717,1772801100,5451.81,5444.381,5444.956
5455.862,1772802000,5458.065,5444.892,5449.702
5455.771,1772802900,5461.84,5453.202,5455.842
5449.924,1772803800,5455.762,5446.19,5455.762
5454.177,1772804700,5455.729,5446.619,5449.923
5444.406,1772805600,5454.148,5444.406,5454.148
5434.432,1772806500,5444.396,5434.432,5444.396
5424.518,1772807400,5434.423,5424.518,5434.423
5424.384,1772808300,5430.722,5422.803,5424.503
5422.982,1772809200,5425.817,5420.054,5424.368
5413.468,1772810100,5422.982,5413.468,5422.982
5403.763,1772811000,5413.46,5403.763,5413.46
5404.866,1772811900,5414.666,5403.669,5403.762
5419.476,1772812800,5424.312,5403.39,5404.847
5410.145,1772813700,5419.469,5410.145,5419.469
5400.705,1772814600,5410.128,5400.705,5410.128
5396.259,1772815500,5405.894,5396.259,5400.699
5387.469,1772816400,5396.232,5387.469,5396.232
5385.002,1772817300,5391.346,5384.372,5387.457
5383.59,1772818200,5391.608,5383.089,5384.982
5404.23,1772819100,5405.955,5383.339,5383.58
5395.012,1772820000,5404.224,5395.012,5404.224
5390.322,1772820900,5395.0,5387.732,5395.0
5380.443,1772821800,5390.318,5380.443,5390.318
5379.15,1772822700,5380.423,5371.573,5380.423
5369.801,1772823600,5379.145,5369.801,5379.145
5363.243,1772824500,5372.798,5363.243,5369.796
5353.703,1772825400,5363.237,5353.703,5363.237
5352.335,1772826300,5360.507,5351.935,5353.678
5342.72,1772827200,5352.312,5342.72,5352.312
5336.808,1772828100,5342.715,5336.214,5342.715
5333.601,1772829000,5337.269,5333.168,5336.792
5324.004,1772829900,5333.568,5324.004,5333.568
5314.115,1772830800,5323.997,5314.115,5323.997
5311.957,1772831700,5314.338,5307.273,5314.108
5302.99,1772832600,5311.943,5302.99,5311.94
5298.963,1772833500,5303.932,5298.131,5302.979
5290.703,1772834400,5298.943,5290.703,5298.943
5292.833,1772835300,5293.717,5285.174,5290.688
5285.603,1772836200,5292.826,5285.603,5292.826
5282.696,1772837100,5287.669,5282.696,5285.595
5278.018,1772838000,5282.677,5276.751,5282.677
5303.89,1772838900,5306.681,5277.244,5277.986
5310.742,1772839800,5312.485,5302.691,5303.886
5320.152,1772840700,5323.254,5304.901,5310.726
5327.809,1772841600,5328.862,5318.137,5320.141
5320.754,1772842500,5328.882,5320.754,5327.786
5328.36,1772843400,5332.027,5316.09,5320.734
5332.248,1772844300,5336.25,5328.017,5328.34
5338.291,1772845200,5340.85,5332.055,5332.237
5328.552,1772846100,5338.28,5328.552,5338.28
5350.421,1772847000,5354.459,5326.572,5328.552
5343.629,1772847900,5350.587,5343.629,5350.416
5356.835,1772848800,5357.123,5338.988,5343.609
5348.528,1772849700,5356.811,5348.528,5356.811
5338.736,1772850600,5348.51,5338.736,5348.51
5328.886,1772851500,5338.734,5328.886,5338.734
5324.475,1772852400,5328.885,5321.698,5328.885
5339.462,1772853300,5339.718,5316.582,5324.461
5360.944,1772854200,5363.18,5339.1,5339.452
5362.064,1772855100,5362.212,5354.696,5360.941
5368.004,1772856000,5370.884,5361.965,5362.049
5359.168,1772856900,5367.994,5359.168,5367.994
5350.105,1772857800,5359.163,5350.105,5359.163
5368.189,1772858700,5368.599,5347.8,5350.104
5365.625,1772859600,5368.168,5361.475,5368.168
5356.19,1772860500,5365.613,5356.19,5365.613
5359.111,1772861400,5361.862,5351.489,5356.171
5364.004,1772862300,5365.408,5353.928,5359.101
5357.679,1772863200,5363.992,5357.679,5363.992
5358.932,1772864100,5366.976,5357.039,5357.67
5362.453,1772865000,5367.044,5353.793,5358.929
5358.673,1772865900,5368.03,5358.673,5362.45
5357.094,1772866800,5366.428,5357.094,5358.664
5359.301,1772867700,5359.516,5349.551,5357.085
5357.75,1772868600,5361.888,5354.25,5359.279
5350.516,1772869500,5357.741,5350.516,5357.741
5354.373,1772870400,5357.093,5347.343,5350.493
5358.396,1772871300,5361.047,5352.544,5354.37
5355.728,1772872200,5358.388,5350.055,5358.388
5355.118,1772873100,5357.928,5350.628,5355.7
5345.189,1772874000,5355.101,5345.189,5355.101
5335.503,1772874900,5345.175,5335.503,5345.175
5325.77,1772875800,5335.493,5325.77,5335.493
5329.045,1772876700,5336.071,5322.88,5325.744
5347.83,1772877600,5350.035,5324.631,5329.038
5344.807,1772878500,5353.885,5344.807,5347.824
5337.646,1772879400,5344.791,5337.646,5344.791
5328.137,1772880300,5337.641,5328.137,5337.641
5323.383,1772881200,5328.126,5320.105,5328.126
5313.922,1772882100,5323.365,5313.922,5323.365
5304.179,1772883000,5313.907,5304.179,5313.907
5311.757,1772883900,5313.497,5301.27,5304.164
5302.101,1772884800,5311.726,5302.101,5311.726
5296.467,1772885700,5303.385,5296.467,5302.089
5294.211,1772886600,5296.446,5289.109,5296.446
5293.743,1772887500,5296.249,5290.873,5294.186
5287.14,1772888400,5293.739,5286.085,5293.739
5293.024,1772889300,5298.74,5286.475,5287.115
5291.211,1772890200,5293.769,5286.868,5293.022
5286.815,1772891100,5291.589,5286.549,5291.208
5276.854,1772892000,5286.81,5276.854,5286.81
5283.909,1772892900,5289.704,5281.32,5282.263
5283.861,1772893800,5284.171,5274.646,5283.9
5284.733,1772894700,5284.782,5277.011,5283.841
5301.339,1772895600,5302.137,5281.424,5284.706
5308.518,1772896500,5312.279,5295.857,5301.334
5298.803,1772897400,5308.499,5298.803,5308.499
5297.931,1772898300,5300.447,5293.753,5298.799
5293.239,1772899200,5297.922,5291.009,5297.922
5314.398,1772900100,5317.602,5289.467,5293.23
5314.271,1772901000,5319.549,5312.33,5314.383
5322.11,1772901900,5324.162,5313.111,5314.27
5316.366,1772902800,5322.105,5316.366,5322.105
5306.56,1772903700,5316.359,5306.56,5316.359
5297.115,1772904600,5306.553,5297.115,5306.553
5296.309,1772905500,5297.804,5289.632,5297.105
5286.731,1772906400,5296.29,5286.731,5296.29
5301.484,1772907300,5301.77,5282.852,5286.72
5307.027,1772908200,5310.142,5300.605,5301.479
5304.218,1772909100,5312.358,5304.218,5307.009
5306.02,1772910000,5309.556,5301.207,5304.204
5296.748,1772910900,5305.999,5296.748,5305.999
5296.719,1772911800,5305.26,5295.863,5296.727
5287.23,1772912700,5296.698,5287.23,5296.698
5284.328,1772913600,5289.218,5284.328,5287.218
5278.135,1772914500,5284.321,5275.125,5284.321
5274.092,1772915400,5278.119,5270.149,5278.119
5271.814,1772916300,5274.079,5265.396,5274.079
5270.072,1772917200,5272.379,5267.532,5271.806
5261.016,1772918100,5270.069,5261.016,5270.069
5274.199,1772919000,5277.286,5257.922,5260.992
5279.404,1772919900,5286.734,5273.442,5274.177
5269.876,1772920800,5279.4,5269.876,5279.4
5276.355,1772921700,5277.895,5266.05,5269.862
5276.333,1772922600,5280.071,5271.248,5276.355
5277.678,1772923500,5283.484,5272.928,5276.325
5268.153,1772924400,5277.677,5268.153,5277.677
5269.633,1772925300,5276.915,5265.751,5268.149
5260.199,1772926200,5269.621,5260.199,5269.621
5261.007,1772927100,5267.647,5258.196,5260.178
5254.199,1772928000,5260.997,5253.118,5260.997
5248.401,1772928900,5257.296,5248.401,5254.196
5283.427,1772929800,5286.093,5245.935,5248.398
5280.655,1772930700,5286.141,5279.186,5283.423
5271.455,1772931600,5280.654,5271.455,5280.654
5274.591,1772932500,5277.335,5264.72,5271.437
5286.135,1772933400,5286.87,5271.416,5274.574
5288.152,1772934300,5293.38,5283.437,5286.131
5300.105,1772935200,5300.221,5285.447,5288.134
5295.801,1772936100,5300.086,5291.163,5300.086
5304.703,1772937000,5305.618,5290.902,5295.788
5310.077,1772937900,5315.518,5303.82,5304.685
5303.735,1772938800,5310.067,5301.658,5310.067
5298.795,1772939700,5304.272,5298.795,5303.714
5289.246,1772940600,5298.793,5289.246,5298.793
5291.297,1772941500,5291.5,5281.074,5289.222
5289.933,1772942400,5294.16,5287.196,5291.273
5290.379,1772943300,5298.605,5288.839,5289.915
5294.825,1772944200,5297.932,5284.246,5290.358
5298.763,1772945100,5307.216,5293.806,5294.809
5305.083,1772946000,5307.383,5298.361,5298.76
5296.874,1772946900,5305.081,5296.874,5305.081
5296.98,1772947800,5299.696,5293.491,5296.864
5299.988,1772948700,5307.297,5295.642,5296.977
5304.052,1772949600,5308.907,5298.84,5299.977
5311.444,1772950500,5311.501,5301.162,5304.04
5304.786,1772951400,5311.425,5304.786,5311.425
5319.094,1772952300,5321.765,5302.984,5304.762
5320.976,1772953200,5326.961,5318.122,5319.08
5324.654,1772954100,5326.154,5313.78,5320.973
5333.719,1772955000,5335.442,5321.306,5324.648
5325.101,1772955900,5333.71,5325.101,5333.71
5331.291,1772956800,5334.486,5320.365,5325.093
5332.23,1772957700,5336.299,5329.016,5331.287
5326.713,1772958600,5332.217,5323.854,5332.217
5328.856,1772959500,5332.474,5321.834,5326.698
5320.693,1772960400,5328.849,5320.693,5328.849
5310.697,1772961300,5320.685,5310.697,5320.685
5309.781,1772962200,5314.791,5307.434,5310.681
5305.838,1772963100,5314.394,5305.838,5309.771
5296.132,1772964000,5305.827,5296.132,5305.827
5286.449,1772964900,5296.125,5286.449,5296.125
5305.927,1772965800,5310.412,5282.578,5286.429
5299.066,1772966700,5305.916,5299.066,5305.916
5294.4,1772967600,5302.158,5294.4,5299.065
5301.731,1772968500,5305.829,5291.76,5294.377
5308.299,1772969400,5311.029,5296.815,5301.724
5313.88,1772970300,5314.313,5301.191,5308.286
5345.437,1772971200,5346.323,5309.652,5313.866
5356.319,1772972100,5358.428,5340.932,5345.421
5370.541,1772973000,5373.174,5353.024,5356.318
5369.242,1772973900,5374.579,5368.22,5370.531
5359.345,1772974800,5369.221,5359.345,5369.221
5368.542,1772975700,5373.458,5358.807,5359.332
5365.026,1772976600,5368.53,5360.344,5368.53
5361.036,1772977500,5365.023,5358.246,5365.023
5361.219,1772978400,5367.824,5359.263,5361.035
5368.362,1772979300,5369.587,5355.831,5361.212
5370.356,1772980200,5373.414,5362.938,5368.346
5361.452,1772981100,5370.336,5361.452,5370.336
5356.52,1772982000,5364.645,5356.52,5361.449
5351.945,1772982900,5358.995,5351.945,5356.499
5349.871,1772983800,5357.195,5349.871,5351.937
5353.146,1772984700,5357.491,5348.595,5349.836
5347.905,1772985600,5353.788,5347.905,5353.133
5341.919,1772986500,5348.71,5341.919,5347.9
5344.464,1772987400,5350.399,5338.069,5341.908
5347.859,1772988300,5350.183,5337.139,5344.447
5348.15,1772989200,5348.31,5338.248,5347.853
5344.163,1772990100,5348.149,5339.284,5348.149
5339.629,1772991000,5344.846,5338.448,5344.162
5346.469,1772991900,5349.186,5338.57,5339.626
5358.396,1772992800,5365.854,5346.129,5346.458
5351.667,1772993700,5358.385,5351.667,5358.385
5371.275,1772994600,5372.01,5349.618,5351.66
5392.283,1772995500,5393.54,5368.404,5371.271
5408.183,1772996400,5410.969,5392.113,5392.279
5400.341,1772997300,5408.183,5400.341,5408.183
5412.894,1772998200,5417.882,5399.027,5400.34
5417.256,1772999100,5417.574,5405.722,5412.874
5407.576,1773000000,5417.231,5407.576,5417.231
5406.15,1773000900,5407.561,5398.471,5407.561
5397.155,1773001800,5406.14,5397.155,5406.14
5387.273,1773002700,5397.144,5387.273,5397.144
5381.505,1773003600,5387.266,5381.505,5387.266
5384.89,1773004500,5392.505,5383.537,5385.572
5408.921,1773005400,5413.164,5383.077,5384.889
5412.823,1773006300,5417.613,5408.383,5408.915
5421.986,1773007200,5422.341,5409.713,5412.815
5418.343,1773008100,5424.464,5418.299,5421.978
5412.888,1773009000,5418.322,5410.495,5418.322
5411.649,1773009900,5413.362,5404.757,5412.87
5411.14,1773010800,5412.754,5406.191,5411.636
5401.291,1773011700,5411.112,5401.291,5411.112
5401.717,1773012600,5402.421,5393.412,5401.287
5405.576,1773013500,5412.269,5401.613,5401.696
5396.158,1773014400,5405.575,5396.158,5405.575
5397.398,1773015300,5398.095,5387.189,5396.142
5387.811,1773016200,5397.397,5387.811,5397.397
5378.204,1773017100,5387.811,5378.204,5387.811
5368.68,1773018000,5378.198,5368.68,5378.198
5402.173,1773018900,5402.582,5363.568,5368.67
5405.3,1773019800,5413.791,5401.007,5402.152
5411.336,1773020700,5412.843,5403.325,5405.285
5401.573,1773021600,5411.329,5401.573,5411.329
5394.328,1773022500,5402.41,5394.328,5401.564
5388.532,1773023400,5396.272,5388.532,5394.314
5379.82,1773024300,5388.53,5379.82,5388.53
5369.75,1773025200,5379.803,5369.75,5379.803
5372.903,1773026100,5375.387,5366.685,5369.744
5363.147,1773027000,5372.899,5363.147,5372.899
5353.357,1773027900,5363.143,5353.357,5363.143
5356.69,1773028800,5357.474,5344.454,5353.356
5347.285,1773029700,5356.683,5347.285,5356.683
5354.933,1773030600,5357.076,5344.552,5347.271
5350.371,1773031500,5354.915,5347.438,5354.915
5340.24,1773032400,5350.369,5340.24,5350.369
5349.84,1773033300,5352.628,5338.357,5340.231
5352.24,1773034200,5353.282,5341.601,5349.839
5373.05,1773035100,5373.815,5350.035,5352.232
5393.491,1773036000,5395.742,5373.043,5373.043
5389.025,1773036900,5393.6,5388.275,5393.479
5392.386,1773037800,5400.425,5388.505,5389.009
5385.96,1773038700,5392.386,5385.96,5392.386
5383.36,1773039600,5389.856,5383.36,5385.947
5382.769,1773040500,5389.453,5382.638,5383.339
5373.531,1773041400,5382.764,5373.531,5382.764
5376.95,1773042300,5382.39,5371.145,5373.516
5374.146,1773043200,5380.53,5374.146,5376.937
5367.538,1773044100,5374.142,5365.659,5374.142
5385.473,1773045000,5388.528,5363.323,5367.523
5382.598,1773045900,5391.506,5382.598,5385.46
5395.882,1773046800,5396.12,5381.33,5382.59
5386.294,1773047700,5395.88,5386.294,5395.88
5396.03,1773048600,5399.21,5385.151,5386.271
5386.238,1773049500,5396.018,5386.238,5396.018
5387.455,1773050400,5387.819,5376.928,5386.22
5395.579,1773051300,5398.814,5383.165,5387.444
5385.795,1773052200,5395.579,5385.795,5395.579
5379.067,1773053100,5385.783,5378.298,5385.783
5379.03,1773054000,5380.137,5373.047,5379.054
5375.881,1773054900,5379.524,5373.06,5379.029
5388.83,1773055800,5390.044,5372.141,5375.877
5386.074,1773056700,5389.737,5382.7,5388.822
5376.267,1773057600,5386.06,5376.267,5386.06
5372.097,1773058500,5381.062,5372.097,5376.247
5371.474,1773059400,5375.989,5368.367,5372.094
5375.735,1773060300,5379.339,5369.371,5371.464
5374.05,1773061200,5382.108,5373.609,5375.726
5373.744,1773062100,5375.459,5365.783,5374.036
5367.192,1773063000,5373.727,5366.296,5373.727
5370.364,1773063900,5374.787,5366.768,5367.181
5376.607,1773064800,5385.726,5370.205,5370.361
5380.844,1773065700,5385.349,5371.479,5376.588
5375.41,1773066600,5380.843,5372.136,5380.843
5366.292,1773067500,5375.394,5366.292,5375.394
5383.216,1773068400,5384.301,5365.292,5366.26
5373.377,1773069300,5383.189,5373.377,5383.189
5363.962,1773070200,5373.366,5363.962,5373.366
5357.184,1773071100,5363.952,5355.78,5363.952
5358.756,1773072000,5361.448,5352.805,5357.174
5360.77,1773072900,5365.081,5354.738,5358.752
5358.773,1773073800,5368.145,5358.773,5360.755
5363.097,1773074700,5364.666,5352.093,5358.761
5369.066,1773075600,5372.003,5359.081,5363.091
5359.023,1773076500,5369.059,5359.023,5369.059
5361.202,1773077400,5364.503,5352.637,5359.009
5352.232,1773078300,5361.197,5352.232,5361.197
5353.275,1773079200,5358.669,5348.046,5352.227
5343.467,1773080100,5353.265,5343.467,5353.265
5334.928,1773081000,5343.43,5334.928,5343.43
5331.618,1773081900,5336.933,5330.506,5334.921
5343.156,1773082800,5346.035,5329.458,5331.604
5341.978,1773083700,5344.901,5338.467,5343.155
5336.034,1773084600,5341.968,5334.813,5341.968
5332.735,1773085500,5336.76,5330.872,5336.021
5332.434,1773086400,5335.595,5328.514,5332.726
5335.052,1773087300,5337.115,5329.652,5332.408
5345.705,1773088200,5348.545,5332.517,5335.026
5344.493,1773089100,5346.096,5338.377,5345.704
5346.299,1773090000,5348.521,5338.335,5344.474
5357.67,1773090900,5359.19,5343.104,5346.295
5354.147,1773091800,5359.82,5354.147,5357.661
5344.598,1773092700,5354.146,5344.598,5354.146
5342.168,1773093600,5350.189,5342.168,5344.596
5344.263,1773094500,5349.126,5340.966,5342.167
5336.733,1773095400,5344.259,5336.733,5344.259
5327.967,1773096300,5336.727,5327.967,5336.727
5319.466,1773097200,5327.955,5319.466,5327.955
5316.191,1773098100,5320.217,5316.191,5319.458
5313.772,1773099000,5319.746,5312.842,5316.19
5305.123,1773099900,5313.759,5305.123,5313.759
5326.758,1773100800,5327.25,5304.911,5305.116
5322.327,1773101700,5328.866,5320.379,5326.733
5331.546,1773102600,5331.697,5319.513,5322.3
5332.452,1773103500,5339.551,5331.099,5331.544
5330.868,1773104400,5334.249,5326.406,5332.429
5330.51,1773105300,5336.876,5327.517,5330.861
5322.793,1773106200,5330.496,5322.793,5330.496
5329.868,1773107100,5333.227,5320.466,5322.782
5349.647,1773108000,5351.976,5327.549,5329.85
5345.525,1773108900,5349.642,5341.963,5349.642
5337.535,1773109800,5345.521,5337.535,5345.521
5336.966,1773110700,5341.932,5332.961,5337.528
5331.496,1773111600,5336.951,5329.114,5336.951
5339.24,1773112500,5340.157,5327.19,5331.484
5329.526,1773113400,5339.233,5329.526,5339.233
5326.352,1773114300,5333.296,5326.352,5329.525
5324.61,1773115200,5326.936,5322.336,5326.339
5320.042,1773116100,5324.588,5317.884,5324.588
5330.951,1773117000,5337.054,5319.699,5320.037
5328.372,1773117900,5330.935,5323.814,5330.935
5322.869,1773118800,5332.232,5322.869,5328.371
5322.782,1773119700,5329.116,5319.847,5322.861
5320.563,1773120600,5324.473,5316.874,5322.778
5310.774,1773121500,5320.562,5310.774,5320.562
5318.084,1773122400,5319.351,5306.225,5310.758
5312.877,1773123300,5318.308,5312.877,5318.076
5310.678,1773124200,5313.646,5306.227,5312.875
5305.351,1773125100,5310.662,5302.92,5310.662
5310.554,1773126000,5311.716,5302.884,5305.335
5305.151,1773126900,5310.541,5301.57,5310.541
5295.544,1773127800,5305.146,5295.544,5305.146
5298.014,1773128700,5298.121,5289.959,5295.543
5302.583,1773129600,5303.972,5294.34,5297.997
5294.809,1773130500,5302.576,5294.809,5302.576
5300.528,1773131400,5302.265,5292.438,5294.802
5303.861,1773132300,5306.322,5298.427,5300.528
5307.661,1773133200,5308.218,5298.651,5303.855
5304.855,1773134100,5308.147,5301.585,5307.66
5314.72,1773135000,5316.343,5304.053,5304.844
5322.384,1773135900,5328.609,5313.27,5314.718
5329.678,1773136800,5334.497,5319.643,5322.375
5320.801,1773137700,5329.673,5320.801,5329.673
5317.445,1773138600,5320.798,5312.408,5320.798
5308.038,1773139500,5317.429,5308.038,5317.429
5310.953,1773140400,5317.976,5305.408,5308.031
5318.626,1773141300,5319.49,5307.865,5310.95
5322.542,1773142200,5323.155,5314.692,5318.618
5327.166,1773143100,5329.831,5322.035,5322.539
5329.485,1773144000,5331.912,5320.143,5327.16
5332.222,1773144900,5333.24,5321.52,5329.485
5328.352,1773145800,5335.974,5328.352,5332.221
5327.237,1773146700,5334.053,5326.49,5328.342
5335.902,1773147600,5336.56,5320.287,5327.23
5326.324,1773148500,5335.9,5326.324,5335.9
5323.017,1773149400,5330.782,5323.017,5326.305
5316.391,1773150300,5324.373,5316.391,5323.015
5306.592,1773151200,5316.388,5306.592,5316.388
5300.309,1773152100,5308.883,5300.309,5306.575
5301.872,1773153000,5310.156,5299.375,5300.297
5305.605,1773153900,5310.544,5297.459,5301.857
5310.272,1773154800,5313.854,5302.788,5305.587
5300.426,1773155700,5310.266,5300.426,5310.266
5302.031,1773156600,5309.98,5300.346,5300.423
5305.939,1773157500,5306.062,5297.176,5302.025
5296.208,1773158400,5305.925,5296.208,5305.925
5286.523,1773159300,5296.193,5286.523,5296.193
5283.044,1773160200,5286.512,5281.13,5286.512
5277.5,1773161100,5283.816,5277.5,5283.031
5283.832,1773162000,5289.677,5274.841,5277.493
5291.022,1773162900,5291.863,5282.432,5283.832
5281.847,1773163800,5291.02,5281.847,5291.02
5287.354,1773164700,5294.315,5281.101,5281.845
5287.163,1773165600,5293.944,5284.364,5287.348
5292.212,1773166500,5296.496,5285.092,5287.156
5294.778,1773167400,5295.042,5283.451,5292.205
5285.235,1773168300,5294.767,5285.235,5294.767
5282.716,1773169200,5285.235,5277.36,5285.235
5273.258,1773170100,5282.706,5273.258,5282.706
5264.918,1773171000,5274.237,5264.918,5273.25
5257.715,1773171900,5264.913,5256.27,5264.913
5254.242,1773172800,5257.692,5251.299,5257.692
5246.654,1773173700,5254.725,5246.654,5254.221
5238.417,1773174600,5246.652,5238.417,5246.652
5232.71,1773175500,5239.13,5232.71,5238.414
5225.339,1773176400,5232.706,5224.09,5232.706
5226.396,1773177300,5231.252,5222.263,5225.335
5226.735,1773178200,5228.319,5223.242,5226.384
5224.51,1773179100,5226.731,5220.012,5226.731
5224.609,1773180000,5225.564,5219.005,5224.505
5239.567,1773180900,5241.852,5221.136,5224.604
5236.89,1773181800,5240.312,5235.067,5239.543
5235.046,1773182700,5236.882,5228.83,5236.882
5232.267,1773183600,5241.414,5232.267,5235.016
5247.394,1773184500,5248.514,5228.321,5232.264
5286.544,1773185400,5288.351,5245.359,5247.386
5301.476,1773186300,5306.142,5284.359,5286.525
5295.463,1773187200,5302.057,5295.463,5301.465
5286.308,1773188100,5295.457,5286.308,5295.457
5282.124,1773189000,5286.623,5281.464,5286.304
5272.767,1773189900,5282.112,5272.767,5282.112
5263.876,1773190800,5272.744,5263.876,5272.744
5265.069,1773191700,5266.6,5261.083,5263.856
5272.212,1773192600,5275.01,5263.178,5265.053
5270.625,1773193500,5272.205,5266.434,5272.205
5265.658,1773194400,5270.604,5265.658,5270.604
5292.115,1773195300,5294.422,5265.189,5265.651
5301.545,1773196200,5304.628,5286.153,5292.101
5291.819,1773197100,5301.522,5291.819,5301.522
5289.765,1773198000,5294.886,5287.983,5291.798
5287.599,1773198900,5295.381,5287.599,5289.755
5277.768,1773199800,5287.574,5277.768,5287.574
5278.988,1773200700,5280.337,5272.249,5277.754
5281.125,1773201600,5284.436,5278.414,5278.977
5293.216,1773202500,5296.893,5278.665,5281.121
5293.366,1773203400,5295.731,5286.284,5293.201
5291.174,1773204300,5300.223,5291.174,5293.359
5285.796,1773205200,5291.172,5282.037,5291.172
5293.39,1773206100,5296.094,5283.699,5285.79
5295.119,1773207000,5297.57,5286.13,5293.387
5304.813,1773207900,5308.892,5294.853,5295.107
5324.662,1773208800,5325.44,5303.578,5304.807
5319.165,1773209700,5324.639,5317.146,5324.639
5325.533,1773210600,5325.597,5314.045,5319.156
5315.803,1773211500,5325.531,5315.803,5325.531
5312.838,1773212400,5320.932,5312.838,5315.799
5314.755,1773213300,5317.175,5309.947,5312.832
5319.804,1773214200,5320.453,5309.292,5314.727
5317.685,1773215100,5323.336,5316.778,5319.789
5318.18,1773216000,5320.822,5313.174,5317.683
5308.398,1773216900,5318.171,5308.398,5318.171
5299.512,1773217800,5308.386,5299.512,5308.386
5294.321,1773218700,5300.202,5294.321,5299.491
5300.748,1773219600,5302.663,5291.1,5294.308
5303.307,1773220500,5305.599,5299.15,5300.733
5313.949,1773221400,5318.073,5302.08,5303.279
5319.527,1773222300,5322.527,5313.575,5313.949
5310.141,1773223200,5319.527,5310.141,5319.527
5303.837,1773224100,5310.13,5303.528,5310.13
5320.351,1773225000,5320.846,5301.535,5303.826
5328.144,1773225900,5333.49,5320.316,5320.348
5330.633,1773226800,5335.961,5325.175,5328.106
5330.705,1773227700,5334.699,5326.731,5330.624
5340.666,1773228600,5348.73,5329.632,5330.697
5360.866,1773229500,5362.675,5339.574,5340.665
5364.793,1773230400,5368.699,5357.707,5360.863
5354.77,1773231300,5364.789,5354.77,5364.789
5366.792,1773232200,5370.099,5353.832,5354.758
5368.164,1773233100,5375.643,5366.111,5366.767
5370.04,1773234000,5374.242,5366.433,5368.149
5361.427,1773234900,5370.019,5361.427,5370.019
5383.944,1773235800,5386.194,5357.605,5361.403
5381.908,1773236700,5387.012,5380.849,5383.927
5378.985,1773237600,5382.735,5378.321,5381.903
5392.868,1773238500,5392.999,5378.408,5378.982
5411.949,1773239400,5414.613,5388.743,5392.866
5406.754,1773240300,5412.458,5406.754,5411.932
5401.39,1773241200,5406.742,5400.526,5406.742
5406.251,1773242100,5406.596,5397.781,5401.383
5404.45,1773243000,5411.221,5403.469,5406.244
5400.236,1773243900,5404.438,5397.234,5404.438
5390.519,1773244800,5400.213,5390.519,5400.213
5380.707,1773245700,5390.506,5380.707,5390.506
5387.496,1773246600,5388.431,5378.477,5380.704
5387.397,1773247500,5392.701,5383.151,5387.492
5377.157,1773248400,5387.36,5377.157,5387.36
5383.935,1773249300,5386.534,5371.515,5377.155
5375.589,1773250200,5383.929,5375.589,5383.929
5385.071,1773251100,5386.756,5372.196,5375.587
5389.4,1773252000,5392.742,5381.847,5385.07
5400.112,1773252900,5401.688,5386.743,5389.387
5408.123,1773253800,5415.405,5397.41,5400.089
5398.335,1773254700,5408.098,5398.335,5408.098
5394.869,1773255600,5398.329,5389.929,5398.329
5390.701,1773256500,5394.862,5385.141,5394.862
5387.537,1773257400,5392.24,5385.939,5390.687
5382.598,1773258300,5388.895,5382.598,5387.528
5383.971,1773259200,5386.985,5381.465,5382.595
5413.668,1773260100,5414.805,5377.351,5383.971
5403.682,1773261000,5413.653,5403.682,5413.653
5398.365,1773261900,5405.725,5398.365,5403.664
5400.482,1773262800,5401.965,5391.388,5398.35
5399.171,1773263700,5401.208,5392.99,5400.476
5392.967,1773264600,5399.166,5390.648,5399.166
5385.525,1773265500,5392.962,5385.525,5392.962
5383.239,1773266400,5385.515,5377.523,5385.515
5376.824,1773267300,5383.231,5376.479,5383.231
5367.202,1773268200,5376.82,5367.202,5376.82
5357.972,1773269100,5367.188,5357.972,5367.188
5348.876,1773270000,5357.964,5348.876,5357.964
5344.807,1773270900,5350.61,5344.66,5348.848
5339.27,1773271800,5347.227,5339.27,5344.806
5336.365,1773272700,5341.075,5336.365,5339.258
5335.708,1773273600,5337.915,5328.813,5336.354
5326.063,1773274500,5335.699,5326.063,5335.699
5329.764,1773275400,5333.183,5319.392,5326.062
5327.774,1773276300,5332.644,5325.001,5329.76
5325.573,1773277200,5333.899,5325.265,5327.765
5331.069,1773278100,5337.294,5325.446,5325.563
5332.301,1773279000,5334.396,5325.941,5331.064
5333.537,1773279900,5334.289,5324.769,5332.289
5332.121,1773280800,5335.207,5327.443,5333.534
5322.177,1773281700,5332.116,5322.177,5332.116
5314.474,1773282600,5322.494,5314.474,5322.173
5316.858,1773283500,5322.799,5312.211,5314.459
5320.736,1773284400,5321.762,5309.736,5316.852
5316.943,1773285300,5320.729,5315.083,5320.729
5318.873,1773286200,5321.049,5312.544,5316.923
5320.631,1773287100,5325.0,5314.787,5318.87
5318.206,1773288000,5325.256,5318.154,5320.629
5319.397,1773288900,5323.518,5314.447,5318.201
5310.215,1773289800,5319.385,5310.215,5319.385
5307.923,1773290700,5316.605,5307.923,5310.214
5308.828,1773291600,5316.01,5307.05,5307.921
5309.235,1773292500,5317.279,5307.479,5308.827
5299.607,1773293400,5309.231,5299.607,5309.231
5293.096,1773294300,5299.878,5293.096,5299.591
5283.343,1773295200,5293.082,5283.343,5293.082
5299.063,1773296100,5300.906,5282.561,5283.323
5307.244,1773297000,5309.281,5298.454,5299.044
5297.635,1773297900,5307.241,5297.635,5307.241
5303.476,1773298800,5307.631,5295.113,5297.615
5305.392,1773299700,5310.619,5299.564,5303.473
5304.459,1773300600,5309.127,5301.089,5305.368
5306.989,1773301500,5312.196,5301.224,5304.45
5306.505,1773302400,5315.282,5306.505,5306.986
5309.174,1773303300,5309.902,5301.569,5306.493
5313.882,1773304200,5314.079,5304.47,5309.167
5308.306,1773305100,5313.876,5307.811,5313.876
5325.355,1773306000,5330.982,5307.91,5308.284
5315.838,1773306900,5325.334,5315.838,5325.334
5323.043,1773307800,5325.528,5309.81,5315.818
5321.46,1773308700,5323.015,5314.683,5323.015
5318.07,1773309600,5324.079,5318.07,5321.458
5329.122,1773310500,5331.744,5317.789,5318.066
5336.334,1773311400,5336.481,5325.969,5329.102
5326.255,1773312300,5336.325,5326.255,5336.325
5318.288,1773313200,5326.952,5318.288,5326.249
5308.952,1773314100,5318.272,5308.952,5318.272
5305.865,1773315000,5308.937,5299.568,5308.937
5296.682,1773315900,5305.847,5296.682,5305.847
5299.206,1773316800,5300.015,5289.106,5296.679
5313.382,1773317700,5313.977,5293.481,5299.191
5308.095,1773318600,5314.831,5308.095,5313.362
5331.304,1773319500,5337.177,5305.43,5308.082
5344.416,1773320400,5345.364,5330.065,5331.289
5338.247,1773321300,5344.405,5338.247,5344.405
5338.636,1773322200,5341.861,5334.206,5338.224
5337.608,1773323100,5338.628,5333.134,5338.628
5328.123,1773324000,5337.6,5328.123,5337.6
5323.806,1773324900,5333.204,5323.806,5328.111
5314.266,1773325800,5323.794,5314.266,5323.794
5307.206,1773326700,5314.256,5307.206,5314.256
5301.194,1773327600,5307.192,5297.908,5307.192
5300.237,1773328500,5306.402,5300.237,5301.184
5298.883,1773329400,5303.198,5296.812,5300.235
5297.071,1773330300,5305.393,5297.071,5298.869
5291.919,1773331200,5297.059,5291.765,5297.059
5282.042,1773332100,5291.904,5282.042,5291.904
5280.15,1773333000,5282.027,5272.913,5282.027
5284.782,1773333900,5287.292,5275.838,5280.135
5295.799,1773334800,5296.088,5283.02,5284.77
5286.266,1773335700,5295.77,5286.266,5295.77
5278.506,1773336600,5286.244,5278.506,5286.244
5285.012,1773337500,5287.247,5278.209,5278.5
5291.62,1773338400,5292.278,5282.53,5285.009
5281.915,1773339300,5291.608,5281.915,5291.608
5284.699,1773340200,5290.865,5278.288,5281.913
5277.857,1773341100,5284.693,5276.919,5284.693
5278.826,1773342000,5282.541,5274.166,5277.846
5271.977,1773342900,5280.861,5271.977,5278.815
5270.118,1773343800,5272.262,5266.073,5271.971
5267.454,1773344700,5271.194,5266.867,5270.116
5257.835,1773345600,5267.437,5257.835,5267.437
5254.971,1773346500,5260.27,5254.971,5257.826
5256.497,1773347400,5263.319,5252.321,5254.948
5248.698,1773348300,5256.49,5248.698,5256.49
5252.567,1773349200,5260.464,5247.463,5248.687
5243.446,1773350100,5252.562,5243.446,5252.562
5234.136,1773351000,5243.442,5234.136,5243.442
5232.089,1773351900,5234.131,5225.283,5234.131
5241.816,1773352800,5244.533,5230.541,5232.073
5255.231,1773353700,5256.528,5240.93,5241.814
5268.67,1773354600,5271.686,5251.855,5255.22
5259.508,1773355500,5268.666,5259.508,5268.666
5249.921,1773356400,5259.493,5249.921,5259.493
5246.727,1773357300,5253.307,5246.727,5249.919
5252.973,1773358200,5254.191,5243.041,5246.714
5250.042,1773359100,5252.973,5246.559,5252.973
5245.406,1773360000,5250.029,5244.108,5250.029
5257.398,1773360900,5263.217,5244.614,5245.379
5247.747,1773361800,5257.391,5247.747,5257.391
5245.662,1773362700,5251.89,5244.587,5247.735
5254.236,1773363600,5256.609,5244.478,5245.651
5261.672,1773364500,5267.751,5252.356,5254.231
5267.467,1773365400,5275.863,5260.838,5261.651
5272.924,1773366300,5274.601,5262.528,5267.463
5281.618,1773367200,5285.624,5269.975,5272.907
5299.662,1773368100,5300.845,5279.875,5281.617
5299.36,1773369000,5303.823,5298.878,5299.661
5292.075,1773369900,5301.715,5292.075,5299.347
5304.703,1773370800,5306.172,5291.925,5292.058
5300.358,1773371700,5306.537,5300.358,5304.696
5311.734,1773372600,5312.004,5299.21,5300.336
5329.758,1773373500,5333.981,5310.362,5311.716
5320.15,1773374400,5329.74,5320.15,5329.74
5319.422,1773375300,5323.633,5316.256,5320.139
5309.793,1773376200,5319.405,5309.793,5319.405
5300.111,1773377100,5309.785,5300.111,5309.785
5293.417,1773378000,5300.109,5291.86,5300.109
5310.284,1773378900,5312.888,5289.505,5293.396
5318.098,1773379800,5320.669,5305.091,5310.284
5330.058,1773380700,5336.215,5323.031,5323.495
5353.999,1773381600,5355.856,5327.99,5330.052
5346.383,1773382500,5353.986,5346.383,5353.986
5348.981,1773383400,5351.149,5343.29,5346.382
5355.841,1773384300,5356.799,5348.367,5348.964
5368.509,1773385200,5371.806,5352.329,5355.812
5378.668,1773386100,5381.207,5367.626,5368.504
5387.002,1773387000,5387.242,5375.926,5378.651
5381.549,1773387900,5387.285,5381.324,5386.983
5394.528,1773388800,5397.804,5381.46,5381.543
5397.083,1773389700,5400.575,5389.331,5394.518
5398.743,1773390600,5402.364,5395.559,5397.074
5391.398,1773391500,5398.72,5391.398,5398.72
5407.503,1773392400,5414.138,5390.601,5391.381
5403.161,1773393300,5407.728,5403.161,5407.485
5393.56,1773394200,5403.145,5393.56,5403.145
5383.942,1773395100,5393.534,5383.942,5393.534
5380.397,1773396000,5385.071,5378.754,5383.93
5395.954,1773396900,5401.506,5378.76,5380.387
5386.571,1773397800,5395.944,5386.571,5395.944
5380.457,1773398700,5386.571,5380.457,5386.571
5382.981,1773399600,5392.424,5380.18,5380.445
5382.912,1773400500,5384.906,5375.238,5382.967
5382.894,1773401400,5384.851,5378.899,5382.909
5373.185,1773402300,5382.88,5373.185,5382.88
5369.762,1773403200,5373.664,5367.502,5373.178
5376.682,1773404100,5379.563,5368.723,5369.755
5387.395,1773405000,5388.822,5369.813,5376.65
5385.352,1773405900,5394.037,5385.352,5387.384
5394.228,1773406800,5394.616,5379.442,5385.334
5387.592,1773407700,5396.035,5387.592,5394.219
5377.895,1773408600,5387.587,5377.895,5387.587
5396.326,1773409500,5396.811,5373.401,5377.872
5398.85,1773410400,5401.131,5393.4,5396.305
5396.442,1773411300,5403.303,5396.442,5398.825
5396.725,1773412200,5398.516,5392.956,5396.431
5389.171,1773413100,5396.708,5389.171,5396.708
5379.389,1773414000,5389.169,5379.389,5389.169
5381.489,1773414900,5391.082,5379.228,5379.38
5379.368,1773415800,5384.063,5376.557,5381.479
5369.303,1773416700,5379.346,5369.303,5379.346
5377.075,1773417600,5378.584,5366.273,5369.297
5372.163,1773418500,5379.413,5372.163,5377.07
5369.307,1773419400,5376.377,5369.307,5372.163
5379.454,1773420300,5382.242,5365.294,5369.287
5369.936,1773421200,5379.453,5369.936,5379.453
5360.938,1773422100,5369.932,5360.938,5369.932
5355.54,1773423000,5360.936,5352.539,5360.936
5345.879,1773423900,5355.518,5345.879,5355.518
5340.514,1773424800,5348.909,5340.514,5345.875
5333.232,1773425700,5340.499,5333.232,5340.499
5341.28,1773426600,5345.683,5333.135,5333.217
5345.421,1773427500,5349.783,5337.607,5341.252
5354.527,1773428400,5358.042,5343.041,5345.412
5354.681,1773429300,5363.59,5353.98,5354.518
5364.332,1773430200,5364.979,5347.55,5354.677
5354.625,1773431100,5364.315,5354.625,5364.315
5349.118,1773432000,5356.974,5349.118,5354.618
5349.33,1773432900,5350.108,5343.298,5349.115
5341.248,1773433800,5349.319,5341.248,5349.308
5342.643,1773434700,5344.774,5337.602,5341.241
5358.681,1773435600,5361.102,5340.001,5342.632
5367.949,1773436500,5368.329,5357.423,5358.662
5371.485,1773437400,5378.809,5367.043,5367.943
5361.853,1773438300,5371.467,5361.853,5371.467
5372.541,1773439200,5373.852,5358.043,5361.839
5366.294,1773440100,5372.524,5366.294,5372.524
5366.05,1773441000,5372.629,5363.769,5366.279
5359.656,1773441900,5366.049,5356.588,5366.049
5370.972,1773442800,5373.022,5354.624,5359.636
5363.338,1773443700,5370.959,5363.338,5370.959
5377.909,1773444600,5381.814,5361.194,5363.312
5373.343,1773445500,5382.552,5373.343,5377.903
5385.948,1773446400,5386.683,5372.32,5373.342
5377.023,1773447300,5385.93,5377.023,5385.93
5377.807,1773448200,5383.781,5376.357,5377.021
5385.373,1773449100,5386.261,5374.449,5377.79
5390.984,1773450000,5394.612,5384.254,5385.355
5386.303,1773450900,5390.979,5383.006,5390.979
5395.69,1773451800,5395.822,5379.548,5386.299
5399.267,1773452700,5399.319,5386.005,5395.688
5404.469,1773453600,5408.519,5397.213,5399.266
5399.968,1773454500,5405.182,5399.968,5404.456
5411.121,1773455400,5414.4,5398.571,5399.967
5401.255,1773456300,5411.088,5401.255,5411.088
5392.666,1773457200,5401.246,5392.25,5401.246
5383.279,1773458100,5392.653,5383.279,5392.653
5379.81,1773459000,5383.259,5378.655,5383.259
5370.556,1773459900,5379.793,5370.094,5379.793
5369.58,1773460800,5371.804,5363.06,5370.547
5368.382,1773461700,5372.042,5367.182,5369.577
5361.82,1773462600,5368.377,5361.82,5368.377
5352.156,1773463500,5361.799,5352.156,5361.799
5349.228,1773464400,5352.149,5344.522,5352.149
5360.152,1773465300,5360.858,5346.993,5349.209
5350.674,1773466200,5360.143,5350.674,5360.143
5341.113,1773467100,5350.668,5341.113,5350.668
5336.67,1773468000,5341.101,5334.491,5341.101
5334.861,1773468900,5336.664,5328.356,5336.664
5328.609,1773469800,5334.925,5328.609,5334.847
5328.722,1773470700,5332.338,5326.47,5328.606
5329.832,1773471600,5335.913,5328.462,5328.715
5332.9,1773472500,5333.173,5322.624,5329.824
5342.798,1773473400,5342.809,5330.932,5332.895
5345.549,1773474300,5350.689,5340.514,5342.792
5347.04,1773475200,5351.947,5341.096,5345.536
5337.559,1773476100,5347.039,5337.559,5347.039
5347.882,1773477000,5353.205,5337.481,5337.558
5348.243,1773477900,5352.291,5344.013,5347.87
5343.539,1773478800,5348.22,5342.46,5348.22
5348.052,1773479700,5352.392,5342.724,5343.529
5338.681,1773480600,5348.052,5338.681,5348.052
5329.761,1773481500,5338.666,5329.276,5338.666
5324.682,1773482400,5332.72,5324.682,5329.744
5339.786,1773483300,5343.043,5321.495,5324.667
5330.444,1773484200,5339.862,5330.444,5339.785
5327.316,1773485100,5336.576,5327.316,5330.436
5341.889,1773486000,5345.604,5326.464,5327.303
5332.266,1773486900,5341.881,5332.266,5341.881
5323.354,1773487800,5332.265,5323.354,5332.265
5341.508,1773488700,5343.559,5322.656,5323.342
5343.614,1773489600,5346.859,5339.116,5341.5
5336.015,1773490500,5343.607,5334.745,5343.607
5329.983,1773491400,5336.573,5329.983,5336.01
5321.076,1773492300,5329.945,5321.076,5329.945
5328.955,1773493200,5329.551,5317.717,5321.065
5330.828,1773494100,5333.333,5322.788,5328.953
5330.359,1773495000,5332.247,5327.12,5330.817
5326.382,1773495900,5334.537,5326.382,5330.325
5316.563,1773496800,5326.365,5316.563,5326.365
5306.91,1773497700,5316.559,5306.91,5316.559
5309.395,1773498600,5314.56,5302.644,5306.895
5302.584,1773499500,5309.388,5302.584,5309.388
5297.928,1773500400,5303.308,5297.928,5302.576
5296.641,1773501300,5301.695,5296.617,5297.9
5304.985,1773502200,5305.364,5295.583,5296.629
5305.716,1773503100,5305.778,5299.669,5304.985
5303.554,1773504000,5310.609,5303.012,5305.71
5300.466,1773504900,5306.247,5299.684,5303.527
5297.14,1773505800,5304.755,5297.14,5300.453
5287.713,1773506700,5297.124,5287.713,5297.124
5282.405,1773507600,5289.805,5282.405,5287.712
5279.217,1773508500,5282.4,5276.761,5282.4
5273.906,1773509400,5279.21,5272.071,5279.21
5274.904,1773510300,5278.584,5267.898,5273.901
5270.614,1773511200,5278.03,5270.614,5274.885
5263.242,1773512100,5270.588,5263.242,5270.588
5259.516,1773513000,5263.226,5255.922,5263.226
5250.156,1773513900,5259.504,5250.156,5259.504
5253.891,1773514800,5257.141,5249.774,5250.145
5252.754,1773515700,5256.987,5248.811,5253.887
5243.197,1773516600,5252.733,5243.197,5252.733
5238.653,1773517500,5246.874,5238.653,5243.176
5230.477,1773518400,5238.651,5230.477,5238.651
5228.862,1773519300,5231.792,5223.814,5230.461
5235.136,1773520200,5236.086,5226.783,5228.855
5242.49,1773521100,5243.847,5229.451,5235.121
5239.372,1773522000,5243.201,5237.756,5242.488
5229.906,1773522900,5239.368,5229.906,5239.368
5220.515,1773523800,5229.871,5220.515,5229.871
5222.775,1773524700,5227.681,5217.04,5220.511
5224.035,1773525600,5224.421,5217.732,5222.768
5221.065,1773526500,5224.029,5215.986,5224.029
5211.704,1773527400,5221.058,5211.704,5221.058
5205.157,1773528300,5214.465,5205.157,5211.691
5196.203,1773529200,5205.145,5196.203,5205.145
5196.11,1773530100,5204.808,5195.843,5196.181
5198.716,1773531000,5201.443,5190.375,5196.096
5196.566,1773531900,5201.705,5194.675,5198.708
5187.187,1773532800,5196.545,5187.187,5196.545
5177.998,1773533700,5187.173,5177.998,5187.173
5173.213,1773534600,5177.992,5173.184,5177.992
5183.01,1773535500,5185.179,5170.564,5173.207
5174.114,1773536400,5183.008,5174.114,5183.008
5187.646,1773537300,5187.796,5173.161,5174.097
5191.031,1773538200,5196.268,5186.387,5187.639
5190.371,1773539100,5193.431,5184.914,5191.025
5206.0,1773540000,5206.83,5188.727,5190.36
5196.689,1773540900,5205.991,5196.689,5205.991
5201.636,1773541800,5206.069,5194.825,5196.683
5203.493,1773542700,5205.36,5194.814,5201.625
5205.282,1773543600,5210.829,5199.675,5203.49
5200.774,1773544500,5205.297,5200.397,5205.274
5210.749,1773545400,5211.822,5195.656,5200.757
5221.356,1773546300,5221.356,5204.822,5210.746
5218.215,1773547200,5221.348,5212.273,5221.348
5214.462,1773548100,5223.197,5214.462,5218.202
5245.244,1773549000,5248.157,5214.387,5214.445
5247.992,1773549900,5248.283,5237.043,5245.225
5238.748,1773550800,5247.992,5238.748,5247.992
5236.992,1773551700,5240.169,5233.576,5238.731
5228.271,1773552600,5236.961,5228.271,5236.961
5226.435,1773553500,5232.922,5226.119,5228.271
5217.057,1773554400,5226.428,5217.057,5226.428
5221.013,1773555300,5222.884,5213.748,5217.051
5214.389,1773556200,5221.004,5212.807,5221.004
5205.495,1773557100,5214.373,5205.495,5214.373
5199.216,1773558000,5205.485,5199.216,5205.485
5204.599,1773558900,5210.479,5199.069,5199.214
5197.083,1773559800,5204.588,5197.083,5204.588
5199.304,1773560700,5202.246,5190.666,5197.082
5189.988,1773561600,5199.288,5189.988,5199.288
5187.804,1773562500,5195.343,5187.804,5189.964
5186.71,1773563400,5195.168,5186.71,5187.8
5196.652,1773564300,5203.275,5185.752,5186.708
5199.094,1773565200,5206.044,5195.818,5196.644
5192.605,1773566100,5200.188,5192.605,5199.083
5198.041,1773567000,5201.859,5190.415,5192.592
5201.515,1773567900,5209.89,5197.181,5198.033
5202.121,1773568800,5205.977,5199.427,5201.507
5198.301,1773569700,5202.357,5196.861,5202.101
5189.174,1773570600,5198.279,5189.174,5198.279
5186.085,1773571500,5189.164,5181.179,5189.164
5182.808,1773572400,5187.212,5182.808,5186.078
5183.962,1773573300,5187.97,5179.402,5182.806
5174.369,1773574200,5183.947,5174.369,5183.947
5184.688,1773575100,5187.911,5172.29,5174.365
5189.236,1773576000,5192.7,5182.734,5184.673
5190.488,1773576900,5194.788,5185.494,5189.222
5181.38,1773577800,5190.485,5181.38,5190.485
5180.995,1773578700,5185.215,5176.211,5181.371
5171.531,1773579600,5180.977,5171.531,5180.977
5166.157,1773580500,5171.518,5166.157,5171.518
5203.035,1773581400,5203.679,5162.936,5166.153
5204.673,1773582300,5213.103,5202.019,5203.031
5195.625,1773583200,5204.666,5195.625,5204.666
5186.553,1773584100,5195.623,5186.553,5195.623
5179.392,1773585000,5187.602,5179.392,5186.536
5180.5,1773585900,5184.024,5177.356,5179.373
5181.171,1773586800,5182.676,5172.901,5180.479
5183.929,1773587700,5184.6,5175.398,5181.169
5180.96,1773588600,5187.741,5180.96,5183.924
5178.133,1773589500,5184.429,5178.133,5180.955
5175.801,1773590400,5185.141,5175.801,5178.098
5176.859,1773591300,5182.034,5175.682,5175.795
5167.422,1773592200,5176.852,5167.422,5176.852
5158.253,1773593100,5167.404,5158.253,5167.404
5149.297,1773594000,5158.234,5149.297,5158.234
5148.111,1773594900,5151.989,5143.796,5149.295
5139.237,1773595800,5148.099,5139.237,5148.099
5135.166,1773596700,5139.23,5132.817,5139.23
5134.556,1773597600,5142.388,5133.765,5135.143
5154.329,1773598500,5155.002,5134.395,5134.529
5150.072,1773599400,5154.315,5146.094,5154.315
5140.394,1773600300,5150.052,5140.394,5150.052
5149.72,1773601200,5155.133,5139.679,5140.385
5141.879,1773602100,5150.818,5141.879,5149.705
5138.872,1773603000,5145.667,5138.872,5141.872
5148.465,1773603900,5150.544,5135.375,5138.868
5142.334,1773604800,5149.47,5142.334,5148.459
5146.167,1773605700,5146.729,5137.282,5142.322
5151.517,1773606600,5159.768,5145.3,5146.161
5146.795,1773607500,5154.805,5146.795,5151.51
5140.809,1773608400,5147.704,5140.809,5146.79
5135.408,1773609300,5142.436,5135.408,5140.8
5126.481,1773610200,5135.406,5126.481,5135.406
5119.249,1773611100,5126.48,5119.249,5126.48
5123.664,1773612000,5127.05,5118.983,5119.227
5129.135,1773612900,5131.63,5120.355,5123.659
5150.097,1773613800,5151.8,5128.657,5129.115
5141.394,1773614700,5150.093,5141.394,5150.093
5150.603,1773615600,5152.914,5136.531,5141.384
5154.058,1773616500,5160.229,5147.91,5150.581
5158.195,1773617400,5164.3,5152.551,5154.05
5166.358,1773618300,5166.622,5153.7,5158.194
5174.517,1773619200,5178.355,5165.588,5166.335
5169.837,1773620100,5175.001,5169.837,5174.49
5160.217,1773621000,5169.83,5160.217,5169.83
5155.991,1773621900,5160.206,5151.558,5160.206
5155.853,1773622800,5156.946,5150.743,5155.971
5161.435,1773623700,5169.217,5154.655,5155.853
5163.815,1773624600,5164.959,5155.724,5161.433
5163.813,1773625500,5164.587,5155.753,5163.804
5154.32,1773626400,5163.799,5154.32,5163.799
5151.386,1773627300,5156.607,5151.386,5154.308
5147.474,1773628200,5151.363,5146.158,5151.363
5151.291,1773629100,5156.51,5145.685,5147.472
5142.277,1773630000,5151.279,5142.277,5151.279
5136.556,1773630900,5143.636,5136.556,5142.266
5137.235,1773631800,5143.608,5136.012,5136.554
5130.378,1773632700,5138.892,5130.378,5137.225
5125.688,1773633600,5130.475,5125.634,5130.375
5122.289,1773634500,5127.385,5121.603,5125.667
5114.225,1773635400,5122.277,5114.225,5122.277
5112.312,1773636300,5114.203,5106.271,5114.203
5103.261,1773637200,5112.308,5103.261,5112.308
5097.613,1773638100,5103.543,5097.613,5103.241
5104.899,1773639000,5105.273,5097.122,5097.602
5115.5,1773639900,5115.529,5095.57,5104.899
5116.826,1773640800,5117.845,5110.038,5115.487
5111.548,1773641700,5116.815,5108.381,5116.815
5135.197,1773642600,5137.833,5110.918,5111.544
5129.411,1773643500,5135.182,5129.411,5135.182
5121.815,1773644400,5129.404,5120.832,5129.404
5122.212,1773645300,5126.825,5119.869,5121.811
5116.832,1773646200,5122.209,5115.442,5122.209
5108.047,1773647100,5116.83,5108.047,5116.83
5111.428,1773648000,5111.677,5099.206,5108.028
5114.93,1773648900,5118.851,5108.708,5111.417
5116.624,1773649800,5122.162,5112.768,5114.928
5108.544,1773650700,5116.619,5108.544,5116.619
5099.3,1773651600,5108.534,5099.3,5108.534
5113.364,1773652500,5117.543,5096.549,5099.292
5104.414,1773653400,5113.359,5104.414,5113.359
5106.151,1773654300,5109.731,5102.957,5104.406
5102.431,1773655200,5107.794,5102.143,5106.135
5093.412,1773656100,5102.417,5093.412,5102.417
5088.057,1773657000,5094.242,5088.057,5093.394
5089.749,1773657900,5098.508,5087.712,5088.054
5081.612,1773658800,5089.744,5081.612,5089.744
5096.625,1773659700,5097.565,5080.043,5081.599
5089.725,1773660600,5096.614,5089.725,5096.614
5085.0,1773661500,5089.711,5082.674,5089.711
5103.535,1773662400,5111.122,5084.538,5084.999
5108.288,1773663300,5109.648,5097.869,5103.52
5099.398,1773664200,5108.28,5099.398,5108.28
5090.054,1773665100,5099.393,5090.054,5099.393
5093.606,1773666000,5094.098,5088.877,5090.045
5084.428,1773666900,5093.596,5084.428,5093.596
5075.212,1773667800,5084.417,5075.212,5084.417
5068.226,1773668700,5075.208,5068.226,5075.208
5059.326,1773669600,5068.215,5059.326,5068.215
5073.693,1773670500,5078.973,5057.817,5059.317
5078.554,1773671400,5082.287,5073.436,5073.689
5080.624,1773672300,5083.163,5072.011,5078.538
5078.488,1773673200,5080.779,5073.762,5080.605
5078.601,1773674100,5084.779,5077.119,5078.473
5073.053,1773675000,5078.598,5073.053,5078.598
5073.113,1773675900,5078.776,5069.437,5073.035
5064.188,1773676800,5073.11,5064.188,5073.11
5056.06,1773677700,5064.187,5056.06,5064.187
5046.581,1773678600,5056.058,5046.581,5056.058
5046.206,1773679500,5046.568,5037.719,5046.568
5036.687,1773680400,5046.192,5036.687,5046.192
5043.338,1773681300,5043.974,5035.463,5036.683
5049.659,1773682200,5052.709,5038.934,5043.325
5047.89,1773683100,5056.274,5047.89,5049.64
5043.723,1773684000,5047.881,5042.02,5047.881
5044.766,1773684900,5049.374,5042.393,5043.706
5035.415,1773685800,5044.752,5035.415,5044.752
5026.299,1773686700,5035.413,5026.299,5035.413
5048.409,1773687600,5049.707,5020.975,5026.295
5040.179,1773688500,5048.546,5040.179,5048.391
5058.014,1773689400,5060.822,5039.113,5040.168
5058.482,1773690300,5066.904,5057.598,5058.014
5055.794,1773691200,5059.308,5053.012,5058.474
5066.585,1773692100,5066.982,5052.774,5055.791
5069.743,1773693000,5071.743,5063.648,5066.579
5072.468,1773693900,5076.408,5067.538,5069.733
5076.328,1773694800,5081.84,5072.118,5072.46
5073.931,1773695700,5079.775,5072.569,5076.311
5079.102,1773696600,5085.402,5073.158,5073.929
5085.424,1773697500,5088.865,5075.682,5079.096
5078.354,1773698400,5085.393,5078.354,5085.393
5088.599,1773699300,5091.886,5078.201,5078.334
5079.878,1773700200,5088.588,5079.878,5088.588
5089.513,1773701100,5090.448,5076.099,5079.858
5091.586,1773702000,5098.828,5087.492,5089.498
5103.82,1773702900,5104.73,5090.793,5091.58
5100.09,1773703800,5104.347,5099.016,5103.814
5097.257,1773704700,5100.087,5091.254,5100.087
5101.486,1773705600,5106.055,5093.176,5097.256
5113.84,1773706500,5114.296,5099.173,5101.469
5126.721,1773707400,5130.449,5113.778,5113.821
5121.959,1773708300,5126.716,5119.206,5126.716
5114.271,1773709200,5121.955,5114.271,5121.955
5115.271,1773710100,5116.81,5110.297,5114.266
5105.828,1773711000,5115.27,5105.828,5115.27
5117.92,1773711900,5121.251,5103.21,5105.818
5108.843,1773712800,5117.918,5108.843,5117.918
5103.488,1773713700,5109.321,5103.488,5108.836
5100.527,1773714600,5106.392,5099.982,5103.478
5091.486,1773715500,5100.522,5091.486,5100.522
5081.91,1773716400,5091.479,5081.91,5091.479
5092.092,1773717300,5093.305,5079.893,5081.885
5084.005,1773718200,5092.08,5084.005,5092.08
5079.445,1773719100,5083.996,5078.027,5083.996
5084.295,1773720000,5087.694,5079.417,5079.437
5075.359,1773720900,5084.292,5075.359,5084.292
5065.747,1773721800,5075.352,5065.747,5075.352
5064.921,1773722700,5069.069,5060.557,5065.746
5073.749,1773723600,5078.032,5064.83,5064.912
5065.822,1773724500,5073.743,5065.822,5073.743
5072.487,1773725400,5075.225,5065.536,5065.82
5063.518,1773726300,5072.486,5063.518,5072.486
5069.198,1773727200,5076.61,5062.801,5063.503
5060.595,1773728100,5069.194,5060.595,5069.194
5062.644,1773729000,5066.504,5058.936,5060.594
5065.965,1773729900,5068.216,5057.654,5062.637
5059.223,1773730800,5065.959,5058.131,5065.959
5064.807,1773731700,5068.124,5055.699,5059.21
5055.641,1773732600,5064.793,5055.641,5064.793
5059.805,1773733500,5068.313,5055.033,5055.627
5059.329,1773734400,5062.158,5053.64,5059.792
5051.641,1773735300,5059.326,5050.978,5059.326
5045.985,1773736200,5051.641,5044.021,5051.641
5055.4,1773737100,5057.653,5043.834,5045.981
5049.437,1773738000,5055.392,5049.437,5055.392
5051.953,1773738900,5053.8,5044.52,5049.417
5046.856,1773739800,5051.946,5046.127,5051.946
5037.533,1773740700,5046.849,5037.533,5046.849
5059.132,1773741600,5059.179,5035.828,5037.531
5063.244,1773742500,5071.354,5058.416,5059.122
5054.705,1773743400,5063.234,5054.705,5063.234
5051.026,1773744300,5055.994,5051.026,5054.694
5064.328,1773745200,5066.381,5046.577,5051.024
5059.708,1773746100,5064.323,5059.198,5064.323
5057.993,1773747000,5061.397,5054.628,5059.707
5060.603,1773747900,5063.611,5055.162,5057.973
5065.575,1773748800,5065.735,5059.919,5060.602
5059.257,1773749700,5065.569,5059.257,5065.569
5068.648,1773750600,5070.744,5056.752,5059.252
5063.124,1773751500,5071.8,5063.124,5068.647
5059.405,1773752400,5064.341,5059.405,5063.108
5058.144,1773753300,5061.685,5055.714,5059.397
5056.968,1773754200,5059.907,5053.461,5058.129
5053.951,1773755100,5056.967,5050.628,5056.967
5072.232,1773756000,5073.406,5053.131,5053.945
5074.506,1773756900,5080.37,5070.497,5072.228
5074.621,1773757800,5082.654,5073.625,5074.487
5078.146,1773758700,5082.538,5070.02,5074.619
5072.974,1773759600,5082.142,5072.974,5078.133
5099.731,1773760500,5101.958,5072.744,5072.955
5090.561,1773761400,5099.711,5090.561,5099.711
5084.853,1773762300,5090.56,5082.398,5090.56
5075.234,1773763200,5084.84,5075.234,5084.84
5080.306,1773764100,5083.504,5073.428,5075.218
5076.19,1773765000,5084.562,5076.19,5080.283
5072.842,1773765900,5076.178,5069.401,5076.178
5065.842,1773766800,5072.84,5064.605,5072.84
5060.671,1773767700,5066.16,5059.146,5065.839
5073.498,1773768600,5075.64,5059.586,5060.654
5078.679,1773769500,5082.101,5070.674,5073.498
5073.103,1773770400,5078.656,5071.866,5078.656
5075.178,1773771300,5081.186,5069.85,5073.095
5079.185,1773772200,5079.551,5069.563,5075.165
5077.374,1773773100,5079.353,5075.248,5079.18
5071.761,1773774000,5078.912,5071.761,5077.361
5071.461,1773774900,5074.466,5065.748,5071.749
5067.608,1773775800,5071.45,5062.641,5071.45
5061.228,1773776700,5067.596,5061.228,5067.596
5054.302,1773777600,5061.677,5054.302,5061.207
5055.606,1773778500,5056.553,5045.948,5054.293
5054.555,1773779400,5061.659,5054.555,5055.604
5051.612,1773780300,5054.551,5047.39,5054.551
5046.92,1773781200,5051.612,5046.136,5051.612
5048.179,1773782100,5049.146,5042.478,5046.91
5049.432,1773783000,5054.812,5044.39,5048.178
5072.445,1773783900,5077.721,5048.391,5049.426
5073.191,1773784800,5077.171,5067.375,5072.439
5073.699,1773785700,5076.646,5070.959,5073.172
5064.684,1773786600,5073.694,5064.684,5073.694
5058.491,1773787500,5067.075,5058.491,5064.682
5063.006,1773788400,5064.79,5055.716,5058.48
5077.806,1773789300,5080.275,5062.441,5062.986
5071.03,1773790200,5077.78,5068.926,5077.78
5062.632,1773791100,5071.012,5062.632,5071.012
5061.197,1773792000,5062.608,5055.452,5062.608
5066.821,1773792900,5074.685,5061.154,5061.177
5065.101,1773793800,5071.608,5065.101,5066.812
5072.454,1773794700,5074.153,5064.805,5065.097
5063.037,1773795600,5072.442,5063.037,5072.442
5054.022,1773796500,5063.035,5054.022,5063.035
5064.793,1773797400,5067.687,5051.641,5054.012
5064.697,1773798300,5068.807,5062.196,5064.764
5089.645,1773799200,5089.947,5060.362,5064.675
5080.634,1773800100,5089.619,5080.634,5089.619
5071.911,1773801000,5080.633,5071.911,5080.633
5070.699,1773801900,5075.145,5067.436,5071.91
5101.232,1773802800,5104.461,5070.324,5070.68
5115.863,1773803700,5118.918,5099.866,5101.222
5106.841,1773804600,5115.855,5106.841,5115.855
5100.113,1773805500,5108.963,5100.113,5106.838
5092.075,1773806400,5100.097,5092.075,5100.097
5094.502,1773807300,5097.571,5085.988,5092.071
5103.69,1773808200,5104.068,5087.393,5094.497
5095.004,1773809100,5103.689,5095.004,5103.689
5095.709,1773810000,5102.398,5092.711,5094.991
5091.739,1773810900,5095.707,5089.084,5095.707
5113.881,1773811800,5115.354,5091.423,5091.729
5107.647,1773812700,5113.88,5104.571,5113.88
5105.468,1773813600,5110.255,5103.257,5107.637
5103.863,1773814500,5105.816,5100.568,5105.465
5094.827,1773815400,5103.853,5094.827,5103.853
5101.46,1773816300,5105.394,5093.911,5094.825
5107.178,1773817200,5109.749,5095.866,5101.448
5108.017,1773818100,5109.454,5101.79,5107.168
5121.081,1773819000,5123.592,5104.665,5107.999
5113.675,1773819900,5121.071,5112.426,5121.071
5126.308,1773820800,5127.842,5112.764,5113.663
5126.276,1773821700,5128.855,5119.591,5126.287
5136.898,1773822600,5140.425,5122.0,5126.275
5132.273,1773823500,5136.893,5131.416,5136.893
5122.942,1773824400,5132.269,5122.942,5132.269
5113.671,1773825300,5122.929,5113.671,5122.929
5122.331,1773826200,5124.088,5110.93,5113.652
5129.7,1773827100,5133.05,5119.799,5122.302
5123.841,1773828000,5132.713,5123.841,5129.698
5134.558,1773828900,5134.739,5122.697,5123.839
5135.525,1773829800,5135.63,5129.429,5134.543
5129.333,1773830700,5135.506,5129.333,5135.506
5120.057,1773831600,5129.319,5120.057,5129.319
5120.918,1773832500,5128.903,5119.782,5120.048
5130.941,1773833400,5136.72,5119.414,5120.907
5136.451,1773834300,5141.03,5127.226,5130.921
5127.981,1773835200,5136.446,5127.156,5136.446
5120.882,1773836100,5127.968,5120.882,5127.968
5111.929,1773837000,5120.863,5111.929,5120.863
5102.731,1773837900,5111.913,5102.731,5111.913
5099.219,1773838800,5102.711,5095.228,5102.711
5097.016,1773839700,5102.672,5096.529,5099.216
5087.767,1773840600,5097.016,5087.767,5097.016
5078.454,1773841500,5087.753,5078.454,5087.753
5084.149,1773842400,5084.345,5074.074,5078.424
5091.37,1773843300,5092.223,5081.664,5084.142
5081.89,1773844200,5091.361,5081.89,5091.361
5083.386,1773845100,5086.571,5078.912,5081.875
5085.201,1773846000,5092.567,5082.305,5083.38
5090.002,1773846900,5092.29,5080.09,5085.198
5085.359,1773847800,5089.998,5082.557,5089.998
5076.213,1773848700,5085.345,5076.213,5085.345
5081.705,1773849600,5083.863,5072.276,5076.207
5072.806,1773850500,5081.696,5072.806,5081.696
5064.776,1773851400,5072.795,5064.776,5072.795
5055.513,1773852300,5064.766,5055.513,5064.766
5048.049,1773853200,5055.513,5048.049,5055.513
5041.712,1773854100,5048.04,5040.036,5048.04
5044.395,1773855000,5045.944,5038.314,5041.702
5035.261,1773855900,5044.389,5035.261,5044.389
5043.088,1773856800,5049.311,5033.319,5035.253
5074.421,1773857700,5079.075,5042.934,5043.076
5071.827,1773858600,5076.08,5068.364,5074.412
5069.692,1773859500,5075.219,5069.692,5071.814
5082.719,1773860400,5085.124,5065.279,5069.69
5075.29,1773861300,5082.718,5075.29,5082.718
5070.35,1773862200,5075.726,5070.35,5075.283
5061.276,1773863100,5070.341,5061.276,5070.341
5067.361,1773864000,5068.586,5057.166,5061.272
5071.253,1773864900,5075.729,5064.677,5067.344
5065.342,1773865800,5071.532,5065.342,5071.245
5070.379,1773866700,5072.3,5062.088,5065.327
5062.669,1773867600,5070.355,5062.374,5070.355
5097.666,1773868500,5100.285,5062.397,5062.654
5091.305,1773869400,5097.64,5091.305,5097.64
5097.179,1773870300,5098.709,5088.292,5091.305
5096.186,1773871200,5099.455,5092.129,5097.173
5117.785,1773872100,5119.599,5090.838,5096.182
5112.715,1773873000,5120.973,5112.715,5117.782
5115.379,1773873900,5115.796,5103.658,5112.708
5109.198,1773874800,5115.361,5106.991,5115.361
5107.327,1773875700,5111.253,5104.286,5109.193
5098.294,1773876600,5107.321,5098.294,5107.321
5119.273,1773877500,5123.218,5096.655,5098.278
5121.522,1773878400,5127.388,5119.183,5119.259
5131.775,1773879300,5135.491,5120.99,5121.51
5131.421,1773880200,5133.719,5124.835,5131.769
5144.981,1773881100,5150.503,5129.725,5131.412
5146.088,1773882000,5151.153,5141.298,5144.978
5143.912,1773882900,5152.376,5143.912,5146.067
5140.555,1773883800,5144.965,5139.037,5143.91
5138.134,1773884700,5140.544,5132.761,5140.544
5134.873,1773885600,5143.646,5134.873,5138.122
5138.376,1773886500,5139.892,5129.269,5134.872
5141.817,1773887400,5146.014,5133.811,5138.364
5147.695,1773888300,5148.305,5136.464,5141.812
5156.121,1773889200,5159.89,5144.262,5147.693
5159.185,1773890100,5159.519,5151.862,5156.115
5169.769,1773891000,5172.853,5153.637,5159.182
5185.595,1773891900,5187.038,5168.779,5169.749
5176.464,1773892800,5185.589,5176.464,5185.589
5179.0,1773893700,5180.013,5172.959,5176.45
5176.365,1773894600,5184.698,5176.365,5178.991
5191.437,1773895500,5194.045,5173.855,5176.35
5202.805,1773896400,5210.507,5191.371,5191.435
5215.812,1773897300,5216.142,5196.66,5202.8
5236.332,1773898200,5236.853,5215.088,5215.803
5240.592,1773899100,5241.825,5232.457,5236.327
5249.952,1773900000,5250.897,5236.371,5240.57
5240.451,1773900900,5249.951,5240.451,5249.951
5256.194,1773901800,5259.432,5237.877,5240.44
5254.443,1773902700,5259.277,5251.987,5256.17
5260.695,1773903600,5260.805,5245.197,5254.423
5256.479,1773904500,5263.619,5256.479,5260.678
5252.522,1773905400,5257.673,5251.196,5256.472
5254.213,1773906300,5256.172,5248.627,5252.517
5249.787,1773907200,5255.991,5249.787,5254.203
5247.774,1773908100,5255.269,5247.774,5249.773
5241.036,1773909000,5247.833,5241.036,5247.763
5236.853,1773909900,5241.033,5233.266,5241.033
5235.394,1773910800,5237.202,5230.428,5236.85
5231.067,1773911700,5235.379,5229.822,5235.379
5221.515,1773912600,5231.067,5221.515,5231.067
5212.021,1773913500,5221.501,5212.021,5221.501
5215.473,1773914400,5217.744,5206.18,5212.003
5208.292,1773915300,5215.727,5208.292,5215.446
5204.393,1773916200,5208.288,5199.354,5208.288
5201.14,1773917100,5204.393,5198.051,5204.393
5195.947,1773918000,5201.14,5194.736,5201.14
5198.424,1773918900,5198.441,5188.005,5195.93
5196.219,1773919800,5199.657,5194.531,5198.412
5198.021,1773920700,5205.695,5194.356,5196.215
5195.957,1773921600,5198.001,5190.071,5198.001
5189.641,1773922500,5195.954,5189.641,5195.954
5181.686,1773923400,5189.623,5181.686,5189.623
5172.452,1773924300,5181.669,5172.452,5181.669
5170.492,1773925200,5179.909,5170.492,5172.445
5177.778,1773926100,5178.61,5166.161,5170.482
5174.056,1773927000,5179.038,5173.986,5177.776
5164.626,1773927900,5174.054,5164.626,5174.054
5179.381,1773928800,5181.486,5162.233,5164.602
5183.951,1773929700,5184.432,5171.953,5179.37
5174.936,1773930600,5183.938,5174.936,5183.938
5171.279,1773931500,5174.928,5168.617,5174.928
5188.107,1773932400,5188.375,5168.262,5171.263
5189.376,1773933300,5191.151,5185.653,5188.107
5185.777,1773934200,5193.081,5185.777,5189.36
5189.431,1773935100,5197.014,5184.558,5185.776
5186.613,1773936000,5189.429,5183.562,5189.429
5183.263,1773936900,5190.366,5183.263,5186.607
5179.247,1773937800,5188.116,5179.247,5183.246
5198.07,1773938700,5200.386,5179.054,5179.243
5198.747,1773939600,5201.9,5195.294,5198.054
5207.518,1773940500,5212.595,5196.554,5198.744
5212.777,1773941400,5213.237,5199.703,5207.513
5226.327,1773942300,5231.202,5210.428,5212.773
5228.372,1773943200,5231.806,5223.45,5226.317
5220.547,1773944100,5230.189,5220.547,5228.343
5212.96,1773945000,5222.133,5212.96,5222.133
5208.53,1773945900,5215.815,5208.53,5212.947
5198.95,1773946800,5208.522,5198.95,5208.522
5194.96,1773947700,5199.165,5193.896,5198.938
5203.579,1773948600,5206.487,5194.266,5194.952
5199.476,1773949500,5203.56,5195.149,5203.56
5190.846,1773950400,5199.464,5190.846,5199.464
5193.066,1773951300,5195.693,5188.552,5190.833
5190.771,1773952200,5196.733,5190.321,5193.059
5197.237,1773953100,5200.925,5186.704,5190.755
5209.179,1773954000,5215.328,5196.188,5197.233
5199.715,1773954900,5209.173,5199.715,5209.173
5201.741,1773955800,5207.895,5198.911,5199.704
5203.022,1773956700,5209.301,5199.397,5201.714
5215.105,1773957600,5218.209,5200.975,5203.018
5220.179,1773958500,5223.617,5210.765,5215.072
5226.165,1773959400,5230.483,5219.882,5220.159
5219.707,1773960300,5226.155,5219.707,5226.155
5225.891,1773961200,5229.974,5217.875,5219.702
5225.222,1773962100,5227.753,5222.664,5225.882
5225.521,1773963000,5227.4,5218.522,5225.21
5216.421,1773963900,5225.52,5216.421,5225.52
5216.165,1773964800,5220.974,5214.686,5216.417
5211.856,1773965700,5216.162,5208.246,5216.162
5216.245,1773966600,5222.257,5210.688,5211.851
5211.911,1773967500,5216.745,5211.642,5216.231
5205.831,1773968400,5214.764,5205.831,5211.909
5201.27,1773969300,5205.829,5201.27,5205.829
5202.624,1773970200,5203.796,5194.594,5201.269
5199.603,1773971100,5205.555,5199.603,5202.617
5200.23,1773972000,5206.431,5196.223,5199.592
5207.041,1773972900,5210.998,5196.741,5200.206
5197.377,1773973800,5207.039,5197.377,5207.039
5209.205,1773974700,5210.536,5195.804,5197.364
5208.468,1773975600,5215.803,5208.254,5209.199
5218.942,1773976500,5223.738,5206.709,5208.455
5215.319,1773977400,5224.38,5215.319,5218.927
5206.061,1773978300,5215.313,5206.061,5215.313
5200.97,1773979200,5206.055,5199.712,5206.055
5192.607,1773980100,5200.965,5192.607,5200.965
5191.606,1773981000,5195.02,5190.139,5192.591
5187.738,1773981900,5191.604,5185.135,5191.604
5178.264,1773982800,5187.73,5178.264,5187.73
5201.108,1773983700,5201.964,5176.612,5178.255
5206.844,1773984600,5210.882,5200.988,5201.102
5197.863,1773985500,5206.84,5197.863,5206.84
