close,epoch,high,low,open
5169.602,1770059700,5174.92,5168.88,5174.92
5168.849,1770060600,5171.691,5165.106,5169.598
5159.153,1770061500,5168.844,5159.153,5168.844
5153.924,1770062400,5160.266,5153.924,5159.139
5145.623,1770063300,5153.902,5145.623,5153.902
5147.242,1770064200,5148.741,5140.315,5145.6
5153.701,1770065100,5155.416,5145.277,5147.239
5144.353,1770066000,5153.683,5144.353,5153.683
5182.059,1770066900,5182.17,5142.93,5144.347
5172.717,1770067800,5182.045,5172.717,5182.045
5165.083,1770068700,5172.708,5163.899,5172.708
5170.835,1770069600,5170.893,5160.776,5165.067
5161.548,1770070500,5170.835,5161.548,5170.835
5152.199,1770071400,5161.538,5152.199,5161.538
5145.738,1770072300,5153.235,5145.738,5152.192
5171.672,1770073200,5175.646,5145.673,5145.721
5163.228,1770074100,5171.664,5163.228,5171.664
5154.402,1770075000,5163.224,5154.402,5163.224
5169.316,1770075900,5171.266,5151.583,5154.395
5161.213,1770076800,5169.301,5161.123,5169.301
5171.717,1770077700,5176.844,5157.233,5161.2
5162.907,1770078600,5171.71,5162.907,5171.71
5174.046,1770079500,5178.745,5162.892,5162.892
5187.698,1770080400,5189.962,5170.875,5174.039
5196.045,1770081300,5197.664,5183.888,5187.696
5207.811,1770082200,5208.827,5194.5,5196.029
5201.163,1770083100,5207.796,5201.163,5207.796
5195.889,1770084000,5201.163,5194.611,5201.163
5189.253,1770084900,5195.871,5189.253,5195.871
5207.185,1770085800,5211.026,5188.197,5189.24
5209.716,1770086700,5214.927,5206.369,5207.172
5211.521,1770087600,5218.077,5208.828,5209.707
5210.195,1770088500,5218.329,5210.195,5211.518
5221.938,1770089400,5222.019,5205.44,5210.171
5212.753,1770090300,5221.933,5212.753,5221.933
5203.019,1770091200,5212.735,5203.019,5212.735
5206.296,1770092100,5207.347,5195.251,5203.018
5204.901,1770093000,5211.65,5203.737,5206.279
5200.392,1770093900,5208.936,5200.392,5204.879
5201.749,1770094800,5208.735,5200.182,5200.385
5199.849,1770095700,5203.809,5196.573,5201.729
5207.539,1770096600,5210.987,5195.055,5199.841
5211.851,1770097500,5214.089,5204.927,5207.534
5202.221,1770098400,5211.843,5202.221,5211.843
5198.558,1770099300,5203.378,5197.638,5202.212
5189.419,1770100200,5198.537,5189.419,5198.537
5187.038,1770101100,5195.57,5187.038,5189.415
5178.095,1770102000,5187.021,5178.095,5187.021
5197.023,1770102900,5199.432,5172.292,5178.068
5195.933,1770103800,5201.192,5194.996,5197.022
5208.454,1770104700,5213.65,5195.088,5195.925
5200.264,1770105600,5208.445,5200.264,5208.445
5193.723,1770106500,5200.619,5193.723,5200.263
5184.292,1770107400,5193.714,5184.292,5193.714
5181.447,1770108300,5185.285,5180.213,5184.286
5175.69,1770109200,5182.258,5175.69,5181.446
5183.241,1770110100,5186.12,5174.195,5175.668
5191.895,1770111000,5191.895,5181.183,5183.24
5182.481,1770111900,5191.871,5182.481,5191.871
5183.139,1770112800,5185.306,5178.189,5182.478
5193.895,1770113700,5197.072,5179.918,5183.134
5212.493,1770114600,5213.459,5193.491,5193.894
5209.768,1770115500,5212.691,5206.493,5212.491
5221.004,1770116400,5222.403,5208.684,5209.753
5214.637,1770117300,5220.99,5214.637,5220.99
5214.94,1770118200,5218.247,5208.524,5214.609
5207.116,1770119100,5214.935,5205.835,5214.935
5207.981,1770120000,5209.368,5199.208,5207.111
5198.473,1770120900,5207.973,5198.473,5207.973
5189.039,1770121800,5198.457,5189.039,5198.457
5182.2,1770122700,5191.058,5182.2,5189.032
5190.092,1770123600,5192.864,5181.65,5182.191
5200.743,1770124500,5207.677,5190.065,5190.087
5225.13,1770125400,5231.284,5199.337,5200.734
5225.055,1770126300,5231.192,5221.502,5225.117
5215.436,1770127200,5225.043,5215.436,5225.043
5207.816,1770128100,5215.425,5207.816,5215.425
5218.592,1770129000,5221.492,5204.363,5207.814
5209.037,1770129900,5218.591,5209.037,5218.591
5199.664,1770130800,5209.031,5199.664,5209.031
5190.276,1770131700,5199.628,5190.276,5199.628
5191.104,1770132600,5198.852,5189.707,5190.253
5181.993,1770133500,5191.092,5181.993,5191.092
5172.424,1770134400,5181.992,5172.424,5181.992
5163.189,1770135300,5172.421,5163.189,5172.421
5162.648,1770136200,5165.6,5160.833,5163.188
5153.663,1770137100,5162.645,5153.663,5162.645
5143.926,1770138000,5153.645,5143.926,5153.645
5134.573,1770138900,5143.922,5134.573,5143.922
5133.399,1770139800,5134.596,5126.85,5134.541
5124.317,1770140700,5133.389,5124.317,5133.389
5129.348,1770141600,5133.008,5122.597,5124.297
5136.534,1770142500,5136.907,5124.808,5129.327
5144.203,1770143400,5147.656,5133.768,5136.521
5144.865,1770144300,5151.5,5143.238,5144.194
5156.805,1770145200,5161.432,5144.517,5144.855
5153.383,1770146100,5157.826,5151.541,5156.792
5164.869,1770147000,5165.976,5152.867,5153.382
5155.688,1770147900,5164.855,5155.688,5164.855
5152.615,1770148800,5157.556,5151.089,5155.68
5143.227,1770149700,5152.611,5143.227,5152.611
5135.249,1770150600,5143.222,5135.249,5143.222
5137.447,1770151500,5144.08,5133.556,5135.246
5156.016,1770152400,5156.843,5137.327,5137.427
5146.554,1770153300,5156.007,5146.554,5156.007
5137.316,1770154200,5146.536,5137.316,5146.536
5144.769,1770155100,5146.871,5132.23,5137.313
5144.062,1770156000,5145.588,5137.618,5144.763
5142.365,1770156900,5145.696,5140.189,5144.045
5155.078,1770157800,5157.783,5136.859,5142.353
5154.417,1770158700,5155.826,5149.377,5155.071
5146.351,1770159600,5154.872,5146.351,5154.397
5156.725,1770160500,5159.534,5144.269,5146.336
5147.614,1770161400,5156.711,5147.614,5156.711
5156.141,1770162300,5161.155,5145.99,5147.614
5146.632,1770163200,5156.136,5146.632,5156.136
5147.925,1770164100,5149.528,5138.743,5146.617
5154.615,1770165000,5157.29,5144.586,5147.919
5150.55,1770165900,5154.613,5148.913,5154.613
5149.727,1770166800,5152.638,5144.402,5150.532
5150.4,1770167700,5154.977,5147.788,5149.701
5156.099,1770168600,5157.548,5149.15,5150.398
5159.386,1770169500,5162.399,5155.767,5156.087
5168.704,1770170400,5172.409,5157.277,5159.372
5179.401,1770171300,5182.702,5164.023,5168.7
5179.262,1770172200,5184.347,5176.646,5179.378
5169.83,1770173100,5179.245,5169.83,5179.245
5165.036,1770174000,5171.364,5165.036,5169.813
5159.451,1770174900,5165.03,5157.739,5165.03
5159.58,1770175800,5163.465,5157.401,5159.444
5165.282,1770176700,5166.557,5158.801,5159.563
5182.625,1770177600,5185.497,5162.134,5165.275
5176.234,1770178500,5182.622,5174.328,5182.622
5166.704,1770179400,5176.229,5166.704,5176.229
5176.955,1770180300,5178.414,5159.308,5166.702
5183.319,1770181200,5187.699,5173.675,5176.94
5174.17,1770182100,5183.307,5174.17,5183.307
5176.352,1770183000,5181.336,5173.691,5174.149
5173.237,1770183900,5176.335,5170.508,5176.335
5194.546,1770184800,5196.642,5173.138,5173.232
5185.189,1770185700,5194.535,5185.189,5194.535
5175.472,1770186600,5185.175,5175.472,5185.175
5168.207,1770187500,5175.453,5166.825,5175.453
5172.264,1770188400,5174.438,5160.98,5168.187
5162.946,1770189300,5172.256,5162.946,5172.256
5168.851,1770190200,5173.837,5159.112,5162.942
5164.959,1770191100,5168.839,5162.885,5168.839
5157.93,1770192000,5164.948,5157.93,5164.948
5161.24,1770192900,5166.645,5154.496,5157.911
5159.8,1770193800,5162.346,5154.703,5161.222
5152.392,1770194700,5159.796,5152.392,5159.796
5144.153,1770195600,5152.37,5143.289,5152.37
5137.215,1770196500,5145.849,5137.215,5144.146
5130.436,1770197400,5139.243,5130.436,5137.206
5138.026,1770198300,5141.539,5125.143,5130.436
5142.509,1770199200,5145.751,5137.146,5138.009
5133.235,1770200100,5142.498,5133.235,5142.498
5155.805,1770201000,5157.912,5129.235,5133.211
5165.003,1770201900,5166.471,5150.456,5155.797
5174.082,1770202800,5175.646,5163.739,5165.001
5171.825,1770203700,5174.205,5167.89,5174.073
5162.791,1770204600,5171.823,5162.791,5171.823
5183.422,1770205500,5184.947,5162.533,5162.79
5182.347,1770206400,5191.479,5182.347,5183.405
5182.856,1770207300,5188.9,5180.717,5182.34
5181.079,1770208200,5188.409,5181.079,5182.855
5180.567,1770209100,5182.683,5173.862,5181.073
5193.608,1770210000,5198.658,5179.155,5180.566
5192.429,1770210900,5197.394,5189.298,5193.591
5193.812,1770211800,5197.397,5188.83,5192.424
5184.548,1770212700,5193.791,5184.548,5193.791
5190.278,1770213600,5192.064,5181.673,5184.543
5198.812,1770214500,5202.194,5189.058,5190.273
5190.85,1770215400,5198.806,5190.85,5198.806
5181.458,1770216300,5190.822,5181.458,5190.822
5204.889,1770217200,5205.459,5178.378,5181.447
5200.649,1770218100,5204.871,5199.017,5204.871
5202.593,1770219000,5203.89,5193.502,5200.644
5193.052,1770219900,5202.584,5193.052,5202.584
5205.461,1770220800,5207.551,5190.789,5193.042
5222.025,1770221700,5224.22,5205.253,5205.44
5220.525,1770222600,5225.211,5217.283,5222.015
5223.262,1770223500,5227.75,5215.665,5220.507
5213.802,1770224400,5223.257,5213.802,5223.257
5213.357,1770225300,5214.471,5205.684,5213.795
5219.584,1770226200,5220.634,5209.507,5213.348
5213.402,1770227100,5219.575,5210.679,5219.575
5213.186,1770228000,5215.812,5206.63,5213.392
5217.706,1770228900,5221.091,5212.328,5213.183
5208.67,1770229800,5217.694,5208.67,5217.694
5229.5,1770230700,5229.653,5204.05,5208.669
5220.03,1770231600,5229.476,5220.03,5229.476
5210.654,1770232500,5220.025,5210.654,5220.025
5202.686,1770233400,5210.644,5201.75,5210.644
5210.193,1770234300,5215.782,5200.123,5202.678
5214.72,1770235200,5216.929,5207.838,5210.185
5219.465,1770236100,5223.682,5213.46,5214.712
5217.464,1770237000,5220.335,5212.765,5219.441
5213.624,1770237900,5217.462,5211.558,5217.462
5204.175,1770238800,5213.603,5204.175,5213.603
5224.065,1770239700,5226.543,5204.015,5204.158
5225.244,1770240600,5228.861,5223.099,5224.054
5215.625,1770241500,5225.22,5215.625,5225.22
5208.371,1770242400,5215.605,5208.371,5215.605
5207.268,1770243300,5213.854,5207.268,5208.357
5199.267,1770244200,5207.251,5199.267,5207.251
5189.935,1770245100,5199.266,5189.935,5199.266
5186.329,1770246000,5190.663,5184.886,5189.926
5181.423,1770246900,5186.321,5180.956,5186.321
5182.233,1770247800,5184.529,5177.39,5181.419
5186.497,1770248700,5194.842,5180.589,5182.226
5190.226,1770249600,5191.264,5178.87,5186.49
5210.571,1770250500,5214.35,5189.677,5190.214
5201.357,1770251400,5210.552,5201.357,5210.552
5212.154,1770252300,5213.297,5196.413,5201.356
5207.44,1770253200,5212.146,5205.07,5212.146
5199.366,1770254100,5207.432,5199.366,5207.432
5190.331,1770255000,5199.363,5190.331,5199.363
5198.759,1770255900,5200.308,5187.327,5190.325
5196.578,1770256800,5201.165,5196.372,5198.753
5195.206,1770257700,5204.338,5195.206,5196.555
5194.927,1770258600,5198.113,5189.064,5195.195
5194.482,1770259500,5197.414,5192.912,5194.922
5205.882,1770260400,5212.018,5194.357,5194.48
5207.536,1770261300,5210.079,5201.955,5205.864
5215.858,1770262200,5219.621,5203.617,5207.518
5231.508,1770263100,5232.026,5215.031,5215.847
5237.898,1770264000,5246.127,5231.46,5231.492
5239.709,1770264900,5246.85,5236.065,5237.89
5230.473,1770265800,5239.705,5230.473,5239.705
5246.588,1770266700,5246.921,5228.483,5230.457
5237.308,1770267600,5246.588,5237.308,5246.588
5237.806,1770268500,5245.664,5235.813,5237.301
5231.219,1770269400,5237.805,5231.219,5237.805
5246.118,1770270300,5248.772,5227.576,5231.212
5236.693,1770271200,5246.107,5236.693,5246.107
5227.294,1770272100,5236.68,5227.294,5236.68
5220.535,1770273000,5227.284,5219.54,5227.284
5213.308,1770273900,5220.523,5212.027,5220.523
5217.853,1770274800,5221.333,5211.462,5213.302
5208.618,1770275700,5217.851,5208.618,5217.851
5200.1,1770276600,5208.6,5200.1,5208.6
5211.207,1770277500,5211.567,5196.501,5200.096
5205.025,1770278400,5213.248,5205.025,5211.205
5206.674,1770279300,5211.114,5199.723,5205.012
5197.149,1770280200,5206.664,5197.149,5206.664
5191.447,1770281100,5197.138,5191.447,5197.138
5196.653,1770282000,5197.102,5182.926,5191.438
5200.904,1770282900,5203.463,5192.163,5196.651
5202.866,1770283800,5202.889,5196.06,5200.901
5207.214,1770284700,5210.086,5201.232,5202.849
5197.842,1770285600,5207.209,5197.842,5207.209
5195.266,1770286500,5201.27,5194.355,5197.841
5185.876,1770287400,5195.261,5185.876,5195.261
5186.488,1770288300,5186.808,5177.804,5185.866
5177.171,1770289200,5186.482,5177.171,5186.482
5167.789,1770290100,5177.147,5167.789,5177.147
5174.467,1770291000,5178.015,5164.138,5167.773
5169.277,1770291900,5174.704,5169.228,5174.463
5163.848,1770292800,5169.257,5163.259,5169.257
5154.327,1770293700,5163.822,5154.327,5163.822
5149.376,1770294600,5154.327,5145.494,5154.327
5142.839,1770295500,5149.369,5140.337,5149.369
5133.526,1770296400,5142.835,5133.526,5142.835
5139.431,1770297300,5140.325,5133.099,5133.501
5140.694,1770298200,5149.162,5138.326,5139.424
5131.873,1770299100,5140.683,5131.873,5140.683
5152.109,1770300000,5158.404,5131.239,5131.858
5148.813,1770300900,5154.605,5148.439,5152.085
5152.94,1770301800,5159.136,5147.156,5148.8
5162.378,1770302700,5166.858,5152.196,5152.919
5153.083,1770303600,5162.371,5153.083,5162.371
5158.957,1770304500,5163.015,5151.498,5153.079
5150.536,1770305400,5158.944,5150.536,5158.944
5155.071,1770306300,5163.695,5150.37,5150.527
5145.606,1770307200,5155.065,5145.606,5155.065
5136.374,1770308100,5145.587,5136.374,5145.587
5135.483,1770309000,5140.723,5132.161,5136.364
5136.756,1770309900,5140.673,5130.847,5135.474
5136.314,1770310800,5138.163,5131.004,5136.756
5127.265,1770311700,5136.308,5127.265,5136.308
5134.846,1770312600,5137.169,5125.527,5127.261
5157.013,1770313500,5163.599,5134.454,5134.839
5147.878,1770314400,5157.007,5147.878,5157.007
5138.828,1770315300,5147.858,5138.828,5147.858
5134.766,1770316200,5143.337,5134.766,5138.816
5131.425,1770317100,5138.675,5131.425,5134.754
5147.813,1770318000,5149.368,5129.83,5131.411
5138.748,1770318900,5147.801,5138.748,5147.801
5137.981,1770319800,5145.063,5137.981,5138.727
5138.806,1770320700,5147.811,5137.47,5137.975
5150.733,1770321600,5151.021,5136.829,5138.796
5141.563,1770322500,5150.728,5141.563,5150.728
5138.156,1770323400,5142.996,5138.156,5141.555
5143.416,1770324300,5150.422,5138.045,5138.155
5150.237,1770325200,5152.213,5139.052,5143.407
5140.881,1770326100,5150.228,5140.881,5150.228
5145.35,1770327000,5147.29,5139.801,5140.879
5136.285,1770327900,5145.335,5136.285,5145.335
5134.14,1770328800,5136.273,5127.538,5136.273
5132.797,1770329700,5137.655,5131.295,5134.127
5124.049,1770330600,5132.785,5124.049,5132.785
5131.082,1770331500,5134.982,5121.62,5124.039
5132.141,1770332400,5136.374,5126.06,5131.078
5136.8,1770333300,5139.808,5128.59,5132.128
5136.239,1770334200,5144.52,5135.931,5136.793
5138.036,1770335100,5142.843,5132.54,5136.232
5137.661,1770336000,5140.791,5134.31,5138.022
5138.359,1770336900,5139.523,5131.562,5137.642
5140.897,1770337800,5142.181,5134.782,5138.344
5146.337,1770338700,5150.21,5139.98,5140.893
5149.022,1770339600,5152.857,5141.964,5146.33
5140.012,1770340500,5149.016,5140.012,5149.016
5140.978,1770341400,5142.367,5136.477,5140.0
5140.496,1770342300,5146.886,5139.444,5140.968
5131.483,1770343200,5140.491,5131.483,5140.491
5148.091,1770344100,5150.487,5131.296,5131.48
5159.085,1770345000,5162.359,5147.379,5148.084
5157.929,1770345900,5161.678,5154.06,5159.072
5161.257,1770346800,5169.714,5157.3,5157.916
5162.791,1770347700,5167.984,5160.278,5161.243
5156.129,1770348600,5162.776,5156.129,5162.776
5146.806,1770349500,5156.109,5146.806,5156.109
5149.169,1770350400,5156.058,5144.529,5146.797
5144.938,1770351300,5149.159,5143.724,5149.159
5140.602,1770352200,5146.179,5140.602,5144.933
5131.896,1770353100,5140.599,5131.896,5140.599
5145.144,1770354000,5146.066,5123.803,5131.881
5185.581,1770354900,5186.922,5144.651,5145.135
5199.387,1770355800,5201.215,5184.704,5185.567
5190.202,1770356700,5199.367,5190.202,5199.367
5198.712,1770357600,5199.983,5187.091,5190.188
5194.209,1770358500,5198.708,5193.054,5198.708
5195.903,1770359400,5199.713,5188.618,5194.188
5194.922,1770360300,5197.711,5192.944,5195.891
5197.406,1770361200,5197.98,5186.05,5194.911
5195.504,1770362100,5198.332,5190.856,5197.387
5195.539,1770363000,5198.486,5188.917,5195.499
5185.967,1770363900,5195.535,5185.967,5195.535
5191.439,1770364800,5193.458,5183.018,5185.961
5209.516,1770365700,5211.133,5189.626,5191.42
5209.611,1770366600,5215.51,5206.594,5209.512
5219.692,1770367500,5220.627,5204.131,5209.604
5234.436,1770368400,5235.722,5214.43,5219.689
5235.909,1770369300,5238.633,5229.347,5234.423
5252.578,1770370200,5253.759,5233.889,5235.905
5278.407,1770371100,5278.414,5252.351,5252.577
5291.381,1770372000,5292.052,5271.629,5278.395
5281.945,1770372900,5291.366,5281.945,5291.366
5272.489,1770373800,5281.935,5272.489,5281.935
5273.599,1770374700,5281.189,5270.889,5272.479
5267.797,1770375600,5273.596,5267.303,5273.596
5258.065,1770376500,5267.792,5258.065,5267.792
5250.096,1770377400,5258.065,5250.096,5258.065
5262.08,1770378300,5264.459,5248.861,5250.09
5268.013,1770379200,5269.284,5254.845,5262.075
5263.306,1770380100,5270.959,5263.306,5268.002
5260.579,1770381000,5263.276,5256.228,5263.276
5257.467,1770381900,5263.751,5257.404,5260.561
5255.983,1770382800,5258.181,5252.66,5257.462
5256.884,1770383700,5258.727,5249.072,5255.96
5262.199,1770384600,5262.238,5247.633,5256.86
5253.095,1770385500,5262.188,5253.095,5262.188
5249.248,1770386400,5253.885,5248.193,5253.071
5239.572,1770387300,5249.232,5239.572,5249.232
5234.625,1770388200,5239.569,5233.938,5239.569
5247.158,1770389100,5248.105,5229.793,5234.612
5249.308,1770390000,5250.619,5238.901,5247.151
5241.626,1770390900,5249.303,5241.626,5249.303
5244.123,1770391800,5248.765,5239.868,5241.621
5241.093,1770392700,5244.102,5236.563,5244.102
5231.622,1770393600,5241.089,5231.622,5241.089
5225.174,1770394500,5231.608,5223.114,5231.608
5224.839,1770395400,5227.877,5218.645,5225.163
5229.558,1770396300,5233.802,5221.882,5224.834
5220.141,1770397200,5229.557,5220.141,5229.557
5217.008,1770398100,5220.122,5211.405,5220.122
5213.377,1770399000,5220.786,5213.377,5216.994
5210.74,1770399900,5219.28,5210.74,5213.358
5217.951,1770400800,5222.829,5209.453,5210.722
5216.215,1770401700,5220.699,5211.464,5217.943
5215.034,1770402600,5216.208,5209.474,5216.208
5232.789,1770403500,5235.425,5209.843,5215.023
5236.788,1770404400,5243.526,5232.362,5232.781
5236.421,1770405300,5238.637,5230.67,5236.777
5236.605,1770406200,5242.924,5233.395,5236.398
5247.301,1770407100,5248.51,5230.32,5236.59
5238.093,1770408000,5247.293,5238.093,5247.293
5229.148,1770408900,5238.09,5229.148,5238.09
5236.082,1770409800,5238.739,5228.137,5229.137
5232.098,1770410700,5236.068,5228.401,5236.068
5236.272,1770411600,5242.99,5229.473,5232.092
5238.402,1770412500,5239.163,5228.808,5236.27
5237.961,1770413400,5243.495,5237.446,5238.389
5247.609,1770414300,5248.326,5237.296,5237.956
5262.59,1770415200,5270.854,5247.037,5247.607
5261.569,1770416100,5266.611,5258.844,5262.574
5256.182,1770417000,5261.854,5256.182,5261.545
5265.276,1770417900,5266.485,5248.483,5256.179
5265.276,1770418800,5271.098,5264.202,5265.263
5271.575,1770419700,5274.186,5260.163,5265.263
5273.583,1770420600,5277.344,5266.266,5271.552
5273.623,1770421500,5276.365,5268.223,5273.578
5283.169,1770422400,5290.443,5273.315,5273.623
5289.847,1770423300,5291.682,5276.334,5283.161
5280.087,1770424200,5289.836,5280.087,5289.836
5277.029,1770425100,5286.13,5277.029,5280.077
5273.536,1770426000,5277.025,5269.142,5277.025
5263.672,1770426900,5273.524,5263.672,5273.524
5258.423,1770427800,5263.669,5256.169,5263.669
5268.06,1770428700,5273.663,5256.369,5258.382
5258.169,1770429600,5268.048,5258.169,5268.048
5259.216,1770430500,5266.983,5256.232,5258.16
5264.505,1770431400,5265.679,5254.973,5259.203
5284.431,1770432300,5286.151,5263.846,5264.474
5299.292,1770433200,5301.918,5282.406,5284.424
5313.193,1770434100,5314.702,5297.276,5299.29
5331.685,1770435000,5337.427,5313.078,5313.185
5347.916,1770435900,5348.271,5322.803,5331.674
5352.289,1770436800,5358.448,5345.626,5347.915
5342.862,1770437700,5352.285,5342.862,5352.285
5333.158,1770438600,5342.853,5333.158,5342.853
5325.167,1770439500,5333.152,5325.167,5333.152
5319.065,1770440400,5325.156,5317.271,5325.156
5320.925,1770441300,5325.779,5316.943,5319.046
5317.764,1770442200,5320.913,5311.573,5320.913
5329.191,1770443100,5329.244,5317.2,5317.758
5337.369,1770444000,5344.015,5326.99,5329.172
5327.747,1770444900,5337.361,5327.747,5337.361
5336.644,1770445800,5336.831,5320.893,5327.742
5349.528,1770446700,5354.653,5335.854,5336.64
5348.949,1770447600,5352.316,5345.229,5349.513
5359.464,1770448500,5363.258,5347.672,5348.949
5350.087,1770449400,5359.447,5350.087,5359.447
5341.53,1770450300,5350.087,5341.53,5350.087
5338.446,1770451200,5341.526,5333.727,5341.526
5328.55,1770452100,5338.425,5328.55,5338.425
5321.901,1770453000,5330.879,5321.901,5328.537
5317.575,1770453900,5321.883,5315.644,5321.883
5311.08,1770454800,5317.569,5311.08,5317.569
5302.374,1770455700,5311.071,5302.374,5311.071
5298.974,1770456600,5307.75,5298.974,5302.366
5299.405,1770457500,5300.067,5290.172,5298.973
5298.649,1770458400,5301.982,5295.891,5299.399
5297.529,1770459300,5298.646,5291.646,5298.646
5306.351,1770460200,5313.781,5297.422,5297.504
5296.43,1770461100,5306.333,5296.43,5306.333
5291.485,1770462000,5296.417,5289.22,5296.417
5296.365,1770462900,5297.636,5289.121,5291.471
5286.572,1770463800,5296.353,5286.572,5296.353
5282.241,1770464700,5286.569,5281.644,5286.569
5280.091,1770465600,5288.295,5280.091,5282.237
5280.612,1770466500,5281.882,5275.82,5280.061
5270.892,1770467400,5280.596,5270.892,5280.596
5263.315,1770468300,5271.929,5263.315,5270.885
5267.327,1770469200,5273.08,5262.064,5263.303
5268.107,1770470100,5270.314,5260.835,5267.301
5271.505,1770471000,5276.414,5265.224,5268.096
5267.563,1770471900,5273.476,5267.563,5271.502
5258.248,1770472800,5267.556,5258.248,5267.556
5249.156,1770473700,5258.241,5249.156,5258.241
5246.487,1770474600,5249.139,5241.066,5249.139
5242.94,1770475500,5246.48,5237.167,5246.48
5245.087,1770476400,5248.333,5240.751,5242.931
5261.908,1770477300,5264.104,5244.401,5245.083
5252.125,1770478200,5261.906,5252.125,5261.906
5270.212,1770479100,5273.81,5251.789,5252.112
5291.059,1770480000,5293.13,5267.127,5270.212
5285.908,1770480900,5291.038,5284.86,5291.038
5287.606,1770481800,5289.285,5281.732,5285.893
5278.121,1770482700,5287.591,5278.121,5287.591
5287.218,1770483600,5287.425,5275.165,5278.113
5293.754,1770484500,5295.091,5285.436,5287.209
5285.924,1770485400,5293.744,5285.924,5293.744
5284.432,1770486300,5291.672,5284.432,5285.908
5285.005,1770487200,5291.969,5282.509,5284.423
5275.15,1770488100,5284.997,5275.15,5284.997
5284.121,1770489000,5289.288,5274.497,5275.148
5281.161,1770489900,5284.107,5276.747,5284.107
5281.368,1770490800,5287.588,5280.768,5281.153
5284.494,1770491700,5287.183,5276.832,5281.366
5292.736,1770492600,5299.09,5284.102,5284.491
5296.141,1770493500,5298.416,5285.155,5292.732
5290.158,1770494400,5296.136,5290.158,5296.136
5281.648,1770495300,5290.814,5281.648,5290.137
5287.933,1770496200,5292.512,5277.703,5281.628
5290.828,1770497100,5298.644,5286.806,5287.913
5281.489,1770498000,5290.808,5281.489,5290.808
5275.531,1770498900,5283.482,5275.531,5281.483
5273.16,1770499800,5275.516,5267.474,5275.516
5271.291,1770500700,5276.798,5268.933,5273.142
5277.485,1770501600,5284.311,5269.424,5271.276
5268.122,1770502500,5277.476,5268.122,5277.476
5263.386,1770503400,5272.63,5263.386,5268.09
5253.642,1770504300,5263.373,5253.642,5263.373
5253.291,1770505200,5258.212,5248.933,5253.631
5248.702,1770506100,5257.807,5248.702,5253.272
5258.123,1770507000,5260.287,5242.605,5248.687
5250.971,1770507900,5258.119,5250.971,5258.119
5248.973,1770508800,5255.551,5248.973,5250.955
5239.827,1770509700,5248.958,5239.827,5248.958
5230.485,1770510600,5239.797,5230.485,5239.797
5220.904,1770511500,5230.451,5220.904,5230.451
5216.068,1770512400,5220.902,5213.912,5220.902
5219.405,1770513300,5222.4,5214.39,5216.051
5214.64,1770514200,5221.595,5214.64,5219.388
5211.937,1770515100,5214.638,5210.209,5214.638
5216.632,1770516000,5217.718,5206.563,5211.924
5208.106,1770516900,5216.626,5208.106,5216.626
5198.681,1770517800,5208.099,5198.681,5208.099
5193.267,1770518700,5202.052,5193.267,5198.667
5191.818,1770519600,5196.194,5191.818,5193.266
5184.511,1770520500,5191.811,5183.075,5191.811
5188.575,1770521400,5193.748,5182.355,5184.509
5220.073,1770522300,5223.265,5188.568,5188.568
5210.418,1770523200,5220.071,5210.418,5220.071
5213.777,1770524100,5216.41,5205.195,5210.408
5204.11,1770525000,5213.76,5204.11,5213.76
5208.86,1770525900,5214.249,5202.865,5204.103
5214.217,1770526800,5215.028,5206.77,5208.849
5213.779,1770527700,5217.267,5208.043,5214.197
5209.922,1770528600,5213.768,5209.08,5213.768
5213.448,1770529500,5214.689,5204.194,5209.911
5221.073,1770530400,5224.098,5211.175,5213.447
5211.49,1770531300,5221.067,5211.49,5221.067
5202.108,1770532200,5211.488,5202.108,5211.488
5201.16,1770533100,5202.694,5194.105,5202.106
5206.297,1770534000,5211.439,5199.833,5201.152
5211.418,1770534900,5216.678,5205.139,5206.274
5207.817,1770535800,5215.182,5207.817,5211.4
5221.831,1770536700,5224.068,5205.469,5207.811
5212.668,1770537600,5221.83,5212.668,5221.83
5225.874,1770538500,5231.844,5211.158,5212.657
5216.701,1770539400,5225.872,5216.701,5225.872
5207.196,1770540300,5216.685,5207.196,5216.685
5212.168,1770541200,5216.781,5206.09,5207.188
5212.835,1770542100,5217.187,5208.054,5212.153
5215.033,1770543000,5219.393,5212.008,5212.82
5215.234,1770543900,5218.58,5209.045,5215.022
5216.736,1770544800,5221.923,5211.168,5215.22
5214.935,1770545700,5219.423,5211.84,5216.718
5226.36,1770546600,5229.174,5212.209,5214.916
5225.493,1770547500,5228.874,5222.606,5226.348
5223.174,1770548400,5231.923,5223.174,5225.488
5217.383,1770549300,5223.165,5217.383,5223.165
5230.772,1770550200,5233.541,5215.579,5217.366
5224.33,1770551100,5230.758,5224.33,5230.758
5220.171,1770552000,5226.267,5220.171,5224.327
5210.86,1770552900,5220.161,5210.86,5220.161
5232.381,1770553800,5235.045,5209.569,5210.856
5235.669,1770554700,5243.574,5230.81,5232.367
5240.923,1770555600,5244.58,5235.66,5235.66
5252.754,1770556500,5253.069,5238.62,5240.908
5248.972,1770557400,5252.753,5245.128,5252.753
5264.548,1770558300,5268.72,5247.968,5248.95
5280.956,1770559200,5281.859,5263.879,5264.54
5284.423,1770560100,5286.865,5278.353,5280.95
5288.409,1770561000,5292.016,5281.299,5284.418
5283.549,1770561900,5290.224,5283.549,5288.395
5283.042,1770562800,5292.051,5283.042,5283.541
5273.441,1770563700,5283.036,5273.441,5283.036
5270.75,1770564600,5273.421,5265.855,5273.421
5261.164,1770565500,5270.724,5261.164,5270.724
5264.285,1770566400,5270.778,5258.129,5261.144
5266.563,1770567300,5272.37,5263.088,5264.282
5260.447,1770568200,5266.55,5260.447,5266.55
5251.458,1770569100,5260.444,5251.458,5260.444
5251.568,1770570000,5257.136,5248.529,5251.434
5242.493,1770570900,5251.568,5242.493,5251.568
5250.357,1770571800,5252.683,5239.059,5242.478
5266.337,1770572700,5266.887,5247.174,5250.34
5265.332,1770573600,5270.809,5262.951,5266.33
5255.936,1770574500,5265.324,5255.936,5265.324
5256.502,1770575400,5261.086,5254.276,5255.931
5254.587,1770576300,5259.345,5253.968,5256.495
5259.192,1770577200,5264.727,5252.663,5254.579
5254.055,1770578100,5260.108,5254.055,5259.169
5275.744,1770579000,5276.413,5252.366,5254.055
5266.202,1770579900,5275.733,5266.202,5275.733
5258.53,1770580800,5266.183,5258.53,5266.183
5263.638,1770581700,5264.181,5252.405,5258.506
5278.006,1770582600,5278.203,5256.779,5263.629
5280.94,1770583500,5281.995,5272.618,5277.991
5288.949,1770584400,5295.774,5280.858,5280.936
5293.445,1770585300,5298.608,5286.042,5288.935
5284.2,1770586200,5293.43,5284.2,5293.43
5279.656,1770587100,5284.19,5278.346,5284.19
5276.95,1770588000,5280.547,5273.861,5279.652
5267.322,1770588900,5276.943,5267.322,5276.943
5263.892,1770589800,5267.303,5258.659,5267.303
5275.915,1770590700,5278.746,5261.595,5263.883
5280.947,1770591600,5281.106,5268.376,5275.899
5287.14,1770592500,5291.878,5279.404,5280.924
5300.868,1770593400,5308.117,5285.102,5287.133
5294.53,1770594300,5300.862,5294.53,5300.862
5313.7,1770595200,5314.891,5293.82,5294.513
5308.688,1770596100,5317.021,5308.688,5313.683
5305.25,1770597000,5308.677,5299.653,5308.677
5307.467,1770597900,5310.596,5301.408,5305.24
5301.842,1770598800,5307.466,5301.842,5307.466
5295.368,1770599700,5305.324,5295.368,5301.828
5295.966,1770600600,5304.624,5294.428,5295.345
5297.765,1770601500,5298.078,5291.378,5295.96
5298.761,1770602400,5301.542,5294.045,5297.762
5292.125,1770603300,5298.739,5292.125,5298.739
5282.328,1770604200,5292.1,5282.328,5292.1
5300.097,1770605100,5305.196,5281.515,5282.315
5297.039,1770606000,5302.532,5295.808,5300.078
5297.334,1770606900,5301.825,5295.442,5297.032
5302.222,1770607800,5303.628,5294.964,5297.333
5312.679,1770608700,5313.169,5293.669,5302.217
5327.356,1770609600,5327.584,5311.841,5312.674
5333.077,1770610500,5334.34,5321.034,5327.343
5338.772,1770611400,5343.392,5329.964,5333.057
5347.647,1770612300,5348.159,5335.112,5338.754
5347.092,1770613200,5347.64,5338.751,5347.64
5357.126,1770614100,5358.407,5340.897,5347.085
5363.579,1770615000,5364.605,5354.145,5357.126
5400.321,1770615900,5404.279,5363.11,5363.565
5405.823,1770616800,5407.314,5395.162,5400.318
5405.605,1770617700,5407.643,5401.375,5405.821
5397.881,1770618600,5405.595,5397.881,5405.595
5394.17,1770619500,5397.877,5391.467,5397.877
5402.645,1770620400,5410.764,5393.819,5394.143
5392.945,1770621300,5402.632,5392.945,5402.632
5397.316,1770622200,5404.981,5392.467,5392.939
5387.896,1770623100,5397.301,5387.896,5397.301
5391.443,1770624000,5394.146,5381.153,5387.89
5388.01,1770624900,5391.44,5385.618,5391.44
5396.064,1770625800,5403.123,5387.253,5388.009
5396.646,1770626700,5398.992,5391.66,5396.055
5393.008,1770627600,5402.919,5393.008,5396.644
5399.97,1770628500,5407.207,5391.701,5393.004
5391.286,1770629400,5399.962,5391.286,5399.962
5399.205,1770630300,5406.548,5389.067,5391.261
5405.228,1770631200,5409.662,5394.126,5399.19
5396.748,1770632100,5405.221,5396.748,5405.221
5386.959,1770633000,5396.73,5386.959,5396.73
5378.308,1770633900,5386.951,5378.308,5386.951
5404.829,1770634800,5405.057,5376.623,5378.298
5406.764,1770635700,5412.624,5403.398,5404.821
5410.605,1770636600,5413.58,5401.933,5406.748
5410.683,1770637500,5418.372,5410.683,5412.816
5411.29,1770638400,5416.319,5405.899,5410.683
5401.544,1770639300,5411.258,5401.544,5411.258
5407.172,1770640200,5407.404,5395.083,5401.531
5418.018,1770641100,5423.119,5406.005,5407.168
5419.914,1770642000,5425.607,5415.018,5418.016
5417.011,1770642900,5422.578,5416.222,5419.912
5437.339,1770643800,5437.76,5416.124,5417.01
5449.698,1770644700,5452.854,5436.631,5437.322
5455.272,1770645600,5459.13,5444.991,5449.695
5445.361,1770646500,5455.267,5445.361,5455.267
5454.612,1770647400,5460.579,5443.29,5445.35
5450.89,1770648300,5459.043,5450.89,5454.594
5440.809,1770649200,5450.887,5440.809,5450.887
5431.602,1770650100,5440.778,5431.602,5440.778
5460.896,1770651000,5461.345,5430.749,5431.585
5463.518,1770651900,5465.742,5452.993,5460.879
5468.311,1770652800,5476.47,5463.432,5463.507
5476.597,1770653700,5477.703,5462.241,5468.297
5480.164,1770654600,5483.736,5473.151,5476.589
5473.305,1770655500,5480.162,5473.305,5480.162
5507.875,1770656400,5509.728,5478.809,5480.708
5499.375,1770657300,5507.873,5499.375,5507.873
5491.936,1770658200,5499.354,5490.331,5499.354
5489.755,1770659100,5499.562,5489.755,5491.928
5502.005,1770660000,5502.587,5487.291,5489.737
5516.531,1770660900,5516.881,5498.773,5501.991
5513.213,1770661800,5516.522,5507.698,5516.522
5509.83,1770662700,5515.71,5509.83,5513.211
5529.654,1770663600,5530.211,5509.814,5509.814
5531.488,1770664500,5532.385,5520.763,5529.65
5524.963,1770665400,5531.465,5522.247,5531.465
5516.212,1770666300,5524.955,5516.212,5524.955
5519.55,1770667200,5524.229,5515.819,5516.207
5509.617,1770668100,5519.532,5509.617,5519.532
5516.399,1770669000,5517.675,5501.58,5509.592
5511.752,1770669900,5518.648,5511.752,5516.389
5507.537,1770670800,5513.902,5507.537,5511.752
5511.645,1770671700,5514.299,5505.507,5507.521
5512.398,1770672600,5513.147,5503.976,5511.643
5517.221,1770673500,5518.844,5510.467,5512.384
5507.085,1770674400,5517.213,5507.085,5517.213
5516.841,1770675300,5522.671,5506.402,5507.081
5521.561,1770676200,5524.062,5510.484,5516.806
5511.509,1770677100,5521.543,5511.509,5521.543
5507.519,1770678000,5512.458,5506.344,5511.507
5499.335,1770678900,5507.494,5499.335,5507.494
5489.354,1770679800,5499.327,5489.354,5499.327
5482.302,1770680700,5489.348,5482.302,5489.348
5497.83,1770681600,5500.145,5480.53,5482.279
5496.415,1770682500,5500.382,5491.883,5497.827
5486.443,1770683400,5496.395,5486.443,5496.395
5476.49,1770684300,5486.435,5476.49,5486.435
5485.224,1770685200,5485.476,5471.269,5476.469
5497.978,1770686100,5499.848,5484.845,5485.213
5492.042,1770687000,5497.969,5492.042,5497.969
5491.097,1770687900,5498.582,5490.656,5492.04
5490.555,1770688800,5493.595,5484.358,5491.094
5491.903,1770689700,5496.332,5485.151,5490.539
5483.28,1770690600,5491.887,5483.28,5491.887
5479.954,1770691500,5483.277,5474.109,5483.277
5488.59,1770692400,5493.256,5477.711,5479.935
5488.301,1770693300,5495.163,5485.952,5488.587
5487.171,1770694200,5492.719,5483.729,5488.289
5477.216,1770695100,5487.157,5477.216,5487.157
5472.003,1770696000,5480.794,5472.003,5477.205
5462.163,1770696900,5471.986,5462.163,5471.986
5458.24,1770697800,5462.144,5453.768,5462.144
5450.045,1770698700,5458.239,5450.045,5458.239
5448.418,1770699600,5454.81,5448.351,5450.031
5456.769,1770700500,5459.104,5447.752,5448.404
5452.66,1770701400,5460.012,5452.66,5456.739
5449.044,1770702300,5454.383,5448.208,5452.646
5452.26,1770703200,5453.037,5442.074,5449.018
5442.986,1770704100,5452.252,5442.986,5452.252
5460.535,1770705000,5461.831,5442.827,5442.982
5460.014,1770705900,5466.956,5457.847,5460.512
5455.959,1770706800,5465.396,5455.959,5459.997
5462.805,1770707700,5467.857,5454.755,5455.94
5453.103,1770708600,5462.798,5453.103,5462.798
5443.845,1770709500,5453.094,5443.623,5453.094
5439.554,1770710400,5443.842,5436.611,5443.842
5429.364,1770711300,5439.551,5429.364,5439.551
5419.8,1770712200,5429.355,5419.8,5429.355
5417.827,1770713100,5419.794,5414.386,5419.794
5407.845,1770714000,5417.812,5407.845,5417.812
5397.417,1770714900,5407.821,5397.417,5407.821
5387.701,1770715800,5397.398,5387.701,5397.398
5386.217,1770716700,5389.375,5381.178,5387.698
5380.379,1770717600,5387.96,5380.379,5386.209
5380.127,1770718500,5383.751,5375.318,5380.371
5379.993,1770719400,5380.257,5372.66,5380.114
5382.116,1770720300,5384.984,5374.297,5379.978
5390.16,1770721200,5395.095,5380.378,5382.113
5385.282,1770722100,5393.142,5385.282,5390.153
5376.085,1770723000,5385.256,5376.085,5385.256
5370.986,1770723900,5378.07,5370.986,5376.084
5361.665,1770724800,5370.977,5361.665,5370.977
5366.195,1770725700,5370.336,5360.844,5361.656
5356.445,1770726600,5366.175,5356.445,5366.175
5346.517,1770727500,5356.438,5346.517,5356.438
5345.316,1770728400,5348.419,5339.939,5346.515
5335.771,1770729300,5345.299,5335.771,5345.299
5331.577,1770730200,5339.855,5331.577,5335.754
5334.332,1770731100,5335.317,5322.402,5331.564
5336.723,1770732000,5343.386,5331.6,5334.309
5327.096,1770732900,5336.712,5327.096,5336.712
5329.423,1770733800,5336.376,5324.461,5327.087
5324.431,1770734700,5330.824,5324.431,5329.418
5314.581,1770735600,5324.426,5314.581,5324.426
5323.8,1770736500,5324.286,5310.903,5314.567
5327.969,1770737400,5328.187,5319.785,5323.793
5341.589,1770738300,5347.26,5326.967,5327.955
5337.834,1770739200,5345.789,5337.834,5341.571
5329.847,1770740100,5337.826,5329.847,5337.826
5329.975,1770741000,5332.241,5323.35,5329.833
5320.298,1770741900,5329.975,5320.298,5329.975
5311.828,1770742800,5320.458,5311.828,5320.277
5305.901,1770743700,5311.827,5305.901,5311.827
5330.288,1770744600,5333.13,5303.803,5305.885
5329.288,1770745500,5338.139,5329.288,5330.277
5319.717,1770746400,5329.277,5319.717,5329.277
5322.976,1770747300,5326.97,5315.505,5319.716
5320.984,1770748200,5329.356,5320.495,5322.961
5331.764,1770749100,5332.6,5319.83,5320.979
5327.47,1770750000,5333.433,5327.47,5331.748
5323.305,1770750900,5327.467,5322.176,5327.467
5321.37,1770751800,5328.948,5321.37,5323.28
5318.374,1770752700,5322.649,5316.793,5321.351
5320.964,1770753600,5321.056,5310.084,5318.359
5329.393,1770754500,5329.943,5314.671,5320.961
5333.808,1770755400,5337.456,5323.862,5329.392
5324.105,1770756300,5333.807,5324.105,5333.807
5320.006,1770757200,5324.096,5317.864,5324.096
5312.122,1770758100,5319.998,5312.122,5319.998
5311.572,1770759000,5313.554,5305.189,5312.117
5314.604,1770759900,5315.08,5306.196,5311.57
5304.923,1770760800,5314.595,5304.923,5314.595
5314.311,1770761700,5320.195,5304.111,5304.911
5304.664,1770762600,5314.308,5304.664,5314.308
5299.325,1770763500,5304.924,5298.34,5304.654
5312.525,1770764400,5319.259,5296.532,5299.32
5318.818,1770765300,5320.445,5305.347,5312.513
5325.719,1770766200,5328.877,5312.449,5318.797
5316.171,1770767100,5325.71,5316.171,5325.71
5318.074,1770768000,5320.547,5310.358,5316.157
5313.906,1770768900,5321.647,5313.906,5318.072
5321.737,1770769800,5324.817,5309.928,5313.902
5334.368,1770770700,5337.978,5321.509,5321.717
5334.741,1770771600,5337.281,5329.059,5334.36
5333.356,1770772500,5338.489,5332.122,5334.719
5343.475,1770773400,5344.666,5329.998,5333.347
5333.845,1770774300,5343.455,5333.845,5343.455
5335.241,1770775200,5342.264,5333.444,5333.835
5349.258,1770776100,5354.198,5334.684,5335.239
5341.59,1770777000,5349.251,5341.59,5349.251
5335.445,1770777900,5341.569,5333.952,5341.569
5336.468,1770778800,5337.595,5331.797,5335.439
5336.539,1770779700,5341.423,5331.494,5336.458
5332.744,1770780600,5336.529,5330.575,5336.529
5334.828,1770781500,5338.375,5326.797,5332.737
5335.788,1770782400,5337.284,5330.937,5334.808
5335.173,1770783300,5339.533,5334.869,5335.776
5325.136,1770784200,5335.157,5325.136,5335.157
5317.435,1770785100,5325.12,5317.435,5325.12
5308.253,1770786000,5317.426,5308.253,5317.426
5305.931,1770786900,5308.249,5299.504,5308.249
5322.643,1770787800,5326.211,5317.339,5320.46
5316.314,1770788700,5322.635,5314.751,5322.635
5321.937,1770789600,5330.804,5315.948,5316.314
5331.587,1770790500,5334.871,5321.064,5321.936
5331.962,1770791400,5334.341,5326.843,5331.566
5335.988,1770792300,5344.445,5330.809,5331.945
5326.342,1770793200,5335.982,5326.342,5335.982
5316.556,1770794100,5326.329,5316.556,5326.329
5326.206,1770795000,5329.598,5316.468,5316.544
5335.528,1770795900,5335.793,5322.77,5326.19
5334.193,1770796800,5335.605,5328.96,5335.525
5334.597,1770797700,5336.319,5332.012,5334.191
5340.317,1770798600,5341.578,5327.783,5334.577
5345.586,1770799500,5347.716,5335.381,5340.307
5335.754,1770800400,5345.582,5335.754,5345.582
5326.195,1770801300,5335.749,5326.195,5335.749
5316.553,1770802200,5326.18,5316.553,5326.18
5320.448,1770803100,5327.342,5316.517,5316.543
5326.34,1770804000,5327.632,5315.579,5320.42
5320.398,1770804900,5326.324,5319.99,5326.324
5319.81,1770805800,5321.624,5313.898,5320.398
5312.333,1770806700,5320.966,5312.333,5319.807
5309.82,1770807600,5317.922,5309.82,5312.321
5303.279,1770808500,5309.818,5302.621,5309.818
5311.618,1770809400,5313.446,5297.865,5303.27
5308.674,1770810300,5311.618,5303.811,5311.618
5307.796,1770811200,5308.89,5300.242,5308.671
5308.979,1770812100,5309.322,5302.919,5307.791
5302.168,1770813000,5308.957,5300.148,5308.957
5305.054,1770813900,5309.137,5298.968,5302.155
5299.557,1770814800,5306.939,5299.557,5305.023
5299.377,1770815700,5305.499,5298.792,5299.54
5310.123,1770816600,5311.295,5293.553,5299.377
5303.876,1770817500,5310.106,5303.876,5310.106
5309.796,1770818400,5313.142,5299.796,5303.869
5313.335,1770819300,5313.844,5304.765,5309.792
5308.837,1770820200,5316.109,5308.837,5313.332
5304.75,1770821100,5313.81,5304.75,5308.837
5300.245,1770822000,5304.727,5300.245,5304.727
5306.083,1770822900,5309.947,5298.524,5300.223
5311.528,1770823800,5311.793,5300.111,5306.08
5307.415,1770824700,5311.563,5306.339,5311.509
5311.632,1770825600,5316.083,5303.553,5307.412
5306.717,1770826500,5311.62,5306.637,5311.62
5305.375,1770827400,5311.839,5304.187,5306.702
5301.296,1770828300,5305.36,5300.552,5305.36
5315.163,1770829200,5315.479,5300.734,5301.289
5308.751,1770830100,5315.159,5308.751,5315.159
5311.261,1770831000,5313.26,5301.139,5308.75
5301.437,1770831900,5311.254,5301.437,5311.254
5297.373,1770832800,5303.684,5297.373,5301.433
5300.868,1770833700,5302.238,5294.715,5297.358
5303.222,1770834600,5306.296,5295.207,5300.847
5306.155,1770835500,5306.283,5293.634,5303.213
5304.158,1770836400,5306.151,5300.705,5306.151
5298.992,1770837300,5305.174,5298.992,5304.148
5315.182,1770838200,5319.341,5296.48,5298.963
5305.344,1770839100,5315.159,5305.344,5315.159
5309.432,1770840000,5311.997,5304.049,5305.336
5321.028,1770840900,5321.757,5304.853,5309.414
5323.566,1770841800,5329.311,5318.504,5321.025
5314.011,1770842700,5323.566,5314.011,5323.566
5303.97,1770843600,5314.009,5303.97,5314.009
5304.455,1770844500,5313.188,5303.129,5303.958
5309.871,1770845400,5314.164,5300.138,5304.45
5308.331,1770846300,5310.755,5302.26,5309.866
5310.749,1770847200,5313.103,5304.261,5308.318
5311.789,1770848100,5316.257,5305.727,5310.745
5319.362,1770849000,5327.351,5311.54,5311.777
5341.332,1770849900,5344.561,5318.534,5319.354
5339.106,1770850800,5341.996,5334.601,5341.328
5344.201,1770851700,5350.554,5338.918,5339.1
5358.02,1770852600,5360.849,5339.608,5344.192
5348.112,1770853500,5358.018,5348.112,5358.018
5362.717,1770854400,5363.059,5347.684,5348.097
5374.194,1770855300,5379.686,5361.821,5362.7
5364.672,1770856200,5374.184,5364.672,5374.184
5383.105,1770857100,5383.33,5364.029,5364.669
5376.777,1770858000,5385.933,5376.777,5383.104
5372.157,1770858900,5378.314,5372.157,5376.753
5376.35,1770859800,5379.308,5368.115,5372.148
5380.05,1770860700,5383.013,5370.426,5376.349
5372.849,1770861600,5380.048,5371.371,5380.048
5378.294,1770862500,5380.48,5365.51,5372.847
5380.631,1770863400,5384.546,5374.015,5378.275
5395.413,1770864300,5396.184,5375.365,5380.619
5386.046,1770865200,5395.598,5386.046,5395.41
5388.886,1770866100,5394.35,5382.568,5386.013
5403.034,1770867000,5404.079,5387.395,5388.878
5393.537,1770867900,5403.011,5393.537,5403.011
5383.482,1770868800,5393.531,5383.482,5393.531
5383.222,1770869700,5383.723,5373.93,5383.478
5403.515,1770870600,5408.082,5380.563,5383.209
5393.955,1770871500,5403.495,5393.955,5403.495
5401.113,1770872400,5402.133,5388.091,5393.935
5400.568,1770873300,5407.277,5398.104,5401.112
5397.591,1770874200,5402.033,5397.51,5400.555
5388.206,1770875100,5397.583,5388.206,5397.583
5383.996,1770876000,5390.289,5383.996,5388.196
5375.239,1770876900,5383.995,5375.239,5383.995
5374.52,1770877800,5378.794,5370.829,5375.217
5404.325,1770878700,5405.246,5369.104,5374.499
5398.972,1770879600,5406.534,5398.972,5404.32
5426.808,1770880500,5427.434,5392.966,5398.965
5454.429,1770881400,5454.655,5426.414,5426.807
5444.788,1770882300,5454.417,5444.788,5454.417
5444.925,1770883200,5452.131,5442.182,5444.77
5440.678,1770884100,5447.68,5440.678,5444.912
5468.203,1770885000,5472.236,5440.541,5440.663
5458.528,1770885900,5468.199,5458.528,5468.199
5457.37,1770886800,5459.346,5450.34,5458.514
5452.216,1770887700,5459.053,5452.216,5457.358
5449.733,1770888600,5452.216,5444.745,5452.216
5439.635,1770889500,5449.723,5439.635,5449.723
5430.008,1770890400,5439.633,5430.008,5439.633
5430.913,1770891300,5432.554,5426.167,5429.995
5433.537,1770892200,5439.055,5426.796,5430.888
5443.416,1770893100,5444.223,5433.401,5433.535
5443.831,1770894000,5444.996,5439.201,5443.414
5440.62,1770894900,5446.147,5439.548,5443.814
5430.781,1770895800,5440.611,5430.781,5440.611
5420.632,1770896700,5430.78,5420.632,5430.78
5415.428,1770897600,5420.624,5414.194,5420.624
5438.513,1770898500,5439.085,5414.529,5415.41
5431.703,1770899400,5439.205,5431.703,5438.498
5435.385,1770900300,5437.519,5427.7,5431.69
5427.102,1770901200,5435.533,5427.102,5435.381
5429.32,1770902100,5430.265,5424.059,5427.097
5446.688,1770903000,5450.684,5428.903,5429.307
5436.891,1770903900,5446.672,5436.891,5446.672
5440.285,1770904800,5446.911,5434.962,5436.875
5453.931,1770905700,5457.664,5439.721,5440.274
5454.102,1770906600,5454.776,5445.156,5453.91
5443.918,1770907500,5454.094,5443.918,5454.094
5439.818,1770908400,5446.218,5439.818,5443.905
5432.591,1770909300,5439.808,5432.591,5439.808
5441.091,1770910200,5445.988,5429.42,5432.588
5443.153,1770911100,5447.075,5438.091,5441.086
5443.389,1770912000,5444.007,5434.252,5443.148
5454.844,1770912900,5458.639,5442.994,5443.376
5509.019,1770913800,5511.701,5452.401,5454.832
5502.467,1770914700,5509.005,5501.351,5509.005
5497.961,1770915600,5502.465,5494.697,5502.465
5494.301,1770916500,5497.959,5489.914,5497.959
5484.758,1770917400,5494.299,5484.758,5494.299
5477.616,1770918300,5486.606,5477.616,5484.746
5478.051,1770919200,5479.666,5470.478,5477.598
5469.192,1770920100,5478.044,5469.192,5478.044
5469.866,1770921000,5470.948,5460.472,5469.186
5480.136,1770921900,5484.038,5469.636,5469.858
5474.936,1770922800,5482.137,5474.936,5480.128
5480.345,1770923700,5482.608,5474.002,5474.921
5470.238,1770924600,5480.344,5470.238,5480.344
5476.491,1770925500,5478.508,5468.916,5470.233
5471.49,1770926400,5476.487,5466.63,5476.487
5467.586,1770927300,5474.384,5466.611,5471.469
5457.491,1770928200,5467.577,5457.491,5467.577
5465.433,1770929100,5467.365,5450.639,5457.488
5476.437,1770930000,5477.357,5462.761,5465.416
5468.876,1770930900,5476.417,5468.876,5476.417
5461.58,1770931800,5468.869,5461.58,5468.869
5470.226,1770932700,5472.528,5461.3,5461.563
5461.747,1770933600,5470.212,5461.747,5470.212
5452.453,1770934500,5461.739,5452.453,5461.739
5452.302,1770935400,5458.414,5451.741,5452.435
5448.693,1770936300,5455.017,5448.693,5452.3
5466.79,1770937200,5468.129,5445.936,5448.674
5464.108,1770938100,5469.002,5462.357,5466.78
5456.728,1770939000,5464.073,5456.728,5464.073
5454.766,1770939900,5459.839,5451.691,5456.705
5461.221,1770940800,5465.608,5449.499,5454.765
5455.349,1770941700,5461.202,5455.349,5461.202
5457.847,1770942600,5465.701,5454.309,5455.348
5463.668,1770943500,5464.05,5448.854,5457.837
5462.138,1770944400,5464.59,5457.883,5463.641
5473.287,1770945300,5476.937,5458.499,5462.136
5469.525,1770946200,5473.283,5465.663,5473.283
5466.519,1770947100,5473.635,5466.078,5469.511
5456.572,1770948000,5466.506,5456.572,5466.506
5457.315,1770948900,5462.409,5452.413,5456.564
5456.321,1770949800,5457.539,5451.621,5457.293
5446.571,1770950700,5456.311,5446.571,5456.311
5436.511,1770951600,5446.555,5436.511,5446.555
5426.872,1770952500,5436.499,5426.872,5436.499
5438.754,1770953400,5440.777,5425.596,5426.866
5441.808,1770954300,5443.22,5433.899,5438.744
5432.263,1770955200,5441.798,5432.263,5441.798
5437.948,1770956100,5440.591,5428.786,5432.231
5429.343,1770957000,5437.942,5429.343,5437.942
5425.19,1770957900,5432.188,5425.19,5429.336
5428.528,1770958800,5431.836,5420.915,5425.186
5428.631,1770959700,5429.889,5423.566,5428.516
5431.386,1770960600,5433.08,5420.596,5428.628
5434.194,1770961500,5435.981,5429.164,5431.371
5428.909,1770962400,5434.184,5427.684,5434.184
5430.156,1770963300,5433.944,5425.016,5428.898
5425.195,1770964200,5430.24,5425.195,5430.14
5419.506,1770965100,5425.172,5415.5,5425.172
5409.931,1770966000,5419.483,5409.931,5419.483
5401.62,1770966900,5411.356,5401.62,5409.925
5391.8,1770967800,5401.619,5391.8,5401.619
5398.461,1770968700,5402.982,5386.24,5391.798
5395.157,1770969600,5399.521,5393.135,5398.454
5385.373,1770970500,5395.146,5385.373,5395.146
5384.967,1770971400,5392.365,5383.112,5385.366
5375.334,1770972300,5384.961,5375.334,5384.961
5369.376,1770973200,5375.314,5368.313,5375.314
5376.72,1770974100,5377.035,5367.96,5369.375
5374.074,1770975000,5379.202,5374.074,5376.719
5373.698,1770975900,5377.881,5368.642,5374.056
5375.686,1770976800,5380.638,5371.229,5373.678
5368.905,1770977700,5376.241,5368.905,5375.675
5359.201,1770978600,5368.9,5359.201,5368.9
5349.724,1770979500,5359.187,5349.724,5359.187
5350.802,1770980400,5357.003,5346.251,5349.722
5341.567,1770981300,5350.777,5341.567,5350.777
5355.517,1770982200,5355.612,5339.486,5341.549
5349.982,1770983100,5356.787,5349.982,5355.488
5354.226,1770984000,5360.533,5349.728,5349.969
5367.731,1770984900,5368.046,5348.379,5354.217
5358.293,1770985800,5367.726,5358.293,5367.726
5365.851,1770986700,5367.594,5354.761,5358.288
5364.497,1770987600,5371.604,5363.574,5365.845
5356.713,1770988500,5364.469,5356.713,5364.469
5348.965,1770989400,5356.705,5348.965,5356.705
5351.58,1770990300,5356.45,5344.057,5348.949
5349.965,1770991200,5356.351,5349.605,5351.566
5343.185,1770992100,5349.946,5343.185,5349.946
5347.25,1770993000,5348.647,5339.902,5343.165
5337.377,1770993900,5347.248,5337.377,5347.248
5331.537,1770994800,5337.37,5331.019,5337.37
5321.623,1770995700,5331.533,5321.623,5331.533
5312.568,1770996600,5321.62,5312.568,5321.62
5309.188,1770997500,5315.473,5309.188,5312.555
5314.05,1770998400,5317.015,5303.72,5309.185
5315.626,1770999300,5318.057,5308.576,5314.028
5321.693,1771000200,5329.782,5314.624,5315.614
5316.567,1771001100,5323.248,5316.567,5321.675
5311.725,1771002000,5319.411,5311.725,5316.561
5310.39,1771002900,5312.928,5305.37,5311.713
5301.098,1771003800,5310.385,5301.098,5310.385
5294.142,1771004700,5301.092,5291.733,5301.092
5292.543,1771005600,5296.281,5289.813,5294.141
5300.234,1771006500,5301.465,5289.623,5292.538
5295.601,1771007400,5300.223,5293.803,5300.223
5298.276,1771008300,5305.454,5292.991,5295.581
5307.127,1771009200,5311.456,5297.32,5298.264
5308.497,1771010100,5313.232,5304.872,5307.119
5299.045,1771011000,5308.475,5299.045,5308.475
5289.369,1771011900,5299.019,5289.369,5299.019
5286.433,1771012800,5291.359,5284.558,5289.357
5279.651,1771013700,5286.426,5279.651,5286.426
5282.735,1771014600,5289.692,5277.653,5279.641
5288.947,1771015500,5294.372,5282.072,5282.71
5292.491,1771016400,5296.135,5284.275,5288.939
5283.682,1771017300,5292.483,5283.682,5292.483
5287.582,1771018200,5290.85,5282.761,5283.675
5278.035,1771019100,5287.578,5278.035,5287.578
5270.56,1771020000,5279.802,5270.56,5278.012
5261.133,1771020900,5270.549,5261.133,5270.549
5263.22,1771021800,5267.076,5257.082,5261.119
5283.489,1771022700,5285.666,5261.721,5263.216
5274.169,1771023600,5283.477,5274.169,5283.477
5269.063,1771024500,5274.995,5269.063,5274.144
5268.169,1771025400,5271.992,5264.383,5269.052
5264.366,1771026300,5268.162,5262.475,5268.162
5262.973,1771027200,5266.647,5258.465,5264.358
5269.305,1771028100,5272.113,5259.182,5262.945
5261.732,1771029000,5270.655,5261.732,5269.296
5267.662,1771029900,5268.07,5256.942,5261.72
5287.133,1771030800,5287.442,5264.048,5267.648
5282.232,1771031700,5288.117,5282.232,5287.123
5293.441,1771032600,5297.968,5281.574,5282.215
5313.912,1771033500,5316.075,5292.829,5293.428
5304.337,1771034400,5313.896,5304.337,5313.896
5303.072,1771035300,5308.614,5300.631,5304.315
5303.173,1771036200,5310.09,5300.64,5303.069
5293.622,1771037100,5303.169,5293.622,5303.169
5296.662,1771038000,5301.173,5292.837,5293.613
5302.095,1771038900,5302.773,5294.053,5296.638
5308.396,1771039800,5316.238,5301.149,5302.079
5307.301,1771040700,5314.009,5305.755,5308.39
5321.132,1771041600,5326.302,5306.661,5307.287
5344.131,1771042500,5347.865,5318.969,5321.122
5347.693,1771043400,5351.829,5340.116,5344.124
5343.621,1771044300,5347.688,5340.503,5347.688
5338.193,1771045200,5347.505,5338.193,5343.596
5330.655,1771046100,5340.327,5330.655,5338.192
5331.52,1771047000,5333.488,5328.255,5330.619
5323.764,1771047900,5331.518,5323.121,5331.518
5314.164,1771048800,5323.759,5314.164,5323.759
5309.278,1771049700,5314.334,5309.278,5314.155
5300.417,1771050600,5309.322,5300.417,5309.271
5301.803,1771051500,5304.862,5299.66,5300.392
5295.074,1771052400,5302.843,5295.074,5301.79
5285.727,1771053300,5295.066,5285.727,5295.066
5289.789,1771054200,5291.08,5280.404,5285.714
5302.392,1771055100,5306.87,5287.315,5289.767
5292.752,1771056000,5302.385,5292.752,5302.385
5283.262,1771056900,5292.745,5283.262,5292.745
5273.798,1771057800,5283.253,5273.798,5283.253
5273.825,1771058700,5282.324,5273.012,5273.79
5266.151,1771059600,5273.807,5266.151,5273.807
5284.271,1771060500,5286.374,5264.365,5266.143
5302.688,1771061400,5306.092,5278.989,5284.264
5307.756,1771062300,5311.896,5302.137,5302.683
5298.119,1771063200,5307.749,5298.119,5307.749
5306.194,1771064100,5307.057,5291.427,5298.101
5304.158,1771065000,5308.1,5300.389,5306.182
5322.908,1771065900,5327.822,5302.882,5304.155
5316.276,1771066800,5322.893,5316.276,5322.893
5317.285,1771067700,5322.547,5312.27,5316.276
5310.761,1771068600,5317.284,5309.054,5317.284
5309.928,1771069500,5310.824,5306.374,5310.753
5300.482,1771070400,5309.912,5300.482,5309.912
5308.631,1771071300,5311.915,5297.486,5300.477
5298.813,1771072200,5308.629,5298.813,5308.629
5296.275,1771073100,5301.923,5295.396,5298.813
5288.475,1771074000,5296.258,5288.475,5296.258
5288.968,1771074900,5293.722,5285.588,5288.448
5284.817,1771075800,5292.014,5284.817,5288.966
5289.796,1771076700,5289.796,5276.832,5284.816
5298.01,1771077600,5299.307,5289.762,5289.774
5328.497,1771078500,5330.22,5294.926,5298.009
5332.531,1771079400,5339.443,5328.496,5328.496
5345.97,1771080300,5346.379,5328.908,5332.524
5336.255,1771081200,5345.968,5336.255,5345.968
5326.551,1771082100,5336.243,5326.551,5336.243
5336.335,1771083000,5336.346,5318.964,5326.55
5327.555,1771083900,5336.326,5327.555,5336.326
5340.395,1771084800,5341.864,5320.618,5327.537
5330.54,1771085700,5340.379,5330.54,5340.379
5320.509,1771086600,5330.529,5320.509,5330.529
5327.989,1771087500,5332.309,5316.093,5320.497
5320.692,1771088400,5327.966,5320.692,5327.966
5316.973,1771089300,5326.059,5316.973,5320.682
5315.38,1771090200,5316.97,5310.634,5316.97
5311.457,1771091100,5315.839,5309.951,5315.374
5320.907,1771092000,5322.92,5309.763,5311.453
5311.101,1771092900,5320.906,5311.101,5320.906
5314.825,1771093800,5317.629,5309.011,5311.099
5328.168,1771094700,5329.768,5310.619,5314.822
5324.547,1771095600,5328.294,5324.061,5328.161
5330.052,1771096500,5335.706,5321.476,5324.546
5328.893,1771097400,5332.832,5325.506,5330.049
5330.114,1771098300,5332.732,5324.149,5328.874
5334.259,1771099200,5341.214,5329.173,5330.109
5324.842,1771100100,5334.257,5324.842,5334.257
5315.183,1771101000,5324.828,5315.183,5324.828
5312.333,1771101900,5315.178,5308.78,5315.178
5317.059,1771102800,5318.266,5306.875,5312.322
5313.498,1771103700,5317.051,5308.768,5317.051
5303.381,1771104600,5313.487,5303.381,5313.487
5317.603,1771105500,5323.447,5302.941,5303.352
5319.099,1771106400,5323.527,5314.492,5317.599
5311.518,1771107300,5320.135,5311.518,5319.085
5333.684,1771108200,5337.077,5310.083,5311.5
5325.463,1771109100,5333.67,5325.463,5333.67
5343.434,1771110000,5347.312,5325.204,5325.454
5333.564,1771110900,5343.43,5333.564,5343.43
5332.662,1771111800,5336.395,5327.644,5333.559
5322.95,1771112700,5332.661,5322.95,5332.661
5318.165,1771113600,5322.943,5317.695,5322.943
5312.906,1771114500,5321.798,5312.906,5318.164
5333.324,1771115400,5333.75,5305.604,5312.904
5337.038,1771116300,5345.176,5332.274,5333.313
5335.737,1771117200,5342.478,5335.293,5337.029
5343.284,1771118100,5345.16,5333.625,5335.724
5359.044,1771119000,5359.546,5341.125,5343.274
5358.28,1771119900,5364.838,5356.6,5359.043
5351.717,1771120800,5358.258,5351.717,5358.258
5352.431,1771121700,5358.937,5349.427,5351.715
5365.571,1771122600,5365.637,5344.278,5352.415
5375.701,1771123500,5376.953,5361.322,5365.559
5365.802,1771124400,5375.689,5365.802,5375.689
5357.717,1771125300,5365.79,5357.717,5365.79
5363.59,1771126200,5369.082,5354.868,5357.698
5358.874,1771127100,5363.588,5353.975,5363.588
5358.348,1771128000,5364.664,5356.568,5358.869
5358.45,1771128900,5362.24,5355.601,5358.326
5358.957,1771129800,5366.397,5356.146,5358.432
5358.595,1771130700,5359.975,5350.595,5358.947
5375.249,1771131600,5375.961,5352.973,5358.575
5379.628,1771132500,5382.789,5373.7,5375.235
5380.017,1771133400,5385.05,5377.918,5379.605
5385.638,1771134300,5385.948,5371.941,5379.998
5376.89,1771135200,5385.623,5376.89,5385.623
5370.311,1771136100,5376.864,5370.311,5376.864
5366.852,1771137000,5370.292,5364.626,5370.292
5357.964,1771137900,5366.838,5357.964,5366.838
5358.311,1771138800,5363.29,5354.123,5357.948
5353.573,1771139700,5358.308,5348.761,5358.308
5343.965,1771140600,5353.568,5343.965,5353.568
5368.168,1771141500,5370.214,5342.632,5343.955
5375.515,1771142400,5379.477,5367.686,5368.157
5366.227,1771143300,5375.506,5366.227,5375.506
5370.168,1771144200,5375.446,5364.614,5366.211
5366.915,1771145100,5373.346,5366.915,5370.167
5364.588,1771146000,5370.152,5362.723,5366.908
5363.322,1771146900,5368.911,5361.486,5364.587
5353.484,1771147800,5363.294,5353.484,5363.294
5357.262,1771148700,5358.149,5348.349,5353.474
5363.006,1771149600,5367.551,5355.022,5357.251
5375.868,1771150500,5379.333,5360.785,5362.985
5373.488,1771151400,5376.271,5373.177,5375.857
5366.065,1771152300,5373.473,5365.202,5373.473
5356.147,1771153200,5366.058,5356.147,5366.058
5357.657,1771154100,5358.065,5351.567,5356.128
5361.985,1771155000,5363.794,5354.218,5357.65
5352.429,1771155900,5361.975,5352.429,5361.975
5357.25,1771156800,5363.974,5349.846,5352.426
5351.985,1771157700,5357.235,5351.644,5357.235
5351.577,1771158600,5358.513,5349.554,5351.971
5356.604,1771159500,5356.94,5343.633,5351.698
5346.487,1771160400,5356.594,5346.487,5356.594
5352.511,1771161300,5353.716,5343.241,5346.482
5342.876,1771162200,5352.493,5342.876,5352.493
5333.778,1771163100,5342.863,5333.778,5342.863
5324.165,1771164000,5333.765,5324.165,5333.765
5331.446,1771164900,5332.99,5322.526,5324.162
5334.956,1771165800,5336.72,5325.21,5331.434
5339.369,1771166700,5345.697,5331.846,5334.952
5351.186,1771167600,5355.861,5338.455,5339.35
5362.602,1771168500,5369.701,5350.983,5351.169
5356.411,1771169400,5366.096,5356.411,5362.579
5383.504,1771170300,5385.459,5354.183,5356.41
5378.067,1771171200,5383.492,5378.067,5383.492
5373.554,1771172100,5381.627,5373.554,5378.057
5371.691,1771173000,5373.543,5364.712,5373.543
5371.597,1771173900,5372.513,5365.1,5371.688
5369.008,1771174800,5371.581,5363.88,5371.581
5384.197,1771175700,5384.438,5363.485,5369.003
5383.394,1771176600,5384.18,5376.495,5384.18
5384.886,1771177500,5387.409,5376.481,5383.384
5380.24,1771178400,5388.862,5380.24,5384.879
5386.715,1771179300,5389.523,5379.527,5380.237
5377.014,1771180200,5386.712,5377.014,5386.712
5375.14,1771181100,5378.463,5370.397,5376.995
5375.173,1771182000,5376.348,5367.576,5375.132
5381.89,1771182900,5383.907,5370.935,5375.155
5393.226,1771183800,5396.838,5379.067,5381.882
5406.068,1771184700,5409.606,5390.953,5393.223
5402.154,1771185600,5408.661,5402.154,5406.063
5392.513,1771186500,5402.138,5392.513,5402.138
5382.785,1771187400,5392.503,5382.785,5392.503
5398.914,1771188300,5400.809,5381.276,5382.771
5403.018,1771189200,5407.002,5395.049,5398.897
5402.388,1771190100,5404.385,5398.073,5403.004
5398.032,1771191000,5402.37,5397.787,5402.37
5411.2,1771191900,5413.449,5391.38,5398.028
5420.294,1771192800,5420.36,5405.924,5411.188
5417.171,1771193700,5420.282,5410.476,5420.282
5430.879,1771194600,5431.575,5411.19,5417.143
5439.546,1771195500,5440.853,5428.005,5430.875
5437.075,1771196400,5439.536,5432.423,5439.536
5430.04,1771197300,5437.068,5430.04,5437.068
5421.127,1771198200,5430.035,5421.127,5430.035
5424.72,1771199100,5430.977,5418.865,5421.116
5417.09,1771200000,5424.704,5417.09,5424.704
5409.626,1771200900,5417.068,5409.285,5417.068
5416.41,1771201800,5422.507,5409.482,5409.619
5418.504,1771202700,5421.604,5412.868,5416.397
5408.691,1771203600,5418.499,5408.691,5418.499
5422.732,1771204500,5422.841,5404.509,5408.682
5421.333,1771205400,5428.105,5421.333,5422.722
5415.151,1771206300,5421.6,5414.553,5421.331
5419.763,1771207200,5421.495,5409.503,5415.143
5410.913,1771208100,5419.754,5410.913,5419.754
5442.45,1771209000,5443.875,5410.045,5410.903
5432.724,1771209900,5442.431,5432.724,5442.431
5434.249,1771210800,5436.32,5427.219,5432.716
5424.695,1771211700,5434.226,5424.695,5434.226
5426.224,1771212600,5431.068,5422.007,5424.681
5442.657,1771213500,5443.254,5422.577,5426.223
5440.709,1771214400,5446.979,5438.82,5442.651
5449.48,1771215300,5450.901,5433.015,5440.7
5439.42,1771216200,5449.475,5439.42,5449.475
5441.845,1771217100,5448.615,5436.154,5439.398
5443.815,1771218000,5449.719,5438.212,5441.832
5456.243,1771218900,5461.89,5442.649,5443.814
5465.388,1771219800,5472.67,5453.96,5456.229
5464.975,1771220700,5472.925,5463.296,5465.385
5459.008,1771221600,5467.26,5459.008,5464.962
5457.731,1771222500,5463.099,5454.031,5458.999
5450.006,1771223400,5459.408,5450.006,5457.719
5442.479,1771224300,5449.999,5440.601,5449.999
5448.506,1771225200,5451.922,5438.86,5442.478
5455.795,1771226100,5461.237,5448.254,5448.499
5445.627,1771227000,5455.794,5445.627,5455.794
5446.242,1771227900,5450.262,5440.187,5445.622
5441.14,1771228800,5450.241,5441.14,5446.228
5436.314,1771229700,5441.122,5431.653,5441.122
5451.751,1771230600,5452.335,5433.418,5436.309
5450.202,1771231500,5451.745,5446.416,5451.745
5447.368,1771232400,5452.946,5445.999,5450.186
5449.908,1771233300,5450.237,5441.895,5447.355
5439.914,1771234200,5449.89,5439.914,5449.89
5439.799,1771235100,5441.639,5432.037,5439.892
5432.204,1771236000,5440.856,5432.204,5439.79
5427.289,1771236900,5432.193,5427.007,5432.193
5453.082,1771237800,5456.476,5422.808,5427.265
5443.218,1771238700,5453.057,5443.218,5453.057
5433.391,1771239600,5443.21,5433.391,5443.21
5427.53,1771240500,5433.378,5426.738,5433.378
5445.836,1771241400,5445.836,5427.18,5427.527
5451.513,1771242300,5451.764,5437.771,5445.823
5445.227,1771243200,5451.512,5445.227,5451.512
5442.432,1771244100,5449.102,5442.432,5445.199
5432.526,1771245000,5442.431,5432.526,5442.431
5434.969,1771245900,5436.333,5430.873,5432.523
5433.033,1771246800,5436.049,5428.099,5434.948
5425.435,1771247700,5433.03,5425.435,5433.03
5429.996,1771248600,5434.875,5421.504,5425.41
5442.154,1771249500,5442.379,5425.631,5429.974
5442.302,1771250400,5446.721,5436.736,5442.136
5441.138,1771251300,5444.506,5435.617,5442.289
5464.23,1771252200,5467.175,5440.911,5441.135
5470.962,1771253100,5476.021,5462.899,5464.202
5470.593,1771254000,5470.952,5461.072,5470.952
5460.666,1771254900,5470.589,5460.666,5470.589
5450.45,1771255800,5460.663,5450.45,5460.663
5440.692,1771256700,5450.447,5440.692,5450.447
5454.539,1771257600,5454.861,5435.681,5440.687
5455.045,1771258500,5457.495,5451.376,5454.525
5445.559,1771259400,5455.029,5445.559,5455.029
5454.17,1771260300,5459.436,5443.601,5445.557
5464.657,1771261200,5467.533,5451.136,5454.16
5454.721,1771262100,5464.641,5454.721,5464.641
5453.643,1771263000,5460.708,5452.422,5454.719
5446.698,1771263900,5453.632,5445.841,5453.632
5467.267,1771264800,5468.901,5442.415,5446.686
5457.175,1771265700,5467.264,5457.175,5467.264
5481.448,1771266600,5486.708,5456.162,5457.164
5498.125,1771267500,5499.812,5480.077,5481.447
5500.741,1771268400,5502.173,5494.8,5498.12
5501.964,1771269300,5506.762,5496.744,5500.729
5495.818,1771270200,5501.958,5495.818,5501.958
5511.66,1771271100,5515.395,5492.865,5495.812
5528.344,1771272000,5531.805,5509.221,5511.645
5543.121,1771272900,5547.277,5524.145,5528.34
5532.819,1771273800,5543.1,5532.819,5543.1
5539.009,1771274700,5539.201,5523.849,5532.817
5535.183,1771275600,5539.319,5533.888,5539.0
5525.214,1771276500,5535.16,5525.214,5535.16
5515.103,1771277400,5525.198,5515.103,5525.198
5504.749,1771278300,5515.088,5504.749,5515.088
5499.157,1771279200,5504.74,5497.848,5504.74
5505.479,1771280100,5507.667,5497.009,5499.152
5504.841,1771281000,5510.85,5503.058,5505.478
5499.226,1771281900,5507.545,5499.226,5504.837
5489.203,1771282800,5499.204,5489.203,5499.204
5498.049,1771283700,5498.111,5481.948,5489.195
5496.691,1771284600,5501.392,5496.474,5498.025
5503.025,1771285500,5503.319,5493.981,5496.68
5502.969,1771286400,5503.502,5493.542,5503.001
5498.177,1771287300,5505.83,5498.177,5502.952
5490.236,1771288200,5498.169,5490.236,5498.169
5489.818,1771289100,5495.8,5487.726,5490.216
5480.055,1771290000,5489.81,5480.055,5489.81
5493.119,1771290900,5495.558,5478.556,5480.05
5492.338,1771291800,5496.739,5489.54,5493.107
5497.308,1771292700,5501.546,5488.017,5492.333
5490.308,1771293600,5497.287,5490.308,5497.287
5480.321,1771294500,5490.306,5480.321,5490.306
5480.934,1771295400,5482.757,5471.692,5480.311
5496.531,1771296300,5498.162,5475.663,5480.924
5495.699,1771297200,5499.1,5490.598,5496.517
5510.756,1771298100,5511.404,5494.175,5495.692
5501.054,1771299000,5510.747,5501.054,5510.747
5500.944,1771299900,5502.29,5492.704,5501.032
5517.028,1771300800,5518.718,5495.624,5500.94
5521.473,1771301700,5525.491,5516.436,5517.02
5513.398,1771302600,5521.458,5513.398,5521.458
5532.43,1771303500,5535.511,5512.41,5513.396
5531.318,1771304400,5536.144,5528.655,5532.417
5521.41,1771305300,5531.306,5521.41,5531.306
5513.774,1771306200,5521.386,5513.774,5521.386
5507.034,1771307100,5516.781,5507.034,5513.761
5506.467,1771308000,5514.677,5506.467,5507.032
5500.866,1771308900,5508.087,5500.866,5506.46
5513.653,1771309800,5518.666,5499.811,5500.862
5511.731,1771310700,5516.035,5508.429,5513.649
5504.881,1771311600,5511.73,5503.046,5511.73
5494.494,1771312500,5504.879,5494.494,5504.879
5491.636,1771313400,5499.691,5491.636,5494.488
5499.161,1771314300,5505.826,5488.304,5491.628
5501.328,1771315200,5501.781,5493.765,5499.151
5513.358,1771316100,5515.604,5498.278,5501.316
5513.012,1771317000,5519.288,5510.782,5513.338
5503.269,1771317900,5513.01,5503.269,5513.01
5508.445,1771318800,5508.491,5496.102,5503.259
5498.48,1771319700,5508.427,5498.48,5508.427
5492.604,1771320600,5498.479,5492.604,5498.479
5494.48,1771321500,5497.177,5485.23,5492.603
5500.731,1771322400,5502.301,5491.535,5494.479
5501.344,1771323300,5503.658,5493.445,5500.722
5513.293,1771324200,5514.61,5494.785,5501.32
5534.59,1771325100,5538.739,5512.337,5513.292
5544.676,1771326000,5546.463,5532.682,5534.576
5537.108,1771326900,5544.661,5537.108,5544.661
5540.985,1771327800,5543.412,5535.555,5537.091
5536.405,1771328700,5540.979,5533.759,5540.979
5526.558,1771329600,5536.381,5526.558,5536.381
5534.865,1771330500,5538.906,5526.352,5526.547
5549.99,1771331400,5550.287,5534.689,5534.845
5542.283,1771332300,5549.969,5542.283,5549.969
5543.012,1771333200,5547.105,5536.599,5542.28
5532.698,1771334100,5543.003,5532.698,5543.003
5534.599,1771335000,5543.754,5532.516,5532.693
5532.649,1771335900,5534.628,5526.47,5534.585
5530.464,1771336800,5532.643,5525.565,5532.643
5549.73,1771337700,5551.704,5527.067,5530.463
5554.583,1771338600,5558.627,5548.817,5549.721
5549.032,1771339500,5554.567,5549.032,5554.567
5551.717,1771340400,5557.558,5548.582,5549.029
5552.581,1771341300,5556.69,5545.772,5551.711
5543.808,1771342200,5552.858,5543.808,5552.579
5533.779,1771343100,5543.782,5533.779,5543.782
5542.212,1771344000,5546.062,5530.746,5533.767
5544.202,1771344900,5549.445,5537.352,5542.206
5545.865,1771345800,5545.917,5537.601,5544.167
5560.218,1771346700,5560.841,5539.967,5545.846
5567.941,1771347600,5570.778,5559.405,5560.217
5559.591,1771348500,5567.924,5559.591,5567.924
5553.089,1771349400,5560.867,5553.089,5559.59
5551.228,1771350300,5557.513,5549.404,5553.082
5546.327,1771351200,5553.52,5546.327,5551.227
5536.014,1771352100,5546.321,5536.014,5546.321
5560.889,1771353000,5563.757,5535.69,5535.995
5556.518,1771353900,5562.854,5556.518,5560.877
5560.707,1771354800,5562.101,5554.719,5556.509
5550.806,1771355700,5560.699,5550.806,5560.699
5551.764,1771356600,5560.383,5549.854,5550.8
5541.876,1771357500,5551.763,5541.876,5551.763
5539.569,1771358400,5543.144,5537.013,5541.865
5544.162,1771359300,5550.435,5538.337,5539.568
5534.207,1771360200,5544.16,5534.207,5544.16
5529.542,1771361100,5534.203,5525.24,5534.203
5532.677,1771362000,5538.018,5525.282,5529.524
5522.943,1771362900,5532.67,5522.943,5532.67
5519.105,1771363800,5525.867,5519.105,5522.924
5527.616,1771364700,5534.567,5518.661,5519.093
5536.143,1771365600,5540.453,5525.99,5527.614
5526.07,1771366500,5536.142,5526.07,5536.142
5528.279,1771367400,5536.108,5525.706,5526.065
5527.012,1771368300,5534.288,5526.032,5528.254
5524.466,1771369200,5528.763,5521.718,5527.011
5535.482,1771370100,5535.576,5520.802,5524.443
5525.456,1771371000,5535.479,5525.456,5535.479
5515.465,1771371900,5525.435,5515.465,5525.435
5507.752,1771372800,5516.831,5507.752,5515.455
5508.523,1771373700,5509.751,5501.485,5507.746
5512.497,1771374600,5514.084,5501.303,5508.514
5503.807,1771375500,5512.471,5503.807,5512.471
5501.204,1771376400,5505.168,5498.002,5503.795
5505.284,1771377300,5513.46,5501.177,5501.197
5508.515,1771378200,5512.629,5500.616,5505.264
5510.579,1771379100,5516.13,5507.843,5508.513
5515.065,1771380000,5516.773,5506.116,5510.564
5541.631,1771380900,5543.851,5514.47,5515.063
5553.528,1771381800,5556.072,5540.87,5541.62
5553.443,1771382700,5555.276,5545.223,5553.497
5548.941,1771383600,5553.426,5544.95,5553.426
5538.76,1771384500,5548.934,5538.76,5548.934
5535.182,1771385400,5538.752,5530.705,5538.752
5527.094,1771386300,5535.171,5527.094,5535.171
5522.592,1771387200,5527.732,5522.525,5527.085
5512.569,1771388100,5522.573,5512.569,5522.573
5502.752,1771389000,5512.548,5502.752,5512.548
5495.229,1771389900,5502.746,5495.229,5502.746
5490.397,1771390800,5495.776,5490.397,5495.216
5493.997,1771391700,5495.541,5485.881,5490.393
5484.081,1771392600,5493.991,5484.081,5493.991
5482.312,1771393500,5487.488,5479.876,5484.076
5474.896,1771394400,5482.299,5474.896,5482.299
5477.872,1771395300,5481.232,5472.021,5474.894
5467.638,1771396200,5477.872,5467.638,5477.872
5471.94,1771397100,5478.072,5467.338,5467.627
5477.35,1771398000,5479.769,5466.881,5471.925
5469.813,1771398900,5479.118,5469.813,5477.35
5476.331,1771399800,5476.621,5464.024,5469.797
5474.362,1771400700,5480.524,5472.736,5476.318
5479.555,1771401600,5480.537,5466.788,5474.338
5490.336,1771402500,5493.284,5477.999,5479.537
5489.671,1771403400,5493.284,5487.096,5490.327
5489.259,1771404300,5494.661,5485.992,5489.657
5482.075,1771405200,5489.237,5480.238,5489.237
5509.249,1771406100,5514.628,5481.749,5482.067
5512.104,1771407000,5512.837,5504.262,5509.239
5509.875,1771407900,5512.097,5502.706,5512.097
5503.614,1771408800,5512.012,5503.614,5509.867
5517.368,1771409700,5518.694,5502.961,5503.61
5510.902,1771410600,5517.348,5510.902,5517.348
5538.804,1771411500,5544.887,5510.521,5510.88
5528.09,1771412400,5538.796,5528.09,5538.796
5518.464,1771413300,5528.09,5518.464,5528.09
5508.229,1771414200,5518.455,5508.229,5518.455
5504.516,1771415100,5512.482,5504.516,5508.228
5502.645,1771416000,5508.359,5501.565,5504.504
5492.955,1771416900,5502.636,5492.955,5502.636
5492.298,1771417800,5496.03,5490.636,5492.931
5488.517,1771418700,5492.966,5487.538,5492.289
5478.765,1771419600,5488.496,5478.765,5488.496
5479.612,1771420500,5482.548,5472.077,5478.751
5471.476,1771421400,5479.604,5471.476,5479.604
5470.269,1771422300,5473.616,5468.486,5471.462
5467.613,1771423200,5470.253,5461.722,5470.253
5463.125,1771424100,5469.407,5463.125,5467.59
5467.836,1771425000,5468.639,5458.573,5463.116
5488.019,1771425900,5490.781,5463.242,5467.812
5478.179,1771426800,5487.999,5478.179,5487.999
5480.039,1771427700,5481.292,5470.742,5478.169
5478.357,1771428600,5480.019,5470.454,5480.019
5478.007,1771429500,5478.778,5470.046,5478.35
5482.274,1771430400,5487.422,5473.221,5478.005
5480.38,1771431300,5484.202,5476.601,5482.251
5470.694,1771432200,5480.365,5470.694,5480.365
5478.514,1771433100,5480.996,5464.526,5470.684
5472.593,1771434000,5480.007,5472.593,5478.506
5464.93,1771434900,5472.575,5463.249,5472.575
5465.92,1771435800,5474.308,5463.655,5464.916
5475.204,1771436700,5476.604,5461.782,5465.912
5466.907,1771437600,5475.189,5466.907,5475.189
5471.216,1771438500,5475.109,5464.444,5466.89
5476.177,1771439400,5477.426,5462.89,5471.195
5479.699,1771440300,5482.425,5472.133,5476.156
5473.744,1771441200,5479.69,5473.744,5479.69
5470.989,1771442100,5480.446,5470.989,5473.722
5467.408,1771443000,5470.973,5463.984,5470.973
5457.881,1771443900,5467.404,5457.881,5467.404
5448.291,1771444800,5457.871,5448.291,5457.871
5440.119,1771445700,5448.284,5439.656,5448.284
5430.691,1771446600,5440.088,5430.691,5440.088
5432.503,1771447500,5436.986,5428.848,5430.687
5422.875,1771448400,5432.496,5422.875,5432.496
5417.127,1771449300,5422.873,5417.127,5422.873
5415.588,1771450200,5424.335,5415.588,5417.118
5405.681,1771451100,5415.588,5405.681,5415.588
5408.321,1771452000,5412.354,5400.575,5405.673
5398.762,1771452900,5408.3,5398.762,5408.3
5402.05,1771453800,5403.423,5390.557,5398.761
5395.032,1771454700,5402.03,5395.032,5402.03
5390.631,1771455600,5395.022,5385.982,5395.022
5410.36,1771456500,5412.581,5387.843,5390.624
5414.718,1771457400,5416.547,5406.984,5410.341
5404.979,1771458300,5414.699,5404.979,5414.699
5416.197,1771459200,5419.308,5400.704,5404.97
5406.562,1771460100,5416.195,5406.562,5416.195
5416.927,1771461000,5424.861,5405.122,5406.561
5409.866,1771461900,5416.919,5408.324,5416.919
5412.987,1771462800,5414.329,5402.444,5409.858
5415.53,1771463700,5419.391,5409.719,5412.971
5410.206,1771464600,5415.712,5410.206,5415.527
5404.203,1771465500,5410.199,5400.985,5410.199
5401.293,1771466400,5404.479,5397.463,5404.189
5393.711,1771467300,5401.279,5393.711,5401.279
5395.771,1771468200,5402.131,5390.036,5393.693
5386.089,1771469100,5395.77,5386.089,5395.77
5389.149,1771470000,5389.411,5376.74,5386.086
5387.021,1771470900,5392.677,5385.763,5389.143
5388.077,1771471800,5391.584,5383.993,5387.013
5382.201,1771472700,5388.413,5382.201,5388.075
5378.854,1771473600,5388.432,5378.854,5388.432
5379.946,1771474500,5381.124,5373.515,5378.843
5371.197,1771475400,5379.943,5371.197,5379.943
5361.576,1771476300,5371.19,5361.576,5371.19
5351.303,1771477200,5361.562,5351.303,5361.562
5347.545,1771478100,5355.997,5347.545,5351.298
5337.795,1771479000,5347.537,5337.795,5347.537
5375.535,1771479900,5376.733,5337.623,5337.791
5388.665,1771480800,5396.651,5375.249,5375.526
5396.334,1771481700,5398.387,5385.931,5388.652
5396.218,1771482600,5402.889,5393.235,5396.312
5386.569,1771483500,5396.208,5386.569,5396.208
5389.813,1771484400,5391.725,5382.117,5386.551
5380.255,1771485300,5389.796,5380.255,5389.796
5374.002,1771486200,5380.255,5374.002,5380.255
5365.59,1771487100,5374.001,5364.394,5374.001
5364.479,1771488000,5367.684,5361.465,5365.577
5381.472,1771488900,5385.992,5360.354,5364.472
5385.529,1771489800,5393.911,5379.98,5381.463
5393.302,1771490700,5396.311,5380.64,5385.52
5393.555,1771491600,5398.348,5388.446,5393.29
5398.436,1771492500,5400.685,5389.398,5393.554
5392.439,1771493400,5400.796,5392.439,5398.431
5385.835,1771494300,5392.433,5385.835,5392.433
5376.101,1771495200,5385.819,5376.101,5385.819
5367.365,1771496100,5376.088,5367.365,5376.088
5367.739,1771497000,5371.08,5361.244,5367.351
5374.525,1771497900,5376.4,5363.527,5367.733
5367.369,1771498800,5374.508,5367.369,5374.508
5361.667,1771499700,5367.366,5360.178,5367.366
5359.528,1771500600,5369.156,5359.528,5361.665
5354.169,1771501500,5360.755,5354.169,5359.523
5345.046,1771502400,5354.157,5344.654,5354.157
5351.634,1771503300,5351.723,5342.549,5345.026
5351.841,1771504200,5352.484,5346.105,5351.631
5344.589,1771505100,5351.827,5344.589,5351.827
5342.406,1771506000,5347.924,5340.396,5344.568
5349.789,1771506900,5349.831,5338.615,5342.398
5351.827,1771507800,5352.508,5340.811,5349.774
5365.117,1771508700,5369.513,5350.832,5351.82
5359.923,1771509600,5368.639,5359.923,5365.114
5354.154,1771510500,5360.421,5354.154,5359.911
5357.05,1771511400,5357.56,5347.789,5354.143
5358.387,1771512300,5359.755,5353.49,5357.045
5365.268,1771513200,5365.335,5354.443,5358.375
5367.962,1771514100,5369.19,5360.038,5365.244
5358.397,1771515000,5367.957,5358.397,5367.957
5360.889,1771515900,5364.839,5352.763,5358.389
5351.0,1771516800,5360.879,5351.0,5360.879
5356.473,1771517700,5360.15,5349.208,5350.984
5354.778,1771518600,5359.439,5353.627,5356.466
5353.64,1771519500,5360.053,5353.64,5354.769
5349.704,1771520400,5359.281,5349.704,5353.625
5339.758,1771521300,5349.698,5339.758,5349.698
5339.767,1771522200,5341.478,5331.758,5339.748
5337.368,1771523100,5344.527,5337.306,5339.759
5327.602,1771524000,5337.368,5327.602,5337.368
5330.845,1771524900,5335.864,5326.994,5327.586
5320.929,1771525800,5330.837,5320.929,5330.837
5314.272,1771526700,5320.927,5314.272,5320.927
5331.081,1771527600,5334.231,5314.001,5314.27
5321.493,1771528500,5331.077,5321.493,5331.077
5324.914,1771529400,5327.252,5317.118,5321.487
5318.187,1771530300,5324.897,5315.282,5324.897
5314.4,1771531200,5323.112,5314.4,5318.187
5325.873,1771532100,5326.779,5312.864,5314.388
5330.914,1771533000,5333.024,5325.262,5325.854
5325.032,1771533900,5330.9,5322.719,5330.9
5319.277,1771534800,5325.019,5317.523,5325.019
5326.284,1771535700,5331.907,5318.402,5319.257
5321.466,1771536600,5326.696,5321.466,5326.276
5332.36,1771537500,5332.829,5318.544,5321.438
5322.714,1771538400,5332.342,5322.714,5332.342
5323.039,1771539300,5323.044,5314.202,5322.698
5321.463,1771540200,5328.837,5320.927,5323.02
5344.841,1771541100,5348.833,5317.968,5321.451
5347.189,1771542000,5349.643,5341.9,5344.818
5360.612,1771542900,5367.17,5344.321,5347.186
5359.232,1771543800,5363.839,5355.286,5360.601
5357.353,1771544700,5364.769,5356.976,5359.229
5384.876,1771545600,5386.998,5356.53,5357.351
5382.493,1771546500,5386.822,5381.41,5384.869
5376.099,1771547400,5382.484,5376.099,5382.484
5382.69,1771548300,5387.171,5374.371,5376.094
5372.954,1771549200,5382.684,5372.954,5382.684
5386.296,1771550100,5392.451,5370.847,5372.937
5387.679,1771551000,5393.738,5384.744,5386.286
5381.85,1771551900,5388.106,5381.85,5387.675
5378.099,1771552800,5385.314,5378.099,5381.824
5370.519,1771553700,5378.095,5370.519,5378.095
5368.64,1771554600,5374.794,5366.956,5370.503
5366.123,1771555500,5373.125,5366.004,5368.635
5356.607,1771556400,5366.116,5356.607,5366.116
5359.906,1771557300,5365.005,5352.282,5356.59
5364.238,1771558200,5365.644,5358.861,5359.889
5354.713,1771559100,5364.234,5354.713,5364.234
5345.024,1771560000,5354.687,5345.024,5354.687
5350.138,1771560900,5355.493,5340.618,5345.02
5349.954,1771561800,5355.559,5346.6,5350.126
5380.53,1771562700,5382.366,5349.381,5349.944
5389.92,1771563600,5391.475,5377.94,5380.51
5398.982,1771564500,5402.611,5389.329,5389.892
5403.314,1771565400,5410.488,5396.829,5398.977
5425.991,1771566300,5427.884,5399.955,5403.305
5416.612,1771567200,5426.142,5416.612,5425.981
5417.662,1771568100,5424.694,5414.78,5416.608
5416.074,1771569000,5422.373,5415.205,5417.65
5411.825,1771569900,5420.56,5411.825,5416.072
5413.026,1771570800,5414.081,5404.502,5411.806
5403.266,1771571700,5413.017,5403.266,5413.017
5406.978,1771572600,5410.437,5400.173,5403.263
5404.778,1771573500,5406.959,5401.283,5406.959
5420.564,1771574400,5422.851,5401.856,5404.764
5440.25,1771575300,5442.36,5419.364,5420.54
5441.201,1771576200,5447.834,5439.773,5440.249
5433.62,1771577100,5441.198,5432.004,5441.198
5433.465,1771578000,5438.108,5430.605,5433.62
5429.242,1771578900,5438.7,5429.242,5433.449
5419.584,1771579800,5429.222,5419.584,5429.222
5409.691,1771580700,5419.564,5409.691,5419.564
5421.017,1771581600,5427.616,5409.364,5409.678
5429.449,1771582500,5433.021,5417.827,5421.012
5419.474,1771583400,5429.423,5419.474,5429.423
5424.676,1771584300,5430.388,5416.907,5419.47
5427.073,1771585200,5432.972,5423.35,5424.656
5425.459,1771586100,5427.646,5421.753,5427.072
5416.233,1771587000,5425.451,5416.233,5425.451
5406.194,1771587900,5416.225,5406.194,5416.225
5414.014,1771588800,5415.287,5406.043,5406.185
5413.122,1771589700,5419.57,5411.32,5414.008
5440.908,1771590600,5442.917,5412.897,5413.112
5447.538,1771591500,5449.49,5438.382,5440.908
5450.82,1771592400,5453.255,5440.376,5447.536
5444.389,1771593300,5454.294,5444.389,5450.812
5443.198,1771594200,5445.969,5437.364,5444.383
5440.376,1771595100,5447.183,5440.376,5443.19
5441.267,1771596000,5442.442,5435.507,5440.354
5431.686,1771596900,5441.259,5431.686,5441.259
5428.988,1771597800,5435.137,5428.988,5431.672
5419.089,1771598700,5428.972,5419.089,5428.972
5435.413,1771599600,5437.172,5415.572,5419.064
5447.622,1771600500,5449.1,5432.484,5435.408
5441.465,1771601400,5447.596,5441.465,5447.596
5444.243,1771602300,5444.792,5435.554,5441.455
5434.564,1771603200,5444.238,5434.564,5444.238
5429.548,1771604100,5434.548,5427.368,5434.548
5432.203,1771605000,5434.79,5424.238,5429.546
5422.371,1771605900,5432.279,5422.371,5432.189
5421.307,1771606800,5426.67,5418.728,5422.365
5417.412,1771607700,5425.24,5417.412,5421.305
5409.105,1771608600,5417.394,5409.105,5417.394
5399.076,1771609500,5409.105,5399.076,5409.105
5397.968,1771610400,5407.187,5397.968,5399.062
5396.961,1771611300,5399.722,5391.173,5397.963
5389.435,1771612200,5398.027,5389.435,5396.914
5389.549,1771613100,5394.056,5387.231,5389.429
5379.776,1771614000,5389.547,5379.776,5389.547
5383.42,1771614900,5388.226,5377.893,5379.767
5381.925,1771615800,5389.444,5381.336,5383.42
5383.377,1771616700,5385.437,5374.341,5381.899
5373.579,1771617600,5383.35,5373.579,5383.35
5364.145,1771618500,5373.573,5364.145,5373.573
5354.208,1771619400,5364.135,5354.208,5364.135
5368.602,1771620300,5369.862,5347.758,5354.189
5364.928,1771621200,5368.838,5363.289,5368.599
5374.206,1771622100,5375.484,5362.632,5364.925
5381.398,1771623000,5381.619,5370.408,5374.205
5397.695,1771623900,5401.694,5380.835,5381.397
5396.077,1771624800,5401.551,5393.459,5397.69
5400.384,1771625700,5404.324,5395.177,5396.076
5402.181,1771626600,5408.76,5397.296,5400.366
5426.41,1771627500,5427.533,5401.401,5402.159
5432.067,1771628400,5432.7,5419.525,5426.403
5422.213,1771629300,5432.055,5422.213,5432.055
5420.647,1771630200,5422.208,5412.901,5422.208
5410.937,1771631100,5420.641,5410.937,5420.641
5416.472,1771632000,5419.33,5409.275,5410.922
5412.645,1771632900,5419.24,5412.645,5416.461
5415.36,1771633800,5420.842,5412.167,5412.622
5405.668,1771634700,5415.352,5405.668,5415.352
5411.855,1771635600,5413.821,5400.469,5405.653
5406.126,1771636500,5415.527,5406.126,5411.839
5396.501,1771637400,5406.122,5396.501,5406.122
5401.56,1771638300,5403.736,5390.183,5396.497
5392.741,1771639200,5401.539,5392.741,5401.539
5417.825,1771640100,5418.122,5391.859,5392.718
5415.265,1771641000,5417.818,5408.613,5417.818
5422.308,1771641900,5430.161,5414.995,5415.255
5428.085,1771642800,5429.903,5417.027,5422.294
5428.467,1771643700,5436.21,5426.479,5428.085
5425.206,1771644600,5430.832,5424.257,5428.457
5421.91,1771645500,5431.418,5421.91,5425.192
5415.991,1771646400,5421.908,5414.719,5421.908
5406.661,1771647300,5415.981,5406.661,5415.981
5408.161,1771648200,5414.664,5403.73,5406.648
5416.44,1771649100,5418.469,5406.979,5408.139
5419.214,1771650000,5423.558,5414.557,5416.431
5418.813,1771650900,5424.289,5416.985,5419.184
5429.971,1771651800,5432.832,5416.131,5418.805
5428.08,1771652700,5432.012,5424.156,5429.96
5422.517,1771653600,5428.079,5419.8,5428.079
5423.306,1771654500,5424.989,5414.593,5422.5
5441.859,1771655400,5447.828,5422.162,5423.286
5445.247,1771656300,5453.411,5441.006,5441.85
5453.161,1771657200,5456.271,5440.458,5445.238
5465.714,1771658100,5466.991,5444.562,5453.147
5472.049,1771659000,5474.059,5462.3,5465.711
5473.434,1771659900,5474.878,5464.895,5472.035
5472.575,1771660800,5477.466,5470.994,5473.416
5490.825,1771661700,5497.195,5471.84,5472.574
5491.561,1771662600,5495.249,5484.487,5490.817
5523.201,1771663500,5524.825,5488.649,5491.556
5516.658,1771664400,5523.189,5516.658,5523.189
5508.42,1771665300,5516.638,5508.42,5516.638
5499.537,1771666200,5508.414,5499.537,5508.414
5494.326,1771667100,5499.526,5493.036,5499.526
5485.1,1771668000,5494.313,5485.1,5494.313
5492.521,1771668900,5492.827,5480.16,5485.084
5482.631,1771669800,5492.499,5482.631,5492.499
5492.428,1771670700,5495.878,5479.508,5482.61
5487.585,1771671600,5492.401,5487.094,5492.401
5486.68,1771672500,5490.982,5484.004,5487.577
5481.181,1771673400,5488.936,5481.181,5486.671
5487.596,1771674300,5492.837,5480.086,5481.166
5489.152,1771675200,5496.071,5485.413,5487.579
5479.389,1771676100,5489.136,5479.389,5489.136
5480.282,1771677000,5480.874,5472.797,5479.384
5492.462,1771677900,5494.748,5473.833,5480.278
5483.032,1771678800,5492.453,5483.032,5492.453
5492.446,1771679700,5493.531,5479.32,5483.017
5482.451,1771680600,5492.434,5482.451,5492.434
5478.637,1771681500,5482.434,5476.158,5482.434
5490.756,1771682400,5496.26,5476.037,5478.632
5485.783,1771683300,5490.746,5484.505,5490.746
5490.568,1771684200,5493.786,5482.481,5485.782
5480.781,1771685100,5490.555,5480.781,5490.555
5477.548,1771686000,5481.978,5476.981,5480.776
5473.005,1771686900,5479.262,5473.005,5477.538
5462.943,1771687800,5473.003,5462.943,5473.003
5468.676,1771688700,5471.916,5457.329,5462.934
5470.478,1771689600,5474.425,5463.754,5468.675
5465.858,1771690500,5470.455,5464.331,5470.455
5466.633,1771691400,5467.22,5459.984,5465.847
5486.172,1771692300,5488.316,5465.239,5466.629
5486.26,1771693200,5494.593,5484.786,5486.165
5482.303,1771694100,5492.167,5482.303,5486.251
5521.802,1771695000,5522.202,5481.229,5482.286
5513.512,1771695900,5522.224,5513.512,5521.787
5517.867,1771696800,5521.776,5511.581,5513.495
5522.168,1771697700,5526.291,5513.559,5517.867
5521.371,1771698600,5527.895,5521.371,5522.156
5529.014,1771699500,5533.837,5520.493,5521.369
5519.064,1771700400,5529.008,5519.064,5529.008
5537.859,1771701300,5537.942,5516.591,5519.054
5540.098,1771702200,5543.378,5532.993,5537.857
5547.32,1771703100,5553.093,5536.357,5540.091
5548.836,1771704000,5549.921,5541.241,5547.307
5554.015,1771704900,5554.803,5545.321,5548.827
5567.269,1771705800,5569.461,5550.294,5553.996
5571.416,1771706700,5575.205,5562.871,5567.256
5561.142,1771707600,5571.408,5561.142,5571.408
5558.772,1771708500,5566.757,5558.772,5561.133
5560.31,1771709400,5562.824,5551.456,5558.759
5566.215,1771710300,5569.207,5559.584,5560.309
5571.234,1771711200,5580.031,5566.048,5566.209
5567.129,1771712100,5575.758,5567.129,5571.219
5562.756,1771713000,5567.128,5560.145,5567.128
5553.664,1771713900,5562.741,5553.664,5562.741
5563.832,1771714800,5568.131,5551.929,5553.655
5569.562,1771715700,5570.423,5561.605,5563.817
5559.582,1771716600,5569.545,5559.582,5569.545
5553.099,1771717500,5560.038,5553.099,5559.57
5548.002,1771718400,5558.336,5548.002,5553.091
5577.291,1771719300,5577.983,5544.387,5547.991
5577.838,1771720200,5583.605,5573.582,5577.29
5567.597,1771721100,5577.83,5567.597,5577.83
5557.668,1771722000,5567.577,5557.668,5567.577
5556.884,1771722900,5559.936,5551.135,5557.661
5561.049,1771723800,5564.458,5550.965,5556.878
5550.82,1771724700,5561.037,5550.82,5561.037
5553.26,1771725600,5555.538,5543.364,5550.802
5549.72,1771726500,5557.697,5549.72,5553.241
5566.784,1771727400,5566.895,5548.647,5549.691
5569.638,1771728300,5573.278,5561.941,5566.774
5561.886,1771729200,5569.609,5561.886,5569.609
5554.974,1771730100,5561.877,5554.974,5561.877
5545.088,1771731000,5554.956,5545.088,5554.956
5553.595,1771731900,5554.316,5544.368,5545.085
5562.109,1771732800,5567.535,5549.018,5553.586
5552.791,1771733700,5562.101,5552.791,5562.101
5551.836,1771734600,5560.246,5551.836,5552.782
5541.368,1771735500,5551.828,5541.368,5551.828
5536.153,1771736400,5541.342,5533.174,5541.342
5525.999,1771737300,5536.137,5525.999,5536.137
5516.751,1771738200,5525.997,5516.751,5525.997
5513.902,1771739100,5516.732,5508.674,5516.732
5503.583,1771740000,5513.893,5503.583,5513.893
5507.187,1771740900,5508.357,5499.566,5503.563
5523.002,1771741800,5524.202,5503.506,5507.186
5521.18,1771742700,5529.273,5521.18,5522.984
5511.732,1771743600,5521.16,5511.732,5521.16
5523.876,1771744500,5524.503,5508.366,5511.722
5518.507,1771745400,5523.861,5513.775,5523.861
5515.906,1771746300,5518.492,5509.148,5518.492
5523.421,1771747200,5524.372,5515.4,5515.893
5513.458,1771748100,5523.404,5513.458,5523.404
5540.145,1771749000,5546.373,5512.368,5513.457
5546.955,1771749900,5549.017,5540.078,5540.14
5536.739,1771750800,5546.947,5536.739,5546.947
5539.356,1771751700,5546.835,5534.308,5536.736
5529.577,1771752600,5539.354,5529.577,5539.354
5541.959,1771753500,5542.91,5522.666,5529.575
5553.34,1771754400,5554.423,5539.866,5541.95
5549.707,1771755300,5555.619,5549.707,5553.325
5544.035,1771756200,5552.925,5544.035,5549.692
5538.87,1771757100,5544.031,5537.693,5544.031
5537.084,1771758000,5542.442,5534.66,5538.854
5546.108,1771758900,5546.287,5534.041,5537.076
5535.997,1771759800,5546.09,5535.997,5546.09
5539.063,1771760700,5540.871,5530.202,5535.991
5537.097,1771761600,5540.711,5532.312,5539.026
5527.303,1771762500,5537.094,5527.303,5537.094
5531.628,1771763400,5536.738,5522.53,5527.285
5536.581,1771764300,5541.484,5529.819,5531.621
5540.011,1771765200,5548.57,5535.647,5536.568
5554.289,1771766100,5555.831,5537.581,5540.005
5547.059,1771767000,5554.274,5547.007,5554.274
5537.158,1771767900,5547.043,5537.158,5547.043
5527.325,1771768800,5537.151,5527.325,5537.151
5550.426,1771769700,5552.314,5521.711,5527.304
5540.563,1771770600,5550.418,5540.563,5550.418
5543.501,1771771500,5544.719,5538.482,5540.553
5543.379,1771772400,5552.608,5542.671,5543.48
5533.787,1771773300,5543.372,5533.787,5543.372
5525.976,1771774200,5533.769,5525.976,5533.769
5519.075,1771775100,5527.006,5519.075,5525.96
5525.963,1771776000,5529.079,5514.057,5519.061
5516.0,1771776900,5525.956,5516.0,5525.956
5513.611,1771777800,5515.984,5508.0,5515.984
5516.294,1771778700,5518.406,5511.089,5513.601
5520.965,1771779600,5525.136,5513.537,5516.285
5541.492,1771780500,5543.095,5519.041,5520.945
5534.465,1771781400,5541.487,5533.175,5541.487
5553.978,1771782300,5554.392,5529.068,5534.455
5565.289,1771783200,5569.364,5550.809,5553.951
5582.507,1771784100,5585.43,5564.832,5565.283
5588.955,1771785000,5595.793,5580.41,5582.494
5585.231,1771785900,5588.94,5582.342,5588.94
5590.74,1771786800,5592.14,5581.249,5585.217
5608.31,1771787700,5615.522,5588.679,5590.728
5598.367,1771788600,5608.297,5598.367,5608.297
5588.414,1771789500,5598.356,5588.414,5598.356
5600.155,1771790400,5600.461,5580.339,5588.411
5590.18,1771791300,5600.147,5590.18,5600.147
5586.223,1771792200,5594.158,5586.223,5590.165
5595.603,1771793100,5595.603,5583.664,5586.217
5587.65,1771794000,5595.581,5587.65,5595.581
5580.9,1771794900,5588.705,5580.9,5587.626
5585.079,1771795800,5590.519,5577.331,5580.897
5591.44,1771796700,5597.529,5582.613,5585.055
5590.011,1771797600,5595.432,5586.785,5591.422
5600.173,1771798500,5606.621,5589.593,5590.006
5596.571,1771799400,5602.678,5596.469,5600.156
5614.88,1771800300,5616.941,5593.31,5596.57
5604.681,1771801200,5614.875,5604.681,5614.875
5594.769,1771802100,5604.667,5594.769,5604.667
5584.823,1771803000,5594.764,5584.823,5594.764
5584.33,1771803900,5591.024,5583.65,5584.791
5574.247,1771804800,5584.308,5574.247,5584.308
5576.272,1771805700,5580.495,5572.326,5574.23
5582.189,1771806600,5584.017,5570.865,5576.258
5597.055,1771807500,5599.789,5581.131,5582.18
5594.723,1771808400,5602.488,5594.723,5597.047
5587.411,1771809300,5594.72,5587.411,5594.72
5600.523,1771810200,5602.603,5585.022,5587.406
5611.678,1771811100,5614.454,5607.057,5614.454
5631.695,1771812000,5632.356,5610.629,5611.673
5621.559,1771812900,5631.673,5621.559,5631.673
5630.819,1771813800,5636.397,5620.1,5621.528
5627.638,1771814700,5631.37,5626.78,5630.816
5649.784,1771815600,5654.084,5627.316,5627.617
5641.174,1771816500,5649.769,5641.174,5649.769
5652.347,1771817400,5652.797,5635.898,5641.173
5642.152,1771818300,5652.332,5642.152,5652.332
5650.036,1771819200,5650.183,5636.507,5642.137
5639.291,1771820100,5650.034,5639.291,5650.034
5628.514,1771821000,5639.258,5628.514,5639.258
5633.077,1771821900,5633.573,5622.073,5628.509
5622.91,1771822800,5633.055,5622.91,5633.055
5615.558,1771823700,5622.891,5614.33,5622.891
5617.092,1771824600,5626.141,5614.18,5615.53
5618.279,1771825500,5622.879,5611.318,5617.086
5608.479,1771826400,5618.277,5608.479,5618.277
5598.18,1771827300,5608.46,5598.18,5608.46
5612.251,1771828200,5612.785,5590.77,5598.176
5609.657,1771829100,5613.058,5607.994,5612.249
5606.754,1771830000,5611.458,5604.407,5609.651
5597.981,1771830900,5606.733,5597.981,5606.733
5596.547,1771831800,5599.95,5596.22,5597.953
5605.47,1771832700,5607.337,5594.668,5596.533
5600.931,1771833600,5607.466,5599.442,5605.466
5601.88,1771834500,5608.756,5597.961,5600.925
5591.581,1771835400,5601.872,5591.581,5601.872
5584.619,1771836300,5592.52,5584.619,5591.581
5582.286,1771837200,5585.833,5578.385,5584.612
5580.871,1771838100,5585.852,5577.165,5582.282
5570.829,1771839000,5580.87,5570.829,5580.87
5586.661,1771839900,5588.061,5563.92,5570.818
5582.035,1771840800,5586.704,5581.265,5586.651
5580.182,1771841700,5584.067,5577.645,5582.013
5613.54,1771842600,5614.157,5578.727,5580.175
5620.47,1771843500,5623.069,5612.233,5613.538
5612.991,1771844400,5622.404,5612.895,5620.467
5628.549,1771845300,5631.484,5611.157,5612.965
5618.092,1771846200,5628.532,5618.092,5628.532
5607.65,1771847100,5618.073,5607.65,5618.073
5614.193,1771848000,5617.087,5601.243,5607.632
5618.745,1771848900,5623.948,5612.782,5614.191
5624.694,1771849800,5632.256,5616.114,5618.744
5637.494,1771850700,5642.153,5621.314,5624.69
5661.387,1771851600,5661.575,5633.935,5637.483
5659.509,1771852500,5662.964,5655.687,5661.374
5649.118,1771853400,5659.499,5649.118,5659.499
5656.142,1771854300,5657.864,5646.129,5649.117
5646.061,1771855200,5656.141,5646.061,5656.141
5646.962,1771856100,5649.28,5643.19,5646.033
5658.697,1771857000,5659.678,5641.471,5646.951
5679.193,1771857900,5681.554,5658.529,5658.692
5690.137,1771858800,5692.843,5673.115,5679.176
5679.818,1771859700,5690.114,5679.818,5690.114
5678.322,1771860600,5682.31,5675.12,5679.809
5669.573,1771861500,5679.141,5669.573,5678.302
5678.395,1771862400,5679.534,5666.629,5669.555
5667.996,1771863300,5678.385,5667.996,5678.385
5657.461,1771864200,5667.973,5657.461,5667.973
5656.962,1771865100,5659.381,5650.532,5657.458
5652.86,1771866000,5660.616,5652.86,5656.946
5648.603,1771866900,5655.89,5648.603,5652.837
5659.915,1771867800,5668.649,5647.782,5648.596
5683.915,1771868700,5684.197,5653.289,5659.91
5680.794,1771869600,5687.569,5680.794,5683.898
5680.174,1771870500,5682.013,5672.033,5680.791
5681.439,1771871400,5684.8,5678.734,5680.164
5671.209,1771872300,5681.428,5671.209,5681.428
5674.857,1771873200,5675.671,5668.178,5671.202
5677.034,1771874100,5679.051,5671.53,5674.843
5678.94,1771875000,5688.796,5676.685,5677.031
5688.38,1771875900,5688.788,5671.406,5678.933
5678.454,1771876800,5688.354,5678.454,5688.354
5680.184,1771877700,5682.656,5671.192,5678.437
5672.697,1771878600,5680.17,5672.697,5680.17
5679.118,1771879500,5679.703,5668.618,5672.69
5676.92,1771880400,5686.212,5676.92,5679.096
5667.47,1771881300,5676.915,5667.47,5676.915
5663.495,1771882200,5667.457,5658.487,5667.457
5663.969,1771883100,5665.597,5656.772,5663.481
5668.902,1771884000,5671.206,5656.104,5663.949
5678.912,1771884900,5681.225,5663.654,5668.89
5682.153,1771885800,5688.628,5677.37,5678.902
5686.197,1771886700,5688.344,5675.601,5682.136
5690.753,1771887600,5693.688,5680.641,5686.194
5680.284,1771888500,5690.73,5680.284,5690.73
5686.985,1771889400,5690.848,5675.648,5680.262
5683.993,1771890300,5687.966,5680.911,5686.984
5694.704,1771891200,5698.008,5683.417,5683.99
5686.836,1771892100,5694.702,5686.836,5694.702
5702.727,1771893000,5706.612,5681.962,5686.814
5718.043,1771893900,5721.947,5702.017,5702.705
5723.064,1771894800,5727.63,5715.552,5718.025
5727.206,1771895700,5732.279,5722.655,5723.064
5726.943,1771896600,5729.772,5720.221,5727.19
5716.843,1771897500,5726.925,5716.843,5726.925
5706.328,1771898400,5716.838,5706.328,5716.838
5712.13,1771899300,5718.383,5706.303,5706.316
5725.493,1771900200,5730.408,5709.35,5712.118
5728.899,1771901100,5732.333,5718.496,5725.492
5736.344,1771902000,5738.296,5724.348,5728.892
5736.315,1771902900,5743.65,5733.29,5736.327
5749.362,1771903800,5755.405,5732.911,5736.308
5740.433,1771904700,5749.348,5740.433,5749.348
5755.844,1771905600,5757.156,5735.425,5740.426
5751.189,1771906500,5755.824,5748.745,5755.824
5758.633,1771907400,5761.888,5750.1,5751.167
5756.172,1771908300,5760.856,5753.152,5758.621
5759.819,1771909200,5763.104,5751.707,5756.17
5759.327,1771910100,5762.018,5755.937,5759.819
5757.036,1771911000,5759.304,5749.706,5759.304
5757.611,1771911900,5763.148,5754.481,5757.03
5755.75,1771912800,5761.899,5753.064,5757.593
5745.115,1771913700,5755.741,5745.115,5755.741
5739.812,1771914600,5749.575,5739.812,5745.11
5729.528,1771915500,5739.803,5729.528,5739.803
5722.907,1771916400,5729.514,5721.422,5729.514
5717.792,1771917300,5722.898,5713.57,5722.898
5712.352,1771918200,5717.784,5709.974,5717.784
5702.163,1771919100,5712.348,5702.163,5712.348
5700.679,1771920000,5704.748,5697.687,5702.154
5697.032,1771920900,5701.075,5694.313,5700.677
5699.855,1771921800,5707.821,5696.768,5697.01
5689.65,1771922700,5699.83,5689.65,5699.83
5679.212,1771923600,5689.636,5679.212,5689.636
5668.774,1771924500,5679.186,5668.774,5679.186
5658.671,1771925400,5668.757,5658.671,5668.757
5674.148,1771926300,5678.645,5658.305,5658.659
5663.926,1771927200,5674.124,5663.926,5674.124
5670.144,1771928100,5670.461,5658.287,5663.91
5659.728,1771929000,5670.142,5659.728,5670.142
5653.389,1771929900,5659.717,5650.37,5659.717
5643.167,1771930800,5653.366,5643.167,5653.366
5653.051,1771931700,5653.652,5636.91,5643.158
5642.596,1771932600,5653.038,5642.596,5653.038
5639.282,1771933500,5642.58,5634.506,5642.58
5633.509,1771934400,5639.28,5629.928,5639.28
5626.469,1771935300,5633.502,5626.469,5633.502
5616.638,1771936200,5626.449,5616.638,5626.449
5618.515,1771937100,5628.101,5616.497,5616.633
5611.822,1771938000,5618.495,5611.822,5618.495
5602.202,1771938900,5611.806,5602.202,5611.806
5601.8,1771939800,5606.977,5597.319,5602.199
5591.389,1771940700,5601.799,5591.389,5601.799
5599.293,1771941600,5608.008,5590.524,5591.381
5597.984,1771942500,5605.539,5596.899,5599.275
5595.911,1771943400,5602.522,5595.911,5597.977
5590.515,1771944300,5595.904,5590.515,5595.904
5580.129,1771945200,5590.51,5580.129,5590.51
5572.57,1771946100,5580.113,5572.57,5580.113
5582.311,1771947000,5583.395,5571.916,5572.551
5588.589,1771947900,5590.683,5579.662,5582.304
5578.216,1771948800,5588.587,5578.216,5588.587
5598.439,1771949700,5601.416,5577.582,5578.203
5592.897,1771950600,5598.436,5590.763,5598.436
5608.342,1771951500,5614.556,5592.025,5592.874
5605.958,1771952400,5608.501,5602.062,5608.324
5597.185,1771953300,5605.953,5597.185,5605.953
5606.272,1771954200,5608.77,5593.37,5597.163
5603.006,1771955100,5610.609,5603.006,5606.259
5592.372,1771956000,5602.992,5592.372,5602.992
5596.301,1771956900,5601.015,5590.171,5592.362
5595.437,1771957800,5598.551,5590.93,5596.29
5605.119,1771958700,5606.398,5587.968,5595.42
5621.095,1771959600,5622.431,5602.764,5605.113
5627.662,1771960500,5634.854,5619.49,5621.077
5618.2,1771961400,5627.657,5618.2,5627.657
5607.84,1771962300,5618.199,5607.84,5618.199
5610.292,1771963200,5615.429,5606.149,5607.839
5606.177,1771964100,5610.28,5602.336,5610.28
5596.645,1771965000,5606.163,5596.645,5606.163
5593.033,1771965900,5598.57,5592.63,5596.632
5599.756,1771966800,5601.319,5592.923,5593.026
5612.58,1771967700,5615.151,5596.862,5599.755
5614.378,1771968600,5618.555,5610.316,5612.562
5604.457,1771969500,5614.359,5604.457,5614.359
5604.329,1771970400,5608.593,5601.805,5604.45
5600.225,1771971300,5604.538,5598.531,5604.322
5601.653,1771972200,5605.942,5594.331,5600.22
5614.391,1771973100,5614.812,5596.854,5601.649
5623.988,1771974000,5626.81,5608.501,5614.362
5636.736,1771974900,5637.297,5623.902,5623.974
5632.497,1771975800,5636.733,5627.644,5636.733
5627.987,1771976700,5632.493,5624.414,5632.493
5617.897,1771977600,5627.984,5617.897,5627.984
5616.843,1771978500,5620.91,5614.473,5617.876
5619.396,1771979400,5625.065,5615.25,5616.838
5631.363,1771980300,5633.288,5616.915,5619.387
5629.025,1771981200,5632.619,5626.198,5631.343
5624.814,1771982100,5629.024,5620.209,5629.024
5615.826,1771983000,5624.812,5615.826,5624.812
5610.427,1771983900,5615.813,5610.169,5615.813
5600.963,1771984800,5610.417,5600.963,5610.417
5605.384,1771985700,5613.27,5600.458,5600.929
5619.113,1771986600,5620.458,5599.604,5605.368
5639.516,1771987500,5641.267,5617.598,5619.092
5633.605,1771988400,5639.498,5630.27,5639.498
5640.793,1771989300,5643.34,5630.724,5633.601
5673.37,1771990200,5678.408,5639.063,5640.793
5668.368,1771991100,5678.472,5668.368,5673.344
5664.398,1771992000,5669.822,5661.225,5668.35
5667.268,1771992900,5673.495,5663.053,5664.393
5656.942,1771993800,5667.252,5656.942,5667.252
5661.479,1771994700,5665.762,5656.051,5656.929
5653.836,1771995600,5664.007,5653.836,5661.461
5643.513,1771996500,5653.826,5643.513,5653.826
5641.511,1771997400,5645.049,5637.218,5643.49
5641.046,1771998300,5647.682,5640.979,5641.505
5649.262,1771999200,5650.8,5639.949,5641.04
5639.066,1772000100,5649.249,5639.066,5649.249
5639.875,1772001000,5640.194,5629.226,5639.048
5638.282,1772001900,5642.676,5636.551,5639.858
5638.261,1772002800,5639.415,5632.454,5638.278
5627.905,1772003700,5638.255,5627.905,5638.255
5619.82,1772004600,5627.892,5619.82,5627.892
5613.203,1772005500,5619.804,5613.203,5619.804
5613.889,1772006400,5618.289,5608.94,5613.188
5611.818,1772007300,5621.021,5611.818,5613.873
5607.139,1772008200,5613.389,5607.139,5611.814
5625.47,1772009100,5629.364,5606.389,5607.119
5620.975,1772010000,5625.457,5619.51,5625.457
5619.732,1772010900,5625.701,5619.144,5620.951
5621.875,1772011800,5630.612,5618.444,5619.718
5617.994,1772012700,5621.853,5612.885,5621.853
5607.649,1772013600,5617.987,5607.649,5617.987
5597.546,1772014500,5607.631,5597.546,5607.631
5593.975,1772015400,5598.937,5591.574,5597.546
5595.084,1772016300,5601.032,5592.563,5593.965
5586.529,1772017200,5595.075,5585.291,5595.075
5593.055,1772018100,5595.189,5583.12,5586.528
5600.869,1772019000,5601.946,5589.952,5593.053
5606.851,1772019900,5606.871,5597.995,5600.854
5601.594,1772020800,5606.845,5600.794,5606.845
5593.129,1772021700,5601.586,5593.129,5601.586
5589.06,1772022600,5597.083,5589.06,5593.121
5595.982,1772023500,5602.096,5588.505,5589.052
5585.823,1772024400,5595.976,5585.823,5595.976
5575.894,1772025300,5585.816,5575.894,5585.816
5573.337,1772026200,5577.805,5572.25,5575.888
5570.926,1772027100,5573.325,5565.554,5573.325
5567.637,1772028000,5573.016,5567.547,5570.913
5557.362,1772028900,5567.635,5557.362,5567.635
5548.65,1772029800,5557.359,5548.65,5557.359
5550.28,1772030700,5555.133,5546.109,5548.641
5540.542,1772031600,5550.258,5540.542,5550.258
5550.034,1772032500,5552.081,5539.24,5540.535
5555.648,1772033400,5557.679,5547.07,5550.029
5564.67,1772034300,5567.34,5550.736,5555.624
5557.973,1772035200,5565.322,5557.973,5564.653
5548.047,1772036100,5557.965,5548.047,5557.965
5572.819,1772037000,5575.119,5546.584,5548.036
5562.967,1772037900,5572.802,5562.967,5572.802
5570.143,1772038800,5572.594,5559.211,5562.963
5571.669,1772039700,5572.491,5561.854,5570.14
5567.039,1772040600,5575.76,5567.039,5571.648
5568.607,1772041500,5570.437,5561.451,5567.029
5558.416,1772042400,5568.603,5558.416,5568.603
5563.984,1772043300,5565.294,5557.341,5558.412
5554.124,1772044200,5563.979,5554.124,5563.979
5559.306,1772045100,5565.329,5553.8,5554.113
5557.79,1772046000,5559.383,5551.45,5559.278
5563.482,1772046900,5567.342,5553.849,5557.762
5573.691,1772047800,5578.506,5561.573,5563.479
5579.711,1772048700,5581.545,5572.09,5573.664
5587.935,1772049600,5595.201,5577.427,5579.695
5577.782,1772050500,5587.926,5577.782,5587.926
5579.783,1772051400,5583.907,5574.271,5577.761
5575.355,1772052300,5582.669,5575.355,5579.762
5575.896,1772053200,5579.358,5568.618,5575.351
5569.656,1772054100,5575.894,5568.363,5575.894
5584.817,1772055000,5584.983,5568.495,5569.638
5589.54,1772055900,5597.604,5583.797,5584.811
5579.633,1772056800,5589.529,5579.633,5589.529
5583.059,1772057700,5588.03,5577.775,5579.623
5594.556,1772058600,5596.228,5580.228,5583.037
5614.111,1772059500,5615.112,5594.423,5594.534
5608.672,1772060400,5614.099,5607.207,5614.099
5604.978,1772061300,5610.646,5604.694,5608.663
5627.996,1772062200,5630.419,5603.701,5604.96
5618.593,1772063100,5627.972,5618.593,5627.972
5608.282,1772064000,5618.585,5608.282,5618.585
5607.101,1772064900,5608.258,5598.373,5608.258
5607.559,1772065800,5610.833,5601.535,5607.099
5639.906,1772066700,5640.631,5604.09,5607.546
5637.175,1772067600,5642.041,5634.905,5639.89
5635.537,1772068500,5640.005,5631.378,5637.173
5637.172,1772069400,5644.941,5632.986,5635.519
5645.779,1772070300,5654.575,5636.571,5637.163
5636.059,1772071200,5645.776,5636.059,5645.776
5648.317,1772072100,5649.082,5634.363,5636.053
5652.13,1772073000,5658.2,5644.633,5648.314
5655.584,1772073900,5658.478,5646.826,5652.129
5645.523,1772074800,5655.576,5645.523,5655.576
5636.381,1772075700,5645.509,5636.381,5645.509
5628.024,1772076600,5636.359,5628.024,5636.359
5622.21,1772077500,5628.017,5620.259,5628.017
5612.09,1772078400,5622.199,5612.09,5622.199
5601.861,1772079300,5612.085,5601.861,5612.085
5616.306,1772080200,5617.439,5600.707,5601.859
5637.803,1772081100,5640.486,5615.536,5616.299
5632.782,1772082000,5637.785,5632.782,5637.785
5627.929,1772082900,5635.567,5627.929,5632.765
5639.872,1772083800,5641.151,5620.917,5627.916
5637.789,1772084700,5646.537,5637.789,5639.872
5643.243,1772085600,5645.631,5635.341,5637.777
5635.312,1772086500,5643.239,5635.312,5643.239
5641.136,1772087400,5645.099,5631.631,5635.305
5631.021,1772088300,5641.13,5631.021,5641.13
5630.64,1772089200,5634.588,5630.623,5631.007
5627.35,1772090100,5635.553,5627.35,5630.639
5637.855,1772091000,5639.88,5622.228,5627.34
5645.266,1772091900,5652.43,5636.849,5637.831
5639.333,1772092800,5648.804,5639.333,5645.259
5632.079,1772093700,5639.315,5629.783,5639.315
5622.283,1772094600,5632.069,5622.283,5632.069
5634.592,1772095500,5639.279,5617.684,5622.273
5631.04,1772096400,5636.183,5629.626,5634.583
5634.332,1772097300,5635.809,5623.023,5631.04
5634.93,1772098200,5639.781,5632.28,5634.324
5628.92,1772099100,5637.623,5628.92,5634.925
5638.22,1772100000,5645.574,5626.819,5628.913
5636.009,1772100900,5644.017,5636.009,5638.206
5626.165,1772101800,5635.99,5626.165,5635.99
5616.119,1772102700,5626.165,5616.119,5626.165
5618.327,1772103600,5621.091,5609.545,5616.109
5618.827,1772104500,5622.785,5614.076,5618.325
5608.646,1772105400,5618.818,5608.646,5618.818
5598.523,1772106300,5608.642,5598.523,5608.642
5616.538,1772107200,5618.072,5595.185,5598.519
5630.442,1772108100,5633.98,5611.24,5616.522
5636.371,1772109000,5641.259,5627.313,5630.434
5627.295,1772109900,5636.364,5627.295,5636.364
5632.635,1772110800,5639.486,5626.856,5627.289
5643.729,1772111700,5644.82,5627.609,5632.594
5633.167,1772112600,5643.723,5633.167,5643.723
5634.373,1772113500,5638.295,5631.149,5633.145
5623.977,1772114400,5634.361,5623.977,5634.361
5617.707,1772115300,5625.581,5617.707,5623.975
5607.616,1772116200,5617.685,5607.616,5617.685
5597.413,1772117100,5607.607,5597.413,5607.607
5598.94,1772118000,5601.531,5589.69,5597.4
5609.173,1772118900,5609.711,5594.696,5598.932
5614.836,1772119800,5623.034,5614.836,5616.094
5607.792,1772120700,5614.827,5607.792,5614.827
5597.97,1772121600,5607.788,5597.97,5607.788
5596.556,1772122500,5599.541,5593.111,5597.964
5599.223,1772123400,5604.475,5592.899,5596.551
5588.68,1772124300,5599.211,5588.68,5599.211
5578.758,1772125200,5588.668,5578.758,5588.668
5572.833,1772126100,5580.72,5572.833,5578.74
5571.903,1772127000,5578.587,5569.461,5572.821
5591.182,1772127900,5595.105,5567.381,5571.895
5589.151,1772128800,5591.474,5583.208,5591.17
5579.349,1772129700,5589.143,5579.349,5589.143
5576.783,1772130600,5583.863,5576.783,5579.327
5569.393,1772131500,5576.747,5569.393,5576.747
5573.674,1772132400,5582.144,5569.143,5569.383
5596.658,1772133300,5597.877,5572.289,5573.66
5593.302,1772134200,5598.7,5592.047,5596.657
5583.147,1772135100,5593.298,5583.147,5593.298
5573.951,1772136000,5583.137,5573.951,5583.137
5566.849,1772136900,5573.946,5565.973,5573.946
5561.314,1772137800,5566.836,5557.857,5566.836
5581.572,1772138700,5586.945,5560.217,5561.299
5591.406,1772139600,5596.323,5579.789,5581.567
5581.893,1772140500,5591.387,5581.893,5591.387
5590.476,1772141400,5591.42,5578.74,5581.882
5581.951,1772142300,5590.459,5580.759,5590.459
5600.361,1772143200,5606.661,5579.737,5581.937
5615.453,1772144100,5621.74,5599.202,5600.337
5605.326,1772145000,5615.444,5605.326,5615.444
5597.727,1772145900,5605.315,5597.727,5605.315
5595.033,1772146800,5597.719,5589.546,5597.719
5585.002,1772147700,5595.018,5585.002,5595.018
5576.331,1772148600,5584.994,5576.331,5584.994
5581.079,1772149500,5584.027,5573.24,5576.303
5603.397,1772150400,5603.56,5580.819,5581.06
5600.302,1772151300,5609.786,5600.302,5603.394
5598.234,1772152200,5603.475,5598.234,5600.294
5601.435,1772153100,5608.26,5595.315,5598.229
5599.296,1772154000,5603.175,5596.536,5601.424
5589.587,1772154900,5599.284,5589.587,5599.284
5606.921,1772155800,5608.102,5583.464,5589.577
5611.661,1772156700,5614.928,5606.564,5606.9
5607.259,1772157600,5611.659,5604.522,5611.659
5619.203,1772158500,5619.631,5601.568,5607.256
5613.807,1772159400,5622.479,5613.807,5619.195
5614.779,1772160300,5620.585,5612.766,5613.795
5615.281,1772161200,5619.432,5612.789,5614.778
5613.397,1772162100,5619.452,5610.656,5615.258
5611.461,1772163000,5619.309,5611.037,5613.379
5601.737,1772163900,5611.456,5601.49,5611.456
5592.517,1772164800,5601.699,5592.517,5601.699
5582.368,1772165700,5592.491,5582.368,5592.491
5589.045,1772166600,5589.531,5576.789,5582.362
5600.861,1772167500,5602.423,5588.811,5589.043
5615.434,1772168400,5617.409,5595.905,5600.86
5609.365,1772169300,5616.775,5609.365,5615.426
5611.761,1772170200,5612.842,5601.56,5609.362
5613.295,1772171100,5619.115,5610.017,5611.751
5616.187,1772172000,5618.138,5610.414,5613.294
5613.422,1772172900,5620.014,5612.51,5616.183
5612.949,1772173800,5618.492,5610.405,5613.409
5616.266,1772174700,5626.224,5612.819,5612.943
5621.234,1772175600,5621.292,5611.468,5616.257
5626.583,1772176500,5628.735,5619.935,5621.209
5622.345,1772177400,5629.06,5622.345,5626.575
5612.657,1772178300,5622.341,5612.657,5622.341
5604.915,1772179200,5613.345,5604.915,5612.653
5611.642,1772180100,5612.995,5600.835,5604.905
5626.688,1772181000,5633.563,5611.302,5611.631
5616.388,1772181900,5626.684,5616.388,5626.684
5619.336,1772182800,5619.997,5608.993,5616.378
5620.228,1772183700,5621.009,5614.715,5619.319
5620.97,1772184600,5629.63,5619.757,5620.216
5621.283,1772185500,5625.67,5615.301,5620.956
5625.098,1772186400,5626.935,5616.35,5621.282
5617.804,1772187300,5627.686,5617.804,5625.087
5613.45,1772188200,5617.803,5610.586,5617.803
5614.332,1772189100,5615.886,5607.094,5613.444
5610.508,1772190000,5614.613,5606.342,5614.315
5600.52,1772190900,5610.502,5600.52,5610.502
5595.675,1772191800,5604.934,5595.675,5600.502
5588.912,1772192700,5596.71,5588.912,5595.67
5600.301,1772193600,5603.332,5583.883,5588.91
5592.676,1772194500,5600.287,5592.676,5600.287
5610.177,1772195400,5616.237,5591.614,5592.654
5622.388,1772196300,5626.919,5608.396,5610.147
5618.934,1772197200,5622.367,5614.005,5622.367
5608.906,1772198100,5618.906,5608.906,5618.906
5598.997,1772199000,5608.896,5598.997,5608.896
5597.634,1772199900,5600.719,5592.871,5598.994
5596.058,1772200800,5598.676,5590.192,5597.625
5611.078,1772201700,5612.433,5595.912,5596.051
5624.397,1772202600,5625.326,5607.683,5611.051
5625.621,1772203500,5632.619,5624.101,5624.394
5625.832,1772204400,5629.704,5623.511,5625.617
5629.05,1772205300,5630.117,5622.643,5625.819
5649.154,1772206200,5649.225,5623.141,5629.04
5648.317,1772207100,5650.262,5644.621,5649.143
5649.955,1772208000,5660.186,5648.248,5648.292
5649.1,1772208900,5656.961,5647.737,5649.93
5647.071,1772209800,5654.174,5645.595,5649.075
5647.879,1772210700,5650.569,5641.141,5647.06
5637.508,1772211600,5647.872,5637.508,5647.872
5639.124,1772212500,5639.681,5631.238,5637.501
5640.072,1772213400,5642.357,5631.491,5639.122
5635.63,1772214300,5640.939,5635.578,5640.056
5629.976,1772215200,5635.623,5625.313,5635.623
5626.701,1772216100,5630.044,5625.396,5629.952
5618.342,1772217000,5626.675,5618.342,5626.675
5640.957,1772217900,5641.844,5616.237,5618.328
5635.243,1772218800,5640.939,5632.696,5640.939
5625.059,1772219700,5635.232,5625.059,5635.232
5618.034,1772220600,5625.05,5616.576,5625.05
5618.262,1772221500,5626.468,5616.355,5618.032
5614.533,1772222400,5624.742,5614.533,5618.253
5621.632,1772223300,5623.52,5609.516,5614.52
5618.68,1772224200,5626.124,5618.68,5621.622
5608.733,1772225100,5618.677,5608.733,5618.677
5610.906,1772226000,5620.532,5607.816,5608.723
5615.327,1772226900,5619.843,5604.828,5610.899
5631.201,1772227800,5635.865,5610.687,5615.306
5620.881,1772228700,5631.198,5620.881,5631.198
5630.983,1772229600,5631.098,5615.523,5620.873
5632.454,1772230500,5634.898,5628.105,5630.977
5638.725,1772231400,5641.453,5627.234,5632.439
5630.719,1772232300,5638.716,5630.719,5638.716
5620.703,1772233200,5630.701,5620.703,5630.701
5624.989,1772234100,5626.717,5616.11,5620.685
5619.423,1772235000,5624.981,5615.944,5624.981
5634.199,1772235900,5636.318,5615.519,5619.42
5630.053,1772236800,5637.61,5630.053,5634.19
5619.976,1772237700,5630.017,5619.976,5630.017
5609.895,1772238600,5619.959,5609.895,5619.959
5615.733,1772239500,5618.046,5609.273,5609.875
5613.501,1772240400,5620.995,5613.501,5615.725
5624.071,1772241300,5625.093,5609.113,5613.485
5614.019,1772242200,5624.065,5614.019,5624.065
5613.172,1772243100,5620.091,5611.141,5613.997
5604.744,1772244000,5613.984,5604.744,5613.157
5594.563,1772244900,5604.74,5594.563,5604.74
5594.583,1772245800,5601.4,5591.626,5594.563
5614.212,1772246700,5619.782,5592.876,5594.58
5611.136,1772247600,5614.197,5607.019,5614.197
5601.655,1772248500,5611.124,5601.655,5611.124
5602.401,1772249400,5605.911,5595.356,5601.645
5607.538,1772250300,5608.592,5594.143,5602.385
5616.627,1772251200,5616.997,5603.356,5607.519
5626.084,1772252100,5631.258,5615.867,5616.612
5615.477,1772253000,5626.066,5615.477,5626.066
5620.118,1772253900,5622.887,5614.127,5615.451
5615.239,1772254800,5622.084,5615.239,5620.113
5616.309,1772255700,5623.791,5612.071,5615.212
5615.651,1772256600,5620.958,5614.06,5616.308
5626.658,1772257500,5627.056,5609.615,5615.646
5638.425,1772258400,5640.063,5623.109,5626.643
5628.273,1772259300,5638.41,5628.273,5638.41
5637.995,1772260200,5640.194,5623.828,5628.271
5639.495,1772261100,5648.633,5637.135,5637.981
5644.564,1772262000,5648.21,5634.43,5639.473
5638.555,1772262900,5647.236,5638.555,5644.55
5628.672,1772263800,5638.546,5628.672,5638.546
5618.372,1772264700,5628.67,5618.372,5628.67
5639.66,1772265600,5642.322,5617.801,5618.364
5639.757,1772266500,5647.098,5638.949,5639.655
5638.073,1772267400,5648.186,5638.073,5639.738
5637.279,1772268300,5638.724,5629.551,5638.048
5626.751,1772269200,5637.268,5626.751,5637.268
5623.029,1772270100,5626.746,5616.702,5626.746
5630.661,1772271000,5636.447,5620.646,5623.015
5620.723,1772271900,5630.654,5620.723,5630.654
5610.464,1772272800,5620.715,5610.464,5620.715
5610.637,1772273700,5614.804,5608.741,5610.461
5605.919,1772274600,5610.623,5605.919,5610.623
5601.405,1772275500,5605.91,5596.568,5605.91
5601.074,1772276400,5602.895,5596.529,5601.404
5593.706,1772277300,5601.061,5593.706,5601.061
5593.374,1772278200,5603.269,5593.374,5593.693
5587.569,1772279100,5596.404,5587.569,5593.37
5577.817,1772280000,5587.56,5577.817,5587.56
5574.566,1772280900,5577.892,5573.236,5577.809
5574.883,1772281800,5579.953,5573.652,5574.536
5579.459,1772282700,5580.89,5568.121,5574.881
5581.958,1772283600,5582.909,5572.643,5579.457
5596.544,1772284500,5599.115,5580.815,5581.945
5590.999,1772285400,5597.735,5590.999,5596.528
5595.901,1772286300,5596.976,5588.678,5590.99
5585.788,1772287200,5595.89,5585.788,5595.89
5578.437,1772288100,5588.114,5578.437,5585.785
5577.888,1772289000,5579.196,5573.809,5578.431
5576.591,1772289900,5582.128,5574.902,5577.877
5571.172,1772290800,5576.585,5566.651,5576.585
5579.137,1772291700,5581.38,5570.528,5571.162
5585.639,1772292600,5587.385,5577.563,5579.113
5577.875,1772293500,5585.63,5577.875,5585.63
5597.088,1772294400,5599.867,5576.042,5577.86
5597.715,1772295300,5601.256,5591.557,5597.078
5614.836,1772296200,5615.428,5597.498,5597.707
5612.708,1772297100,5621.762,5612.708,5614.822
5622.354,1772298000,5627.742,5611.737,5612.704
5629.453,1772298900,5630.677,5614.399,5622.337
5624.101,1772299800,5630.643,5624.101,5629.443
5615.174,1772300700,5624.093,5615.174,5624.093
5610.566,1772301600,5615.174,5606.47,5615.174
5600.881,1772302500,5610.551,5600.881,5610.551
5592.753,1772303400,5600.88,5591.427,5600.88
5608.175,1772304300,5608.703,5589.661,5592.724
5603.906,1772305200,5608.168,5602.308,5608.168
5605.707,1772306100,5609.182,5598.813,5603.89
5598.961,1772307000,5605.693,5598.961,5605.693
5604.969,1772307900,5611.892,5597.297,5598.957
5594.643,1772308800,5604.959,5594.643,5604.959
5598.952,1772309700,5600.783,5589.262,5594.604
5588.74,1772310600,5598.951,5588.74,5598.951
5611.166,1772311500,5611.184,5582.246,5588.725
5603.58,1772312400,5611.149,5603.58,5611.149
5593.456,1772313300,5603.565,5593.456,5603.565
5592.788,1772314200,5595.603,5586.119,5593.44
5597.328,1772315100,5597.894,5586.831,5592.767
5587.476,1772316000,5597.316,5587.476,5597.316
5589.403,1772316900,5589.914,5583.21,5587.454
5578.85,1772317800,5589.387,5578.85,5589.387
5568.925,1772318700,5578.844,5568.925,5578.844
5562.796,1772319600,5572.237,5562.796,5568.918
5563.561,1772320500,5573.237,5562.612,5562.785
5554.624,1772321400,5563.548,5554.624,5563.548
5554.221,1772322300,5555.487,5545.937,5554.616
5550.762,1772323200,5554.211,5549.179,5554.211
5565.23,1772324100,5565.906,5548.642,5550.739
5557.969,1772325000,5566.421,5557.969,5565.214
5557.954,1772325900,5559.936,5552.294,5557.963
5579.714,1772326800,5581.582,5554.675,5557.937
5577.852,1772327700,5583.004,5577.852,5579.699
5567.753,1772328600,5577.849,5567.753,5577.849
5557.469,1772329500,5567.743,5557.469,5567.743
5554.037,1772330400,5557.458,5548.954,5557.458
5556.65,1772331300,5564.742,5553.27,5554.022
5548.001,1772332200,5556.916,5548.001,5556.649
5537.984,1772333100,5547.991,5537.984,5547.991
5537.941,1772334000,5539.299,5532.949,5537.955
5531.216,1772334900,5541.389,5531.216,5537.924
5520.884,1772335800,5531.205,5520.884,5531.205
5529.105,1772336700,5532.356,5515.889,5520.882
5528.619,1772337600,5536.93,5527.466,5529.093
5552.695,1772338500,5552.924,5524.587,5528.613
5550.564,1772339400,5553.717,5545.781,5552.675
5540.485,1772340300,5550.553,5540.485,5550.553
5531.541,1772341200,5540.458,5531.541,5540.458
5546.842,1772342100,5550.954,5527.939,5531.521
5545.655,1772343000,5551.16,5542.161,5546.832
5548.914,1772343900,5551.973,5542.99,5545.645
5558.845,1772344800,5561.766,5543.378,5548.909
5567.429,1772345700,5569.493,5552.567,5558.827
5562.266,1772346600,5567.423,5560.343,5567.423
5557.356,1772347500,5562.253,5556.274,5562.253
5551.98,1772348400,5557.338,5547.672,5557.338
5542.411,1772349300,5551.962,5542.411,5551.962
5547.754,1772350200,5551.602,5540.368,5542.397
5554.246,1772351100,5556.659,5545.861,5547.752
5552.164,1772352000,5561.612,5552.164,5554.227
5564.545,1772352900,5567.833,5551.78,5552.155
5568.684,1772353800,5574.176,5561.373,5564.528
5574.641,1772354700,5576.572,5565.261,5568.656
5581.253,1772355600,5584.472,5572.706,5574.625
5587.579,1772356500,5589.383,5573.244,5581.243
5577.739,1772357400,5587.563,5577.739,5587.563
5570.086,1772358300,5577.733,5570.086,5577.733
5578.47,1772359200,5579.005,5566.642,5570.083
5568.519,1772360100,5578.456,5568.519,5578.456
5560.709,1772361000,5568.515,5560.559,5568.515
5558.971,1772361900,5565.909,5557.678,5560.681
5573.941,1772362800,5575.004,5558.933,5558.951
5574.884,1772363700,5578.858,5571.723,5573.933
5580.288,1772364600,5581.323,5572.218,5574.884
5574.248,1772365500,5581.81,5574.248,5580.282
5573.752,1772366400,5577.565,5567.932,5574.24
5569.377,1772367300,5576.449,5569.377,5573.745
5576.934,1772368200,5581.716,5565.935,5569.377
5570.226,1772369100,5576.933,5570.226,5576.933
5569.241,1772370000,5573.244,5567.299,5570.223
5576.725,1772370900,5578.091,5560.144,5569.235
5576.381,1772371800,5580.743,5571.759,5576.723
5568.726,1772372700,5576.378,5567.404,5576.378
5566.23,1772373600,5571.813,5565.183,5568.706
5557.766,1772374500,5566.211,5557.766,5566.211
5570.252,1772375400,5574.666,5556.867,5557.75
5560.22,1772376300,5570.24,5560.22,5570.24
5554.571,1772377200,5560.198,5550.539,5560.198
5546.662,1772378100,5554.561,5546.662,5554.561
5557.142,1772379000,5564.891,5545.007,5546.649
5555.682,1772379900,5561.875,5553.451,5557.115
5545.701,1772380800,5555.679,5545.701,5555.679
5535.73,1772381700,5545.694,5535.73,5545.694
5532.042,1772382600,5535.729,5529.755,5535.729
5533.821,1772383500,5536.894,5528.471,5532.038
5541.055,1772384400,5542.617,5527.731,5533.817
5542.789,1772385300,5550.591,5542.789,5550.591
5532.656,1772386200,5542.768,5532.656,5542.768
5527.527,1772387100,5532.633,5526.797,5532.633
5518.372,1772388000,5527.513,5518.372,5527.513
5523.196,1772388900,5524.404,5511.12,5518.368
5528.276,1772389800,5528.98,5520.242,5523.182
5534.271,1772390700,5535.178,5523.777,5528.268
5531.974,1772391600,5541.541,5531.974,5534.265
5534.937,1772392500,5535.361,5526.27,5531.967
5526.092,1772393400,5534.93,5526.092,5534.93
5526.517,1772394300,5531.865,5521.173,5526.081
5518.042,1772395200,5527.042,5518.042,5526.505
5514.22,1772396100,5518.614,5512.274,5518.041
5505.934,1772397000,5515.487,5505.934,5514.212
5516.565,1772397900,5517.657,5503.242,5505.933
5506.147,1772398800,5516.553,5506.147,5516.553
5506.689,1772399700,5512.16,5501.525,5506.126
5500.976,1772400600,5506.677,5498.302,5506.677
5491.208,1772401500,5500.965,5491.208,5500.965
5500.459,1772402400,5503.182,5485.691,5491.19
5517.062,1772403300,5518.724,5495.339,5500.433
5513.455,1772404200,5521.046,5513.455,5517.037
5508.459,1772405100,5514.166,5508.459,5513.447
5504.813,1772406000,5508.453,5502.058,5508.453
5499.771,1772406900,5504.807,5498.546,5504.807
5493.996,1772407800,5499.77,5492.084,5499.77
5495.345,1772408700,5498.591,5492.701,5493.981
5488.812,1772409600,5498.553,5488.812,5495.332
5480.993,1772410500,5488.787,5480.993,5488.787
5471.234,1772411400,5480.991,5471.234,5480.991
5476.364,1772412300,5483.256,5468.914,5471.222
5500.076,1772413200,5502.308,5474.954,5476.352
5511.173,1772414100,5511.375,5494.729,5500.059
5502.21,1772415000,5511.158,5502.21,5511.158
5500.926,1772415900,5506.064,5497.549,5502.203
5506.969,1772416800,5511.96,5500.419,5500.917
5507.778,1772417700,5510.943,5499.822,5506.942
5507.797,1772418600,5510.847,5500.943,5507.778
5508.295,1772419500,5511.474,5505.518,5507.792
5509.788,1772420400,5514.152,5505.252,5508.283
5508.69,1772421300,5513.386,5504.944,5509.78
5502.842,1772422200,5508.68,5501.944,5508.68
5508.741,1772423100,5509.785,5498.478,5502.815
5505.117,1772424000,5509.567,5502.932,5508.73
5500.625,1772424900,5505.099,5497.957,5505.099
5492.207,1772425800,5500.603,5492.207,5500.603
5496.427,1772426700,5498.597,5490.678,5492.205
5494.801,1772427600,5500.673,5494.539,5496.418
5485.075,1772428500,5494.793,5485.075,5494.793
5494.145,1772429400,5494.476,5479.751,5485.07
5501.87,1772430300,5503.337,5488.396,5494.124
5513.075,1772431200,5513.528,5496.941,5501.868
5503.379,1772432100,5513.07,5503.379,5513.07
5494.445,1772433000,5503.374,5493.836,5503.374
5484.528,1772433900,5494.428,5484.528,5494.428
5479.457,1772434800,5484.587,5479.457,5484.517
5469.664,1772435700,5479.441,5469.664,5479.441
5472.991,1772436600,5474.965,5464.261,5469.662
5472.763,1772437500,5472.987,5463.13,5472.987
5465.599,1772438400,5473.957,5465.599,5472.748
5467.696,1772439300,5473.911,5464.583,5465.567
5465.471,1772440200,5468.335,5462.726,5467.696
5473.847,1772441100,5478.347,5462.48,5465.455
5463.871,1772442000,5473.824,5463.871,5473.824
5457.433,1772442900,5467.011,5457.433,5463.852
5454.596,1772443800,5457.411,5449.714,5457.411
5449.836,1772444700,5455.721,5449.836,5454.59
5463.162,1772445600,5466.293,5448.694,5449.83
5453.226,1772446500,5463.155,5453.226,5463.155
5443.506,1772447400,5453.222,5443.506,5453.222
5437.362,1772448300,5443.495,5435.408,5443.495
5433.722,1772449200,5437.354,5427.384,5437.354
5442.949,1772450100,5449.487,5432.454,5433.715
5433.361,1772451000,5442.932,5433.361,5442.932
5427.672,1772451900,5433.36,5426.159,5433.36
5426.614,1772452800,5429.819,5423.899,5427.67
5417.109,1772453700,5426.607,5417.109,5426.607
5411.572,1772454600,5417.705,5411.572,5417.102
5412.838,1772455500,5418.386,5410.761,5411.562
5413.065,1772456400,5415.923,5408.358,5412.827
5403.302,1772457300,5413.048,5403.302,5413.048
5407.766,1772458200,5409.927,5396.014,5403.3
5414.161,1772459100,5418.869,5406.485,5407.752
5404.539,1772460000,5414.149,5404.539,5414.149
5394.577,1772460900,5404.531,5394.577,5404.531
5389.501,1772461800,5397.704,5389.501,5394.574
5398.479,1772462700,5399.42,5383.197,5389.492
5398.821,1772463600,5401.791,5391.93,5398.474
5414.604,1772464500,5417.709,5394.822,5398.806
5414.022,1772465400,5420.917,5412.826,5414.596
5411.335,1772466300,5416.688,5409.949,5414.006
5415.426,1772467200,5420.78,5410.732,5411.319
5420.728,1772468100,5423.012,5413.8,5415.423
5429.769,1772469000,5432.864,5416.904,5420.723
5424.671,1772469900,5429.763,5420.329,5429.763
5415.079,1772470800,5424.67,5415.079,5424.67
5409.2,1772471700,5415.14,5409.2,5415.064
5415.911,1772472600,5417.521,5405.714,5409.196
5411.896,1772473500,5418.024,5409.261,5415.906
5429.55,1772474400,5432.348,5410.151,5411.892
5433.828,1772475300,5435.797,5427.357,5429.547
5425.154,1772476200,5433.8,5425.154,5433.8
5416.073,1772477100,5425.135,5416.073,5425.135
5411.782,1772478000,5416.058,5407.228,5416.058
5403.742,1772478900,5411.78,5403.742,5411.78
5402.324,1772479800,5406.637,5400.79,5403.74
5405.816,1772480700,5414.349,5401.301,5402.318
5425.72,1772481600,5428.738,5403.412,5405.814
5420.676,1772482500,5427.344,5420.676,5425.704
5427.767,1772483400,5428.17,5416.752,5420.655
5423.368,1772484300,5429.855,5423.368,5427.747
5413.957,1772485200,5423.357,5413.957,5423.357
5404.472,1772486100,5413.952,5404.472,5413.952
5411.8,1772487000,5416.786,5403.634,5404.459
5405.847,1772487900,5411.778,5405.35,5411.778
5399.023,1772488800,5407.338,5399.023,5405.837
5389.312,1772489700,5399.023,5389.312,5399.023
5395.537,1772490600,5399.572,5384.342,5389.296
5385.672,1772491500,5395.536,5385.672,5395.536
5394.144,1772492400,5394.68,5379.681,5385.661
5410.464,1772493300,5412.59,5393.445,5394.131
5406.085,1772494200,5410.457,5402.589,5410.457
5405.77,1772495100,5406.432,5396.861,5406.064
5411.786,1772496000,5414.374,5403.601,5405.766
5419.96,1772496900,5424.166,5410.162,5411.785
5456.773,1772497800,5460.054,5417.237,5419.957
5447.847,1772498700,5456.753,5447.019,5456.753
5445.574,1772499600,5454.801,5445.574,5447.83
5443.246,1772500500,5449.475,5442.058,5445.558
5433.896,1772501400,5443.241,5433.896,5443.241
5435.657,1772502300,5441.092,5433.154,5433.879
5437.817,1772503200,5438.141,5430.104,5435.651
5427.716,1772504100,5437.806,5427.716,5437.806
5417.918,1772505000,5427.712,5417.918,5427.712
5423.39,1772505900,5425.951,5413.015,5417.899
5427.745,1772506800,5432.122,5423.383,5423.383
5435.645,1772507700,5436.669,5426.142,5427.74
5432.171,1772508600,5439.49,5430.79,5435.626
5430.124,1772509500,5434.555,5427.262,5432.154
5427.755,1772510400,5432.564,5427.755,5430.122
5436.291,1772511300,5438.455,5425.463,5427.742
5428.54,1772512200,5436.627,5428.54,5436.271
5418.656,1772513100,5428.526,5418.656,5428.526
5409.332,1772514000,5418.654,5409.332,5418.654
5423.361,1772514900,5427.031,5408.481,5409.32
5436.559,1772515800,5440.638,5421.328,5423.351
5431.4,1772516700,5436.552,5431.4,5436.552
5437.178,1772517600,5439.502,5426.56,5431.392
5437.99,1772518500,5438.647,5429.064,5437.159
5428.17,1772519400,5437.975,5428.17,5437.975
5436.967,1772520300,5438.053,5425.257,5428.166
5439.847,1772521200,5440.765,5432.292,5436.944
5433.187,1772522100,5439.844,5430.4,5439.844
5435.691,1772523000,5436.762,5426.669,5433.173
5425.826,1772523900,5435.682,5425.826,5435.682
5440.488,1772524800,5446.172,5425.23,5425.824
5441.235,1772525700,5444.368,5437.78,5440.475
5442.269,1772526600,5445.083,5439.895,5441.23
5436.332,1772527500,5442.252,5433.42,5442.252
5432.429,1772528400,5437.429,5431.417,5436.327
5434.403,1772529300,5437.482,5428.31,5432.424
5424.236,1772530200,5434.395,5424.236,5434.395
5417.38,1772531100,5425.52,5417.38,5424.233
5407.591,1772532000,5417.376,5407.591,5417.376
5431.656,1772532900,5432.738,5406.241,5407.576
5426.379,1772533800,5431.655,5424.783,5431.655
5416.734,1772534700,5426.376,5416.734,5426.376
5424.979,1772535600,5425.613,5416.326,5416.725
5421.683,1772536500,5424.958,5418.201,5424.958
5424.52,1772537400,5425.826,5416.818,5421.677
5419.604,1772538300,5424.511,5418.58,5424.511
5425.714,1772539200,5427.423,5416.621,5419.584
5433.485,1772540100,5434.127,5422.113,5425.706
5423.863,1772541000,5433.475,5423.863,5433.475
5420.366,1772541900,5427.268,5420.366,5423.86
5415.244,1772542800,5420.357,5415.244,5420.357
5412.025,1772543700,5420.063,5412.025,5415.238
5410.265,1772544600,5412.295,5405.356,5412.015
5409.522,1772545500,5416.539,5407.455,5410.245
5414.61,1772546400,5415.41,5404.304,5409.519
5409.841,1772547300,5416.948,5409.841,5414.597
5406.144,1772548200,5412.938,5406.144,5409.828
5420.822,1772549100,5425.664,5404.682,5406.127
5415.666,1772550000,5423.12,5415.666,5420.813
5416.968,1772550900,5418.464,5407.666,5415.653
5412.146,1772551800,5417.845,5411.674,5416.956
5402.087,1772552700,5412.145,5402.087,5412.145
5392.602,1772553600,5402.075,5392.602,5402.075
5387.192,1772554500,5392.588,5386.371,5392.588
5377.401,1772555400,5387.172,5377.401,5387.172
5370.034,1772556300,5377.388,5368.043,5377.388
5373.978,1772557200,5374.659,5362.207,5370.031
5372.73,1772558100,5378.477,5372.73,5373.977
5364.861,1772559000,5374.111,5364.861,5372.728
5369.388,1772559900,5372.695,5359.282,5364.859
5363.203,1772560800,5369.373,5360.947,5369.373
5366.719,1772561700,5368.848,5355.463,5363.196
5365.498,1772562600,5369.336,5360.736,5366.69
5355.679,1772563500,5365.493,5355.679,5365.493
5345.946,1772564400,5355.679,5345.946,5355.679
5341.338,1772565300,5345.927,5337.791,5345.927
5366.877,1772566200,5367.734,5338.461,5341.323
5365.027,1772567100,5369.619,5362.395,5366.869
5355.619,1772568000,5365.01,5355.619,5365.01
5354.948,1772568900,5355.917,5350.57,5355.601
5362.11,1772569800,5368.069,5352.262,5354.944
5374.633,1772570700,5375.34,5358.706,5362.104
5377.38,1772571600,5378.565,5366.056,5374.623
5373.689,1772572500,5383.177,5373.689,5377.365
5364.008,1772573400,5373.678,5364.008,5373.678
5360.394,1772574300,5368.5,5360.394,5364.001
5357.63,1772575200,5360.454,5355.994,5360.386
5356.244,1772576100,5357.74,5349.454,5357.614
5351.158,1772577000,5358.712,5351.158,5356.242
5341.243,1772577900,5351.131,5341.243,5351.131
5350.458,1772578800,5356.447,5340.156,5341.231
5355.39,1772579700,5355.634,5343.947,5350.446
5345.582,1772580600,5355.357,5345.582,5355.357
5352.84,1772581500,5352.889,5339.896,5345.559
5351.877,1772582400,5360.952,5351.877,5352.829
5347.763,1772583300,5351.963,5346.512,5351.872
5343.853,1772584200,5347.751,5340.152,5347.751
5338.084,1772585100,5345.124,5338.084,5343.843
5340.734,1772586000,5342.131,5330.171,5338.058
5357.62,1772586900,5362.65,5339.4,5340.719
5369.981,1772587800,5375.596,5357.221,5357.615
5379.302,1772588700,5381.263,5363.569,5369.963
5375.419,1772589600,5379.278,5370.159,5379.278
5383.688,1772590500,5384.814,5367.087,5375.402
5393.722,1772591400,5395.352,5381.547,5383.681
5399.786,1772592300,5402.506,5387.332,5393.719
5414.083,1772593200,5415.427,5396.152,5399.78
5415.138,1772594100,5423.008,5412.183,5414.064
5443.638,1772595000,5444.342,5414.94,5415.128
5450.763,1772595900,5452.812,5440.866,5443.622
5458.799,1772596800,5464.24,5448.999,5450.752
5448.994,1772597700,5458.788,5448.994,5458.788
5445.166,1772598600,5450.147,5444.876,5448.978
5440.005,1772599500,5445.155,5438.466,5445.155
5437.727,1772600400,5440.772,5433.679,5439.998
5449.954,1772601300,5451.343,5436.748,5437.722
5450.395,1772602200,5453.231,5442.677,5449.952
5448.609,1772603100,5450.379,5441.814,5450.379
5446.695,1772604000,5448.598,5440.418,5448.598
5450.454,1772604900,5450.757,5440.158,5446.685
5440.766,1772605800,5450.441,5440.766,5450.441
5449.321,1772606700,5451.213,5439.218,5440.742
5443.463,1772607600,5450.047,5443.463,5449.315
5454.134,1772608500,5454.641,5439.421,5443.445
5452.97,1772609400,5458.151,5449.472,5454.129
5443.101,1772610300,5452.944,5443.101,5452.944
5439.116,1772611200,5443.091,5435.582,5443.091
5433.556,1772612100,5441.878,5433.556,5439.116
5423.838,1772613000,5433.554,5423.838,5433.554
5429.281,1772613900,5437.134,5422.384,5423.82
5419.587,1772614800,5429.277,5419.587,5429.277
5411.589,1772615700,5419.57,5411.589,5419.57
5418.104,1772616600,5418.791,5408.576,5411.585
5414.565,1772617500,5418.087,5409.532,5418.087
5411.856,1772618400,5415.284,5408.215,5414.546
5421.644,1772619300,5423.574,5411.476,5411.847
5420.167,1772620200,5421.827,5413.372,5421.636
5414.785,1772621100,5420.166,5414.785,5420.166
5431.592,1772622000,5435.892,5413.513,5414.765
5437.06,1772622900,5443.867,5428.551,5431.584
5427.433,1772623800,5437.047,5427.433,5437.047
5419.993,1772624700,5427.414,5419.993,5427.414
5427.183,1772625600,5435.233,5418.417,5419.987
5417.316,1772626500,5427.18,5417.316,5427.18
5418.436,1772627400,5422.115,5415.233,5417.305
5408.958,1772628300,5418.425,5408.958,5418.425
5417.398,1772629200,5419.225,5402.414,5408.952
5439.905,1772630100,5440.272,5415.069,5417.39
5431.66,1772631000,5441.07,5431.66,5439.895
5421.69,1772631900,5431.654,5421.69,5431.654
5427.334,1772632800,5429.532,5420.615,5421.677
5422.913,1772633700,5432.607,5422.913,5427.327
5426.425,1772634600,5427.578,5414.106,5422.902
5432.595,1772635500,5434.489,5419.029,5426.419
5431.222,1772636400,5437.02,5429.494,5432.568
5426.704,1772637300,5431.203,5422.997,5431.203
5420.533,1772638200,5426.694,5418.451,5426.694
5417.051,1772639100,5423.638,5417.051,5420.521
5407.52,1772640000,5417.05,5407.52,5417.05
5397.968,1772640900,5407.515,5397.968,5407.515
5395.391,1772641800,5400.251,5393.137,5397.947
5389.15,1772642700,5395.383,5389.15,5395.383
5379.242,1772643600,5389.138,5379.242,5389.138
5394.035,1772644500,5395.155,5375.831,5379.229
5384.668,1772645400,5394.034,5384.668,5394.034
5392.209,1772646300,5397.957,5383.432,5384.66
5414.879,1772647200,5415.078,5389.652,5392.207
5420.86,1772648100,5421.766,5406.617,5414.868
5422.524,1772649000,5425.334,5414.015,5420.846
5419.602,1772649900,5423.083,5416.485,5422.518
5418.956,1772650800,5423.918,5414.809,5419.602
5414.802,1772651700,5418.948,5412.191,5418.948
5405.2,1772652600,5414.802,5405.2,5414.802
5410.578,1772653500,5413.687,5403.604,5405.195
5406.24,1772654400,5410.57,5404.494,5410.57
5418.612,1772655300,5418.718,5401.968,5406.232
5421.155,1772656200,5424.0,5412.548,5418.589
5417.416,1772657100,5421.148,5416.821,5421.148
5427.94,1772658000,5428.2,5407.695,5417.413
5426.423,1772658900,5428.825,5420.501,5427.926
5431.624,1772659800,5432.033,5422.324,5426.422
5433.207,1772660700,5436.462,5427.774,5431.603
5450.77,1772661600,5450.781,5428.617,5433.206
5460.946,1772662500,5463.038,5448.187,5450.737
5461.77,1772663400,5468.854,5459.465,5460.942
5457.791,1772664300,5464.002,5457.791,5461.766
5456.559,1772665200,5457.854,5453.033,5457.769
5449.448,1772666100,5456.551,5449.448,5456.551
5450.538,1772667000,5453.451,5444.194,5449.428
5440.97,1772667900,5450.523,5440.97,5450.523
5431.205,1772668800,5440.967,5431.205,5440.967
5438.593,1772669700,5439.412,5425.277,5431.192
5436.7,1772670600,5443.477,5435.651,5438.577
5444.929,1772671500,5448.094,5436.002,5436.689
5438.403,1772672400,5444.924,5438.135,5444.924
5432.176,1772673300,5439.412,5432.176,5438.385
5422.125,1772674200,5432.161,5422.125,5432.161
5426.671,1772675100,5432.766,5421.009,5422.105
5416.744,1772676000,5426.655,5416.744,5426.655
5407.035,1772676900,5416.715,5407.035,5416.715
5404.669,1772677800,5407.811,5401.209,5407.03
5407.473,1772678700,5410.486,5402.591,5404.664
5410.701,1772679600,5414.184,5406.436,5407.466
5410.23,1772680500,5412.914,5403.72,5410.682
5409.904,1772681400,5415.933,5408.869,5410.203
5407.419,1772682300,5409.893,5402.513,5409.893
5411.751,1772683200,5418.671,5405.572,5407.4
5404.691,1772684100,5411.727,5402.133,5411.727
5403.185,1772685000,5404.903,5396.689,5404.682
5401.421,1772685900,5403.17,5396.441,5403.17
5391.437,1772686800,5401.41,5391.437,5401.41
5381.846,1772687700,5391.437,5381.846,5391.437
5397.919,1772688600,5397.975,5377.509,5381.832
5398.627,1772689500,5400.854,5395.818,5397.919
5390.842,1772690400,5398.618,5390.842,5398.618
5406.981,1772691300,5407.884,5387.673,5390.832
5405.24,1772692200,5408.244,5401.886,5406.98
5395.216,1772693100,5405.234,5395.216,5405.234
5400.771,1772694000,5410.045,5395.006,5395.193
5410.844,1772694900,5412.096,5399.489,5400.757
5430.819,1772695800,5432.351,5409.429,5410.827
5432.165,1772696700,5433.901,5422.753,5430.798
5426.171,1772697600,5432.142,5422.489,5432.142
5445.801,1772698500,5446.132,5422.43,5426.15
5453.53,1772699400,5459.852,5442.312,5445.781
5446.556,1772700300,5453.528,5446.556,5453.528
5438.362,1772701200,5446.542,5438.362,5446.542
5445.703,1772702100,5449.435,5437.866,5438.348
5459.939,1772703000,5460.659,5445.489,5445.697
5465.835,1772703900,5468.235,5455.182,5459.917
5467.329,1772704800,5471.359,5460.248,5465.818
5457.632,1772705700,5467.321,5457.632,5467.321
5460.371,1772706600,5461.764,5450.475,5457.621
5453.241,1772707500,5461.077,5453.241,5460.37
5451.429,1772708400,5458.165,5449.617,5453.216
5451.849,1772709300,5458.322,5449.216,5451.419
5459.975,1772710200,5468.327,5451.131,5451.845
5449.877,1772711100,5459.961,5449.877,5459.961
5448.021,1772712000,5456.326,5448.021,5449.864
5440.169,1772712900,5448.502,5440.169,5448.017
5437.203,1772713800,5445.038,5437.203,5440.161
5432.264,1772714700,5438.359,5432.264,5437.199
5438.584,1772715600,5444.122,5428.004,5432.254
5442.337,1772716500,5450.089,5437.023,5438.558
5467.973,1772717400,5469.04,5439.487,5442.335
5462.016,1772718300,5470.588,5462.016,5467.953
5455.094,1772719200,5462.002,5453.768,5462.002
5465.5,1772720100,5467.585,5454.796,5455.089
5463.362,1772721000,5468.963,5461.171,5465.481
5460.46,1772721900,5463.353,5458.09,5463.353
5488.235,1772722800,5488.575,5456.487,5460.456
5493.665,1772723700,5494.009,5482.752,5488.23
5489.6,1772724600,5496.536,5489.6,5493.661
5480.088,1772725500,5489.594,5480.088,5489.594
5479.711,1772726400,5480.777,5471.214,5480.087
5469.29,1772727300,5479.695,5469.29,5479.695
5473.934,1772728200,5475.99,5465.375,5469.276
5489.033,1772729100,5493.204,5472.553,5473.932
5489.886,1772730000,5498.969,5488.653,5489.031
5501.385,1772730900,5502.685,5487.087,5489.88
5502.583,1772731800,5503.563,5492.612,5501.374
5510.895,1772732700,5519.483,5502.455,5502.581
5503.698,1772733600,5510.887,5503.698,5510.887
5514.001,1772734500,5520.04,5501.519,5503.682
5521.156,1772735400,5526.886,5511.968,5513.979
5521.327,1772736300,5526.135,5515.84,5521.141
5526.647,1772737200,5530.143,5519.037,5521.318
5516.936,1772738100,5526.647,5516.936,5526.647
5511.349,1772739000,5516.931,5507.602,5516.931
5509.189,1772739900,5511.342,5502.685,5511.342
5507.238,1772740800,5513.971,5505.494,5509.186
5499.124,1772741700,5507.698,5499.124,5507.204
5503.808,1772742600,5505.462,5493.914,5499.102
5495.938,1772743500,5503.802,5495.938,5503.802
5493.951,1772744400,5498.809,5491.099,5495.928
5487.499,1772745300,5496.073,5487.499,5493.939
5478.992,1772746200,5488.479,5478.992,5487.481
5475.421,1772747100,5484.673,5475.421,5478.986
5475.198,1772748000,5483.526,5473.761,5475.405
5496.881,1772748900,5498.109,5474.748,5475.172
5486.457,1772749800,5496.861,5486.457,5496.861
5485.281,1772750700,5488.993,5483.83,5486.455
5475.994,1772751600,5485.273,5475.994,5485.273
5467.704,1772752500,5475.992,5467.704,5475.992
5465.508,1772753400,5472.929,5465.34,5467.686
5470.304,1772754300,5475.608,5463.674,5465.506
5460.472,1772755200,5470.302,5460.472,5470.302
5450.844,1772756100,5460.455,5450.844,5460.455
5441.058,1772757000,5450.831,5441.058,5450.831
5437.383,1772757900,5443.969,5437.383,5441.05
5441.036,1772758800,5443.776,5433.51,5437.37
5441.611,1772759700,5443.892,5435.293,5441.015
5446.047,1772760600,5446.467,5435.278,5441.6
5456.112,1772761500,5458.368,5441.394,5446.025
5452.921,1772762400,5459.085,5452.808,5456.092
5442.813,1772763300,5452.919,5442.813,5452.919
5434.131,1772764200,5442.781,5434.131,5442.781
5433.281,1772765100,5437.626,5432.924,5434.118
5435.304,1772766000,5436.328,5424.338,5433.262
5437.794,1772766900,5439.702,5430.845,5435.294
5427.911,1772767800,5437.772,5427.911,5437.772
5419.238,1772768700,5427.996,5419.238,5427.9
5421.456,1772769600,5429.75,5418.525,5419.233
5418.432,1772770500,5422.98,5416.261,5421.449
5418.249,1772771400,5422.247,5415.982,5418.419
5419.548,1772772300,5428.375,5417.975,5418.226
5414.133,1772773200,5421.779,5414.133,5419.54
5404.218,1772774100,5414.119,5404.218,5414.119
5408.383,1772775000,5410.328,5398.018,5404.212
5402.246,1772775900,5408.383,5402.246,5408.383
5396.53,1772776800,5402.216,5392.9,5402.216
5409.784,1772777700,5410.354,5395.657,5396.523
5416.23,1772778600,5419.612,5406.58,5409.778
5416.85,1772779500,5417.985,5408.992,5416.21
5416.681,1772780400,5417.363,5407.377,5416.835
5406.392,1772781300,5416.66,5406.392,5416.66
5415.55,1772782200,5418.648,5403.609,5406.389
5431.548,1772783100,5433.194,5414.534,5415.545
5433.985,1772784000,5438.167,5428.855,5431.546
5427.803,1772784900,5436.24,5427.803,5433.983
5417.78,1772785800,5427.795,5417.78,5427.795
5422.174,1772786700,5424.829,5414.18,5417.764
5418.159,1772787600,5422.173,5413.989,5422.173
5451.774,1772788500,5452.915,5417.409,5418.136
5444.875,1772789400,5451.765,5444.198,5451.765
5442.308,1772790300,5444.863,5437.964,5444.863
5449.942,1772791200,5450.364,5438.694,5442.303
5440.025,1772792100,5449.93,5440.025,5449.93
5466.341,1772793000,5467.098,5434.663,5440.018
5458.41,1772793900,5466.317,5458.41,5466.317
5459.6,1772794800,5460.367,5453.446,5458.399
5457.673,1772795700,5464.164,5456.554,5459.588
5454.64,1772796600,5457.666,5451.23,5457.666
5444.716,1772797500,5454.637,5444.716,5454.637
5444.635,1772798400,5452.38,5443.924,5444.701
5442.763,1772799300,5446.058,5440.736,5444.626
5444.966,1772800200,5449.095,5437.872,5442.752
5449.717,1772801100,5451.81,5444.381,5444.956
5455.862,1772802000,5458.065,5444.892,5449.702
5455.771,1772802900,5461.84,5453.202,5455.842
5449.924,1772803800,5455.762,5446.19,5455.762
5454.177,1772804700,5455.729,5446.619,5449.923
5444.406,1772805600,5454.148,5444.406,5454.148
5434.432,1772806500,5444.396,5434.432,5444.396
5424.518,1772807400,5434.423,5424.518,5434.423
5424.384,1772808300,5430.722,5422.803,5424.503
5422.982,1772809200,5425.817,5420.054,5424.368
5413.468,1772810100,5422.982,5413.468,5422.982
5403.763,1772811000,5413.46,5403.763,5413.46
5404.866,1772811900,5414.666,5403.669,5403.762
5419.476,1772812800,5424.312,5403.39,5404.847
5410.145,1772813700,5419.469,5410.145,5419.469
5400.705,1772814600,5410.128,5400.705,5410.128
5396.259,1772815500,5405.894,5396.259,5400.699
5387.469,1772816400,5396.232,5387.469,5396.232
5385.002,1772817300,5391.346,5384.372,5387.457
5383.59,1772818200,5391.608,5383.089,5384.982
5404.23,1772819100,5405.955,5383.339,5383.58
5395.012,1772820000,5404.224,5395.012,5404.224
5390.322,1772820900,5395.0,5387.732,5395.0
5380.443,1772821800,5390.318,5380.443,5390.318
5379.15,1772822700,5380.423,5371.573,5380.423
5369.801,1772823600,5379.145,5369.801,5379.145
5363.243,1772824500,5372.798,5363.243,5369.796
5353.703,1772825400,5363.237,5353.703,5363.237
5352.335,1772826300,5360.507,5351.935,5353.678
5342.72,1772827200,5352.312,5342.72,5352.312
5336.808,1772828100,5342.715,5336.214,5342.715
5333.601,1772829000,5337.269,5333.168,5336.792
5324.004,1772829900,5333.568,5324.004,5333.568
5314.115,1772830800,5323.997,5314.115,5323.997
5311.957,1772831700,5314.338,5307.273,5314.108
5302.99,1772832600,5311.943,5302.99,5311.94
5298.963,1772833500,5303.932,5298.131,5302.979
5290.703,1772834400,5298.943,5290.703,5298.943
5292.833,1772835300,5293.717,5285.174,5290.688
5285.603,1772836200,5292.826,5285.603,5292.826
5282.696,1772837100,5287.669,5282.696,5285.595
5278.018,1772838000,5282.677,5276.751,5282.677
5303.89,1772838900,5306.681,5277.244,5277.986
5310.742,1772839800,5312.485,5302.691,5303.886
5320.152,1772840700,5323.254,5304.901,5310.726
5327.809,1772841600,5328.862,5318.137,5320.141
5320.754,1772842500,5328.882,5320.754,5327.786
5328.36,1772843400,5332.027,5316.09,5320.734
5332.248,1772844300,5336.25,5328.017,5328.34
5338.291,1772845200,5340.85,5332.055,5332.237
5328.552,1772846100,5338.28,5328.552,5338.28
5350.421,1772847000,5354.459,5326.572,5328.552
5343.629,1772847900,5350.587,5343.629,5350.416
5356.835,1772848800,5357.123,5338.988,5343.609
5348.528,1772849700,5356.811,5348.528,5356.811
5338.736,1772850600,5348.51,5338.736,5348.51
5328.886,1772851500,5338.734,5328.886,5338.734
5324.475,1772852400,5328.885,5321.698,5328.885
5339.462,1772853300,5339.718,5316.582,5324.461
5360.944,1772854200,5363.18,5339.1,5339.452
5362.064,1772855100,5362.212,5354.696,5360.941
5368.004,1772856000,5370.884,5361.965,5362.049
5359.168,1772856900,5367.994,5359.168,5367.994
5350.105,1772857800,5359.163,5350.105,5359.163
5368.189,1772858700,5368.599,5347.8,5350.104
5365.625,1772859600,5368.168,5361.475,5368.168
5356.19,1772860500,5365.613,5356.19,5365.613
5359.111,1772861400,5361.862,5351.489,5356.171
5364.004,1772862300,5365.408,5353.928,5359.101
5357.679,1772863200,5363.992,5357.679,5363.992
5358.932,1772864100,5366.976,5357.039,5357.67
5362.453,1772865000,5367.044,5353.793,5358.929
5358.673,1772865900,5368.03,5358.673,5362.45
5357.094,1772866800,5366.428,5357.094,5358.664
5359.301,1772867700,5359.516,5349.551,5357.085
5357.75,1772868600,5361.888,5354.25,5359.279
5350.516,1772869500,5357.741,5350.516,5357.741
5354.373,1772870400,5357.093,5347.343,5350.493
5358.396,1772871300,5361.047,5352.544,5354.37
5355.728,1772872200,5358.388,5350.055,5358.388
5355.118,1772873100,5357.928,5350.628,5355.7
5345.189,1772874000,5355.101,5345.189,5355.101
5335.503,1772874900,5345.175,5335.503,5345.175
5325.77,1772875800,5335.493,5325.77,5335.493
5329.045,1772876700,5336.071,5322.88,5325.744
5347.83,1772877600,5350.035,5324.631,5329.038
5344.807,1772878500,5353.885,5344.807,5347.824
5337.646,1772879400,5344.791,5337.646,5344.791
5328.137,1772880300,5337.641,5328.137,5337.641
5323.383,1772881200,5328.126,5320.105,5328.126
5313.922,1772882100,5323.365,5313.922,5323.365
5304.179,1772883000,5313.907,5304.179,5313.907
5311.757,1772883900,5313.497,5301.27,5304.164
5302.101,1772884800,5311.726,5302.101,5311.726
5296.467,1772885700,5303.385,5296.467,5302.089
5294.211,1772886600,5296.446,5289.109,5296.446
5293.743,1772887500,5296.249,5290.873,5294.186
5287.14,1772888400,5293.739,5286.085,5293.739
5293.024,1772889300,5298.74,5286.475,5287.115
5291.211,1772890200,5293.769,5286.868,5293.022
5286.815,1772891100,5291.589,5286.549,5291.208
5276.854,1772892000,5286.81,5276.854,5286.81
5283.909,1772892900,5289.704,5281.32,5282.263
5283.861,1772893800,5284.171,5274.646,5283.9
5284.733,1772894700,5284.782,5277.011,5283.841
5301.339,1772895600,5302.137,5281.424,5284.706
5308.518,1772896500,5312.279,5295.857,5301.334
5298.803,1772897400,5308.499,5298.803,5308.499
5297.931,1772898300,5300.447,5293.753,5298.799
5293.239,1772899200,5297.922,5291.009,5297.922
5314.398,1772900100,5317.602,5289.467,5293.23
5314.271,1772901000,5319.549,5312.33,5314.383
5322.11,1772901900,5324.162,5313.111,5314.27
5316.366,1772902800,5322.105,5316.366,5322.105
5306.56,1772903700,5316.359,5306.56,5316.359
5297.115,1772904600,5306.553,5297.115,5306.553
5296.309,1772905500,5297.804,5289.632,5297.105
5286.731,1772906400,5296.29,5286.731,5296.29
5301.484,1772907300,5301.77,5282.852,5286.72
5307.027,1772908200,5310.142,5300.605,5301.479
5304.218,1772909100,5312.358,5304.218,5307.009
5306.02,1772910000,5309.556,5301.207,5304.204
5296.748,1772910900,5305.999,5296.748,5305.999
5296.719,1772911800,5305.26,5295.863,5296.727
5287.23,1772912700,5296.698,5287.23,5296.698
5284.328,1772913600,5289.218,5284.328,5287.218
5278.135,1772914500,5284.321,5275.125,5284.321
5274.092,1772915400,5278.119,5270.149,5278.119
5271.814,1772916300,5274.079,5265.396,5274.079
5270.072,1772917200,5272.379,5267.532,5271.806
5261.016,1772918100,5270.069,5261.016,5270.069
5274.199,1772919000,5277.286,5257.922,5260.992
5279.404,1772919900,5286.734,5273.442,5274.177
5269.876,1772920800,5279.4,5269.876,5279.4
5276.355,1772921700,5277.895,5266.05,5269.862
5276.333,1772922600,5280.071,5271.248,5276.355
5277.678,1772923500,5283.484,5272.928,5276.325
5268.153,1772924400,5277.677,5268.153,5277.677
5269.633,1772925300,5276.915,5265.751,5268.149
5260.199,1772926200,5269.621,5260.199,5269.621
5261.007,1772927100,5267.647,5258.196,5260.178
5254.199,1772928000,5260.997,5253.118,5260.997
5248.401,1772928900,5257.296,5248.401,5254.196
5283.427,1772929800,5286.093,5245.935,5248.398
5280.655,1772930700,5286.141,5279.186,5283.423
5271.455,1772931600,5280.654,5271.455,5280.654
5274.591,1772932500,5277.335,5264.72,5271.437
5286.135,1772933400,5286.87,5271.416,5274.574
5288.152,1772934300,5293.38,5283.437,5286.131
5300.105,1772935200,5300.221,5285.447,5288.134
5295.801,1772936100,5300.086,5291.163,5300.086
5304.703,1772937000,5305.618,5290.902,5295.788
5310.077,1772937900,5315.518,5303.82,5304.685
5303.735,1772938800,5310.067,5301.658,5310.067
5298.795,1772939700,5304.272,5298.795,5303.714
5289.246,1772940600,5298.793,5289.246,5298.793
5291.297,1772941500,5291.5,5281.074,5289.222
5289.933,1772942400,5294.16,5287.196,5291.273
5290.379,1772943300,5298.605,5288.839,5289.915
5294.825,1772944200,5297.932,5284.246,5290.358
5298.763,1772945100,5307.216,5293.806,5294.809
5305.083,1772946000,5307.383,5298.361,5298.76
5296.874,1772946900,5305.081,5296.874,5305.081
5296.98,1772947800,5299.696,5293.491,5296.864
5299.988,1772948700,5307.297,5295.642,5296.977
5304.052,1772949600,5308.907,5298.84,5299.977
5311.444,1772950500,5311.501,5301.162,5304.04
5304.786,1772951400,5311.425,5304.786,5311.425
5319.094,1772952300,5321.765,5302.984,5304.762
5320.976,1772953200,5326.961,5318.122,5319.08
5324.654,1772954100,5326.154,5313.78,5320.973
5333.719,1772955000,5335.442,5321.306,5324.648
5325.101,1772955900,5333.71,5325.101,5333.71
5331.291,1772956800,5334.486,5320.365,5325.093
5332.23,1772957700,5336.299,5329.016,5331.287
5326.713,1772958600,5332.217,5323.854,5332.217
5328.856,1772959500,5332.474,5321.834,5326.698
5320.693,1772960400,5328.849,5320.693,5328.849
5310.697,1772961300,5320.685,5310.697,5320.685
5309.781,1772962200,5314.791,5307.434,5310.681
5305.838,1772963100,5314.394,5305.838,5309.771
5296.132,1772964000,5305.827,5296.132,5305.827
5286.449,1772964900,5296.125,5286.449,5296.125
5305.927,1772965800,5310.412,5282.578,5286.429
5299.066,1772966700,5305.916,5299.066,5305.916
5294.4,1772967600,5302.158,5294.4,5299.065
5301.731,1772968500,5305.829,5291.76,5294.377
5308.299,1772969400,5311.029,5296.815,5301.724
5313.88,1772970300,5314.313,5301.191,5308.286
5345.437,1772971200,5346.323,5309.652,5313.866
5356.319,1772972100,5358.428,5340.932,5345.421
5370.541,1772973000,5373.174,5353.024,5356.318
5369.242,1772973900,5374.579,5368.22,5370.531
5359.345,1772974800,5369.221,5359.345,5369.221
5368.542,1772975700,5373.458,5358.807,5359.332
5365.026,1772976600,5368.53,5360.344,5368.53
5361.036,1772977500,5365.023,5358.246,5365.023
5361.219,1772978400,5367.824,5359.263,5361.035
5368.362,1772979300,5369.587,5355.831,5361.212
5370.356,1772980200,5373.414,5362.938,5368.346
5361.452,1772981100,5370.336,5361.452,5370.336
5356.52,1772982000,5364.645,5356.52,5361.449
5351.945,1772982900,5358.995,5351.945,5356.499
5349.871,1772983800,5357.195,5349.871,5351.937
5353.146,1772984700,5357.491,5348.595,5349.836
5347.905,1772985600,5353.788,5347.905,5353.133
5341.919,1772986500,5348.71,5341.919,5347.9
5344.464,1772987400,5350.399,5338.069,5341.908
5347.859,1772988300,5350.183,5337.139,5344.447
5348.15,1772989200,5348.31,5338.248,5347.853
5344.163,1772990100,5348.149,5339.284,5348.149
5339.629,1772991000,5344.846,5338.448,5344.162
5346.469,1772991900,5349.186,5338.57,5339.626
5358.396,1772992800,5365.854,5346.129,5346.458
5351.667,1772993700,5358.385,5351.667,5358.385
5371.275,1772994600,5372.01,5349.618,5351.66
5392.283,1772995500,5393.54,5368.404,5371.271
5408.183,1772996400,5410.969,5392.113,5392.279
5400.341,1772997300,5408.183,5400.341,5408.183
5412.894,1772998200,5417.882,5399.027,5400.34
5417.256,1772999100,5417.574,5405.722,5412.874
5407.576,1773000000,5417.231,5407.576,5417.231
5406.15,1773000900,5407.561,5398.471,5407.561
5397.155,1773001800,5406.14,5397.155,5406.14
5387.273,1773002700,5397.144,5387.273,5397.144
5381.505,1773003600,5387.266,5381.505,5387.266
5384.89,1773004500,5392.505,5383.537,5385.572
5408.921,1773005400,5413.164,5383.077,5384.889
5412.823,1773006300,5417.613,5408.383,5408.915
5421.986,1773007200,5422.341,5409.713,5412.815
5418.343,1773008100,5424.464,5418.299,5421.978
5412.888,1773009000,5418.322,5410.495,5418.322
5411.649,1773009900,5413.362,5404.757,5412.87
5411.14,1773010800,5412.754,5406.191,5411.636
5401.291,1773011700,5411.112,5401.291,5411.112
5401.717,1773012600,5402.421,5393.412,5401.287
5405.576,1773013500,5412.269,5401.613,5401.696
5396.158,1773014400,5405.575,5396.158,5405.575
5397.398,1773015300,5398.095,5387.189,5396.142
5387.811,1773016200,5397.397,5387.811,5397.397
5378.204,1773017100,5387.811,5378.204,5387.811
5368.68,1773018000,5378.198,5368.68,5378.198
5402.173,1773018900,5402.582,5363.568,5368.67
5405.3,1773019800,5413.791,5401.007,5402.152
5411.336,1773020700,5412.843,5403.325,5405.285
5401.573,1773021600,5411.329,5401.573,5411.329
5394.328,1773022500,5402.41,5394.328,5401.564
5388.532,1773023400,5396.272,5388.532,5394.314
5379.82,1773024300,5388.53,5379.82,5388.53
5369.75,1773025200,5379.803,5369.75,5379.803
5372.903,1773026100,5375.387,5366.685,5369.744
5363.147,1773027000,5372.899,5363.147,5372.899
5353.357,1773027900,5363.143,5353.357,5363.143
5356.69,1773028800,5357.474,5344.454,5353.356
5347.285,1773029700,5356.683,5347.285,5356.683
5354.933,1773030600,5357.076,5344.552,5347.271
5350.371,1773031500,5354.915,5347.438,5354.915
5340.24,1773032400,5350.369,5340.24,5350.369
5349.84,1773033300,5352.628,5338.357,5340.231
5352.24,1773034200,5353.282,5341.601,5349.839
5373.05,1773035100,5373.815,5350.035,5352.232
5393.491,1773036000,5395.742,5373.043,5373.043
5389.025,1773036900,5393.6,5388.275,5393.479
5392.386,1773037800,5400.425,5388.505,5389.009
5385.96,1773038700,5392.386,5385.96,5392.386
5383.36,1773039600,5389.856,5383.36,5385.947
5382.769,1773040500,5389.453,5382.638,5383.339
5373.531,1773041400,5382.764,5373.531,5382.764
5376.95,1773042300,5382.39,5371.145,5373.516
5374.146,1773043200,5380.53,5374.146,5376.937
5367.538,1773044100,5374.142,5365.659,5374.142
5385.473,1773045000,5388.528,5363.323,5367.523
5382.598,1773045900,5391.506,5382.598,5385.46
5395.882,1773046800,5396.12,5381.33,5382.59
5386.294,1773047700,5395.88,5386.294,5395.88
5396.03,1773048600,5399.21,5385.151,5386.271
5386.238,1773049500,5396.018,5386.238,5396.018
5387.455,1773050400,5387.819,5376.928,5386.22
5395.579,1773051300,5398.814,5383.165,5387.444
5385.795,1773052200,5395.579,5385.795,5395.579
5379.067,1773053100,5385.783,5378.298,5385.783
5379.03,1773054000,5380.137,5373.047,5379.054
5375.881,1773054900,5379.524,5373.06,5379.029
5388.83,1773055800,5390.044,5372.141,5375.877
5386.074,1773056700,5389.737,5382.7,5388.822
5376.267,1773057600,5386.06,5376.267,5386.06
5372.097,1773058500,5381.062,5372.097,5376.247
5371.474,1773059400,5375.989,5368.367,5372.094
5375.735,1773060300,5379.339,5369.371,5371.464
5374.05,1773061200,5382.108,5373.609,5375.726
5373.744,1773062100,5375.459,5365.783,5374.036
5367.192,1773063000,5373.727,5366.296,5373.727
5370.364,1773063900,5374.787,5366.768,5367.181
5376.607,1773064800,5385.726,5370.205,5370.361
5380.844,1773065700,5385.349,5371.479,5376.588
5375.41,1773066600,5380.843,5372.136,5380.843
5366.292,1773067500,5375.394,5366.292,5375.394
5383.216,1773068400,5384.301,5365.292,5366.26
5373.377,1773069300,5383.189,5373.377,5383.189
5363.962,1773070200,5373.366,5363.962,5373.366
5357.184,1773071100,5363.952,5355.78,5363.952
5358.756,1773072000,5361.448,5352.805,5357.174
5360.77,1773072900,5365.081,5354.738,5358.752
5358.773,1773073800,5368.145,5358.773,5360.755
5363.097,1773074700,5364.666,5352.093,5358.761
5369.066,1773075600,5372.003,5359.081,5363.091
5359.023,1773076500,5369.059,5359.023,5369.059
5361.202,1773077400,5364.503,5352.637,5359.009
5352.232,1773078300,5361.197,5352.232,5361.197
5353.275,1773079200,5358.669,5348.046,5352.227
5343.467,1773080100,5353.265,5343.467,5353.265
5334.928,1773081000,5343.43,5334.928,5343.43
5331.618,1773081900,5336.933,5330.506,5334.921
5343.156,1773082800,5346.035,5329.458,5331.604
5341.978,1773083700,5344.901,5338.467,5343.155
5336.034,1773084600,5341.968,5334.813,5341.968
5332.735,1773085500,5336.76,5330.872,5336.021
5332.434,1773086400,5335.595,5328.514,5332.726
5335.052,1773087300,5337.115,5329.652,5332.408
5345.705,1773088200,5348.545,5332.517,5335.026
5344.493,1773089100,5346.096,5338.377,5345.704
5346.299,1773090000,5348.521,5338.335,5344.474
5357.67,1773090900,5359.19,5343.104,5346.295
5354.147,1773091800,5359.82,5354.147,5357.661
5344.598,1773092700,5354.146,5344.598,5354.146
5342.168,1773093600,5350.189,5342.168,5344.596
5344.263,1773094500,5349.126,5340.966,5342.167
5336.733,1773095400,5344.259,5336.733,5344.259
5327.967,1773096300,5336.727,5327.967,5336.727
5319.466,1773097200,5327.955,5319.466,5327.955
5316.191,1773098100,5320.217,5316.191,5319.458
5313.772,1773099000,5319.746,5312.842,5316.19
5305.123,1773099900,5313.759,5305.123,5313.759
5326.758,1773100800,5327.25,5304.911,5305.116
5322.327,1773101700,5328.866,5320.379,5326.733
5331.546,1773102600,5331.697,5319.513,5322.3
5332.452,1773103500,5339.551,5331.099,5331.544
5330.868,1773104400,5334.249,5326.406,5332.429
5330.51,1773105300,5336.876,5327.517,5330.861
5322.793,1773106200,5330.496,5322.793,5330.496
5329.868,1773107100,5333.227,5320.466,5322.782
5349.647,1773108000,5351.976,5327.549,5329.85
5345.525,1773108900,5349.642,5341.963,5349.642
5337.535,1773109800,5345.521,5337.535,5345.521
5336.966,1773110700,5341.932,5332.961,5337.528
5331.496,1773111600,5336.951,5329.114,5336.951
5339.24,1773112500,5340.157,5327.19,5331.484
5329.526,1773113400,5339.233,5329.526,5339.233
5326.352,1773114300,5333.296,5326.352,5329.525
5324.61,1773115200,5326.936,5322.336,5326.339
5320.042,1773116100,5324.588,5317.884,5324.588
5330.951,1773117000,5337.054,5319.699,5320.037
5328.372,1773117900,5330.935,5323.814,5330.935
5322.869,1773118800,5332.232,5322.869,5328.371
5322.782,1773119700,5329.116,5319.847,5322.861
5320.563,1773120600,5324.473,5316.874,5322.778
5310.774,1773121500,5320.562,5310.774,5320.562
5318.084,1773122400,5319.351,5306.225,5310.758
5312.877,1773123300,5318.308,5312.877,5318.076
5310.678,1773124200,5313.646,5306.227,5312.875
5305.351,1773125100,5310.662,5302.92,5310.662
5310.554,1773126000,5311.716,5302.884,5305.335
5305.151,1773126900,5310.541,5301.57,5310.541
5295.544,1773127800,5305.146,5295.544,5305.146
5298.014,1773128700,5298.121,5289.959,5295.543
5302.583,1773129600,5303.972,5294.34,5297.997
5294.809,1773130500,5302.576,5294.809,5302.576
5300.528,1773131400,5302.265,5292.438,5294.802
5303.861,1773132300,5306.322,5298.427,5300.528
5307.661,1773133200,5308.218,5298.651,5303.855
5304.855,1773134100,5308.147,5301.585,5307.66
5314.72,1773135000,5316.343,5304.053,5304.844
5322.384,1773135900,5328.609,5313.27,5314.718
5329.678,1773136800,5334.497,5319.643,5322.375
5320.801,1773137700,5329.673,5320.801,5329.673
5317.445,1773138600,5320.798,5312.408,5320.798
5308.038,1773139500,5317.429,5308.038,5317.429
5310.953,1773140400,5317.976,5305.408,5308.031
5318.626,1773141300,5319.49,5307.865,5310.95
5322.542,1773142200,5323.155,5314.692,5318.618
5327.166,1773143100,5329.831,5322.035,5322.539
5329.485,1773144000,5331.912,5320.143,5327.16
5332.222,1773144900,5333.24,5321.52,5329.485
5328.352,1773145800,5335.974,5328.352,5332.221
5327.237,1773146700,5334.053,5326.49,5328.342
5335.902,1773147600,5336.56,5320.287,5327.23
5326.324,1773148500,5335.9,5326.324,5335.9
5323.017,1773149400,5330.782,5323.017,5326.305
5316.391,1773150300,5324.373,5316.391,5323.015
5306.592,1773151200,5316.388,5306.592,5316.388
5300.309,1773152100,5308.883,5300.309,5306.575
5301.872,1773153000,5310.156,5299.375,5300.297
5305.605,1773153900,5310.544,5297.459,5301.857
5310.272,1773154800,5313.854,5302.788,5305.587
5300.426,1773155700,5310.266,5300.426,5310.266
5302.031,1773156600,5309.98,5300.346,5300.423
5305.939,1773157500,5306.062,5297.176,5302.025
5296.208,1773158400,5305.925,5296.208,5305.925
5286.523,1773159300,5296.193,5286.523,5296.193
5283.044,1773160200,5286.512,5281.13,5286.512
5277.5,1773161100,5283.816,5277.5,5283.031
5283.832,1773162000,5289.677,5274.841,5277.493
5291.022,1773162900,5291.863,5282.432,5283.832
5281.847,1773163800,5291.02,5281.847,5291.02
5287.354,1773164700,5294.315,5281.101,5281.845
5287.163,1773165600,5293.944,5284.364,5287.348
5292.212,1773166500,5296.496,5285.092,5287.156
5294.778,1773167400,5295.042,5283.451,5292.205
5285.235,1773168300,5294.767,5285.235,5294.767
5282.716,1773169200,5285.235,5277.36,5285.235
5273.258,1773170100,5282.706,5273.258,5282.706
5264.918,1773171000,5274.237,5264.918,5273.25
5257.715,1773171900,5264.913,5256.27,5264.913
5254.242,1773172800,5257.692,5251.299,5257.692
5246.654,1773173700,5254.725,5246.654,5254.221
5238.417,1773174600,5246.652,5238.417,5246.652
5232.71,1773175500,5239.13,5232.71,5238.414
5225.339,1773176400,5232.706,5224.09,5232.706
5226.396,1773177300,5231.252,5222.263,5225.335
5226.735,1773178200,5228.319,5223.242,5226.384
5224.51,1773179100,5226.731,5220.012,5226.731
5224.609,1773180000,5225.564,5219.005,5224.505
5239.567,1773180900,5241.852,5221.136,5224.604
5236.89,1773181800,5240.312,5235.067,5239.543
5235.046,1773182700,5236.882,5228.83,5236.882
5232.267,1773183600,5241.414,5232.267,5235.016
5247.394,1773184500,5248.514,5228.321,5232.264
5286.544,1773185400,5288.351,5245.359,5247.386
5301.476,1773186300,5306.142,5284.359,5286.525
5295.463,1773187200,5302.057,5295.463,5301.465
5286.308,1773188100,5295.457,5286.308,5295.457
5282.124,1773189000,5286.623,5281.464,5286.304
5272.767,1773189900,5282.112,5272.767,5282.112
5263.876,1773190800,5272.744,5263.876,5272.744
5265.069,1773191700,5266.6,5261.083,5263.856
5272.212,1773192600,5275.01,5263.178,5265.053
5270.625,1773193500,5272.205,5266.434,5272.205
5265.658,1773194400,5270.604,5265.658,5270.604
5292.115,1773195300,5294.422,5265.189,5265.651
5301.545,1773196200,5304.628,5286.153,5292.101
5291.819,1773197100,5301.522,5291.819,5301.522
5289.765,1773198000,5294.886,5287.983,5291.798
5287.599,1773198900,5295.381,5287.599,5289.755
5277.768,1773199800,5287.574,5277.768,5287.574
5278.988,1773200700,5280.337,5272.249,5277.754
5281.125,1773201600,5284.436,5278.414,5278.977
5293.216,1773202500,5296.893,5278.665,5281.121
5293.366,1773203400,5295.731,5286.284,5293.201
5291.174,1773204300,5300.223,5291.174,5293.359
5285.796,1773205200,5291.172,5282.037,5291.172
5293.39,1773206100,5296.094,5283.699,5285.79
5295.119,1773207000,5297.57,5286.13,5293.387
5304.813,1773207900,5308.892,5294.853,5295.107
5324.662,1773208800,5325.44,5303.578,5304.807
5319.165,1773209700,5324.639,5317.146,5324.639
5325.533,1773210600,5325.597,5314.045,5319.156
5315.803,1773211500,5325.531,5315.803,5325.531
5312.838,1773212400,5320.932,5312.838,5315.799
5314.755,1773213300,5317.175,5309.947,5312.832
5319.804,1773214200,5320.453,5309.292,5314.727
5317.685,1773215100,5323.336,5316.778,5319.789
5318.18,1773216000,5320.822,5313.174,5317.683
5308.398,1773216900,5318.171,5308.398,5318.171
5299.512,1773217800,5308.386,5299.512,5308.386
5294.321,1773218700,5300.202,5294.321,5299.491
5300.748,1773219600,5302.663,5291.1,5294.308
5303.307,1773220500,5305.599,5299.15,5300.733
5313.949,1773221400,5318.073,5302.08,5303.279
5319.527,1773222300,5322.527,5313.575,5313.949
5310.141,1773223200,5319.527,5310.141,5319.527
5303.837,1773224100,5310.13,5303.528,5310.13
5320.351,1773225000,5320.846,5301.535,5303.826
5328.144,1773225900,5333.49,5320.316,5320.348
5330.633,1773226800,5335.961,5325.175,5328.106
5330.705,1773227700,5334.699,5326.731,5330.624
5340.666,1773228600,5348.73,5329.632,5330.697
5360.866,1773229500,5362.675,5339.574,5340.665
5364.793,1773230400,5368.699,5357.707,5360.863
5354.77,1773231300,5364.789,5354.77,5364.789
5366.792,1773232200,5370.099,5353.832,5354.758
5368.164,1773233100,5375.643,5366.111,5366.767
5370.04,1773234000,5374.242,5366.433,5368.149
5361.427,1773234900,5370.019,5361.427,5370.019
5383.944,1773235800,5386.194,5357.605,5361.403
5381.908,1773236700,5387.012,5380.849,5383.927
5378.985,1773237600,5382.735,5378.321,5381.903
5392.868,1773238500,5392.999,5378.408,5378.982
5411.949,1773239400,5414.613,5388.743,5392.866
5406.754,1773240300,5412.458,5406.754,5411.932
5401.39,1773241200,5406.742,5400.526,5406.742
5406.251,1773242100,5406.596,5397.781,5401.383
5404.45,1773243000,5411.221,5403.469,5406.244
5400.236,1773243900,5404.438,5397.234,5404.438
5390.519,1773244800,5400.213,5390.519,5400.213
5380.707,1773245700,5390.506,5380.707,5390.506
5387.496,1773246600,5388.431,5378.477,5380.704
5387.397,1773247500,5392.701,5383.151,5387.492
5377.157,1773248400,5387.36,5377.157,5387.36
5383.935,1773249300,5386.534,5371.515,5377.155
5375.589,1773250200,5383.929,5375.589,5383.929
5385.071,1773251100,5386.756,5372.196,5375.587
5389.4,1773252000,5392.742,5381.847,5385.07
5400.112,1773252900,5401.688,5386.743,5389.387
5408.123,1773253800,5415.405,5397.41,5400.089
5398.335,1773254700,5408.098,5398.335,5408.098
5394.869,1773255600,5398.329,5389.929,5398.329
5390.701,1773256500,5394.862,5385.141,5394.862
5387.537,1773257400,5392.24,5385.939,5390.687
5382.598,1773258300,5388.895,5382.598,5387.528
5383.971,1773259200,5386.985,5381.465,5382.595
5413.668,1773260100,5414.805,5377.351,5383.971
5403.682,1773261000,5413.653,5403.682,5413.653
5398.365,1773261900,5405.725,5398.365,5403.664
5400.482,1773262800,5401.965,5391.388,5398.35
5399.171,1773263700,5401.208,5392.99,5400.476
5392.967,1773264600,5399.166,5390.648,5399.166
5385.525,1773265500,5392.962,5385.525,5392.962
5383.239,1773266400,5385.515,5377.523,5385.515
5376.824,1773267300,5383.231,5376.479,5383.231
5367.202,1773268200,5376.82,5367.202,5376.82
5357.972,1773269100,5367.188,5357.972,5367.188
5348.876,1773270000,5357.964,5348.876,5357.964
5344.807,1773270900,5350.61,5344.66,5348.848
5339.27,1773271800,5347.227,5339.27,5344.806
5336.365,1773272700,5341.075,5336.365,5339.258
5335.708,1773273600,5337.915,5328.813,5336.354
5326.063,1773274500,5335.699,5326.063,5335.699
5329.764,1773275400,5333.183,5319.392,5326.062
5327.774,1773276300,5332.644,5325.001,5329.76
5325.573,1773277200,5333.899,5325.265,5327.765
5331.069,1773278100,5337.294,5325.446,5325.563
5332.301,1773279000,5334.396,5325.941,5331.064
5333.537,1773279900,5334.289,5324.769,5332.289
5332.121,1773280800,5335.207,5327.443,5333.534
5322.177,1773281700,5332.116,5322.177,5332.116
5314.474,1773282600,5322.494,5314.474,5322.173
5316.858,1773283500,5322.799,5312.211,5314.459
5320.736,1773284400,5321.762,5309.736,5316.852
5316.943,1773285300,5320.729,5315.083,5320.729
5318.873,1773286200,5321.049,5312.544,5316.923
5320.631,1773287100,5325.0,5314.787,5318.87
5318.206,1773288000,5325.256,5318.154,5320.629
5319.397,1773288900,5323.518,5314.447,5318.201
5310.215,1773289800,5319.385,5310.215,5319.385
5307.923,1773290700,5316.605,5307.923,5310.214
5308.828,1773291600,5316.01,5307.05,5307.921
5309.235,1773292500,5317.279,5307.479,5308.827
5299.607,1773293400,5309.231,5299.607,5309.231
5293.096,1773294300,5299.878,5293.096,5299.591
5283.343,1773295200,5293.082,5283.343,5293.082
5299.063,1773296100,5300.906,5282.561,5283.323
5307.244,1773297000,5309.281,5298.454,5299.044
5297.635,1773297900,5307.241,5297.635,5307.241
5303.476,1773298800,5307.631,5295.113,5297.615
5305.392,1773299700,5310.619,5299.564,5303.473
5304.459,1773300600,5309.127,5301.089,5305.368
5306.989,1773301500,5312.196,5301.224,5304.45
5306.505,1773302400,5315.282,5306.505,5306.986
5309.174,1773303300,5309.902,5301.569,5306.493
5313.882,1773304200,5314.079,5304.47,5309.167
5308.306,1773305100,5313.876,5307.811,5313.876
5325.355,1773306000,5330.982,5307.91,5308.284
5315.838,1773306900,5325.334,5315.838,5325.334
5323.043,1773307800,5325.528,5309.81,5315.818
5321.46,1773308700,5323.015,5314.683,5323.015
5318.07,1773309600,5324.079,5318.07,5321.458
5329.122,1773310500,5331.744,5317.789,5318.066
5336.334,1773311400,5336.481,5325.969,5329.102
5326.255,1773312300,5336.325,5326.255,5336.325
5318.288,1773313200,5326.952,5318.288,5326.249
5308.952,1773314100,5318.272,5308.952,5318.272
5305.865,1773315000,5308.937,5299.568,5308.937
5296.682,1773315900,5305.847,5296.682,5305.847
5299.206,1773316800,5300.015,5289.106,5296.679
5313.382,1773317700,5313.977,5293.481,5299.191
5308.095,1773318600,5314.831,5308.095,5313.362
5331.304,1773319500,5337.177,5305.43,5308.082
5344.416,1773320400,5345.364,5330.065,5331.289
5338.247,1773321300,5344.405,5338.247,5344.405
5338.636,1773322200,5341.861,5334.206,5338.224
5337.608,1773323100,5338.628,5333.134,5338.628
5328.123,1773324000,5337.6,5328.123,5337.6
5323.806,1773324900,5333.204,5323.806,5328.111
5314.266,1773325800,5323.794,5314.266,5323.794
5307.206,1773326700,5314.256,5307.206,5314.256
5301.194,1773327600,5307.192,5297.908,5307.192
5300.237,1773328500,5306.402,5300.237,5301.184
5298.883,1773329400,5303.198,5296.812,5300.235
5297.071,1773330300,5305.393,5297.071,5298.869
5291.919,1773331200,5297.059,5291.765,5297.059
5282.042,1773332100,5291.904,5282.042,5291.904
5280.15,1773333000,5282.027,5272.913,5282.027
5284.782,1773333900,5287.292,5275.838,5280.135
5295.799,1773334800,5296.088,5283.02,5284.77
5286.266,1773335700,5295.77,5286.266,5295.77
5278.506,1773336600,5286.244,5278.506,5286.244
5285.012,1773337500,5287.247,5278.209,5278.5
5291.62,1773338400,5292.278,5282.53,5285.009
5281.915,1773339300,5291.608,5281.915,5291.608
5284.699,1773340200,5290.865,5278.288,5281.913
5277.857,1773341100,5284.693,5276.919,5284.693
5278.826,1773342000,5282.541,5274.166,5277.846
5271.977,1773342900,5280.861,5271.977,5278.815
5270.118,1773343800,5272.262,5266.073,5271.971
5267.454,1773344700,5271.194,5266.867,5270.116
5257.835,1773345600,5267.437,5257.835,5267.437
5254.971,1773346500,5260.27,5254.971,5257.826
5256.497,1773347400,5263.319,5252.321,5254.948
5248.698,1773348300,5256.49,5248.698,5256.49
5252.567,1773349200,5260.464,5247.463,5248.687
5243.446,1773350100,5252.562,5243.446,5252.562
5234.136,1773351000,5243.442,5234.136,5243.442
5232.089,1773351900,5234.131,5225.283,5234.131
5241.816,1773352800,5244.533,5230.541,5232.073
5255.231,1773353700,5256.528,5240.93,5241.814
5268.67,1773354600,5271.686,5251.855,5255.22
5259.508,1773355500,5268.666,5259.508,5268.666
5249.921,1773356400,5259.493,5249.921,5259.493
5246.727,1773357300,5253.307,5246.727,5249.919
5252.973,1773358200,5254.191,5243.041,5246.714
5250.042,1773359100,5252.973,5246.559,5252.973
5245.406,1773360000,5250.029,5244.108,5250.029
5257.398,1773360900,5263.217,5244.614,5245.379
5247.747,1773361800,5257.391,5247.747,5257.391
5245.662,1773362700,5251.89,5244.587,5247.735
5254.236,1773363600,5256.609,5244.478,5245.651
5261.672,1773364500,5267.751,5252.356,5254.231
5267.467,1773365400,5275.863,5260.838,5261.651
5272.924,1773366300,5274.601,5262.528,5267.463
5281.618,1773367200,5285.624,5269.975,5272.907
5299.662,1773368100,5300.845,5279.875,5281.617
5299.36,1773369000,5303.823,5298.878,5299.661
5292.075,1773369900,5301.715,5292.075,5299.347
5304.703,1773370800,5306.172,5291.925,5292.058
5300.358,1773371700,5306.537,5300.358,5304.696
5311.734,1773372600,5312.004,5299.21,5300.336
5329.758,1773373500,5333.981,5310.362,5311.716
5320.15,1773374400,5329.74,5320.15,5329.74
5319.422,1773375300,5323.633,5316.256,5320.139
5309.793,1773376200,5319.405,5309.793,5319.405
5300.111,1773377100,5309.785,5300.111,5309.785
5293.417,1773378000,5300.109,5291.86,5300.109
5310.284,1773378900,5312.888,5289.505,5293.396
5318.098,1773379800,5320.669,5305.091,5310.284
5330.058,1773380700,5336.215,5323.031,5323.495
5353.999,1773381600,5355.856,5327.99,5330.052
5346.383,1773382500,5353.986,5346.383,5353.986
5348.981,1773383400,5351.149,5343.29,5346.382
5355.841,1773384300,5356.799,5348.367,5348.964
5368.509,1773385200,5371.806,5352.329,5355.812
5378.668,1773386100,5381.207,5367.626,5368.504
5387.002,1773387000,5387.242,5375.926,5378.651
5381.549,1773387900,5387.285,5381.324,5386.983
5394.528,1773388800,5397.804,5381.46,5381.543
5397.083,1773389700,5400.575,5389.331,5394.518
5398.743,1773390600,5402.364,5395.559,5397.074
5391.398,1773391500,5398.72,5391.398,5398.72
5407.503,1773392400,5414.138,5390.601,5391.381
5403.161,1773393300,5407.728,5403.161,5407.485
5393.56,1773394200,5403.145,5393.56,5403.145
5383.942,1773395100,5393.534,5383.942,5393.534
5380.397,1773396000,5385.071,5378.754,5383.93
5395.954,1773396900,5401.506,5378.76,5380.387
5386.571,1773397800,5395.944,5386.571,5395.944
5380.457,1773398700,5386.571,5380.457,5386.571
5382.981,1773399600,5392.424,5380.18,5380.445
5382.912,1773400500,5384.906,5375.238,5382.967
5382.894,1773401400,5384.851,5378.899,5382.909
5373.185,1773402300,5382.88,5373.185,5382.88
5369.762,1773403200,5373.664,5367.502,5373.178
5376.682,1773404100,5379.563,5368.723,5369.755
5387.395,1773405000,5388.822,5369.813,5376.65
5385.352,1773405900,5394.037,5385.352,5387.384
5394.228,1773406800,5394.616,5379.442,5385.334
5387.592,1773407700,5396.035,5387.592,5394.219
5377.895,1773408600,5387.587,5377.895,5387.587
5396.326,1773409500,5396.811,5373.401,5377.872
5398.85,1773410400,5401.131,5393.4,5396.305
5396.442,1773411300,5403.303,5396.442,5398.825
5396.725,1773412200,5398.516,5392.956,5396.431
5389.171,1773413100,5396.708,5389.171,5396.708
5379.389,1773414000,5389.169,5379.389,5389.169
5381.489,1773414900,5391.082,5379.228,5379.38
5379.368,1773415800,5384.063,5376.557,5381.479
5369.303,1773416700,5379.346,5369.303,5379.346
5377.075,1773417600,5378.584,5366.273,5369.297
5372.163,1773418500,5379.413,5372.163,5377.07
5369.307,1773419400,5376.377,5369.307,5372.163
5379.454,1773420300,5382.242,5365.294,5369.287
5369.936,1773421200,5379.453,5369.936,5379.453
5360.938,1773422100,5369.932,5360.938,5369.932
5355.54,1773423000,5360.936,5352.539,5360.936
5345.879,1773423900,5355.518,5345.879,5355.518
5340.514,1773424800,5348.909,5340.514,5345.875
5333.232,1773425700,5340.499,5333.232,5340.499
5341.28,1773426600,5345.683,5333.135,5333.217
5345.421,1773427500,5349.783,5337.607,5341.252
5354.527,1773428400,5358.042,5343.041,5345.412
5354.681,1773429300,5363.59,5353.98,5354.518
5364.332,1773430200,5364.979,5347.55,5354.677
5354.625,1773431100,5364.315,5354.625,5364.315
5349.118,1773432000,5356.974,5349.118,5354.618
5349.33,1773432900,5350.108,5343.298,5349.115
5341.248,1773433800,5349.319,5341.248,5349.308
5342.643,1773434700,5344.774,5337.602,5341.241
5358.681,1773435600,5361.102,5340.001,5342.632
5367.949,1773436500,5368.329,5357.423,5358.662
5371.485,1773437400,5378.809,5367.043,5367.943
5361.853,1773438300,5371.467,5361.853,5371.467
5372.541,1773439200,5373.852,5358.043,5361.839
5366.294,1773440100,5372.524,5366.294,5372.524
5366.05,1773441000,5372.629,5363.769,5366.279
5359.656,1773441900,5366.049,5356.588,5366.049
5370.972,1773442800,5373.022,5354.624,5359.636
5363.338,1773443700,5370.959,5363.338,5370.959
5377.909,1773444600,5381.814,5361.194,5363.312
5373.343,1773445500,5382.552,5373.343,5377.903
5385.948,1773446400,5386.683,5372.32,5373.342
5377.023,1773447300,5385.93,5377.023,5385.93
5377.807,1773448200,5383.781,5376.357,5377.021
5385.373,1773449100,5386.261,5374.449,5377.79
5390.984,1773450000,5394.612,5384.254,5385.355
5386.303,1773450900,5390.979,5383.006,5390.979
5395.69,1773451800,5395.822,5379.548,5386.299
5399.267,1773452700,5399.319,5386.005,5395.688
5404.469,1773453600,5408.519,5397.213,5399.266
5399.968,1773454500,5405.182,5399.968,5404.456
5411.121,1773455400,5414.4,5398.571,5399.967
5401.255,1773456300,5411.088,5401.255,5411.088
5392.666,1773457200,5401.246,5392.25,5401.246
5383.279,1773458100,5392.653,5383.279,5392.653
5379.81,1773459000,5383.259,5378.655,5383.259
5370.556,1773459900,5379.793,5370.094,5379.793
5369.58,1773460800,5371.804,5363.06,5370.547
5368.382,1773461700,5372.042,5367.182,5369.577
5361.82,1773462600,5368.377,5361.82,5368.377
5352.156,1773463500,5361.799,5352.156,5361.799
5349.228,1773464400,5352.149,5344.522,5352.149
5360.152,1773465300,5360.858,5346.993,5349.209
5350.674,1773466200,5360.143,5350.674,5360.143
5341.113,1773467100,5350.668,5341.113,5350.668
5336.67,1773468000,5341.101,5334.491,5341.101
5334.861,1773468900,5336.664,5328.356,5336.664
5328.609,1773469800,5334.925,5328.609,5334.847
5328.722,1773470700,5332.338,5326.47,5328.606
5329.832,1773471600,5335.913,5328.462,5328.715
5332.9,1773472500,5333.173,5322.624,5329.824
5342.798,1773473400,5342.809,5330.932,5332.895
5345.549,1773474300,5350.689,5340.514,5342.792
5347.04,1773475200,5351.947,5341.096,5345.536
5337.559,1773476100,5347.039,5337.559,5347.039
5347.882,1773477000,5353.205,5337.481,5337.558
5348.243,1773477900,5352.291,5344.013,5347.87
5343.539,1773478800,5348.22,5342.46,5348.22
5348.052,1773479700,5352.392,5342.724,5343.529
5338.681,1773480600,5348.052,5338.681,5348.052
5329.761,1773481500,5338.666,5329.276,5338.666
5324.682,1773482400,5332.72,5324.682,5329.744
5339.786,1773483300,5343.043,5321.495,5324.667
5330.444,1773484200,5339.862,5330.444,5339.785
5327.316,1773485100,5336.576,5327.316,5330.436
5341.889,1773486000,5345.604,5326.464,5327.303
5332.266,1773486900,5341.881,5332.266,5341.881
5323.354,1773487800,5332.265,5323.354,5332.265
5341.508,1773488700,5343.559,5322.656,5323.342
5343.614,1773489600,5346.859,5339.116,5341.5
5336.015,1773490500,5343.607,5334.745,5343.607
5329.983,1773491400,5336.573,5329.983,5336.01
5321.076,1773492300,5329.945,5321.076,5329.945
5328.955,1773493200,5329.551,5317.717,5321.065
5330.828,1773494100,5333.333,5322.788,5328.953
5330.359,1773495000,5332.247,5327.12,5330.817
5326.382,1773495900,5334.537,5326.382,5330.325
5316.563,1773496800,5326.365,5316.563,5326.365
5306.91,1773497700,5316.559,5306.91,5316.559
5309.395,1773498600,5314.56,5302.644,5306.895
5302.584,1773499500,5309.388,5302.584,5309.388
5297.928,1773500400,5303.308,5297.928,5302.576
5296.641,1773501300,5301.695,5296.617,5297.9
5304.985,1773502200,5305.364,5295.583,5296.629
5305.716,1773503100,5305.778,5299.669,5304.985
5303.554,1773504000,5310.609,5303.012,5305.71
5300.466,1773504900,5306.247,5299.684,5303.527
5297.14,1773505800,5304.755,5297.14,5300.453
5287.713,1773506700,5297.124,5287.713,5297.124
5282.405,1773507600,5289.805,5282.405,5287.712
5279.217,1773508500,5282.4,5276.761,5282.4
5273.906,1773509400,5279.21,5272.071,5279.21
5274.904,1773510300,5278.584,5267.898,5273.901
5270.614,1773511200,5278.03,5270.614,5274.885
5263.242,1773512100,5270.588,5263.242,5270.588
5259.516,1773513000,5263.226,5255.922,5263.226
5250.156,1773513900,5259.504,5250.156,5259.504
5253.891,1773514800,5257.141,5249.774,5250.145
5252.754,1773515700,5256.987,5248.811,5253.887
5243.197,1773516600,5252.733,5243.197,5252.733
5238.653,1773517500,5246.874,5238.653,5243.176
5230.477,1773518400,5238.651,5230.477,5238.651
5228.862,1773519300,5231.792,5223.814,5230.461
5235.136,1773520200,5236.086,5226.783,5228.855
5242.49,1773521100,5243.847,5229.451,5235.121
5239.372,1773522000,5243.201,5237.756,5242.488
5229.906,1773522900,5239.368,5229.906,5239.368
5220.515,1773523800,5229.871,5220.515,5229.871
5222.775,1773524700,5227.681,5217.04,5220.511
5224.035,1773525600,5224.421,5217.732,5222.768
5221.065,1773526500,5224.029,5215.986,5224.029
5211.704,1773527400,5221.058,5211.704,5221.058
5205.157,1773528300,5214.465,5205.157,5211.691
5196.203,1773529200,5205.145,5196.203,5205.145
5196.11,1773530100,5204.808,5195.843,5196.181
5198.716,1773531000,5201.443,5190.375,5196.096
5196.566,1773531900,5201.705,5194.675,5198.708
5187.187,1773532800,5196.545,5187.187,5196.545
5177.998,1773533700,5187.173,5177.998,5187.173
5173.213,1773534600,5177.992,5173.184,5177.992
5183.01,1773535500,5185.179,5170.564,5173.207
5174.114,1773536400,5183.008,5174.114,5183.008
5187.646,1773537300,5187.796,5173.161,5174.097
5191.031,1773538200,5196.268,5186.387,5187.639
5190.371,1773539100,5193.431,5184.914,5191.025
5206.0,1773540000,5206.83,5188.727,5190.36
5196.689,1773540900,5205.991,5196.689,5205.991
5201.636,1773541800,5206.069,5194.825,5196.683
5203.493,1773542700,5205.36,5194.814,5201.625
5205.282,1773543600,5210.829,5199.675,5203.49
5200.774,1773544500,5205.297,5200.397,5205.274
5210.749,1773545400,5211.822,5195.656,5200.757
5221.356,1773546300,5221.356,5204.822,5210.746
5218.215,1773547200,5221.348,5212.273,5221.348
5214.462,1773548100,5223.197,5214.462,5218.202
5245.244,1773549000,5248.157,5214.387,5214.445
5247.992,1773549900,5248.283,5237.043,5245.225
5238.748,1773550800,5247.992,5238.748,5247.992
5236.992,1773551700,5240.169,5233.576,5238.731
5228.271,1773552600,5236.961,5228.271,5236.961
5226.435,1773553500,5232.922,5226.119,5228.271
5217.057,1773554400,5226.428,5217.057,5226.428
5221.013,1773555300,5222.884,5213.748,5217.051
5214.389,1773556200,5221.004,5212.807,5221.004
5205.495,1773557100,5214.373,5205.495,5214.373
5199.216,1773558000,5205.485,5199.216,5205.485
5204.599,1773558900,5210.479,5199.069,5199.214
5197.083,1773559800,5204.588,5197.083,5204.588
5199.304,1773560700,5202.246,5190.666,5197.082
5189.988,1773561600,5199.288,5189.988,5199.288
5187.804,1773562500,5195.343,5187.804,5189.964
5186.71,1773563400,5195.168,5186.71,5187.8
5196.652,1773564300,5203.275,5185.752,5186.708
5199.094,1773565200,5206.044,5195.818,5196.644
5192.605,1773566100,5200.188,5192.605,5199.083
5198.041,1773567000,5201.859,5190.415,5192.592
5201.515,1773567900,5209.89,5197.181,5198.033
5202.121,1773568800,5205.977,5199.427,5201.507
5198.301,1773569700,5202.357,5196.861,5202.101
5189.174,1773570600,5198.279,5189.174,5198.279
5186.085,1773571500,5189.164,5181.179,5189.164
5182.808,1773572400,5187.212,5182.808,5186.078
5183.962,1773573300,5187.97,5179.402,5182.806
5174.369,1773574200,5183.947,5174.369,5183.947
5184.688,1773575100,5187.911,5172.29,5174.365
5189.236,1773576000,5192.7,5182.734,5184.673
5190.488,1773576900,5194.788,5185.494,5189.222
5181.38,1773577800,5190.485,5181.38,5190.485
5180.995,1773578700,5185.215,5176.211,5181.371
5171.531,1773579600,5180.977,5171.531,5180.977
5166.157,1773580500,5171.518,5166.157,5171.518
5203.035,1773581400,5203.679,5162.936,5166.153
5204.673,1773582300,5213.103,5202.019,5203.031
5195.625,1773583200,5204.666,5195.625,5204.666
5186.553,1773584100,5195.623,5186.553,5195.623
5179.392,1773585000,5187.602,5179.392,5186.536
5180.5,1773585900,5184.024,5177.356,5179.373
5181.171,1773586800,5182.676,5172.901,5180.479
5183.929,1773587700,5184.6,5175.398,5181.169
5180.96,1773588600,5187.741,5180.96,5183.924
5178.133,1773589500,5184.429,5178.133,5180.955
5175.801,1773590400,5185.141,5175.801,5178.098
5176.859,1773591300,5182.034,5175.682,5175.795
5167.422,1773592200,5176.852,5167.422,5176.852
5158.253,1773593100,5167.404,5158.253,5167.404
5149.297,1773594000,5158.234,5149.297,5158.234
5148.111,1773594900,5151.989,5143.796,5149.295
5139.237,1773595800,5148.099,5139.237,5148.099
5135.166,1773596700,5139.23,5132.817,5139.23
5134.556,1773597600,5142.388,5133.765,5135.143
5154.329,1773598500,5155.002,5134.395,5134.529
5150.072,1773599400,5154.315,5146.094,5154.315
5140.394,1773600300,5150.052,5140.394,5150.052
5149.72,1773601200,5155.133,5139.679,5140.385
5141.879,1773602100,5150.818,5141.879,5149.705
5138.872,1773603000,5145.667,5138.872,5141.872
5148.465,1773603900,5150.544,5135.375,5138.868
5142.334,1773604800,5149.47,5142.334,5148.459
5146.167,1773605700,5146.729,5137.282,5142.322
5151.517,1773606600,5159.768,5145.3,5146.161
5146.795,1773607500,5154.805,5146.795,5151.51
5140.809,1773608400,5147.704,5140.809,5146.79
5135.408,1773609300,5142.436,5135.408,5140.8
5126.481,1773610200,5135.406,5126.481,5135.406
5119.249,1773611100,5126.48,5119.249,5126.48
5123.664,1773612000,5127.05,5118.983,5119.227
5129.135,1773612900,5131.63,5120.355,5123.659
5150.097,1773613800,5151.8,5128.657,5129.115
5141.394,1773614700,5150.093,5141.394,5150.093
5150.603,1773615600,5152.914,5136.531,5141.384
5154.058,1773616500,5160.229,5147.91,5150.581
5158.195,1773617400,5164.3,5152.551,5154.05
5166.358,1773618300,5166.622,5153.7,5158.194
5174.517,1773619200,5178.355,5165.588,5166.335
5169.837,1773620100,5175.001,5169.837,5174.49
5160.217,1773621000,5169.83,5160.217,5169.83
5155.991,1773621900,5160.206,5151.558,5160.206
5155.853,1773622800,5156.946,5150.743,5155.971
5161.435,1773623700,5169.217,5154.655,5155.853
5163.815,1773624600,5164.959,5155.724,5161.433
5163.813,1773625500,5164.587,5155.753,5163.804
5154.32,1773626400,5163.799,5154.32,5163.799
5151.386,1773627300,5156.607,5151.386,5154.308
5147.474,1773628200,5151.363,5146.158,5151.363
5151.291,1773629100,5156.51,5145.685,5147.472
5142.277,1773630000,5151.279,5142.277,5151.279
5136.556,1773630900,5143.636,5136.556,5142.266
5137.235,1773631800,5143.608,5136.012,5136.554
5130.378,1773632700,5138.892,5130.378,5137.225
5125.688,1773633600,5130.475,5125.634,5130.375
5122.289,1773634500,5127.385,5121.603,5125.667
5114.225,1773635400,5122.277,5114.225,5122.277
5112.312,1773636300,5114.203,5106.271,5114.203
5103.261,1773637200,5112.308,5103.261,5112.308
5097.613,1773638100,5103.543,5097.613,5103.241
5104.899,1773639000,5105.273,5097.122,5097.602
5115.5,1773639900,5115.529,5095.57,5104.899
5116.826,1773640800,5117.845,5110.038,5115.487
5111.548,1773641700,5116.815,5108.381,5116.815
5135.197,1773642600,5137.833,5110.918,5111.544
5129.411,1773643500,5135.182,5129.411,5135.182
5121.815,1773644400,5129.404,5120.832,5129.404
5122.212,1773645300,5126.825,5119.869,5121.811
5116.832,1773646200,5122.209,5115.442,5122.209
5108.047,1773647100,5116.83,5108.047,5116.83
5111.428,1773648000,5111.677,5099.206,5108.028
5114.93,1773648900,5118.851,5108.708,5111.417
5116.624,1773649800,5122.162,5112.768,5114.928
5108.544,1773650700,5116.619,5108.544,5116.619
5099.3,1773651600,5108.534,5099.3,5108.534
5113.364,1773652500,5117.543,5096.549,5099.292
5104.414,1773653400,5113.359,5104.414,5113.359
5106.151,1773654300,5109.731,5102.957,5104.406
5102.431,1773655200,5107.794,5102.143,5106.135
5093.412,1773656100,5102.417,5093.412,5102.417
5088.057,1773657000,5094.242,5088.057,5093.394
5089.749,1773657900,5098.508,5087.712,5088.054
5081.612,1773658800,5089.744,5081.612,5089.744
5096.625,1773659700,5097.565,5080.043,5081.599
5089.725,1773660600,5096.614,5089.725,5096.614
5085.0,1773661500,5089.711,5082.674,5089.711
5103.535,1773662400,5111.122,5084.538,5084.999
5108.288,1773663300,5109.648,5097.869,5103.52
5099.398,1773664200,5108.28,5099.398,5108.28
5090.054,1773665100,5099.393,5090.054,5099.393
5093.606,1773666000,5094.098,5088.877,5090.045
5084.428,1773666900,5093.596,5084.428,5093.596
5075.212,1773667800,5084.417,5075.212,5084.417
5068.226,1773668700,5075.208,5068.226,5075.208
5059.326,1773669600,5068.215,5059.326,5068.215
5073.693,1773670500,5078.973,5057.817,5059.317
5078.554,1773671400,5082.287,5073.436,5073.689
5080.624,1773672300,5083.163,5072.011,5078.538
5078.488,1773673200,5080.779,5073.762,5080.605
5078.601,1773674100,5084.779,5077.119,5078.473
5073.053,1773675000,5078.598,5073.053,5078.598
5073.113,1773675900,5078.776,5069.437,5073.035
5064.188,1773676800,5073.11,5064.188,5073.11
5056.06,1773677700,5064.187,5056.06,5064.187
5046.581,1773678600,5056.058,5046.581,5056.058
5046.206,1773679500,5046.568,5037.719,5046.568
5036.687,1773680400,5046.192,5036.687,5046.192
5043.338,1773681300,5043.974,5035.463,5036.683
5049.659,1773682200,5052.709,5038.934,5043.325
5047.89,1773683100,5056.274,5047.89,5049.64
5043.723,1773684000,5047.881,5042.02,5047.881
5044.766,1773684900,5049.374,5042.393,5043.706
5035.415,1773685800,5044.752,5035.415,5044.752
5026.299,1773686700,5035.413,5026.299,5035.413
5048.409,1773687600,5049.707,5020.975,5026.295
5040.179,1773688500,5048.546,5040.179,5048.391
5058.014,1773689400,5060.822,5039.113,5040.168
5058.482,1773690300,5066.904,5057.598,5058.014
5055.794,1773691200,5059.308,5053.012,5058.474
5066.585,1773692100,5066.982,5052.774,5055.791
5069.743,1773693000,5071.743,5063.648,5066.579
5072.468,1773693900,5076.408,5067.538,5069.733
5076.328,1773694800,5081.84,5072.118,5072.46
5073.931,1773695700,5079.775,5072.569,5076.311
5079.102,1773696600,5085.402,5073.158,5073.929
5085.424,1773697500,5088.865,5075.682,5079.096
5078.354,1773698400,5085.393,5078.354,5085.393
5088.599,1773699300,5091.886,5078.201,5078.334
5079.878,1773700200,5088.588,5079.878,5088.588
5089.513,1773701100,5090.448,5076.099,5079.858
5091.586,1773702000,5098.828,5087.492,5089.498
5103.82,1773702900,5104.73,5090.793,5091.58
5100.09,1773703800,5104.347,5099.016,5103.814
5097.257,1773704700,5100.087,5091.254,5100.087
5101.486,1773705600,5106.055,5093.176,5097.256
5113.84,1773706500,5114.296,5099.173,5101.469
5126.721,1773707400,5130.449,5113.778,5113.821
5121.959,1773708300,5126.716,5119.206,5126.716
5114.271,1773709200,5121.955,5114.271,5121.955
5115.271,1773710100,5116.81,5110.297,5114.266
5105.828,1773711000,5115.27,5105.828,5115.27
5117.92,1773711900,5121.251,5103.21,5105.818
5108.843,1773712800,5117.918,5108.843,5117.918
5103.488,1773713700,5109.321,5103.488,5108.836
5100.527,1773714600,5106.392,5099.982,5103.478
5091.486,1773715500,5100.522,5091.486,5100.522
5081.91,1773716400,5091.479,5081.91,5091.479
5092.092,1773717300,5093.305,5079.893,5081.885
5084.005,1773718200,5092.08,5084.005,5092.08
5079.445,1773719100,5083.996,5078.027,5083.996
5084.295,1773720000,5087.694,5079.417,5079.437
5075.359,1773720900,5084.292,5075.359,5084.292
5065.747,1773721800,5075.352,5065.747,5075.352
5064.921,1773722700,5069.069,5060.557,5065.746
5073.749,1773723600,5078.032,5064.83,5064.912
5065.822,1773724500,5073.743,5065.822,5073.743
5072.487,1773725400,5075.225,5065.536,5065.82
5063.518,1773726300,5072.486,5063.518,5072.486
5069.198,1773727200,5076.61,5062.801,5063.503
5060.595,1773728100,5069.194,5060.595,5069.194
5062.644,1773729000,5066.504,5058.936,5060.594
5065.965,1773729900,5068.216,5057.654,5062.637
5059.223,1773730800,5065.959,5058.131,5065.959
5064.807,1773731700,5068.124,5055.699,5059.21
5055.641,1773732600,5064.793,5055.641,5064.793
5059.805,1773733500,5068.313,5055.033,5055.627
5059.329,1773734400,5062.158,5053.64,5059.792
5051.641,1773735300,5059.326,5050.978,5059.326
5045.985,1773736200,5051.641,5044.021,5051.641
5055.4,1773737100,5057.653,5043.834,5045.981
5049.437,1773738000,5055.392,5049.437,5055.392
5051.953,1773738900,5053.8,5044.52,5049.417
5046.856,1773739800,5051.946,5046.127,5051.946
5037.533,1773740700,5046.849,5037.533,5046.849
5059.132,1773741600,5059.179,5035.828,5037.531
5063.244,1773742500,5071.354,5058.416,5059.122
5054.705,1773743400,5063.234,5054.705,5063.234
5051.026,1773744300,5055.994,5051.026,5054.694
5064.328,1773745200,5066.381,5046.577,5051.024
5059.708,1773746100,5064.323,5059.198,5064.323
5057.993,1773747000,5061.397,5054.628,5059.707
5060.603,1773747900,5063.611,5055.162,5057.973
5065.575,1773748800,5065.735,5059.919,5060.602
5059.257,1773749700,5065.569,5059.257,5065.569
5068.648,1773750600,5070.744,5056.752,5059.252
5063.124,1773751500,5071.8,5063.124,5068.647
5059.405,1773752400,5064.341,5059.405,5063.108
5058.144,1773753300,5061.685,5055.714,5059.397
5056.968,1773754200,5059.907,5053.461,5058.129
5053.951,1773755100,5056.967,5050.628,5056.967
5072.232,1773756000,5073.406,5053.131,5053.945
5074.506,1773756900,5080.37,5070.497,5072.228
5074.621,1773757800,5082.654,5073.625,5074.487
5078.146,1773758700,5082.538,5070.02,5074.619
5072.974,1773759600,5082.142,5072.974,5078.133
5099.731,1773760500,5101.958,5072.744,5072.955
5090.561,1773761400,5099.711,5090.561,5099.711
5084.853,1773762300,5090.56,5082.398,5090.56
5075.234,1773763200,5084.84,5075.234,5084.84
5080.306,1773764100,5083.504,5073.428,5075.218
5076.19,1773765000,5084.562,5076.19,5080.283
5072.842,1773765900,5076.178,5069.401,5076.178
5065.842,1773766800,5072.84,5064.605,5072.84
5060.671,1773767700,5066.16,5059.146,5065.839
5073.498,1773768600,5075.64,5059.586,5060.654
5078.679,1773769500,5082.101,5070.674,5073.498
5073.103,1773770400,5078.656,5071.866,5078.656
5075.178,1773771300,5081.186,5069.85,5073.095
5079.185,1773772200,5079.551,5069.563,5075.165
5077.374,1773773100,5079.353,5075.248,5079.18
5071.761,1773774000,5078.912,5071.761,5077.361
5071.461,1773774900,5074.466,5065.748,5071.749
5067.608,1773775800,5071.45,5062.641,5071.45
5061.228,1773776700,5067.596,5061.228,5067.596
5054.302,1773777600,5061.677,5054.302,5061.207
5055.606,1773778500,5056.553,5045.948,5054.293
5054.555,1773779400,5061.659,5054.555,5055.604
5051.612,1773780300,5054.551,5047.39,5054.551
5046.92,1773781200,5051.612,5046.136,5051.612
5048.179,1773782100,5049.146,5042.478,5046.91
5049.432,1773783000,5054.812,5044.39,5048.178
5072.445,1773783900,5077.721,5048.391,5049.426
5073.191,1773784800,5077.171,5067.375,5072.439
5073.699,1773785700,5076.646,5070.959,5073.172
5064.684,1773786600,5073.694,5064.684,5073.694
5058.491,1773787500,5067.075,5058.491,5064.682
5063.006,1773788400,5064.79,5055.716,5058.48
5077.806,1773789300,5080.275,5062.441,5062.986
5071.03,1773790200,5077.78,5068.926,5077.78
5062.632,1773791100,5071.012,5062.632,5071.012
5061.197,1773792000,5062.608,5055.452,5062.608
5066.821,1773792900,5074.685,5061.154,5061.177
5065.101,1773793800,5071.608,5065.101,5066.812
5072.454,1773794700,5074.153,5064.805,5065.097
5063.037,1773795600,5072.442,5063.037,5072.442
5054.022,1773796500,5063.035,5054.022,5063.035
5064.793,1773797400,5067.687,5051.641,5054.012
5064.697,1773798300,5068.807,5062.196,5064.764
5089.645,1773799200,5089.947,5060.362,5064.675
5080.634,1773800100,5089.619,5080.634,5089.619
5071.911,1773801000,5080.633,5071.911,5080.633
5070.699,1773801900,5075.145,5067.436,5071.91
5101.232,1773802800,5104.461,5070.324,5070.68
5115.863,1773803700,5118.918,5099.866,5101.222
5106.841,1773804600,5115.855,5106.841,5115.855
5100.113,1773805500,5108.963,5100.113,5106.838
5092.075,1773806400,5100.097,5092.075,5100.097
5094.502,1773807300,5097.571,5085.988,5092.071
5103.69,1773808200,5104.068,5087.393,5094.497
5095.004,1773809100,5103.689,5095.004,5103.689
5095.709,1773810000,5102.398,5092.711,5094.991
5091.739,1773810900,5095.707,5089.084,5095.707
5113.881,1773811800,5115.354,5091.423,5091.729
5107.647,1773812700,5113.88,5104.571,5113.88
5105.468,1773813600,5110.255,5103.257,5107.637
5103.863,1773814500,5105.816,5100.568,5105.465
5094.827,1773815400,5103.853,5094.827,5103.853
5101.46,1773816300,5105.394,5093.911,5094.825
5107.178,1773817200,5109.749,5095.866,5101.448
5108.017,1773818100,5109.454,5101.79,5107.168
5121.081,1773819000,5123.592,5104.665,5107.999
5113.675,1773819900,5121.071,5112.426,5121.071
5126.308,1773820800,5127.842,5112.764,5113.663
5126.276,1773821700,5128.855,5119.591,5126.287
5136.898,1773822600,5140.425,5122.0,5126.275
5132.273,1773823500,5136.893,5131.416,5136.893
5122.942,1773824400,5132.269,5122.942,5132.269
5113.671,1773825300,5122.929,5113.671,5122.929
5122.331,1773826200,5124.088,5110.93,5113.652
5129.7,1773827100,5133.05,5119.799,5122.302
5123.841,1773828000,5132.713,5123.841,5129.698
5134.558,1773828900,5134.739,5122.697,5123.839
5135.525,1773829800,5135.63,5129.429,5134.543
5129.333,1773830700,5135.506,5129.333,5135.506
5120.057,1773831600,5129.319,5120.057,5129.319
5120.918,1773832500,5128.903,5119.782,5120.048
5130.941,1773833400,5136.72,5119.414,5120.907
5136.451,1773834300,5141.03,5127.226,5130.921
5127.981,1773835200,5136.446,5127.156,5136.446
5120.882,1773836100,5127.968,5120.882,5127.968
5111.929,1773837000,5120.863,5111.929,5120.863
5102.731,1773837900,5111.913,5102.731,5111.913
5099.219,1773838800,5102.711,5095.228,5102.711
5097.016,1773839700,5102.672,5096.529,5099.216
5087.767,1773840600,5097.016,5087.767,5097.016
5078.454,1773841500,5087.753,5078.454,5087.753
5084.149,1773842400,5084.345,5074.074,5078.424
5091.37,1773843300,5092.223,5081.664,5084.142
5081.89,1773844200,5091.361,5081.89,5091.361
5083.386,1773845100,5086.571,5078.912,5081.875
5085.201,1773846000,5092.567,5082.305,5083.38
5090.002,1773846900,5092.29,5080.09,5085.198
5085.359,1773847800,5089.998,5082.557,5089.998
5076.213,1773848700,5085.345,5076.213,5085.345
5081.705,1773849600,5083.863,5072.276,5076.207
5072.806,1773850500,5081.696,5072.806,5081.696
5064.776,1773851400,5072.795,5064.776,5072.795
5055.513,1773852300,5064.766,5055.513,5064.766
5048.049,1773853200,5055.513,5048.049,5055.513
5041.712,1773854100,5048.04,5040.036,5048.04
5044.395,1773855000,5045.944,5038.314,5041.702
5035.261,1773855900,5044.389,5035.261,5044.389
5043.088,1773856800,5049.311,5033.319,5035.253
5074.421,1773857700,5079.075,5042.934,5043.076
5071.827,1773858600,5076.08,5068.364,5074.412
5069.692,1773859500,5075.219,5069.692,5071.814
5082.719,1773860400,5085.124,5065.279,5069.69
5075.29,1773861300,5082.718,5075.29,5082.718
5070.35,1773862200,5075.726,5070.35,5075.283
5061.276,1773863100,5070.341,5061.276,5070.341
5067.361,1773864000,5068.586,5057.166,5061.272
5071.253,1773864900,5075.729,5064.677,5067.344
5065.342,1773865800,5071.532,5065.342,5071.245
5070.379,1773866700,5072.3,5062.088,5065.327
5062.669,1773867600,5070.355,5062.374,5070.355
5097.666,1773868500,5100.285,5062.397,5062.654
5091.305,1773869400,5097.64,5091.305,5097.64
5097.179,1773870300,5098.709,5088.292,5091.305
5096.186,1773871200,5099.455,5092.129,5097.173
5117.785,1773872100,5119.599,5090.838,5096.182
5112.715,1773873000,5120.973,5112.715,5117.782
5115.379,1773873900,5115.796,5103.658,5112.708
5109.198,1773874800,5115.361,5106.991,5115.361
5107.327,1773875700,5111.253,5104.286,5109.193
5098.294,1773876600,5107.321,5098.294,5107.321
5119.273,1773877500,5123.218,5096.655,5098.278
5121.522,1773878400,5127.388,5119.183,5119.259
5131.775,1773879300,5135.491,5120.99,5121.51
5131.421,1773880200,5133.719,5124.835,5131.769
5144.981,1773881100,5150.503,5129.725,5131.412
5146.088,1773882000,5151.153,5141.298,5144.978
5143.912,1773882900,5152.376,5143.912,5146.067
5140.555,1773883800,5144.965,5139.037,5143.91
5138.134,1773884700,5140.544,5132.761,5140.544
5134.873,1773885600,5143.646,5134.873,5138.122
5138.376,1773886500,5139.892,5129.269,5134.872
5141.817,1773887400,5146.014,5133.811,5138.364
5147.695,1773888300,5148.305,5136.464,5141.812
5156.121,1773889200,5159.89,5144.262,5147.693
5159.185,1773890100,5159.519,5151.862,5156.115
5169.769,1773891000,5172.853,5153.637,5159.182
5185.595,1773891900,5187.038,5168.779,5169.749
5176.464,1773892800,5185.589,5176.464,5185.589
5179.0,1773893700,5180.013,5172.959,5176.45
5176.365,1773894600,5184.698,5176.365,5178.991
5191.437,1773895500,5194.045,5173.855,5176.35
5202.805,1773896400,5210.507,5191.371,5191.435
5215.812,1773897300,5216.142,5196.66,5202.8
5236.332,1773898200,5236.853,5215.088,5215.803
5240.592,1773899100,5241.825,5232.457,5236.327
5249.952,1773900000,5250.897,5236.371,5240.57
5240.451,1773900900,5249.951,5240.451,5249.951
5256.194,1773901800,5259.432,5237.877,5240.44
5254.443,1773902700,5259.277,5251.987,5256.17
5260.695,1773903600,5260.805,5245.197,5254.423
5256.479,1773904500,5263.619,5256.479,5260.678
5252.522,1773905400,5257.673,5251.196,5256.472
5254.213,1773906300,5256.172,5248.627,5252.517
5249.787,1773907200,5255.991,5249.787,5254.203
5247.774,1773908100,5255.269,5247.774,5249.773
5241.036,1773909000,5247.833,5241.036,5247.763
5236.853,1773909900,5241.033,5233.266,5241.033
5235.394,1773910800,5237.202,5230.428,5236.85
5231.067,1773911700,5235.379,5229.822,5235.379
5221.515,1773912600,5231.067,5221.515,5231.067
5212.021,1773913500,5221.501,5212.021,5221.501
5215.473,1773914400,5217.744,5206.18,5212.003
5208.292,1773915300,5215.727,5208.292,5215.446
5204.393,1773916200,5208.288,5199.354,5208.288
5201.14,1773917100,5204.393,5198.051,5204.393
5195.947,1773918000,5201.14,5194.736,5201.14
5198.424,1773918900,5198.441,5188.005,5195.93
5196.219,1773919800,5199.657,5194.531,5198.412
5198.021,1773920700,5205.695,5194.356,5196.215
5195.957,1773921600,5198.001,5190.071,5198.001
5189.641,1773922500,5195.954,5189.641,5195.954
5181.686,1773923400,5189.623,5181.686,5189.623
5172.452,1773924300,5181.669,5172.452,5181.669
5170.492,1773925200,5179.909,5170.492,5172.445
5177.778,1773926100,5178.61,5166.161,5170.482
5174.056,1773927000,5179.038,5173.986,5177.776
5164.626,1773927900,5174.054,5164.626,5174.054
5179.381,1773928800,5181.486,5162.233,5164.602
5183.951,1773929700,5184.432,5171.953,5179.37
5174.936,1773930600,5183.938,5174.936,5183.938
5171.279,1773931500,5174.928,5168.617,5174.928
5188.107,1773932400,5188.375,5168.262,5171.263
5189.376,1773933300,5191.151,5185.653,5188.107
5185.777,1773934200,5193.081,5185.777,5189.36
5189.431,1773935100,5197.014,5184.558,5185.776
5186.613,1773936000,5189.429,5183.562,5189.429
5183.263,1773936900,5190.366,5183.263,5186.607
5179.247,1773937800,5188.116,5179.247,5183.246
5198.07,1773938700,5200.386,5179.054,5179.243
5198.747,1773939600,5201.9,5195.294,5198.054
5207.518,1773940500,5212.595,5196.554,5198.744
5212.777,1773941400,5213.237,5199.703,5207.513
5226.327,1773942300,5231.202,5210.428,5212.773
5228.372,1773943200,5231.806,5223.45,5226.317
5220.547,1773944100,5230.189,5220.547,5228.343
5212.96,1773945000,5222.133,5212.96,5222.133
5208.53,1773945900,5215.815,5208.53,5212.947
5198.95,1773946800,5208.522,5198.95,5208.522
5194.96,1773947700,5199.165,5193.896,5198.938
5203.579,1773948600,5206.487,5194.266,5194.952
5199.476,1773949500,5203.56,5195.149,5203.56
5190.846,1773950400,5199.464,5190.846,5199.464
5193.066,1773951300,5195.693,5188.552,5190.833
5190.771,1773952200,5196.733,5190.321,5193.059
5197.237,1773953100,5200.925,5186.704,5190.755
5209.179,1773954000,5215.328,5196.188,5197.233
5199.715,1773954900,5209.173,5199.715,5209.173
5201.741,1773955800,5207.895,5198.911,5199.704
5203.022,1773956700,5209.301,5199.397,5201.714
5215.105,1773957600,5218.209,5200.975,5203.018
5220.179,1773958500,5223.617,5210.765,5215.072
5226.165,1773959400,5230.483,5219.882,5220.159
5219.707,1773960300,5226.155,5219.707,5226.155
5225.891,1773961200,5229.974,5217.875,5219.702
5225.222,1773962100,5227.753,5222.664,5225.882
5225.521,1773963000,5227.4,5218.522,5225.21
5216.421,1773963900,5225.52,5216.421,5225.52
5216.165,1773964800,5220.974,5214.686,5216.417
5211.856,1773965700,5216.162,5208.246,5216.162
5216.245,1773966600,5222.257,5210.688,5211.851
5211.911,1773967500,5216.745,5211.642,5216.231
5205.831,1773968400,5214.764,5205.831,5211.909
5201.27,1773969300,5205.829,5201.27,5205.829
5202.624,1773970200,5203.796,5194.594,5201.269
5199.603,1773971100,5205.555,5199.603,5202.617
5200.23,1773972000,5206.431,5196.223,5199.592
5207.041,1773972900,5210.998,5196.741,5200.206
5197.377,1773973800,5207.039,5197.377,5207.039
5209.205,1773974700,5210.536,5195.804,5197.364
5208.468,1773975600,5215.803,5208.254,5209.199
5218.942,1773976500,5223.738,5206.709,5208.455
5215.319,1773977400,5224.38,5215.319,5218.927
5206.061,1773978300,5215.313,5206.061,5215.313
5200.97,1773979200,5206.055,5199.712,5206.055
5192.607,1773980100,5200.965,5192.607,5200.965
5191.606,1773981000,5195.02,5190.139,5192.591
5187.738,1773981900,5191.604,5185.135,5191.604
5178.264,1773982800,5187.73,5178.264,5187.73
5201.108,1773983700,5201.964,5176.612,5178.255
5206.844,1773984600,5210.882,5200.988,5201.102
5196.698,1773985500,5206.84,5196.698,5206.84
5196.89,1773986400,5206.213,5196.539,5196.681
5187.538,1773987300,5196.889,5187.538,5196.889
5188.634,1773988200,5197.175,5186.986,5187.511
5179.494,1773989100,5188.624,5179.494,5188.624
5189.758,1773990000,5191.681,5178.478,5179.483
5180.283,1773990900,5189.745,5180.283,5189.745
5175.127,1773991800,5180.265,5172.919,5180.265
5171.394,1773992700,5180.452,5171.394,5175.118
5189.537,1773993600,5189.839,5169.714,5171.394
5186.417,1773994500,5189.534,5183.595,5189.534
5177.115,1773995400,5186.403,5177.115,5186.403
5168.431,1773996300,5177.109,5168.431,5177.109
5159.396,1773997200,5168.426,5159.396,5168.426
5150.005,1773998100,5159.37,5150.005,5159.37
5156.737,1773999000,5161.228,5146.689,5150.005
5169.031,1773999900,5170.689,5152.204,5156.721
5169.802,1774000800,5171.027,5161.327,5169.01
5167.337,1774001700,5171.772,5165.286,5169.802
5162.189,1774002600,5168.751,5162.189,5167.333
5158.882,1774003500,5163.234,5158.763,5162.186
5154.393,1774004400,5161.86,5154.393,5158.875
5157.239,1774005300,5159.489,5149.698,5154.389
5159.796,1774006200,5166.045,5153.989,5157.237
5161.937,1774007100,5165.401,5153.559,5159.782
5161.696,1774008000,5164.381,5155.293,5161.926
5158.266,1774008900,5164.194,5158.266,5161.688
5148.55,1774009800,5158.26,5148.55,5158.26
5150.752,1774010700,5152.983,5141.666,5148.535
5150.776,1774011600,5158.726,5149.866,5150.744
5146.485,1774012500,5154.355,5146.485,5150.773
5137.399,1774013400,5146.476,5137.399,5146.476
5147.508,1774014300,5148.027,5132.335,5137.398
5144.916,1774015200,5149.027,5142.115,5147.506
5143.416,1774016100,5149.187,5143.085,5144.896
5137.168,1774017000,5144.224,5137.168,5143.4
5131.367,1774017900,5137.154,5131.367,5137.154
5131.672,1774018800,5138.371,5129.806,5131.345
5141.894,1774019700,5143.012,5128.498,5131.671
5135.589,1774020600,5143.368,5135.589,5141.887
5129.272,1774021500,5135.58,5126.402,5135.58
5120.353,1774022400,5129.254,5120.353,5129.254
5111.161,1774023300,5120.352,5111.161,5120.352
5106.934,1774024200,5113.297,5106.934,5111.144
5104.131,1774025100,5106.92,5099.604,5106.92
5102.341,1774026000,5107.584,5100.196,5104.131
5099.741,1774026900,5102.666,5095.88,5102.338
5090.359,1774027800,5099.728,5090.359,5099.728
5086.232,1774028700,5093.735,5086.232,5090.339
5090.943,1774029600,5093.091,5080.679,5086.205
5101.869,1774030500,5102.067,5087.941,5090.924
5096.632,1774031400,5101.852,5096.025,5101.852
5094.152,1774032300,5100.998,5094.152,5096.625
5084.74,1774033200,5094.143,5084.74,5094.143
5087.471,1774034100,5089.339,5077.37,5084.731
5093.15,1774035000,5096.472,5085.841,5087.452
5092.666,1774035900,5095.152,5091.719,5093.145
5091.387,1774036800,5094.722,5087.705,5092.663
5101.243,1774037700,5102.722,5089.601,5091.361
5109.43,1774038600,5112.917,5097.452,5101.241
5126.152,1774039500,5131.793,5108.071,5109.426
5124.539,1774040400,5130.219,5122.857,5126.128
5119.214,1774041300,5124.529,5117.345,5124.529
5134.11,1774042200,5135.058,5117.854,5119.201
5130.934,1774043100,5137.405,5130.934,5134.11
5133.482,1774044000,5137.539,5127.791,5130.926
5129.425,1774044900,5133.474,5128.303,5133.461
5127.801,1774045800,5136.416,5127.801,5129.417
5139.33,1774046700,5140.961,5125.923,5127.791
5135.463,1774047600,5139.444,5135.463,5139.327
5127.331,1774048500,5135.45,5127.331,5135.45
5150.663,1774049400,5154.74,5125.421,5127.31
5141.217,1774050300,5150.645,5141.217,5150.645
5134.76,1774051200,5141.21,5132.723,5141.21
5125.401,1774052100,5134.754,5125.401,5134.754
5129.327,1774053000,5131.632,5120.862,5125.376
5120.121,1774053900,5129.316,5120.121,5129.316
5110.604,1774054800,5120.106,5110.604,5120.106
5109.413,1774055700,5114.204,5106.317,5110.591
5107.867,1774056600,5112.444,5107.867,5109.393
5104.244,1774057500,5112.831,5104.244,5107.855
5118.292,1774058400,5119.324,5103.715,5104.243
5132.416,1774059300,5135.216,5115.492,5118.285
5123.143,1774060200,5132.406,5123.143,5132.406
5117.462,1774061100,5123.112,5115.222,5123.112
5111.202,1774062000,5119.096,5111.202,5117.442
5101.564,1774062900,5111.19,5101.564,5111.19
5103.078,1774063800,5107.945,5099.845,5101.555
5111.399,1774064700,5114.642,5102.486,5103.058
5106.021,1774065600,5111.375,5103.931,5111.375
5104.588,1774066500,5107.68,5100.778,5106.019
5106.284,1774067400,5108.049,5098.093,5104.585
5115.937,1774068300,5117.05,5103.959,5106.283
5126.374,1774069200,5131.804,5115.191,5115.923
5137.931,1774070100,5140.616,5121.375,5126.362
5128.577,1774071000,5137.915,5128.577,5137.915
5119.566,1774071900,5128.576,5119.566,5128.576
5123.219,1774072800,5130.373,5117.394,5119.551
5114.048,1774073700,5123.209,5114.048,5123.209
5108.167,1774074600,5114.027,5108.167,5114.027
5117.925,1774075500,5121.717,5107.516,5108.162
5127.228,1774076400,5128.073,5114.829,5117.914
5118.044,1774077300,5127.204,5118.044,5127.204
5122.679,1774078200,5124.363,5115.51,5118.038
5113.528,1774079100,5122.667,5113.528,5122.667
5119.564,1774080000,5123.139,5112.047,5113.527
5113.115,1774080900,5119.545,5113.115,5119.545
5110.904,1774081800,5116.477,5109.741,5113.114
5104.283,1774082700,5110.911,5103.209,5110.898
5098.75,1774083600,5104.277,5098.75,5104.277
5089.413,1774084500,5098.733,5089.413,5098.733
5097.391,1774085400,5099.825,5084.611,5089.401
5095.567,1774086300,5097.384,5089.635,5097.384
5102.601,1774087200,5107.468,5092.551,5095.56
5105.404,1774088100,5107.628,5095.462,5102.587
5103.363,1774089000,5108.654,5101.702,5105.401
5106.786,1774089900,5112.685,5103.124,5103.36
5104.633,1774090800,5111.226,5104.2,5106.776
5109.281,1774091700,5112.247,5102.407,5104.627
5129.057,1774092600,5130.816,5108.736,5109.27
5125.798,1774093500,5129.043,5120.021,5129.043
5119.854,1774094400,5125.796,5117.236,5125.796
5119.417,1774095300,5124.997,5116.262,5119.85
5133.226,1774096200,5133.369,5111.292,5119.41
5130.666,1774097100,5138.5,5130.666,5133.22
5132.861,1774098000,5136.005,5127.931,5130.665
5123.823,1774098900,5132.847,5123.823,5132.847
5120.976,1774099800,5126.516,5120.3,5123.819
5121.998,1774100700,5126.39,5118.173,5120.951
5126.454,1774101600,5130.399,5120.096,5121.998
5153.24,1774102500,5158.307,5125.066,5126.448
5150.089,1774103400,5155.467,5150.089,5153.218
5157.413,1774104300,5165.302,5149.469,5150.085
5151.427,1774105200,5157.395,5151.427,5157.395
5150.464,1774106100,5154.957,5146.72,5151.411
5158.272,1774107000,5163.415,5150.39,5150.45
5149.178,1774107900,5158.258,5149.178,5158.258
5150.956,1774108800,5156.539,5146.708,5149.176
5158.104,1774109700,5158.955,5150.58,5150.94
5156.667,1774110600,5160.531,5152.943,5158.09
5156.851,1774111500,5158.773,5149.685,5156.649
5163.154,1774112400,5168.646,5154.029,5156.83
5163.663,1774113300,5172.435,5162.449,5163.146
5162.99,1774114200,5169.32,5160.655,5163.659
5183.702,1774115100,5186.81,5162.785,5162.978
5185.857,1774116000,5188.059,5180.034,5183.684
5181.89,1774116900,5187.916,5181.89,5185.855
5182.285,1774117800,5189.068,5180.183,5181.886
5175.706,1774118700,5182.278,5173.507,5182.278
5190.128,1774119600,5192.63,5172.936,5175.7
5206.34,1774120500,5211.486,5188.612,5190.107
5200.998,1774121400,5208.673,5200.998,5206.334
5204.762,1774122300,5210.664,5200.707,5200.988
5198.319,1774123200,5204.761,5198.319,5204.761
5194.281,1774124100,5198.315,5193.438,5198.315
5190.99,1774125000,5196.565,5190.99,5194.263
5199.841,1774125900,5200.212,5184.743,5190.989
5202.437,1774126800,5204.729,5195.643,5199.826
5193.111,1774127700,5202.42,5193.111,5202.42
5192.553,1774128600,5194.873,5186.061,5193.097
5189.713,1774129500,5195.686,5187.804,5192.545
5190.882,1774130400,5191.696,5184.096,5189.706
5181.747,1774131300,5190.872,5181.747,5190.872
5197.875,1774132200,5199.232,5181.404,5181.739
5198.156,1774133100,5199.532,5192.159,5197.868
5189.096,1774134000,5198.155,5189.096,5198.155
5186.439,1774134900,5189.088,5181.433,5189.088
5193.802,1774135800,5195.384,5181.989,5186.427
5184.489,1774136700,5193.793,5184.489,5193.793
5194.717,1774137600,5201.928,5184.412,5184.487
5185.273,1774138500,5194.716,5185.273,5194.716
5178.489,1774139400,5186.326,5178.489,5185.27
5188.142,1774140300,5189.011,5178.001,5178.485
5201.199,1774141200,5202.218,5187.221,5188.122
5202.271,1774142100,5208.129,5200.555,5201.196
5194.84,1774143000,5202.271,5193.779,5202.271
5211.969,1774143900,5212.672,5191.606,5194.832
5210.427,1774144800,5215.7,5207.686,5211.96
5213.261,1774145700,5214.654,5207.97,5210.427
5213.82,1774146600,5215.821,5209.475,5213.258
5206.732,1774147500,5213.819,5206.732,5213.819
5210.192,1774148400,5210.979,5205.246,5206.707
5217.468,1774149300,5219.35,5205.857,5210.177
5221.349,1774150200,5223.631,5212.443,5217.468
5226.689,1774151100,5228.241,5218.686,5221.344
5230.419,1774152000,5231.691,5221.619,5230.15
5251.018,1774152900,5255.406,5230.233,5230.399
5241.667,1774153800,5251.006,5241.667,5251.006
5239.608,1774154700,5245.519,5239.608,5241.666
5235.191,1774155600,5241.915,5235.191,5239.592
5234.296,1774156500,5236.58,5227.67,5235.182
5224.651,1774157400,5234.277,5224.651,5234.277
5217.358,1774158300,5224.782,5217.358,5224.648
5208.037,1774159200,5217.345,5208.037,5217.345
5213.807,1774160100,5214.78,5204.829,5208.024
5240.395,1774161000,5240.424,5212.625,5213.801
5243.638,1774161900,5248.456,5240.217,5240.372
5235.309,1774162800,5243.633,5235.309,5243.633
5240.833,1774163700,5246.803,5234.471,5235.304
5239.575,1774164600,5242.364,5235.025,5240.825
5239.14,1774165500,5241.497,5234.101,5239.564
5237.728,1774166400,5240.159,5235.265,5239.118
5252.988,1774167300,5253.145,5235.135,5237.717
5243.34,1774168200,5252.986,5243.34,5252.986
5233.89,1774169100,5243.333,5233.89,5243.333
5227.176,1774170000,5233.887,5227.176,5233.887
5243.354,1774170900,5245.505,5226.644,5227.17
5235.328,1774171800,5243.345,5235.328,5243.345
5240.542,1774172700,5244.428,5233.61,5235.319
5252.835,1774173600,5254.226,5240.446,5240.532
5252.065,1774174500,5253.729,5248.111,5252.823
5248.35,1774175400,5255.436,5248.35,5252.057
5247.592,1774176300,5251.889,5244.898,5248.337
5243.674,1774177200,5247.582,5240.28,5247.582
5245.738,1774178100,5246.644,5235.088,5243.668
5271.456,1774179000,5272.127,5240.246,5245.73
5266.171,1774179900,5271.447,5262.995,5271.447
5256.167,1774180800,5266.157,5256.167,5266.157
5267.969,1774181700,5269.697,5254.678,5256.146
5274.136,1774182600,5277.168,5265.342,5267.961
5281.961,1774183500,5284.614,5272.267,5274.121
5294.058,1774184400,5299.096,5281.134,5281.939
5297.031,1774185300,5302.776,5291.794,5294.048
5299.85,1774186200,5300.076,5288.244,5297.027
5290.359,1774187100,5299.842,5290.359,5299.842
5285.464,1774188000,5290.337,5282.306,5290.337
5299.52,1774188900,5304.023,5283.302,5285.461
5295.031,1774189800,5299.511,5295.031,5299.511
5291.832,1774190700,5298.848,5291.832,5295.018
5285.132,1774191600,5291.826,5285.132,5291.826
5289.141,1774192500,5293.529,5280.375,5285.114
5290.961,1774193400,5296.897,5286.421,5289.128
5293.808,1774194300,5297.307,5289.711,5290.959
5285.969,1774195200,5293.786,5285.969,5293.786
5276.387,1774196100,5285.964,5276.387,5285.964
5284.78,1774197000,5285.73,5271.773,5276.375
5290.573,1774197900,5291.025,5281.498,5284.771
5298.122,1774198800,5304.006,5287.667,5290.556
5289.777,1774199700,5298.114,5289.777,5298.114
5286.418,1774200600,5292.509,5286.418,5289.773
5285.927,1774201500,5287.973,5281.67,5286.413
5284.611,1774202400,5289.302,5284.448,5285.906
5279.291,1774203300,5288.186,5279.291,5284.599
5302.975,1774204200,5303.42,5278.932,5279.272
5310.714,1774205100,5313.222,5300.576,5302.971
5316.72,1774206000,5322.217,5307.868,5310.701
5320.892,1774206900,5325.383,5314.916,5316.7
5340.468,1774207800,5342.065,5316.85,5320.882
5332.37,1774208700,5340.972,5332.37,5340.467
5331.319,1774209600,5334.841,5328.53,5332.358
5328.391,1774210500,5331.876,5325.705,5331.308
5319.107,1774211400,5328.389,5319.107,5328.389
5311.613,1774212300,5319.098,5311.613,5319.098
5313.045,1774213200,5316.653,5306.957,5311.597
5310.27,1774214100,5318.894,5310.27,5313.035
5300.558,1774215000,5310.244,5300.558,5310.244
5291.027,1774215900,5300.547,5291.027,5300.547
5313.405,1774216800,5313.684,5285.299,5291.017
5313.068,1774217700,5321.451,5312.572,5313.398
5303.771,1774218600,5313.053,5303.771,5313.053
5321.824,1774219500,5322.796,5303.253,5303.757
5315.025,1774220400,5321.818,5312.727,5321.818
5319.581,1774221300,5323.285,5312.307,5315.02
5317.094,1774222200,5319.841,5315.046,5319.562
5329.542,1774223100,5330.565,5314.67,5317.088
5328.414,1774224000,5330.114,5325.545,5329.532
5318.576,1774224900,5328.392,5318.576,5328.392
5317.075,1774225800,5321.084,5315.633,5318.555
5329.465,1774226700,5330.913,5311.089,5317.056
5330.648,1774227600,5336.232,5327.588,5329.434
5325.766,1774228500,5330.665,5325.741,5330.64
5319.009,1774229400,5327.411,5319.009,5325.761
5321.352,1774230300,5327.34,5316.813,5319.005
5329.542,1774231200,5330.687,5319.4,5321.336
5320.659,1774232100,5329.525,5320.659,5329.525
5316.74,1774233000,5320.642,5314.976,5320.642
5309.608,1774233900,5316.737,5309.608,5316.737
5301.692,1774234800,5309.596,5301.692,5309.596
5291.67,1774235700,5301.678,5291.67,5301.678
5281.931,1774236600,5291.659,5281.931,5291.659
5280.0,1774237500,5284.227,5278.38,5281.915
5277.836,1774238400,5281.326,5274.616,5279.997
5268.606,1774239300,5277.823,5268.606,5277.823
5258.893,1774240200,5268.592,5258.893,5268.592
5249.723,1774241100,5258.879,5249.723,5258.879
5240.078,1774242000,5249.721,5240.078,5249.721
5230.33,1774242900,5240.058,5230.33,5240.058
5235.452,1774243800,5238.69,5228.84,5230.319
5227.653,1774244700,5235.45,5227.653,5235.45
5244.685,1774245600,5244.698,5224.418,5227.653
5235.155,1774246500,5244.663,5235.155,5244.663
5228.591,1774247400,5235.304,5228.092,5235.138
5218.6,1774248300,5228.584,5218.6,5228.584
5214.105,1774249200,5222.153,5214.105,5218.598
5216.592,1774250100,5224.913,5213.047,5214.088
5212.301,1774251000,5218.083,5212.301,5216.571
5206.019,1774251900,5213.77,5206.019,5212.299
5214.87,1774252800,5218.886,5202.41,5206.018
5209.822,1774253700,5216.502,5209.822,5214.857
5211.336,1774254600,5218.838,5207.957,5209.821
5207.803,1774255500,5215.512,5207.803,5211.33
5208.731,1774256400,5214.919,5204.493,5207.796
5202.27,1774257300,5211.202,5202.27,5208.715
5199.477,1774258200,5206.547,5199.477,5202.261
5189.824,1774259100,5199.474,5189.824,5199.474
5185.151,1774260000,5189.807,5183.233,5189.807
5182.589,1774260900,5185.472,5179.213,5185.137
5185.057,1774261800,5189.513,5182.255,5182.582
5195.415,1774262700,5198.655,5183.146,5185.043
5188.076,1774263600,5195.407,5188.076,5195.407
5201.326,1774264500,5205.983,5187.672,5188.057
5202.601,1774265400,5209.283,5198.525,5201.31
5193.108,1774266300,5202.597,5193.108,5202.597
5186.584,1774267200,5193.101,5186.584,5193.101
5177.109,1774268100,5186.584,5177.109,5186.584
5167.691,1774269000,5177.087,5167.691,5177.087
5173.51,1774269900,5180.11,5166.701,5167.673
5173.827,1774270800,5177.174,5170.962,5173.493
5178.501,1774271700,5187.199,5173.146,5173.801
5193.929,1774272600,5197.038,5178.332,5178.495
5193.257,1774273500,5194.022,5187.368,5193.911
5188.061,1774274400,5193.247,5187.326,5193.247
5196.105,1774275300,5196.41,5181.285,5188.056
5194.262,1774276200,5202.991,5194.262,5196.095
5190.733,1774277100,5194.254,5188.7,5194.254
5182.69,1774278000,5190.761,5182.69,5190.721
5183.486,1774278900,5187.654,5179.672,5182.684
5180.334,1774279800,5183.475,5176.272,5183.475
5192.479,1774280700,5195.936,5178.343,5180.327
5207.457,1774281600,5208.678,5188.166,5192.476
5197.845,1774282500,5207.457,5197.845,5207.457
5193.582,1774283400,5201.089,5193.582,5197.824
5184.089,1774284300,5193.559,5184.089,5193.559
5178.152,1774285200,5185.203,5178.152,5184.087
5187.203,1774286100,5191.443,5175.054,5178.13
5183.4,1774287000,5187.198,5179.4,5187.198
5185.796,1774287900,5190.516,5183.177,5183.395
5195.917,1774288800,5196.918,5182.726,5185.779
5192.295,1774289700,5195.904,5186.915,5195.904
5187.239,1774290600,5192.282,5185.431,5192.282
5194.829,1774291500,5198.546,5183.274,5187.225
5200.973,1774292400,5201.158,5190.752,5199.655
5228.906,1774293300,5231.803,5200.213,5200.944
5219.066,1774294200,5228.904,5219.066,5228.904
5217.789,1774295100,5223.072,5216.405,5219.062
5213.833,1774296000,5217.773,5210.32,5217.773
5208.988,1774296900,5213.808,5205.94,5213.808
5224.38,1774297800,5225.386,5205.07,5208.966
5236.639,1774298700,5238.079,5222.066,5224.372
5237.875,1774299600,5239.875,5229.502,5236.626
5228.51,1774300500,5237.862,5228.51,5237.862
5226.396,1774301400,5228.506,5222.648,5228.506
5222.541,1774302300,5231.576,5222.541,5226.364
5261.666,1774303200,5263.445,5221.784,5222.533
5272.995,1774304100,5273.411,5259.01,5261.645
5284.847,1774305000,5291.221,5272.18,5272.983
5284.326,1774305900,5292.697,5283.614,5284.83
5285.88,1774306800,5286.854,5281.694,5284.31
5276.325,1774307700,5285.867,5276.325,5285.867
5266.605,1774308600,5276.306,5266.605,5276.306
5270.043,1774309500,5275.737,5264.837,5266.605
5270.548,1774310400,5271.402,5261.967,5270.013
5280.386,1774311300,5281.651,5268.924,5270.532
5272.063,1774312200,5280.373,5272.063,5280.373
5266.625,1774313100,5272.062,5265.452,5272.062
5258.645,1774314000,5267.224,5258.645,5266.613
5280.361,1774314900,5282.267,5258.549,5258.634
5278.21,1774315800,5285.319,5278.21,5280.356
5277.958,1774316700,5279.215,5269.907,5278.202
5275.389,1774317600,5277.954,5268.519,5277.954
5277.859,1774318500,5279.002,5271.147,5275.388
5280.059,1774319400,5284.376,5276.073,5277.843
5270.608,1774320300,5280.054,5270.608,5280.054
5271.72,1774321200,5280.027,5269.346,5270.608
5272.147,1774322100,5275.601,5265.643,5271.702
5269.516,1774323000,5274.019,5267.901,5272.131
5264.597,1774323900,5269.506,5261.905,5269.506
5259.36,1774324800,5264.59,5255.897,5264.59
5257.239,1774325700,5263.13,5257.065,5259.35
5255.474,1774326600,5257.236,5249.633,5257.236
5245.897,1774327500,5255.473,5245.897,5255.473
5236.682,1774328400,5245.892,5236.682,5245.892
5242.95,1774329300,5246.715,5231.878,5236.681
5248.48,1774330200,5251.039,5241.287,5242.942
5251.541,1774331100,5254.15,5241.503,5248.47
5260.051,1774332000,5263.403,5251.053,5251.535
5257.247,1774332900,5260.03,5250.7,5260.03
5268.011,1774333800,5272.715,5255.298,5257.222
5258.72,1774334700,5268.008,5258.72,5268.008
5253.249,1774335600,5258.701,5248.912,5258.701
5247.043,1774336500,5253.249,5243.894,5253.249
5247.065,1774337400,5248.503,5239.723,5247.032
5245.124,1774338300,5249.271,5245.124,5247.057
5240.463,1774339200,5249.566,5240.463,5245.122
5265.193,1774340100,5267.566,5238.64,5240.458
5300.085,1774341000,5302.693,5263.938,5265.174
5290.323,1774341900,5300.059,5290.323,5300.059
5289.46,1774342800,5295.016,5287.225,5290.321
5307.002,1774343700,5307.01,5285.78,5289.441
5300.732,1774344600,5306.996,5299.809,5306.996
5294.815,1774345500,5302.048,5294.815,5300.726
5311.973,1774346400,5313.472,5290.166,5294.809
5310.468,1774347300,5318.385,5310.468,5311.965
5300.815,1774348200,5310.466,5300.815,5310.466
5304.376,1774349100,5305.576,5294.533,5300.81
5316.918,1774350000,5321.196,5303.67,5304.36
5313.022,1774350900,5316.917,5310.122,5316.917
5303.228,1774351800,5313.013,5303.228,5313.013
5311.134,1774352700,5311.169,5293.654,5303.209
5312.078,1774353600,5318.949,5310.635,5311.127
5319.081,1774354500,5323.297,5310.366,5312.073
5313.141,1774355400,5319.08,5313.141,5319.08
5311.06,1774356300,5317.812,5311.06,5313.139
5301.856,1774357200,5311.048,5301.856,5311.048
5302.992,1774358100,5305.007,5298.354,5301.849
5319.509,1774359000,5323.576,5300.512,5302.981
5320.929,1774359900,5321.651,5314.651,5319.502
5327.222,1774360800,5335.695,5319.751,5320.927
5326.734,1774361700,5330.888,5322.279,5327.207
5323.24,1774362600,5326.719,5317.647,5326.719
5331.195,1774363500,5331.862,5316.767,5323.239
5335.182,1774364400,5344.013,5330.649,5331.173
5377.119,1774365300,5378.564,5333.746,5335.18
5367.824,1774366200,5377.113,5367.824,5377.113
5358.465,1774367100,5367.82,5358.465,5367.82
5370.706,1774368000,5371.247,5354.916,5358.448
5361.544,1774368900,5370.697,5361.544,5370.697
5351.859,1774369800,5361.53,5351.859,5361.53
5357.52,1774370700,5363.567,5349.621,5351.855
5370.898,1774371600,5374.244,5356.586,5357.505
5361.493,1774372500,5370.879,5361.493,5370.879
5370.323,1774373400,5372.089,5354.574,5361.492
5360.522,1774374300,5370.314,5360.522,5370.314
5364.69,1774375200,5366.235,5357.169,5360.508
5378.779,1774376100,5382.3,5364.052,5364.688
5369.159,1774377000,5378.761,5369.159,5378.761
5367.182,1774377900,5370.606,5363.925,5369.159
5359.854,1774378800,5367.232,5359.854,5367.181
5355.842,1774379700,5361.547,5355.842,5359.833
5345.857,1774380600,5355.831,5345.857,5355.831
5344.613,1774381500,5353.346,5344.613,5345.838
5342.207,1774382400,5344.598,5339.076,5344.598
5332.335,1774383300,5342.192,5332.335,5342.192
5340.114,1774384200,5341.336,5331.698,5332.329
5358.681,1774385100,5361.053,5333.741,5340.106
5369.153,1774386000,5372.172,5357.773,5358.677
5363.318,1774386900,5370.04,5361.954,5369.149
5362.893,1774387800,5363.358,5356.151,5363.304
5367.582,1774388700,5368.74,5356.059,5362.883
5357.542,1774389600,5367.576,5357.542,5367.576
5357.821,1774390500,5358.021,5347.899,5357.528
5364.549,1774391400,5369.027,5356.135,5357.818
5356.966,1774392300,5364.538,5356.966,5364.538
5349.263,1774393200,5356.962,5349.263,5356.962
5343.998,1774394100,5350.781,5343.998,5349.259
5352.583,1774395000,5352.998,5339.925,5343.984
5349.728,1774395900,5352.574,5344.477,5352.574
5341.881,1774396800,5351.335,5341.881,5349.718
5334.986,1774397700,5341.994,5334.986,5341.88
5325.193,1774398600,5334.974,5325.193,5334.974
5348.801,1774399500,5351.978,5324.471,5325.181
5350.484,1774400400,5355.318,5347.246,5348.791
5355.099,1774401300,5359.95,5350.213,5350.478
5383.741,1774402200,5383.771,5351.468,5355.071
5384.285,1774403100,5392.016,5381.815,5383.724
5384.683,1774404000,5387.836,5377.916,5384.279
5388.47,1774404900,5389.101,5377.812,5384.659
5403.937,1774405800,5405.285,5387.914,5388.458
5394.166,1774406700,5403.925,5394.166,5403.925
5386.239,1774407600,5394.166,5386.239,5394.166
5376.593,1774408500,5386.213,5376.593,5386.213
5376.86,1774409400,5382.822,5375.744,5376.568
5384.162,1774410300,5384.318,5369.328,5376.851
5377.082,1774411200,5384.161,5376.569,5384.161
5368.409,1774412100,5377.075,5368.409,5377.075
5369.912,1774413000,5372.101,5363.155,5368.403
5361.917,1774413900,5369.908,5360.954,5369.908
5353.354,1774414800,5361.897,5353.354,5361.897
5354.815,1774415700,5362.867,5351.401,5353.342
5355.068,1774416600,5362.295,5353.142,5354.804
5345.499,1774417500,5355.057,5345.499,5355.057
5350.17,1774418400,5352.831,5343.538,5345.495
5352.801,1774419300,5352.801,5341.476,5350.168
5359.686,1774420200,5359.699,5345.969,5352.782
5355.783,1774421100,5362.362,5355.783,5359.686
5378.534,1774422000,5381.357,5352.235,5355.765
5370.197,1774422900,5378.522,5370.197,5378.522
5382.094,1774423800,5383.191,5363.714,5370.193
5372.768,1774424700,5382.086,5372.768,5382.086
5363.052,1774425600,5372.765,5363.052,5372.765
5369.118,1774426500,5373.265,5362.684,5363.032
5380.708,1774427400,5380.732,5366.799,5369.116
5384.483,1774428300,5394.071,5380.566,5380.689
5378.544,1774429200,5384.48,5377.228,5384.48
5376.438,1774430100,5382.77,5376.438,5378.526
5374.646,1774431000,5376.437,5370.38,5376.437
5373.42,1774431900,5374.639,5367.451,5374.639
5364.768,1774432800,5373.411,5364.768,5373.411
5359.836,1774433700,5364.761,5357.062,5364.761
5361.818,1774434600,5367.258,5355.91,5359.823
5352.797,1774435500,5361.796,5352.797,5361.796
5342.853,1774436400,5352.791,5342.853,5352.791
5333.224,1774437300,5342.848,5333.224,5342.848
5344.209,1774438200,5349.614,5331.6,5333.214
5337.545,1774439100,5344.187,5337.545,5344.187
5327.831,1774440000,5337.541,5327.831,5337.541
5328.685,1774440900,5334.574,5324.46,5327.828
5332.205,1774441800,5336.497,5328.491,5328.661
5325.193,1774442700,5332.193,5325.193,5332.193
5332.828,1774443600,5334.976,5320.706,5325.167
5355.882,1774444500,5361.49,5332.535,5332.823
5345.765,1774445400,5355.862,5345.765,5355.862
5336.0,1774446300,5345.752,5336.0,5345.752
5354.601,1774447200,5355.012,5333.568,5335.997
5345.242,1774448100,5354.588,5344.328,5354.588
5336.919,1774449000,5345.219,5336.28,5345.219
5349.718,1774449900,5349.967,5334.775,5336.905
5348.139,1774450800,5351.087,5345.823,5349.715
5343.291,1774451700,5348.123,5342.516,5348.123
5345.761,1774452600,5346.687,5334.748,5343.291
5341.48,1774453500,5348.013,5341.48,5345.74
5332.786,1774454400,5341.474,5332.786,5341.474
5323.563,1774455300,5332.772,5323.563,5332.772
5313.739,1774456200,5323.559,5313.739,5323.559
5305.627,1774457100,5313.72,5305.627,5313.72
5299.518,1774458000,5305.611,5298.972,5305.611
5290.085,1774458900,5299.503,5290.085,5299.503
5287.05,1774459800,5292.492,5287.05,5290.069
5279.635,1774460700,5287.047,5279.16,5287.047
5270.279,1774461600,5279.627,5270.279,5279.627
5262.516,1774462500,5270.264,5262.516,5270.264
5265.642,1774463400,5266.629,5257.788,5262.495
5256.067,1774464300,5265.641,5256.067,5265.641
5250.538,1774465200,5256.044,5249.273,5256.044
5244.796,1774466100,5251.19,5244.796,5250.521
5241.08,1774467000,5246.297,5240.439,5244.792
5247.823,1774467900,5251.384,5240.669,5241.063
5244.223,1774468800,5247.813,5241.091,5247.813
5261.062,1774469700,5261.856,5243.861,5248.899
5267.378,1774470600,5275.376,5260.906,5261.042
5269.088,1774471500,5272.922,5263.549,5267.375
5260.271,1774472400,5269.085,5260.271,5269.085
5250.849,1774473300,5260.27,5250.849,5260.27
5241.771,1774474200,5250.832,5241.771,5250.832
5236.67,1774475100,5243.729,5236.67,5241.746
5227.331,1774476000,5236.659,5227.331,5236.659
5237.899,1774476900,5244.296,5226.595,5227.321
5260.334,1774477800,5261.05,5236.584,5237.881
5277.848,1774478700,5281.506,5259.372,5260.33
5272.983,1774479600,5277.827,5272.821,5277.827
5281.779,1774480500,5283.173,5272.529,5272.982
5290.338,1774481400,5290.924,5280.307,5281.778
5286.124,1774482300,5290.33,5281.709,5290.33
5276.352,1774483200,5286.116,5276.352,5286.116
5294.057,1774484100,5296.498,5274.127,5276.347
5289.128,1774485000,5294.057,5289.128,5294.057
5292.891,1774485900,5298.713,5288.802,5289.12
5288.876,1774486800,5293.135,5287.749,5292.883
5293.447,1774487700,5298.428,5287.684,5288.86
5312.927,1774488600,5313.815,5292.056,5293.443
5315.84,1774489500,5319.513,5308.252,5312.919
5315.799,1774490400,5317.987,5312.196,5315.829
5307.098,1774491300,5315.785,5307.098,5315.785
5311.519,1774492200,5316.618,5304.661,5307.094
5317.158,1774493100,5317.623,5304.68,5311.507
5308.821,1774494000,5317.158,5308.821,5317.158
5305.296,1774494900,5308.821,5300.222,5308.821
5305.647,1774495800,5311.421,5302.765,5305.278
5300.141,1774496700,5305.636,5300.141,5305.636
5299.645,1774497600,5306.445,5299.645,5300.13
5302.754,1774498500,5308.186,5299.563,5299.636
5294.481,1774499400,5302.742,5294.481,5302.742
5285.065,1774500300,5294.478,5285.065,5294.478
5284.547,1774501200,5287.508,5278.637,5285.057
5289.275,1774502100,5292.073,5283.553,5284.535
5289.727,1774503000,5296.384,5288.571,5289.259
5287.215,1774503900,5294.56,5287.215,5289.719
5278.146,1774504800,5287.211,5278.146,5287.211
5283.082,1774505700,5289.097,5278.138,5278.138
5286.526,1774506600,5291.991,5282.498,5283.081
5276.623,1774507500,5286.516,5276.623,5286.516
5300.881,1774508400,5303.021,5274.988,5276.603
5292.25,1774509300,5300.866,5292.25,5300.866
5301.473,1774510200,5303.702,5288.055,5292.234
5293.31,1774511100,5301.467,5293.31,5301.467
5287.653,1774512000,5293.298,5287.653,5293.298
5278.132,1774512900,5287.653,5278.132,5287.653
5273.596,1774513800,5278.122,5269.776,5278.122
5264.566,1774514700,5273.592,5264.566,5273.592
5265.239,1774515600,5266.576,5256.481,5264.545
5270.744,1774516500,5271.995,5262.498,5265.232
5281.875,1774517400,5284.934,5266.946,5270.732
5272.619,1774518300,5281.868,5272.619,5281.868
5284.392,1774519200,5285.185,5269.629,5272.619
5279.706,1774520100,5284.374,5277.428,5284.374
5278.497,1774521000,5281.414,5273.471,5279.704
5285.144,1774521900,5286.523,5275.487,5278.488
5284.305,1774522800,5285.12,5276.881,5285.12
5274.576,1774523700,5284.302,5274.576,5284.302
5265.017,1774524600,5274.549,5265.017,5274.549
5259.483,1774525500,5265.001,5259.314,5265.001
5254.842,1774526400,5259.472,5254.842,5259.472
5258.083,1774527300,5263.527,5252.743,5254.835
5253.161,1774528200,5260.558,5253.161,5258.066
5273.635,1774529100,5276.385,5249.899,5253.16
5270.177,1774530000,5273.634,5264.77,5273.634
5260.69,1774530900,5270.172,5260.69,5270.172
5251.047,1774531800,5260.678,5251.047,5260.678
5250.749,1774532700,5251.443,5243.135,5251.034
5252.826,1774533600,5253.476,5243.586,5250.747
5246.589,1774534500,5252.826,5246.589,5252.826
5236.977,1774535400,5246.578,5236.977,5246.578
5246.073,1774536300,5246.302,5231.587,5236.971
5280.675,1774537200,5281.693,5243.359,5246.063
5275.009,1774538100,5280.673,5275.009,5280.673
5274.127,1774539000,5283.455,5274.127,5274.988
5274.412,1774539900,5278.853,5269.771,5274.099
5293.143,1774540800,5295.618,5273.946,5274.405
5292.608,1774541700,5295.426,5289.048,5293.142
5283.13,1774542600,5292.597,5283.13,5292.597
5273.859,1774543500,5283.117,5273.859,5283.117
5283.697,1774544400,5288.625,5273.146,5273.852
5297.78,1774545300,5303.914,5281.919,5283.688
5292.412,1774546200,5297.767,5292.412,5297.767
5282.642,1774547100,5292.407,5282.642,5292.407
5299.34,1774548000,5301.826,5280.416,5282.637
5306.768,1774548900,5308.374,5296.666,5299.333
5310.573,1774549800,5311.493,5301.53,5306.751
5313.21,1774550700,5315.349,5306.966,5310.558
5303.635,1774551600,5313.204,5303.635,5313.204
5298.706,1774552500,5303.617,5294.615,5303.617
5293.491,1774553400,5298.684,5289.742,5298.684
5290.031,1774554300,5293.479,5285.075,5293.479
5280.396,1774555200,5290.023,5280.396,5290.023
5272.61,1774556100,5280.393,5271.277,5280.393
5263.382,1774557000,5272.609,5263.382,5272.609
5264.098,1774557900,5269.588,5261.328,5263.377
5259.331,1774558800,5264.092,5256.776,5264.092
5254.079,1774559700,5259.33,5254.079,5259.33
5244.726,1774560600,5254.075,5244.726,5254.075
5247.946,1774561500,5255.041,5243.646,5244.717
5238.357,1774562400,5247.933,5238.357,5247.933
5229.152,1774563300,5238.355,5229.152,5238.355
5224.266,1774564200,5230.916,5224.266,5229.15
5228.474,1774565100,5233.428,5222.572,5224.26
5219.039,1774566000,5228.451,5219.039,5228.451
5216.855,1774566900,5223.771,5216.309,5219.034
5215.972,1774567800,5221.893,5215.14,5216.847
5220.496,1774568700,5225.037,5215.79,5215.944
5211.576,1774569600,5220.482,5211.576,5220.482
5202.22,1774570500,5211.549,5202.22,5211.549
5210.135,1774571400,5215.532,5200.921,5202.21
5212.146,1774572300,5213.37,5201.676,5210.124
5212.346,1774573200,5214.787,5208.355,5212.143
5217.65,1774574100,5220.646,5209.344,5212.333
5208.36,1774575000,5217.645,5208.36,5217.645
5198.736,1774575900,5208.355,5198.736,5208.355
5195.798,1774576800,5203.714,5195.798,5198.729
5194.718,1774577700,5197.083,5192.556,5195.783
5193.446,1774578600,5195.219,5187.307,5194.717
5197.525,1774579500,5204.461,5191.001,5193.427
5202.58,1774580400,5209.144,5197.451,5197.518
5205.923,1774581300,5210.946,5198.422,5202.563
5201.162,1774582200,5205.895,5200.156,5205.895
5195.944,1774583100,5201.154,5194.806,5201.154
5186.849,1774584000,5195.94,5186.849,5195.94
5191.348,1774584900,5194.788,5183.919,5186.827
5191.909,1774585800,5192.745,5185.531,5191.341
5201.769,1774586700,5204.483,5191.607,5191.896
5216.123,1774587600,5217.997,5200.729,5201.757
5211.2,1774588500,5216.106,5210.478,5216.106
5210.065,1774589400,5215.594,5207.17,5211.194
5208.242,1774590300,5212.785,5205.532,5210.052
5207.568,1774591200,5208.233,5199.098,5208.233
5206.778,1774592100,5212.26,5205.031,5207.567
5216.566,1774593000,5217.144,5206.3,5206.76
5211.864,1774593900,5216.934,5211.864,5216.559
5214.093,1774594800,5218.721,5209.854,5211.842
5215.807,1774595700,5218.817,5211.458,5214.087
5207.573,1774596600,5215.799,5207.573,5215.799
5200.173,1774597500,5208.83,5200.173,5207.547
5201.475,1774598400,5204.089,5194.654,5200.168
5208.146,1774599300,5212.6,5200.875,5201.462
5199.059,1774600200,5208.132,5199.059,5208.132
5189.761,1774601100,5199.059,5189.761,5199.059
5181.525,1774602000,5190.812,5181.525,5189.746
5173.187,1774602900,5181.504,5173.187,5181.504
5192.388,1774603800,5193.932,5172.123,5173.185
5208.012,1774604700,5212.127,5189.608,5192.371
5219.553,1774605600,5224.578,5207.515,5207.988
5211.497,1774606500,5219.547,5211.163,5219.547
5201.94,1774607400,5211.488,5201.94,5211.488
5213.851,1774608300,5217.113,5199.871,5201.938
5209.701,1774609200,5214.559,5209.701,5213.849
5212.323,1774610100,5213.223,5201.451,5209.689
5202.594,1774611000,5212.321,5202.594,5212.321
5199.663,1774611900,5205.348,5199.129,5202.589
5207.294,1774612800,5207.552,5195.025,5199.658
5197.931,1774613700,5207.278,5197.931,5207.278
5212.39,1774614600,5215.462,5196.96,5197.909
5212.963,1774615500,5220.285,5210.489,5212.388
5228.006,1774616400,5230.415,5212.106,5212.945
5223.854,1774617300,5229.421,5223.854,5228.002
5221.668,1774618200,5224.04,5218.149,5223.832
5221.789,1774619100,5222.952,5218.459,5221.642
5253.207,1774620000,5254.173,5218.257,5221.78
5243.734,1774620900,5253.207,5243.734,5253.207
5236.783,1774621800,5243.718,5236.783,5243.718
5237.693,1774622700,5238.309,5231.255,5236.779
5237.578,1774623600,5241.804,5234.909,5237.684
5237.58,1774624500,5241.066,5235.744,5237.568
5239.84,1774625400,5243.732,5235.567,5237.565
5240.499,1774626300,5247.039,5237.371,5239.819
5236.257,1774627200,5242.327,5236.257,5240.486
5226.909,1774628100,5236.237,5226.909,5236.237
5234.692,1774629000,5238.254,5226.596,5226.901
5237.987,1774629900,5241.702,5231.043,5234.681
5246.611,1774630800,5247.246,5237.43,5237.978
5244.804,1774631700,5246.587,5238.918,5246.587
5246.163,1774632600,5250.049,5239.556,5244.794
5253.179,1774633500,5255.791,5241.937,5246.157
5260.092,1774634400,5265.445,5250.649,5253.164
5250.81,1774635300,5260.075,5250.81,5260.075
5252.409,1774636200,5254.466,5245.178,5250.795
5251.127,1774637100,5252.607,5244.886,5252.399
5249.619,1774638000,5251.122,5242.9,5251.122
5239.617,1774638900,5249.61,5239.617,5249.61
5251.258,1774639800,5251.99,5232.165,5239.602
5250.526,1774640700,5253.862,5247.529,5251.256
5241.115,1774641600,5250.503,5241.115,5250.503
5231.671,1774642500,5241.114,5231.671,5241.114
5238.753,1774643400,5243.801,5230.653,5231.658
5256.543,1774644300,5257.961,5236.74,5238.742
5250.843,1774645200,5256.537,5250.397,5256.537
5261.687,1774646100,5268.304,5251.115,5254.242
5254.61,1774647000,5261.683,5252.327,5261.683
5261.41,1774647900,5266.393,5254.307,5254.587
5262.975,1774648800,5267.141,5259.2,5261.404
5261.462,1774649700,5266.058,5260.799,5262.973
5262.428,1774650600,5270.163,5259.941,5261.456
5254.247,1774651500,5262.402,5254.247,5262.402
5263.842,1774652400,5265.132,5250.051,5254.223
5271.633,1774653300,5276.602,5260.289,5263.827
5272.208,1774654200,5273.691,5265.913,5271.611
5296.351,1774655100,5297.78,5272.015,5272.197
5286.861,1774656000,5296.336,5286.861,5296.336
5300.628,1774656900,5301.229,5285.596,5286.841
5297.13,1774657800,5300.616,5292.762,5300.616
5298.067,1774658700,5299.024,5289.588,5297.124
5320.819,1774659600,5322.817,5297.04,5298.064
5320.056,1774660500,5322.333,5317.494,5320.802
5317.511,1774661400,5322.458,5316.163,5320.05
5307.933,1774662300,5317.504,5307.933,5317.504
5307.043,1774663200,5310.463,5301.614,5307.931
5320.222,1774664100,5326.78,5306.328,5307.035
5323.998,1774665000,5330.34,5319.733,5320.208
5326.997,1774665900,5329.265,5317.31,5323.996
5317.162,1774666800,5326.987,5317.162,5326.987
5327.906,1774667700,5330.29,5314.402,5317.142
5339.65,1774668600,5345.092,5326.03,5327.906
5336.71,1774669500,5343.367,5336.71,5339.635
5330.873,1774670400,5336.688,5327.811,5336.688
5321.009,1774671300,5330.852,5321.009,5330.852
5315.094,1774672200,5320.996,5315.094,5320.996
5324.469,1774673100,5329.335,5313.679,5315.088
5344.566,1774674000,5344.915,5323.016,5324.459
5345.977,1774674900,5353.289,5342.656,5344.535
5364.582,1774675800,5367.726,5345.769,5345.974
5360.776,1774676700,5367.413,5360.776,5364.577
5357.562,1774677600,5366.03,5357.562,5360.774
5378.004,1774678500,5379.322,5355.41,5357.555
5374.63,1774679400,5383.597,5374.63,5377.991
5368.161,1774680300,5374.592,5365.485,5374.592
5358.81,1774681200,5368.138,5358.81,5368.138
5360.244,1774682100,5360.312,5353.086,5358.806
5360.518,1774683000,5362.726,5357.089,5360.233
5363.822,1774683900,5370.786,5359.732,5360.517
5354.231,1774684800,5363.801,5354.231,5363.801
5366.25,1774685700,5367.636,5349.646,5354.221
5369.084,1774686600,5374.154,5364.944,5366.232
5362.538,1774687500,5369.076,5360.907,5369.076
5352.837,1774688400,5362.524,5352.837,5362.524
5352.077,1774689300,5360.557,5351.362,5352.831
5347.822,1774690200,5355.148,5347.822,5352.077
5342.608,1774691100,5347.803,5339.028,5347.803
5348.552,1774692000,5350.774,5338.055,5342.601
5345.96,1774692900,5348.548,5342.28,5348.548
5339.392,1774693800,5345.949,5339.392,5345.949
5343.226,1774694700,5345.95,5336.112,5339.378
5334.504,1774695600,5343.209,5334.504,5343.209
5327.312,1774696500,5334.494,5327.312,5334.494
5317.93,1774697400,5327.296,5317.93,5327.296
5308.43,1774698300,5317.926,5308.43,5317.926
5306.999,1774699200,5315.504,5306.999,5308.427
5312.379,1774700100,5314.454,5300.771,5306.974
5319.463,1774701000,5321.691,5309.264,5312.368
5331.247,1774701900,5335.084,5317.052,5319.443
5325.295,1774702800,5331.224,5325.295,5331.224
5321.625,1774703700,5325.288,5319.629,5325.288
5311.71,1774704600,5321.619,5311.71,5321.619
5325.317,1774705500,5326.498,5309.362,5311.694
5324.64,1774706400,5327.165,5319.146,5325.296
5320.983,1774707300,5325.232,5319.56,5324.639
5314.154,1774708200,5321.687,5314.154,5320.974
5306.377,1774709100,5314.15,5306.377,5314.15
5299.113,1774710000,5306.362,5299.113,5306.362
5293.728,1774710900,5300.829,5293.728,5299.099
5292.438,1774711800,5293.725,5287.815,5293.725
5289.165,1774712700,5292.802,5286.951,5292.43
5298.655,1774713600,5300.379,5283.208,5289.159
5303.156,1774714500,5304.09,5291.851,5298.65
5301.693,1774715400,5308.413,5299.857,5303.15
5294.319,1774716300,5302.34,5294.319,5301.687
5304.367,1774717200,5309.27,5292.789,5294.311
5299.998,1774718100,5304.342,5297.936,5304.342
5297.039,1774719000,5300.909,5296.595,5299.972
5305.167,1774719900,5311.287,5294.909,5297.034
5295.176,1774720800,5305.153,5295.176,5305.153
5285.855,1774721700,5295.173,5285.855,5295.173
5276.902,1774722600,5285.846,5276.902,5285.846
5268.424,1774723500,5276.875,5268.424,5276.875
5278.653,1774724400,5278.789,5260.787,5268.41
5269.118,1774725300,5278.643,5269.118,5278.643
5262.369,1774726200,5269.644,5262.369,5269.105
5264.975,1774727100,5265.9,5253.696,5262.359
5258.293,1774728000,5265.182,5258.293,5264.974
5252.742,1774728900,5258.274,5252.742,5258.274
5256.925,1774729800,5263.517,5249.99,5252.726
5254.305,1774730700,5256.913,5249.331,5256.913
5244.92,1774731600,5254.283,5244.92,5254.283
5244.927,1774732500,5246.721,5239.511,5244.911
5249.889,1774733400,5249.901,5239.164,5244.909
5262.462,1774734300,5263.829,5247.312,5249.882
5269.958,1774735200,5270.717,5261.128,5262.458
5284.377,1774736100,5284.91,5266.759,5269.946
5279.276,1774737000,5284.373,5276.394,5284.373
5272.125,1774737900,5279.264,5272.125,5279.264
5265.826,1774738800,5272.116,5265.247,5272.116
5269.042,1774739700,5275.45,5265.483,5265.804
5268.027,1774740600,5274.53,5265.733,5269.04
5258.665,1774741500,5268.023,5258.665,5268.023
5272.507,1774742400,5276.57,5256.899,5258.661
5274.246,1774743300,5281.62,5271.647,5272.497
5273.251,1774744200,5280.592,5272.159,5274.241
5269.664,1774745100,5273.652,5268.505,5273.243
5259.923,1774746000,5269.656,5259.923,5269.656
5263.493,1774746900,5265.52,5255.721,5259.906
5259.91,1774747800,5263.575,5259.91,5263.482
5250.694,1774748700,5259.908,5250.694,5259.908
5245.81,1774749600,5254.722,5245.81,5250.681
5236.175,1774750500,5245.799,5236.175,5245.799
5245.035,1774751400,5246.026,5234.574,5236.156
5247.681,1774752300,5250.844,5239.074,5245.033
5249.102,1774753200,5255.843,5245.021,5247.677
5257.469,1774754100,5258.792,5249.09,5249.102
5248.063,1774755000,5257.468,5248.063,5257.468
5238.541,1774755900,5248.055,5238.541,5248.055
5238.366,1774756800,5244.528,5236.407,5238.521
5250.605,1774757700,5255.235,5237.861,5238.362
5245.938,1774758600,5250.6,5242.948,5250.6
5249.655,1774759500,5256.418,5245.21,5245.931
5240.272,1774760400,5249.645,5240.272,5249.645
5244.632,1774761300,5250.123,5240.035,5240.271
5260.353,1774762200,5262.591,5242.183,5244.626
5252.814,1774763100,5260.332,5251.287,5260.332
5255.193,1774764000,5259.82,5251.342,5252.808
5251.566,1774764900,5255.184,5248.17,5255.184
5283.146,1774765800,5285.075,5249.111,5251.541
5273.962,1774766700,5283.145,5273.962,5283.145
5270.942,1774767600,5277.212,5270.316,5273.948
5269.25,1774768500,5270.927,5262.588,5270.927
5291.108,1774769400,5291.952,5265.793,5269.246
5299.823,1774770300,5302.177,5288.276,5291.088
5293.029,1774771200,5299.803,5293.029,5299.803
5289.781,1774772100,5293.176,5287.468,5293.022
5283.696,1774773000,5289.771,5283.696,5289.771
5287.599,1774773900,5293.256,5279.824,5283.692
5285.362,1774774800,5293.502,5285.362,5287.595
5278.736,1774775700,5285.362,5278.736,5285.362
5269.174,1774776600,5278.727,5269.174,5278.727
5272.117,1774777500,5275.713,5266.926,5269.156
5269.912,1774778400,5279.423,5269.912,5272.111
5273.15,1774779300,5279.86,5267.372,5269.899
5263.654,1774780200,5273.146,5263.654,5273.146
5266.537,1774781100,5270.469,5259.766,5263.645
5262.756,1774782000,5270.661,5262.756,5266.53
5264.771,1774782900,5265.842,5254.395,5262.744
5258.389,1774783800,5265.567,5258.389,5264.757
5249.676,1774784700,5258.385,5249.676,5258.385
5245.489,1774785600,5249.674,5240.955,5249.674
5260.363,1774786500,5262.38,5243.934,5245.47
5270.517,1774787400,5271.519,5256.045,5260.352
5280.807,1774788300,5282.57,5263.346,5270.493
5274.785,1774789200,5283.616,5274.785,5280.799
5264.856,1774790100,5274.782,5264.856,5274.782
5263.632,1774791000,5272.872,5263.632,5264.849
5253.92,1774791900,5263.628,5253.92,5263.628
5260.365,1774792800,5261.68,5246.522,5253.914
5250.987,1774793700,5260.365,5250.987,5260.365
5254.225,1774794600,5260.897,5250.507,5250.986
5259.457,1774795500,5268.656,5253.734,5254.216
5268.336,1774796400,5273.311,5259.033,5259.448
5287.358,1774797300,5288.129,5263.645,5268.329
5277.655,1774798200,5287.354,5277.655,5287.354
5278.033,1774799100,5278.59,5269.877,5277.655
5268.466,1774800000,5278.032,5268.466,5278.032
5283.108,1774800900,5286.362,5266.803,5268.445
5278.716,1774801800,5283.1,5276.795,5283.1
5269.386,1774802700,5278.711,5269.386,5278.711
5267.797,1774803600,5271.684,5266.791,5269.368
5258.517,1774804500,5267.788,5258.517,5267.788
5260.919,1774805400,5269.106,5258.255,5258.499
5260.889,1774806300,5263.616,5254.008,5260.896
5266.63,1774807200,5267.799,5257.871,5260.877
5256.807,1774808100,5266.617,5256.807,5266.617
5271.695,1774809000,5273.973,5253.64,5256.793
5264.346,1774809900,5271.692,5263.698,5271.692
5284.171,1774810800,5285.61,5264.174,5264.343
5274.707,1774811700,5284.153,5274.707,5284.153
5283.525,1774812600,5285.205,5267.816,5274.7
5284.167,1774813500,5292.88,5282.665,5283.52
5293.14,1774814400,5293.94,5282.935,5284.164
5294.196,1774815300,5294.313,5284.152,5293.123
5284.748,1774816200,5294.189,5284.748,5294.189
5280.47,1774817100,5287.766,5280.47,5284.718
5276.3,1774818000,5280.591,5275.553,5280.455
5278.361,1774818900,5279.317,5269.065,5276.277
5294.21,1774819800,5297.281,5277.14,5278.335
5311.588,1774820700,5318.595,5292.316,5294.191
5302.172,1774821600,5311.581,5302.172,5311.581
5292.926,1774822500,5302.152,5292.926,5302.152
5287.06,1774823400,5292.91,5283.751,5292.91
5287.37,1774824300,5294.184,5284.5,5287.055
5277.549,1774825200,5287.349,5277.549,5287.349
5275.875,1774826100,5279.135,5273.553,5277.537
5268.451,1774827000,5275.855,5268.451,5275.855
5258.884,1774827900,5268.45,5258.884,5268.45
5249.51,1774828800,5258.875,5249.51,5258.875
5257.72,1774829700,5264.202,5246.926,5249.491
5261.779,1774830600,5264.287,5256.473,5257.711
5256.601,1774831500,5261.766,5255.357,5261.766
5247.081,1774832400,5256.596,5247.081,5256.596
5248.106,1774833300,5251.717,5242.692,5247.077
5239.248,1774834200,5248.087,5239.179,5248.087
5229.652,1774835100,5239.226,5229.652,5239.226
5225.233,1774836000,5229.877,5224.62,5229.64
5220.189,1774836900,5225.719,5220.189,5225.231
5241.049,1774837800,5242.098,5214.939,5220.175
5241.902,1774838700,5248.386,5238.332,5241.036
5244.525,1774839600,5248.684,5240.806,5241.892
5251.626,1774840500,5257.884,5242.405,5244.518
5248.723,1774841400,5251.618,5242.653,5251.618
5245.365,1774842300,5248.708,5244.124,5248.708
5248.564,1774843200,5255.508,5245.225,5245.357
5246.308,1774844100,5250.033,5242.822,5248.55
5245.881,1774845000,5253.384,5245.881,5246.307
5251.837,1774845900,5255.747,5244.915,5245.872
5255.748,1774846800,5260.598,5249.057,5251.826
5246.093,1774847700,5255.727,5246.093,5255.727
5251.803,1774848600,5253.413,5238.837,5246.081
5246.803,1774849500,5253.928,5246.803,5251.787
5249.965,1774850400,5251.313,5238.896,5246.789
5252.904,1774851300,5256.273,5244.446,5249.958
5247.152,1774852200,5252.892,5245.278,5252.892
5240.314,1774853100,5247.131,5239.69,5247.131
5261.292,1774854000,5262.718,5238.621,5240.301
5263.302,1774854900,5268.931,5258.175,5261.272
5258.198,1774855800,5263.295,5256.661,5263.295
5260.666,1774856700,5264.768,5257.337,5258.187
5268.266,1774857600,5268.599,5258.04,5260.654
5270.785,1774858500,5272.889,5260.814,5268.257
5261.126,1774859400,5270.778,5261.126,5270.778
5257.165,1774860300,5261.28,5255.799,5261.11
5260.679,1774861200,5266.401,5255.841,5257.156
5256.271,1774862100,5260.961,5255.888,5260.665
5273.431,1774863000,5275.222,5250.11,5256.267
5263.674,1774863900,5273.411,5263.674,5273.411
5256.545,1774864800,5263.662,5254.914,5263.662
5256.849,1774865700,5257.338,5247.212,5256.528
5266.027,1774866600,5266.61,5254.957,5256.838
5256.565,1774867500,5266.025,5256.565,5266.025
5250.223,1774868400,5256.557,5250.223,5256.557
5253.025,1774869300,5254.099,5241.807,5250.211
5253.024,1774870200,5259.391,5249.918,5252.997
5255.707,1774871100,5258.578,5249.341,5253.02
5250.509,1774872000,5255.692,5250.509,5255.692
5242.385,1774872900,5251.711,5242.385,5250.507
5248.684,1774873800,5251.839,5242.148,5242.372
5249.418,1774874700,5255.171,5245.752,5248.677
5253.571,1774875600,5260.276,5248.14,5249.401
5252.25,1774876500,5256.684,5248.205,5253.552
5250.242,1774877400,5254.592,5246.828,5252.236
5255.242,1774878300,5259.429,5247.824,5250.238
5272.65,1774879200,5274.218,5253.622,5255.226
5292.93,1774880100,5294.036,5271.292,5272.65
5286.629,1774881000,5294.148,5286.629,5292.922
5283.675,1774881900,5289.965,5283.59,5286.598
5280.691,1774882800,5283.658,5278.759,5283.658
5271.031,1774883700,5280.685,5271.031,5280.685
5276.008,1774884600,5276.23,5262.79,5271.027
5282.703,1774885500,5282.843,5275.592,5276.008
5273.086,1774886400,5282.703,5273.086,5282.703
5276.859,1774887300,5280.066,5269.328,5273.077
5289.21,1774888200,5292.797,5276.794,5276.858
5294.026,1774889100,5300.71,5287.861,5289.207
5296.269,1774890000,5302.208,5292.829,5294.026
5310.617,1774890900,5311.634,5294.426,5296.267
5301.044,1774891800,5310.606,5301.044,5310.606
5299.359,1774892700,5301.904,5294.702,5301.038
5289.83,1774893600,5299.354,5289.83,5299.354
5293.221,1774894500,5297.206,5289.408,5289.821
5283.768,1774895400,5293.22,5283.768,5293.22
5274.198,1774896300,5283.752,5274.198,5283.752
5268.888,1774897200,5274.189,5268.888,5274.189
5273.398,1774898100,5275.491,5265.685,5268.888
5267.176,1774899000,5273.885,5267.176,5273.385
5281.687,1774899900,5284.847,5266.639,5267.173
5279.161,1774900800,5288.66,5279.161,5281.662
5273.46,1774901700,5279.149,5273.46,5279.149
5267.86,1774902600,5273.459,5267.269,5273.459
5274.993,1774903500,5276.038,5262.527,5267.859
5284.426,1774904400,5285.637,5272.396,5274.988
5283.835,1774905300,5284.63,5278.856,5284.423
5274.257,1774906200,5283.81,5274.257,5283.81
5279.281,1774907100,5284.919,5271.09,5274.24
5281.595,1774908000,5282.9,5275.812,5279.28
5285.245,1774908900,5288.555,5279.554,5281.581
5282.917,1774909800,5290.38,5282.917,5285.243
5283.46,1774910700,5285.979,5278.394,5282.906
5290.243,1774911600,5292.892,5283.13,5283.436
5294.124,1774912500,5295.149,5284.628,5290.233
5297.263,1774913400,5301.622,5290.684,5294.103
5296.748,1774914300,5304.289,5296.748,5297.24
5295.687,1774915200,5299.243,5292.218,5296.74
5304.463,1774916100,5310.435,5295.137,5295.675
5300.97,1774917000,5304.449,5295.504,5304.449
5295.621,1774917900,5300.96,5292.344,5300.96
5294.347,1774918800,5301.845,5294.255,5295.612
5292.425,1774919700,5295.027,5290.481,5294.337
5305.348,1774920600,5306.354,5289.929,5292.398
5310.716,1774921500,5315.729,5302.947,5305.342
5301.222,1774922400,5310.712,5301.222,5310.712
5304.437,1774923300,5311.367,5299.849,5301.218
5307.709,1774924200,5308.661,5296.473,5304.435
5309.969,1774925100,5314.504,5304.068,5307.687
5299.869,1774926000,5309.952,5299.869,5309.952
5299.599,1774926900,5305.661,5297.816,5299.855
5290.76,1774927800,5299.584,5290.76,5299.584
5281.578,1774928700,5290.758,5281.578,5290.758
5282.335,1774929600,5289.414,5279.403,5281.56
5287.712,1774930500,5291.447,5281.776,5282.331
5282.913,1774931400,5291.121,5282.913,5287.706
5288.838,1774932300,5294.805,5280.008,5282.886
5301.152,1774933200,5307.276,5288.027,5288.837
5291.957,1774934100,5301.151,5291.957,5301.151
5285.885,1774935000,5291.942,5284.007,5291.942
5276.383,1774935900,5285.874,5276.383,5285.874
5270.24,1774936800,5279.356,5270.24,5276.362
5267.723,1774937700,5274.947,5266.778,5270.222
5264.121,1774938600,5270.712,5264.121,5267.715
5267.356,1774939500,5272.842,5263.666,5264.112
5264.225,1774940400,5268.092,5261.641,5267.343
5260.034,1774941300,5267.824,5260.034,5264.212
5259.671,1774942200,5262.127,5253.172,5260.029
5259.541,1774943100,5263.511,5256.933,5259.658
5262.44,1774944000,5263.392,5251.901,5259.525
5256.979,1774944900,5262.426,5255.022,5262.426
5255.457,1774945800,5261.252,5255.157,5256.959
5250.507,1774946700,5255.443,5250.445,5255.443
5243.058,1774947600,5252.017,5243.058,5250.493
5251.374,1774948500,5257.344,5240.109,5243.043
5267.571,1774949400,5268.492,5251.358,5251.372
5270.205,1774950300,5270.423,5262.406,5267.57
5275.319,1774951200,5276.977,5267.602,5270.192
5274.243,1774952100,5279.401,5274.243,5275.319
5270.821,1774953000,5275.753,5269.62,5274.242
5261.353,1774953900,5270.796,5261.353,5270.796
5260.664,1774954800,5261.35,5251.967,5261.35
5265.94,1774955700,5267.956,5255.111,5260.641
5285.679,1774956600,5287.289,5263.017,5265.919
5286.548,1774957500,5288.639,5282.795,5285.67
5276.741,1774958400,5286.525,5276.741,5286.525
5292.513,1774959300,5294.4,5270.105,5276.716
5283.094,1774960200,5292.495,5283.094,5292.495
5289.728,1774961100,5296.172,5280.112,5283.087
5281.621,1774962000,5289.715,5281.621,5289.715
5288.639,1774962900,5294.337,5278.336,5281.614
5306.364,1774963800,5306.928,5284.632,5288.635
5305.413,1774964700,5306.363,5297.67,5306.363
5316.034,1774965600,5318.802,5300.51,5305.38
5306.426,1774966500,5316.024,5306.426,5316.024
5296.726,1774967400,5306.424,5296.726,5306.424
5299.703,1774968300,5306.994,5296.614,5296.722
5299.329,1774969200,5302.988,5294.181,5299.696
5297.689,1774970100,5303.379,5295.588,5299.328
5288.032,1774971000,5297.676,5288.032,5297.676
5279.372,1774971900,5288.03,5279.372,5288.03
5276.942,1774972800,5280.005,5273.008,5279.369
5273.058,1774973700,5276.935,5269.736,5276.935
5263.559,1774974600,5273.045,5263.559,5273.045
5262.931,1774975500,5263.551,5254.239,5263.551
5254.726,1774976400,5262.928,5254.726,5262.928
5255.249,1774977300,5263.355,5253.32,5254.706
5257.048,1774978200,5260.273,5252.993,5255.23
5263.001,1774979100,5266.156,5255.148,5257.033
5266.456,1774980000,5267.893,5255.479,5262.99
5267.384,1774980900,5269.821,5261.308,5266.434
5276.1,1774981800,5282.624,5267.132,5267.375
5271.401,1774982700,5278.017,5271.401,5276.089
5278.089,1774983600,5283.153,5269.644,5271.391
5268.599,1774984500,5278.077,5268.599,5278.077
5282.725,1774985400,5283.296,5265.849,5268.593
5273.302,1774986300,5282.704,5273.302,5282.704
5277.629,1774987200,5281.736,5272.495,5273.291
5278.003,1774988100,5278.818,5269.007,5277.605
5268.621,1774989000,5278.0,5268.621,5278.0
5263.068,1774989900,5271.359,5263.068,5268.614
5263.008,1774990800,5267.195,5260.736,5263.06
5257.86,1774991700,5266.902,5257.86,5263.006
5255.056,1774992600,5262.525,5255.056,5257.842
5249.282,1774993500,5255.029,5249.282,5255.029
5239.723,1774994400,5249.282,5239.723,5249.282
5246.742,1774995300,5250.592,5234.163,5239.711
5246.649,1774996200,5250.648,5244.139,5246.742
5237.408,1774997100,5246.636,5237.408,5246.636
5234.155,1774998000,5239.408,5233.924,5237.401
5249.689,1774998900,5252.725,5231.782,5234.138
5245.536,1774999800,5249.669,5245.271,5249.669
5245.717,1775000700,5251.687,5244.884,5245.527
5236.412,1775001600,5245.695,5236.412,5245.695
5226.712,1775002500,5236.405,5226.712,5236.405
5230.997,1775003400,5231.115,5222.573,5226.7
5221.454,1775004300,5230.991,5221.454,5230.991
5211.892,1775005200,5221.447,5211.892,5221.447
5202.679,1775006100,5211.877,5202.679,5211.877
5221.467,1775007000,5222.178,5201.061,5202.665
5212.117,1775007900,5221.455,5212.117,5221.455
5202.985,1775008800,5212.106,5202.985,5212.106
5216.872,1775009700,5219.626,5198.564,5202.983
5211.633,1775010600,5216.855,5209.019,5216.855
5202.856,1775011500,5211.63,5202.856,5211.63
5211.624,1775012400,5212.47,5196.243,5202.854
5203.63,1775013300,5211.615,5202.99,5211.615
5212.833,1775014200,5220.087,5203.056,5203.612
5209.567,1775015100,5212.823,5204.01,5212.823
5206.543,1775016000,5213.885,5206.543,5209.555
5212.475,1775016900,5217.198,5203.385,5206.535
5220.687,1775017800,5228.885,5211.462,5212.464
5220.291,1775018700,5223.438,5216.754,5220.679
5215.637,1775019600,5220.275,5211.09,5220.275
5211.474,1775020500,5218.212,5211.474,5215.632
5202.482,1775021400,5211.46,5202.482,5211.46
5205.457,1775022300,5206.405,5195.993,5202.476
5200.658,1775023200,5209.909,5200.658,5205.453
5197.869,1775024100,5201.536,5193.798,5200.639
5192.411,1775025000,5197.841,5192.411,5197.841
5223.662,1775025900,5225.19,5191.062,5192.394
5215.525,1775026800,5223.653,5215.525,5223.653
5229.306,1775027700,5236.663,5214.787,5215.516
5233.296,1775028600,5236.442,5227.176,5229.296
5234.823,1775029500,5235.749,5227.615,5233.272
5225.021,1775030400,5234.813,5225.021,5234.813
5215.553,1775031300,5225.021,5215.553,5225.021
5206.074,1775032200,5215.545,5206.074,5215.545
5196.819,1775033100,5206.047,5196.819,5206.047
5202.434,1775034000,5204.6,5195.546,5196.804
5207.698,1775034900,5216.018,5201.477,5202.434
5201.475,1775035800,5210.283,5201.475,5207.689
5203.732,1775036700,5210.529,5200.717,5201.47
5210.326,1775037600,5212.213,5202.019,5203.725
5223.679,1775038500,5223.9,5203.195,5210.315
5217.124,1775039400,5223.661,5216.843,5223.661
5216.376,1775040300,5218.696,5211.436,5217.118
5216.629,1775041200,5222.148,5216.127,5216.363
5216.24,1775042100,5223.185,5213.832,5216.627
5206.9,1775043000,5216.22,5206.9,5216.22
5209.083,1775043900,5209.569,5201.563,5206.898
5217.955,1775044800,5218.909,5207.995,5209.054
5211.839,1775045700,5217.941,5210.726,5217.941
5212.404,1775046600,5215.367,5210.375,5211.821
5203.218,1775047500,5212.392,5203.218,5212.392
5206.3,1775048400,5211.385,5202.466,5203.21
5198.883,1775049300,5206.691,5198.883,5206.286
5201.598,1775050200,5206.995,5198.508,5198.872
5204.295,1775051100,5205.248,5193.405,5201.577
5196.328,1775052000,5204.287,5196.328,5204.287
5199.021,1775052900,5203.959,5194.038,5196.313
5195.053,1775053800,5199.007,5189.737,5199.007
5185.701,1775054700,5195.044,5185.701,5195.044
5183.161,1775055600,5189.626,5183.112,5185.692
5210.165,1775056500,5213.448,5180.894,5183.157
5202.821,1775057400,5210.499,5202.821,5210.161
5200.512,1775058300,5202.792,5196.934,5202.792
5191.097,1775059200,5200.495,5191.097,5200.495
5181.548,1775060100,5191.081,5181.548,5191.081
5202.354,1775061000,5203.102,5181.34,5181.533
5207.995,1775061900,5210.233,5197.789,5202.342
5206.634,1775062800,5208.705,5201.596,5207.984
5205.838,1775063700,5207.031,5198.213,5206.617
5196.53,1775064600,5205.824,5196.53,5205.824
5194.413,1775065500,5197.139,5189.592,5196.512
5189.553,1775066400,5194.69,5189.553,5194.404
5180.553,1775067300,5189.549,5180.553,5189.549
5172.19,1775068200,5180.547,5172.19,5180.547
5170.333,1775069100,5172.184,5165.78,5172.184
5167.798,1775070000,5173.182,5166.084,5170.329
5160.744,1775070900,5167.794,5160.744,5167.794
5160.217,1775071800,5160.743,5151.696,5160.743
5193.574,1775072700,5194.649,5158.993,5160.211
5184.014,1775073600,5193.552,5184.014,5193.552
5179.097,1775074500,5184.005,5177.643,5184.005
5182.115,1775075400,5183.26,5172.405,5179.086
5173.138,1775076300,5182.112,5173.138,5182.112
5173.183,1775077200,5180.419,5172.684,5173.131
5174.68,1775078100,5181.164,5170.642,5173.162
5178.062,1775079000,5181.258,5174.401,5174.673
5169.165,1775079900,5178.044,5169.165,5178.044
5167.677,1775080800,5172.454,5164.754,5169.141
5159.1,1775081700,5167.662,5159.1,5167.662
5161.036,1775082600,5165.494,5154.314,5159.098
5156.248,1775083500,5161.021,5155.613,5161.021
5149.722,1775084400,5156.384,5149.722,5156.231
5140.452,1775085300,5149.722,5140.452,5149.722
5143.527,1775086200,5150.791,5138.694,5140.44
5140.899,1775087100,5147.619,5140.899,5143.519
5144.801,1775088000,5145.266,5133.966,5140.888
5135.813,1775088900,5144.789,5135.813,5144.789
5126.492,1775089800,5135.801,5126.492,5135.801
5117.152,1775090700,5126.485,5117.152,5126.485
5113.058,1775091600,5121.524,5113.058,5117.142
5113.159,1775092500,5114.545,5105.064,5113.047
5113.035,1775093400,5119.932,5112.263,5113.152
5109.488,1775094300,5115.178,5109.488,5113.019
5109.096,1775095200,5112.395,5103.212,5109.486
5104.729,1775096100,5112.029,5104.729,5109.076
5102.782,1775097000,5109.183,5101.745,5104.728
5102.135,1775097900,5111.474,5102.135,5102.777
5093.68,1775098800,5102.131,5093.68,5102.131
5097.754,1775099700,5103.945,5092.999,5093.67
5094.607,1775100600,5099.764,5094.607,5097.738
5096.214,1775101500,5101.717,5094.028,5094.596
5086.86,1775102400,5096.209,5086.86,5096.209
5083.068,1775103300,5086.845,5078.679,5086.845
5091.917,1775104200,5093.324,5080.926,5083.049
5083.112,1775105100,5091.902,5083.112,5091.902
5074.753,1775106000,5083.1,5074.753,5083.1
5068.938,1775106900,5077.74,5068.938,5074.727
5060.002,1775107800,5068.932,5060.002,5068.932
5058.438,1775108700,5065.928,5058.438,5059.984
5056.455,1775109600,5059.305,5054.705,5058.426
5058.69,1775110500,5061.867,5055.063,5056.437
5051.493,1775111400,5058.681,5051.493,5058.681
5043.605,1775112300,5051.488,5043.605,5051.488
5039.187,1775113200,5043.591,5038.372,5043.591
5046.03,1775114100,5050.898,5036.468,5039.186
5050.493,1775115000,5053.915,5043.055,5046.011
5043.056,1775115900,5050.49,5043.056,5050.49
5036.086,1775116800,5043.044,5036.086,5043.044
5036.462,1775117700,5042.839,5033.262,5036.074
5043.855,1775118600,5045.12,5035.721,5036.454
5034.41,1775119500,5043.829,5034.41,5043.829
5029.849,1775120400,5034.41,5028.1,5034.41
5058.641,1775121300,5059.27,5025.948,5029.848
5064.641,1775122200,5069.822,5056.555,5058.635
5055.571,1775123100,5064.632,5055.571,5064.632
5059.22,1775124000,5066.622,5054.498,5055.564
5057.452,1775124900,5062.998,5057.452,5059.207
5060.1,1775125800,5067.073,5055.953,5057.447
5053.203,1775126700,5061.61,5053.203,5060.093
5057.229,1775127600,5057.543,5046.527,5053.187
5051.057,1775128500,5057.224,5051.057,5057.224
5067.711,1775129400,5069.885,5044.761,5051.043
5069.564,1775130300,5071.76,5064.308,5067.708
5060.822,1775131200,5069.551,5060.822,5069.551
5065.062,1775132100,5070.221,5056.812,5060.811
5059.928,1775133000,5065.226,5059.928,5065.046
5060.455,1775133900,5061.177,5052.149,5059.924
5062.315,1775134800,5069.079,5058.079,5060.432
5069.54,1775135700,5073.62,5060.255,5062.313
5071.768,1775136600,5081.074,5069.534,5069.534
5082.692,1775137500,5084.443,5071.274,5071.763
5085.48,1775138400,5086.394,5078.355,5082.68
5078.782,1775139300,5086.313,5078.782,5085.477
5070.931,1775140200,5078.77,5070.931,5078.77
5061.628,1775141100,5070.916,5061.628,5070.916
5052.277,1775142000,5061.616,5052.277,5061.616
5048.723,1775142900,5052.274,5045.429,5052.274
5039.384,1775143800,5048.717,5039.384,5048.717
5041.462,1775144700,5041.537,5035.785,5039.374
5038.099,1775145600,5044.09,5038.099,5041.454
5037.723,1775146500,5041.576,5033.449,5038.095
5034.746,1775147400,5037.716,5031.944,5037.716
5025.92,1775148300,5034.735,5025.92,5034.735
5017.059,1775149200,5025.908,5017.059,5025.908
5008.047,1775150100,5017.044,5008.047,5017.044
5010.806,1775151000,5018.092,5006.631,5008.032
5016.929,1775151900,5020.416,5009.148,5010.781
5013.214,1775152800,5016.922,5009.369,5016.922
5020.105,1775153700,5022.88,5008.293,5013.207
5011.156,1775154600,5020.091,5011.156,5020.091
5029.609,1775155500,5030.911,5010.747,5011.142
5020.76,1775156400,5029.607,5020.76,5029.607
5013.191,1775157300,5020.753,5013.191,5020.753
5020.657,1775158200,5022.453,5012.036,5013.18
5034.862,1775159100,5035.046,5015.926,5020.641
5053.554,1775160000,5057.087,5034.798,5034.86
5044.479,1775160900,5053.546,5044.479,5053.546
5038.933,1775161800,5048.065,5038.933,5044.469
5036.081,1775162700,5044.266,5036.081,5038.921
5033.47,1775163600,5041.72,5033.47,5036.066
5024.263,1775164500,5033.468,5024.263,5033.468
5035.759,1775165400,5037.409,5023.306,5024.247
5026.948,1775166300,5035.752,5026.948,5035.752
5024.55,1775167200,5031.228,5024.55,5026.937
5057.675,1775168100,5059.414,5023.704,5024.532
5053.948,1775169000,5057.673,5049.119,5057.673
5072.261,1775169900,5072.98,5053.542,5053.926
5083.169,1775170800,5087.844,5070.756,5072.257
5079.846,1775171700,5087.377,5079.846,5083.166
5073.111,1775172600,5080.872,5073.111,5079.834
5083.805,1775173500,5091.993,5072.447,5073.095
5086.156,1775174400,5087.381,5078.319,5083.793
5100.959,1775175300,5101.757,5086.028,5086.143
5099.171,1775176200,5101.703,5096.921,5100.937
5089.675,1775177100,5099.134,5089.675,5099.134
5103.204,1775178000,5103.907,5082.338,5089.66
5097.595,1775178900,5103.193,5097.595,5103.193
5107.279,1775179800,5109.378,5096.422,5097.581
5106.413,1775180700,5110.464,5103.104,5107.269
5103.497,1775181600,5109.382,5103.146,5106.391
5159.489,1775182500,5160.831,5100.943,5103.479
5161.908,1775183400,5168.028,5158.613,5159.477
5158.798,1775184300,5161.907,5153.409,5161.907
5149.677,1775185200,5158.777,5149.677,5158.777
5167.736,1775186100,5168.089,5145.922,5149.67
5158.043,1775187000,5167.714,5158.043,5167.714
5162.31,1775187900,5167.253,5155.641,5158.032
5160.313,1775188800,5163.452,5156.183,5162.295
5162.909,1775189700,5170.61,5160.111,5160.287
5163.555,1775190600,5168.632,5158.883,5162.885
5156.754,1775191500,5163.535,5156.754,5163.535
5161.552,1775192400,5165.283,5152.412,5156.732
5151.943,1775193300,5161.535,5151.943,5161.535
5144.229,1775194200,5151.931,5144.229,5151.931
5144.294,1775195100,5145.29,5138.011,5144.218
5135.303,1775196000,5144.291,5135.303,5144.291
5130.3,1775196900,5135.3,5129.6,5135.3
5134.138,1775197800,5136.594,5128.84,5130.298
5132.731,1775198700,5140.662,5132.602,5134.131
5134.524,1775199600,5141.023,5132.576,5132.721
5128.934,1775200500,5134.514,5127.641,5134.514
5119.804,1775201400,5128.92,5119.804,5128.92
5135.432,1775202300,5136.834,5117.477,5119.802
5125.953,1775203200,5135.413,5125.953,5135.413
5140.62,1775204100,5141.647,5121.788,5125.939
5140.179,1775205000,5143.862,5136.31,5140.615
5148.748,1775205900,5152.061,5135.769,5140.162
5142.329,1775206800,5148.736,5142.219,5148.736
5155.339,1775207700,5158.707,5140.137,5142.324
5154.624,1775208600,5161.222,5152.816,5155.328
5160.438,1775209500,5163.045,5153.141,5154.612
5165.724,1775210400,5170.518,5156.864,5160.429
5159.401,1775211300,5165.71,5159.401,5165.71
5150.545,1775212200,5159.384,5150.545,5159.384
5147.019,1775213100,5155.963,5147.019,5150.522
5141.015,1775214000,5148.539,5141.015,5147.014
5152.577,1775214900,5157.77,5139.802,5140.997
5165.71,1775215800,5166.779,5152.402,5152.576
5156.49,1775216700,5165.697,5156.49,5165.697
5147.987,1775217600,5156.475,5147.987,5156.475
5144.51,1775218500,5147.969,5141.307,5147.969
5146.403,1775219400,5150.56,5144.189,5144.506
5140.839,1775220300,5146.723,5140.839,5146.396
5144.913,1775221200,5150.817,5138.218,5140.837
5143.989,1775222100,5146.982,5140.783,5144.904
5145.497,1775223000,5148.946,5140.174,5143.972
5140.417,1775223900,5145.487,5138.84,5145.487
5137.486,1775224800,5140.405,5133.961,5140.405
5132.56,1775225700,5137.691,5132.56,5137.465
5133.524,1775226600,5142.094,5132.039,5132.555
5136.565,1775227500,5138.223,5129.943,5133.518
5156.164,1775228400,5158.783,5130.642,5136.548
5152.338,1775229300,5160.666,5152.338,5156.153
5156.762,1775230200,5164.276,5152.248,5152.337
5157.946,1775231100,5158.176,5149.056,5156.752
5165.532,1775232000,5166.102,5156.415,5157.941
5156.312,1775232900,5165.517,5156.312,5165.517
5153.206,1775233800,5161.38,5153.206,5156.298
5150.42,1775234700,5155.5,5148.907,5153.175
5145.612,1775235600,5150.408,5142.887,5150.408
5158.508,1775236500,5161.757,5144.223,5145.612
5155.505,1775237400,5160.346,5155.03,5158.502
5157.524,1775238300,5158.143,5149.661,5155.5
5153.457,1775239200,5158.305,5153.457,5157.523
5151.132,1775240100,5156.084,5150.436,5153.453
5142.03,1775241000,5151.122,5142.03,5151.122
5140.362,1775241900,5142.015,5134.297,5142.015
5142.33,1775242800,5146.028,5135.631,5140.351
5142.274,1775243700,5143.573,5136.93,5142.324
5154.762,1775244600,5159.706,5138.621,5142.256
5145.887,1775245500,5154.756,5145.887,5154.756
5155.478,1775246400,5156.822,5141.587,5145.877
5148.798,1775247300,5155.475,5148.798,5155.475
5147.609,1775248200,5156.828,5147.609,5156.828
5149.07,1775249100,5154.895,5145.8,5147.607
5164.343,1775250000,5165.121,5145.589,5149.066
5165.728,1775250900,5169.442,5161.486,5164.321
5165.348,1775251800,5165.709,5156.671,5165.709
5162.255,1775252700,5167.772,5161.703,5165.337
5157.007,1775253600,5162.243,5157.007,5162.243
5153.838,1775254500,5157.0,5151.013,5157.0
5144.753,1775255400,5153.824,5144.753,5153.824
5140.72,1775256300,5144.748,5140.72,5144.748
5140.019,1775257200,5140.713,5133.072,5140.713
5143.684,1775258100,5149.16,5139.44,5140.016
5134.537,1775259000,5143.682,5134.537,5143.682
5126.819,1775259900,5134.527,5126.819,5134.527
5125.228,1775260800,5128.431,5120.745,5126.809
5119.457,1775261700,5125.224,5117.912,5125.224
5123.114,1775262600,5127.445,5117.081,5119.44
5119.401,1775263500,5123.102,5115.547,5123.102
5117.587,1775264400,5120.46,5113.249,5119.393
5116.725,1775265300,5122.227,5114.079,5117.574
5120.358,1775266200,5122.694,5110.959,5116.722
5118.283,1775267100,5125.08,5117.515,5120.347
5113.146,1775268000,5120.272,5113.146,5118.282
5114.702,1775268900,5120.228,5110.308,5113.128
5105.394,1775269800,5114.694,5105.394,5114.694
5095.973,1775270700,5105.383,5095.973,5105.383
5103.348,1775271600,5103.788,5091.592,5095.963
5102.603,1775272500,5104.11,5096.34,5103.337
5093.783,1775273400,5102.593,5093.783,5102.593
5098.103,1775274300,5098.346,5088.417,5093.762
5098.984,1775275200,5105.143,5095.008,5098.102
5092.206,1775276100,5098.983,5092.206,5098.983
5101.187,1775277000,5101.881,5089.886,5092.204
5103.855,1775277900,5104.64,5093.564,5101.171
5110.872,1775278800,5118.836,5102.37,5103.845
5117.666,1775279700,5118.321,5103.724,5110.868
5108.52,1775280600,5117.658,5108.52,5117.658
5117.098,1775281500,5117.309,5101.41,5108.515
5107.99,1775282400,5117.096,5107.99,5117.096
5110.815,1775283300,5113.945,5103.761,5107.964
5108.03,1775284200,5113.443,5108.03,5110.811
5112.486,1775285100,5115.599,5105.732,5108.022
5104.097,1775286000,5112.479,5104.097,5112.479
5109.359,1775286900,5112.372,5102.701,5104.063
5131.561,1775287800,5134.062,5105.211,5109.354
5160.631,1775288700,5164.281,5129.785,5131.548
5173.268,1775289600,5176.884,5160.016,5160.617
5164.34,1775290500,5173.251,5164.34,5173.251
5177.811,1775291400,5185.979,5163.111,5164.328
5172.214,1775292300,5177.806,5172.195,5177.806
5182.252,1775293200,5183.51,5167.131,5172.208
5177.435,1775294100,5182.249,5172.812,5182.249
5174.613,1775295000,5177.646,5172.521,5177.428
5165.44,1775295900,5174.613,5165.44,5174.613
5169.359,1775296800,5177.974,5164.632,5165.428
5172.973,1775297700,5175.553,5165.736,5169.347
5170.079,1775298600,5177.347,5170.079,5172.961
5173.421,1775299500,5177.824,5168.046,5170.077
5173.631,1775300400,5182.093,5172.747,5173.42
5164.351,1775301300,5173.625,5164.351,5173.625
5164.664,1775302200,5172.919,5162.974,5164.342
5174.183,1775303100,5175.944,5163.611,5164.647
5172.952,1775304000,5174.473,5166.459,5174.176
5169.366,1775304900,5177.786,5169.366,5172.944
5165.419,1775305800,5173.366,5165.419,5169.365
5156.262,1775306700,5165.406,5156.262,5165.406
5156.869,1775307600,5159.696,5149.749,5156.26
5152.302,1775308500,5156.855,5149.315,5156.855
5151.615,1775309400,5156.503,5150.699,5152.3
5154.321,1775310300,5158.485,5151.197,5151.595
5145.112,1775311200,5154.301,5145.112,5154.301
5141.872,1775312100,5147.07,5141.395,5145.104
5153.074,1775313000,5155.573,5140.357,5141.863
5157.106,1775313900,5160.128,5148.881,5153.055
5160.619,1775314800,5161.741,5149.323,5157.103
5158.514,1775315700,5166.033,5158.514,5160.614
5155.677,1775316600,5163.412,5155.677,5158.506
5157.525,1775317500,5165.458,5154.497,5155.674
5154.073,1775318400,5157.513,5150.992,5157.513
5178.345,1775319300,5183.146,5152.224,5154.073
5169.695,1775320200,5178.332,5169.695,5178.332
5167.816,1775321100,5175.467,5167.816,5169.685
5162.329,1775322000,5167.806,5162.243,5167.806
5166.504,1775322900,5171.956,5162.014,5162.319
5161.125,1775323800,5166.492,5160.724,5166.492
5155.644,1775324700,5161.108,5152.532,5161.108
5145.998,1775325600,5155.64,5145.998,5155.64
5143.851,1775326500,5145.998,5140.896,5145.998
5134.698,1775327400,5143.838,5134.698,5143.838
5154.292,1775328300,5156.235,5128.846,5134.691
5153.741,1775329200,5156.783,5151.761,5154.288
5156.371,1775330100,5156.679,5145.253,5153.741
5164.659,1775331000,5165.408,5150.019,5156.356
5158.482,1775331900,5164.654,5157.56,5164.654
5163.264,1775332800,5163.264,5152.454,5158.466
5168.153,1775333700,5173.125,5162.841,5163.248
5158.37,1775334600,5168.149,5158.37,5168.149
5158.959,1775335500,5162.28,5156.581,5158.353
5157.791,1775336400,5165.008,5157.719,5158.943
5155.301,1775337300,5162.79,5155.301,5157.791
5156.928,1775338200,5159.336,5148.492,5155.297
5171.748,1775339100,5172.634,5154.732,5156.922
5162.132,1775340000,5171.745,5162.132,5171.745
5176.43,1775340900,5176.484,5160.935,5162.111
5172.506,1775341800,5181.67,5172.506,5176.427
5172.034,1775342700,5173.664,5168.849,5172.502
5185.647,1775343600,5190.27,5170.092,5172.033
5180.753,1775344500,5185.642,5180.753,5185.642
5189.335,1775345400,5190.168,5174.581,5180.735
5190.69,1775346300,5190.908,5184.953,5189.321
5181.439,1775347200,5190.682,5181.439,5190.682
5172.145,1775348100,5181.438,5172.145,5181.438
5192.079,1775349000,5194.886,5171.695,5172.125
5185.672,1775349900,5192.055,5185.672,5192.055
5176.571,1775350800,5185.671,5176.571,5185.671
5167.672,1775351700,5176.558,5167.672,5176.558
5170.01,1775352600,5175.677,5166.901,5175.677
5168.473,1775353500,5173.149,5167.535,5169.996
5190.733,1775354400,5192.264,5165.339,5168.463
5199.746,1775355300,5201.042,5185.49,5190.727
5195.041,1775356200,5204.157,5195.041,5199.724
5213.794,1775357100,5214.087,5194.872,5195.027
5214.734,1775358000,5218.703,5208.41,5213.774
5214.986,1775358900,5221.204,5212.492,5214.713
5217.759,1775359800,5220.215,5210.509,5214.98
5229.148,1775360700,5237.135,5216.876,5217.753
5239.005,1775361600,5244.278,5226.178,5229.133
5245.812,1775362500,5252.331,5238.438,5238.999
5240.907,1775363400,5247.984,5240.907,5245.797
5249.626,1775364300,5255.455,5238.538,5240.904
5255.482,1775365200,5262.54,5249.467,5249.625
5246.122,1775366100,5255.471,5246.122,5255.471
5257.809,1775367000,5262.09,5244.636,5246.116
5259.36,1775367900,5266.286,5255.529,5257.791
5255.902,1775368800,5261.629,5255.348,5259.35
5247.382,1775369700,5255.89,5247.382,5255.89
5243.686,1775370600,5247.379,5239.92,5247.379
5239.916,1775371500,5244.137,5238.487,5243.682
5257.616,1775372400,5260.472,5235.626,5239.903
5260.259,1775373300,5264.086,5254.016,5257.599
5253.455,1775374200,5260.252,5253.455,5260.252
5244.106,1775375100,5253.437,5244.106,5253.437
5245.098,1775376000,5254.483,5244.091,5244.104
5251.398,1775376900,5253.254,5244.826,5245.088
5261.367,1775377800,5267.408,5251.305,5251.397
5256.607,1775378700,5261.359,5253.612,5261.359
5269.78,1775379600,5273.786,5255.051,5256.587
5279.93,1775380500,5282.04,5267.999,5269.77
5270.537,1775381400,5279.906,5270.537,5279.906
5260.771,1775382300,5270.518,5260.771,5270.518
5265.935,1775383200,5270.716,5258.097,5260.765
5256.523,1775384100,5265.933,5256.523,5265.933
5260.057,1775385000,5262.684,5255.432,5256.514
5250.827,1775385900,5260.041,5250.827,5260.041
5241.32,1775386800,5250.819,5241.32,5250.819
5236.881,1775387700,5241.297,5236.667,5241.297
5227.418,1775388600,5236.857,5227.418,5236.857
5234.526,1775389500,5236.442,5220.881,5227.404
5224.932,1775390400,5234.51,5224.932,5234.51
5233.486,1775391300,5236.569,5223.157,5224.923
5243.68,1775392200,5244.358,5229.32,5233.485
5246.296,1775393100,5250.079,5243.348,5243.673
5250.85,1775394000,5256.467,5244.87,5246.288
5246.495,1775394900,5253.471,5246.495,5250.835
5236.904,1775395800,5246.48,5236.904,5246.48
5237.906,1775396700,5244.87,5234.281,5236.897
5228.287,1775397600,5237.895,5228.287,5237.895
5222.575,1775398500,5228.256,5222.575,5228.256
5220.043,1775399400,5224.873,5218.115,5222.57
5223.724,1775400300,5229.515,5219.737,5220.008
5215.539,1775401200,5223.709,5215.539,5223.709
5205.724,1775402100,5215.52,5205.724,5215.52
5211.477,1775403000,5214.573,5205.224,5205.71
5208.344,1775403900,5216.506,5208.344,5211.475
5211.714,1775404800,5213.411,5201.974,5208.342
5209.001,1775405700,5212.589,5205.308,5211.706
5207.605,1775406600,5211.023,5203.475,5208.996
5199.517,1775407500,5208.799,5199.517,5207.588
5195.345,1775408400,5199.514,5189.978,5199.514
5188.891,1775409300,5197.5,5188.891,5195.327
5188.625,1775410200,5193.846,5186.463,5188.879
5178.971,1775411100,5188.597,5178.971,5188.597
5180.82,1775412000,5182.504,5171.63,5178.971
5186.21,1775412900,5190.116,5177.215,5180.818
5176.899,1775413800,5186.202,5176.899,5186.202
5181.181,1775414700,5181.532,5170.243,5176.891
5177.521,1775415600,5181.278,5176.687,5181.17
5188.355,1775416500,5190.439,5175.908,5177.519
5182.313,1775417400,5188.337,5180.092,5188.337
5183.859,1775418300,5184.416,5176.632,5182.307
5176.876,1775419200,5183.849,5176.876,5183.849
5178.253,1775420100,5179.568,5175.113,5176.875
5187.31,1775421000,5190.812,5173.195,5178.246
5186.891,1775421900,5189.186,5180.824,5187.301
5177.947,1775422800,5186.89,5177.947,5186.89
5195.628,1775423700,5197.005,5176.63,5177.946
5189.032,1775424600,5195.882,5189.032,5195.608
5195.93,1775425500,5200.253,5188.587,5189.029
5194.413,1775426400,5197.059,5189.346,5195.914
5191.839,1775427300,5199.333,5191.839,5194.411
5201.654,1775428200,5203.042,5191.634,5191.834
5207.964,1775429100,5211.737,5196.407,5201.637
5215.734,1775430000,5218.817,5207.804,5207.958
5206.512,1775430900,5215.729,5206.512,5215.729
5199.921,1775431800,5209.31,5199.921,5206.506
5206.426,1775432700,5211.921,5196.369,5199.908
5197.18,1775433600,5206.414,5197.18,5206.414
5188.77,1775434500,5197.176,5188.77,5197.176
5189.798,1775435400,5191.743,5184.935,5188.765
5195.091,1775436300,5199.015,5187.579,5189.771
5214.533,1775437200,5214.769,5193.423,5195.085
5232.07,1775438100,5233.292,5213.792,5214.524
5222.596,1775439000,5232.061,5222.596,5232.061
5236.678,1775439900,5239.058,5220.219,5222.579
5244.41,1775440800,5247.212,5236.191,5236.664
5252.384,1775441700,5252.958,5238.744,5244.398
5254.985,1775442600,5255.005,5243.11,5252.371
5248.429,1775443500,5254.983,5248.429,5254.983
5238.891,1775444400,5248.422,5238.891,5248.422
5249.417,1775445300,5250.116,5235.327,5238.877
5250.369,1775446200,5254.949,5244.417,5249.398
5248.702,1775447100,5253.042,5246.658,5250.359
5251.912,1775448000,5253.746,5245.389,5248.687
5243.439,1775448900,5251.905,5242.121,5251.905
5245.46,1775449800,5252.272,5240.578,5243.436
5255.191,1775450700,5255.769,5237.162,5245.439
5251.294,1775451600,5255.257,5250.099,5255.186
5248.871,1775452500,5255.368,5248.499,5251.272
5238.929,1775453400,5248.857,5238.929,5248.857
5229.488,1775454300,5238.925,5229.488,5238.925
5220.033,1775455200,5229.473,5220.033,5229.473
5212.178,1775456100,5220.009,5212.054,5220.009
5203.036,1775457000,5212.156,5203.036,5212.156
5205.892,1775457900,5207.505,5201.157,5203.015
5207.865,1775458800,5208.544,5197.339,5205.88
5205.627,1775459700,5210.951,5203.706,5207.853
5212.025,1775460600,5215.748,5201.649,5205.614
5211.569,1775461500,5216.635,5207.24,5212.021
5203.561,1775462400,5212.204,5203.561,5211.566
5206.044,1775463300,5213.841,5203.426,5203.549
5221.007,1775464200,5221.73,5202.047,5206.036
5226.636,1775465100,5228.239,5218.805,5221.0
5225.161,1775466000,5233.081,5225.161,5226.627
5223.134,1775466900,5229.41,5222.654,5225.16
5215.547,1775467800,5223.124,5215.547,5223.124
5212.201,1775468700,5215.585,5209.52,5215.533
5210.121,1775469600,5213.722,5207.19,5212.199
5200.447,1775470500,5210.101,5200.447,5210.101
5196.272,1775471400,5201.772,5196.27,5200.44
5186.887,1775472300,5196.246,5186.887,5196.246
5184.519,1775473200,5186.883,5180.527,5186.883
5181.965,1775474100,5184.495,5175.591,5184.495
5194.87,1775475000,5195.839,5176.75,5181.957
5185.749,1775475900,5194.862,5185.749,5194.862
5190.699,1775476800,5194.961,5180.621,5185.727
5199.666,1775477700,5200.446,5184.342,5190.69
5195.169,1775478600,5202.131,5195.169,5199.657
5197.311,1775479500,5202.827,5193.46,5195.158
5193.411,1775480400,5199.932,5193.411,5197.296
5183.831,1775481300,5193.395,5183.831,5193.395
5178.422,1775482200,5183.934,5178.07,5183.815
5169.263,1775483100,5178.407,5169.263,5178.407
5173.732,1775484000,5175.252,5164.934,5169.247
5164.738,1775484900,5173.727,5164.738,5173.727
5160.794,1775485800,5164.724,5156.865,5164.724
5155.099,1775486700,5161.388,5155.099,5160.774
5149.562,1775487600,5157.981,5149.562,5155.097
5150.521,1775488500,5153.17,5144.812,5149.558
5148.857,1775489400,5153.933,5148.857,5150.505
5163.778,1775490300,5165.571,5147.135,5148.854
5182.112,1775491200,5182.318,5159.499,5163.77
5176.788,1775492100,5185.145,5176.788,5182.1
5178.61,1775493000,5183.211,5171.99,5176.769
5183.074,1775493900,5183.711,5173.835,5178.606
5182.081,1775494800,5183.951,5178.417,5183.065
5180.062,1775495700,5182.304,5175.761,5182.063
5195.008,1775496600,5195.443,5177.159,5180.058
5185.485,1775497500,5194.995,5185.485,5194.995
5199.024,1775498400,5199.074,5183.745,5185.471
5197.853,1775499300,5201.491,5196.42,5199.004
5206.934,1775500200,5213.36,5196.975,5197.845
5206.146,1775501100,5211.84,5203.398,5206.91
5197.468,1775502000,5206.13,5197.468,5206.13
5199.557,1775502900,5201.626,5193.182,5197.452
5195.028,1775503800,5199.55,5193.383,5199.55
5186.836,1775504700,5195.022,5186.836,5195.022
5177.517,1775505600,5186.835,5177.517,5186.835
5172.568,1775506500,5177.5,5170.499,5177.5
5187.317,1775507400,5190.06,5166.835,5172.555
5190.919,1775508300,5194.121,5181.171,5187.314
5184.985,1775509200,5190.898,5184.985,5190.898
5179.108,1775510100,5185.998,5179.108,5184.978
5206.433,1775511000,5208.861,5177.687,5179.089
5206.17,1775511900,5212.887,5204.762,5206.411
5205.294,1775512800,5211.858,5203.342,5206.165
5204.502,1775513700,5212.229,5203.381,5205.281
5204.21,1775514600,5207.367,5200.309,5204.484
5202.913,1775515500,5204.191,5196.143,5204.191
5204.66,1775516400,5206.244,5198.971,5202.905
5200.237,1775517300,5204.638,5198.858,5204.638
5210.049,1775518200,5210.569,5197.756,5200.226
5200.512,1775519100,5210.044,5200.512,5210.044
5191.392,1775520000,5200.502,5191.392,5200.502
5186.113,1775520900,5191.374,5182.96,5191.374
5177.955,1775521800,5187.259,5177.955,5186.098
5176.829,1775522700,5184.148,5175.929,5177.951
5189.742,1775523600,5190.973,5169.894,5176.826
5195.166,1775524500,5198.109,5188.713,5189.736
5195.968,1775525400,5201.202,5192.994,5195.159
5199.259,1775526300,5201.141,5192.489,5195.945
5196.141,1775527200,5201.929,5196.141,5199.256
5189.713,1775528100,5196.184,5189.713,5196.14
5180.578,1775529000,5189.706,5180.578,5189.706
5172.247,1775529900,5180.571,5172.247,5180.571
5179.883,1775530800,5180.36,5164.821,5172.244
5179.482,1775531700,5183.881,5176.36,5179.881
5170.042,1775532600,5179.477,5170.042,5179.477
5181.581,1775533500,5183.275,5165.528,5170.027
5180.954,1775534400,5181.578,5172.976,5181.578
5174.631,1775535300,5182.427,5174.631,5180.942
5188.568,1775536200,5190.693,5169.197,5174.614
5199.118,1775537100,5204.758,5187.271,5188.56
5192.139,1775538000,5199.112,5192.139,5199.112
5194.363,1775538900,5196.932,5187.928,5192.128
5190.004,1775539800,5194.352,5187.472,5194.352
5189.057,1775540700,5193.71,5188.486,5189.994
5193.091,1775541600,5194.268,5186.345,5189.056
5202.459,1775542500,5204.827,5192.484,5193.089
5207.322,1775543400,5209.163,5199.836,5202.454
5212.891,1775544300,5213.905,5204.243,5207.297
5225.338,1775545200,5227.43,5212.145,5212.871
5236.403,1775546100,5236.713,5222.78,5225.334
5240.561,1775547000,5247.035,5235.88,5236.388
5243.304,1775547900,5250.563,5239.85,5240.548
5242.054,1775548800,5243.299,5238.145,5243.299
5244.734,1775549700,5246.31,5235.959,5242.047
5258.129,1775550600,5260.277,5244.153,5244.711
5257.403,1775551500,5263.37,5257.068,5258.107
5267.081,1775552400,5268.893,5250.962,5257.397
5263.133,1775553300,5267.056,5262.872,5267.056
5253.037,1775554200,5263.115,5253.037,5263.115
5276.857,1775555100,5277.296,5252.106,5253.027
5275.892,1775556000,5284.958,5275.892,5276.847
5280.002,1775556900,5281.551,5269.473,5275.889
5282.074,1775557800,5282.173,5272.817,5279.986
5300.441,1775558700,5302.025,5279.745,5282.069
5298.783,1775559600,5301.169,5293.312,5300.44
5299.467,1775560500,5306.177,5297.485,5298.767
5305.36,1775561400,5305.683,5291.086,5299.461
5325.967,1775562300,5326.751,5303.061,5305.356
5323.563,1775563200,5328.474,5321.967,5325.957
5314.511,1775564100,5323.54,5314.511,5323.54
5320.354,1775565000,5321.215,5310.511,5314.5
5341.723,1775565900,5344.466,5318.789,5320.335
5351.158,1775566800,5356.233,5340.243,5341.711
5341.578,1775567700,5351.153,5341.578,5351.153
5346.081,1775568600,5349.545,5337.053,5341.572
5339.76,1775569500,5346.08,5339.241,5346.08
5335.524,1775570400,5343.532,5335.524,5339.745
5329.645,1775571300,5335.973,5328.354,5335.52
5330.005,1775572200,5336.736,5327.085,5329.638
5337.331,1775573100,5342.776,5328.112,5329.992
5341.092,1775574000,5347.34,5336.29,5337.316
5331.398,1775574900,5341.081,5331.398,5341.081
5338.053,1775575800,5340.948,5328.218,5331.392
5328.255,1775576700,5338.03,5328.255,5338.03
5325.209,1775577600,5328.253,5321.507,5328.253
5325.857,1775578500,5330.171,5323.347,5325.201
5322.046,1775579400,5325.848,5318.837,5325.848
5322.388,1775580300,5330.774,5320.852,5322.045
5330.263,1775581200,5334.2,5322.142,5322.369
5324.263,1775582100,5330.557,5324.263,5330.242
5323.048,1775583000,5324.532,5317.1,5324.255
5338.587,1775583900,5339.57,5319.165,5323.03
5336.521,1775584800,5338.581,5331.415,5338.581
5337.309,1775585700,5338.047,5329.655,5336.512
5330.859,1775586600,5337.302,5329.212,5337.302
5324.31,1775587500,5330.85,5324.31,5330.85
5336.006,1775588400,5342.297,5323.174,5324.304
5336.109,1775589300,5341.704,5331.984,5335.989
5343.422,1775590200,5347.645,5332.462,5336.103
5339.836,1775591100,5348.374,5339.836,5343.389
5329.887,1775592000,5339.82,5329.887,5339.82
5333.927,1775592900,5337.944,5329.437,5329.879
5330.723,1775593800,5336.795,5330.723,5333.909
5323.541,1775594700,5330.707,5323.541,5330.707
5326.469,1775595600,5328.732,5318.039,5323.538
5316.799,1775596500,5326.46,5316.799,5326.46
5330.148,1775597400,5335.27,5314.347,5316.794
5353.842,1775598300,5356.301,5327.878,5330.134
5360.973,1775599200,5362.295,5350.718,5353.831
5361.837,1775600100,5366.038,5355.419,5360.97
5361.779,1775601000,5366.625,5359.212,5361.831
5355.854,1775601900,5363.567,5355.854,5361.762
5348.861,1775602800,5355.844,5348.861,5355.844
5375.054,1775603700,5376.552,5348.541,5348.859
5365.546,1775604600,5375.048,5365.546,5375.048
5371.493,1775605500,5374.613,5361.444,5365.54
5373.681,1775606400,5376.253,5364.328,5371.481
5369.257,1775607300,5374.861,5369.257,5373.674
5384.027,1775608200,5385.496,5367.055,5369.25
5431.407,1775609100,5433.245,5381.495,5384.024
5421.527,1775610000,5431.388,5421.527,5431.388
5426.086,1775610900,5431.24,5418.403,5421.522
5422.622,1775611800,5426.085,5418.35,5426.085
5418.605,1775612700,5426.081,5418.605,5422.611
5432.143,1775613600,5434.559,5415.279,5418.594
5428.651,1775614500,5434.421,5427.776,5432.127
5427.704,1775615400,5436.672,5427.704,5428.634
5434.748,1775616300,5437.497,5423.441,5427.702
5449.854,1775617200,5450.836,5429.339,5434.741
5449.692,1775618100,5452.009,5444.215,5449.84
5451.965,1775619000,5453.12,5445.519,5449.68
5452.178,1775619900,5459.291,5449.678,5451.954
5442.472,1775620800,5452.156,5442.472,5452.156
5440.356,1775621700,5448.397,5440.356,5442.467
5444.854,1775622600,5450.393,5437.86,5440.353
5448.095,1775623500,5448.458,5436.38,5444.85
5440.442,1775624400,5450.013,5440.442,5450.013
5435.078,1775625300,5440.441,5433.263,5440.441
5431.689,1775626200,5440.347,5431.689,5435.069
5428.48,1775627100,5431.684,5424.496,5431.684
5430.926,1775628000,5432.777,5425.992,5428.478
5435.933,1775628900,5437.149,5423.954,5430.916
5436.413,1775629800,5440.732,5430.269,5435.925
5452.092,1775630700,5453.504,5436.254,5436.411
5458.492,1775631600,5460.178,5446.801,5452.08
5486.415,1775632500,5486.665,5452.794,5458.47
5481.297,1775633400,5487.57,5481.297,5486.397
5473.999,1775634300,5483.351,5473.999,5481.296
5464.005,1775635200,5473.986,5464.005,5473.986
5466.398,1775636100,5466.76,5458.528,5464.002
5458.697,1775637000,5466.382,5458.697,5466.382
5456.03,1775637900,5458.684,5453.505,5458.684
5445.735,1775638800,5456.0,5445.735,5456.0
5454.728,1775639700,5454.828,5439.518,5445.722
5456.356,1775640600,5458.935,5448.832,5454.709
5446.368,1775641500,5456.34,5446.368,5456.34
5443.987,1775642400,5450.714,5442.929,5446.363
5448.178,1775643300,5448.502,5441.374,5443.974
5438.468,1775644200,5448.172,5438.468,5448.172
5450.033,1775645100,5456.874,5438.401,5438.46
5443.661,1775646000,5453.117,5443.661,5450.026
5454.551,1775646900,5454.682,5439.144,5443.655
5444.801,1775647800,5454.548,5444.801,5454.548
5435.129,1775648700,5444.788,5435.129,5444.788
5425.41,1775649600,5435.124,5425.41,5435.124
5417.046,1775650500,5426.398,5417.046,5425.396
5419.265,1775651400,5420.613,5408.53,5417.026
5409.596,1775652300,5419.25,5409.596,5419.25
5399.722,1775653200,5409.576,5399.722,5409.576
5395.609,1775654100,5401.261,5395.609,5399.711
5385.68,1775655000,5395.6,5385.68,5395.6
5376.039,1775655900,5385.667,5376.039,5385.667
5375.093,1775656800,5378.903,5370.225,5376.029
5365.415,1775657700,5375.085,5365.415,5375.085
5363.749,1775658600,5365.404,5357.313,5365.404
5370.728,1775659500,5372.293,5358.938,5363.742
5366.142,1775660400,5374.419,5366.142,5370.727
5366.096,1775661300,5367.939,5360.328,5366.138
5375.315,1775662200,5380.01,5364.246,5366.087
5371.037,1775663100,5377.083,5371.037,5375.309
5363.862,1775664000,5371.03,5363.862,5371.03
5365.138,1775664900,5365.888,5354.955,5363.858
5355.805,1775665800,5365.137,5355.805,5365.137
5354.471,1775666700,5355.788,5349.51,5355.788
5365.306,1775667600,5366.496,5353.217,5354.455
5360.559,1775668500,5365.289,5359.385,5365.289
5350.96,1775669400,5360.546,5350.96,5360.546
5358.279,1775670300,5362.158,5349.546,5350.958
5358.106,1775671200,5365.029,5357.475,5358.271
5356.082,1775672100,5363.863,5356.082,5358.099
5358.377,1775673000,5361.588,5353.835,5356.07
5358.038,1775673900,5362.721,5354.046,5358.365
5355.832,1775674800,5365.472,5355.832,5358.018
5345.702,1775675700,5355.821,5345.702,5355.821
5352.485,1775676600,5354.524,5342.313,5345.692
5346.402,1775677500,5353.209,5346.402,5352.463
5355.488,1775678400,5356.032,5342.901,5346.396
5345.636,1775679300,5355.485,5345.636,5355.485
5342.089,1775680200,5351.196,5342.089,5345.608
5335.519,1775681100,5344.456,5335.519,5342.089
5335.161,1775682000,5338.04,5331.818,5335.495
5336.313,1775682900,5337.037,5331.449,5335.151
5357.066,1775683800,5357.322,5330.932,5336.29
5355.374,1775684700,5358.136,5353.218,5357.06
5361.918,1775685600,5367.995,5354.24,5355.366
5360.712,1775686500,5364.544,5356.336,5361.908
5360.272,1775687400,5361.939,5352.417,5360.709
5364.181,1775688300,5366.741,5354.687,5360.256
5374.947,1775689200,5375.431,5359.086,5364.175
5380.347,1775690100,5389.035,5374.593,5374.94
5400.097,1775691000,5405.875,5379.51,5380.33
5397.793,1775691900,5403.649,5396.289,5400.091
5398.353,1775692800,5398.801,5389.667,5397.789
5388.437,1775693700,5398.34,5388.437,5398.34
5391.15,1775694600,5393.747,5382.085,5388.434
5390.762,1775695500,5392.06,5383.541,5391.127
5388.588,1775696400,5394.417,5386.668,5390.76
5387.493,1775697300,5389.573,5385.629,5388.58
5388.331,1775698200,5392.883,5381.978,5387.489
5390.43,1775699100,5395.615,5384.205,5388.33
5380.751,1775700000,5390.416,5380.751,5390.416
5370.846,1775700900,5380.739,5370.846,5380.739
5361.492,1775701800,5370.831,5361.492,5370.831
5351.877,1775702700,5361.484,5351.877,5361.484
5342.118,1775703600,5351.874,5342.118,5351.874
5332.518,1775704500,5342.112,5332.518,5342.112
5324.644,1775705400,5332.507,5324.644,5332.507
5329.424,1775706300,5331.224,5320.51,5324.623
5327.831,1775707200,5333.443,5325.464,5329.416
5322.198,1775708100,5327.824,5322.198,5327.824
5315.466,1775709000,5322.196,5315.466,5322.196
5327.228,1775709900,5329.594,5315.037,5315.465
5323.609,1775710800,5330.881,5323.609,5327.209
5322.738,1775711700,5326.933,5318.051,5323.591
5316.653,1775712600,5325.221,5316.653,5322.727
5306.947,1775713500,5316.651,5306.947,5316.651
5316.716,1775714400,5319.967,5302.563,5306.934
5313.297,1775715300,5316.97,5310.86,5316.716
5304.102,1775716200,5313.294,5304.102,5313.294
5294.887,1775717100,5304.082,5294.887,5304.082
5299.044,1775718000,5299.237,5288.196,5294.867
5312.37,1775718900,5317.127,5296.556,5299.028
5302.887,1775719800,5312.361,5302.887,5312.361
5302.967,1775720700,5308.39,5299.396,5302.871
5296.57,1775721600,5302.959,5295.783,5302.959
5297.873,1775722500,5300.268,5293.317,5296.55
5296.695,1775723400,5298.687,5291.05,5297.868
5286.964,1775724300,5296.695,5286.964,5296.695
5277.7,1775725200,5286.939,5277.7,5286.939
5268.237,1775726100,5277.68,5268.237,5277.68
5261.799,1775727000,5268.209,5261.799,5268.209
5258.297,1775727900,5266.549,5257.492,5261.78
5252.774,1775728800,5258.282,5249.346,5258.282
5248.131,1775729700,5253.456,5248.131,5252.755
5261.16,1775730600,5261.711,5247.342,5248.126
5253.45,1775731500,5261.155,5253.45,5261.155
5251.936,1775732400,5253.439,5245.365,5253.439
5254.884,1775733300,5256.267,5248.048,5251.925
5255.93,1775734200,5256.378,5246.333,5254.867
5267.564,1775735100,5268.17,5251.085,5255.922
5269.974,1775736000,5275.129,5263.248,5267.546
5260.087,1775736900,5269.971,5260.087,5269.971
5250.277,1775737800,5260.084,5250.277,5260.084
5259.477,1775738700,5260.025,5243.837,5250.271
5262.565,1775739600,5265.248,5258.15,5259.464
5255.299,1775740500,5262.541,5253.375,5262.541
5251.245,1775741400,5258.082,5251.245,5255.287
5243.063,1775742300,5251.75,5243.063,5251.24
5244.138,1775743200,5246.132,5237.974,5243.061
5235.99,1775744100,5244.125,5235.99,5244.125
5226.775,1775745000,5235.974,5226.775,5235.974
5226.952,1775745900,5228.624,5220.724,5226.762
5231.421,1775746800,5234.739,5220.998,5226.947
5224.723,1775747700,5232.957,5224.723,5231.409
5223.833,1775748600,5232.409,5223.833,5224.713
5218.801,1775749500,5223.825,5216.26,5223.825
5250.048,1775750400,5254.52,5218.643,5218.789
5280.649,1775751300,5282.941,5249.235,5250.041
5275.129,1775752200,5282.572,5275.129,5280.632
5278.711,1775753100,5282.494,5270.109,5275.125
5272.322,1775754000,5280.898,5272.322,5278.706
5262.908,1775754900,5272.319,5262.908,5272.319
5260.44,1775755800,5266.442,5259.772,5262.892
5251.133,1775756700,5260.43,5251.133,5260.43
5241.708,1775757600,5251.123,5241.708,5251.123
5238.033,1775758500,5241.693,5236.465,5241.693
5244.424,1775759400,5245.867,5231.047,5238.032
5234.945,1775760300,5244.419,5234.945,5244.419
5241.487,1775761200,5242.011,5226.258,5234.94
5236.875,1775762100,5245.735,5236.875,5241.485
5238.114,1775763000,5239.86,5229.39,5236.866
5237.265,1775763900,5241.539,5232.998,5238.112
5243.63,1775764800,5245.498,5232.521,5237.263
5252.451,1775765700,5253.563,5239.347,5243.615
5248.689,1775766600,5257.744,5248.689,5252.435
5239.247,1775767500,5248.678,5239.247,5248.678
5249.174,1775768400,5250.569,5236.166,5239.236
5244.896,1775769300,5249.167,5243.949,5249.167
5249.34,1775770200,5254.898,5242.45,5244.888
5250.17,1775771100,5255.04,5248.226,5249.324
5250.197,1775772000,5251.576,5245.949,5250.161
5245.275,1775772900,5251.318,5245.275,5250.183
5236.999,1775773800,5245.259,5236.999,5245.259
5247.625,1775774700,5249.799,5232.396,5236.988
5238.431,1775775600,5247.596,5238.431,5247.596
5237.721,1775776500,5238.574,5231.307,5238.412
5241.097,1775777400,5244.005,5232.763,5237.717
5244.143,1775778300,5245.18,5232.85,5241.087
5255.329,1775779200,5258.594,5243.904,5244.135
5257.253,1775780100,5259.448,5249.406,5255.318
5267.739,1775781000,5270.55,5257.062,5257.245
5269.739,1775781900,5276.142,5267.036,5267.731
5272.805,1775782800,5274.58,5265.592,5269.733
5267.294,1775783700,5275.219,5267.294,5272.795
5277.945,1775784600,5281.307,5265.867,5267.278
5279.056,1775785500,5284.831,5275.128,5277.945
5269.462,1775786400,5279.029,5269.462,5279.029
5273.123,1775787300,5275.385,5264.245,5269.462
5269.143,1775788200,5273.1,5266.839,5273.1
5263.264,1775789100,5269.141,5262.927,5269.141
5279.403,1775790000,5280.262,5262.826,5263.26
5279.379,1775790900,5285.011,5279.105,5279.388
5275.833,1775791800,5279.37,5271.63,5279.37
5278.761,1775792700,5287.442,5275.104,5275.824
5290.837,1775793600,5293.14,5273.191,5278.752
5290.014,1775794500,5299.686,5290.014,5290.83
5288.611,1775795400,5294.829,5287.44,5289.996
5279.048,1775796300,5288.598,5279.048,5288.598
5286.355,1775797200,5287.878,5274.056,5279.022
5276.72,1775798100,5286.352,5276.72,5286.352
5283.684,1775799000,5284.536,5273.721,5276.71
5274.275,1775799900,5283.678,5274.275,5283.678
5264.651,1775800800,5274.261,5264.651,5274.261
5260.212,1775801700,5265.123,5260.212,5264.647
5250.768,1775802600,5260.204,5250.768,5260.204
5266.192,1775803500,5268.599,5247.916,5250.767
5267.117,1775804400,5271.104,5262.199,5266.176
5258.353,1775805300,5267.109,5258.353,5267.109
5261.051,1775806200,5261.623,5251.235,5258.344
5254.671,1775807100,5261.039,5252.578,5261.039
5245.504,1775808000,5254.658,5245.504,5254.658
5254.036,1775808900,5259.412,5243.761,5245.485
5244.429,1775809800,5254.03,5244.429,5254.03
5249.406,1775810700,5251.892,5239.724,5244.42
5240.774,1775811600,5249.398,5240.774,5249.398
5234.582,1775812500,5240.766,5231.848,5240.766
5233.876,1775813400,5242.479,5233.521,5234.578
5258.961,1775814300,5264.779,5233.03,5233.855
5252.882,1775815200,5260.007,5252.882,5258.945
5250.101,1775816100,5257.744,5250.101,5252.879
5248.889,1775817000,5253.165,5246.778,5250.099
5249.538,1775817900,5254.151,5244.843,5248.859
5240.014,1775818800,5249.534,5240.014,5249.534
5244.766,1775819700,5245.316,5238.043,5240.003
5242.315,1775820600,5244.739,5236.044,5244.739
5235.591,1775821500,5242.31,5235.591,5242.31
5226.162,1775822400,5235.576,5226.162,5235.576
5237.775,1775823300,5242.988,5225.135,5226.156
5233.344,1775824200,5237.755,5228.953,5237.755
5224.235,1775825100,5233.34,5224.235,5233.34
5215.265,1775826000,5224.23,5214.882,5224.23
5223.92,1775826900,5227.879,5214.849,5215.247
5219.14,1775827800,5228.511,5219.14,5223.911
5215.088,1775828700,5219.127,5210.528,5219.127
5207.62,1775829600,5215.087,5207.62,5215.087
5209.349,1775830500,5212.983,5202.076,5207.602
5210.07,1775831400,5214.457,5205.981,5209.345
5206.343,1775832300,5212.426,5206.343,5210.067
5202.729,1775833200,5206.919,5202.494,5206.32
5200.377,1775834100,5203.591,5197.053,5202.722
5195.992,1775835000,5200.377,5195.269,5200.377
5209.7,1775835900,5211.562,5195.395,5195.979
5207.832,1775836800,5209.692,5201.596,5209.692
5210.441,1775837700,5214.007,5201.998,5207.821
5201.433,1775838600,5210.431,5201.342,5210.431
5192.188,1775839500,5201.421,5192.188,5201.421
5201.316,1775840400,5204.196,5188.716,5192.181
5225.424,1775841300,5228.173,5201.226,5201.298
5229.055,1775842200,5234.761,5224.373,5225.419
5220.845,1775843100,5229.052,5220.845,5229.052
5211.598,1775844000,5220.842,5211.598,5220.842
5206.918,1775844900,5215.422,5206.918,5211.586
5207.974,1775845800,5214.955,5204.59,5206.917
5202.627,1775846700,5208.367,5202.627,5207.958
5193.585,1775847600,5202.612,5193.585,5202.612
5192.989,1775848500,5196.433,5188.901,5193.58
5191.688,1775849400,5194.904,5186.782,5192.988
5189.122,1775850300,5194.886,5189.122,5191.68
5198.09,1775851200,5200.465,5186.299,5189.11
5192.69,1775852100,5201.619,5192.69,5198.068
5193.297,1775853000,5194.531,5184.67,5192.69
5201.821,1775853900,5205.061,5192.543,5193.293
5198.168,1775854800,5201.805,5193.624,5201.805
5193.297,1775855700,5202.251,5193.297,5198.16
5193.472,1775856600,5198.824,5191.126,5193.295
5205.251,1775857500,5205.304,5189.628,5193.469
5197.623,1775858400,5205.249,5197.623,5205.249
5199.016,1775859300,5202.428,5191.994,5197.607
5189.535,1775860200,5199.01,5189.535,5199.01
5179.998,1775861100,5189.526,5179.998,5189.526
5181.625,1775862000,5184.403,5173.081,5179.997
5206.76,1775862900,5209.334,5180.493,5181.597
5222.399,1775863800,5225.577,5206.386,5206.756
5228.994,1775864700,5236.947,5220.549,5222.395
5226.327,1775865600,5232.568,5226.032,5228.993
5216.728,1775866500,5226.324,5216.728,5226.324
5221.401,1775867400,5227.25,5213.298,5216.727
5223.405,1775868300,5229.476,5219.931,5221.379
5219.132,1775869200,5225.35,5218.69,5223.395
5217.734,1775870100,5219.514,5212.893,5219.131
5220.352,1775871000,5222.107,5213.872,5217.724
5250.867,1775871900,5251.088,5218.891,5220.329
5249.465,1775872800,5254.83,5246.882,5250.864
5281.024,1775873700,5282.477,5244.362,5249.458
5283.907,1775874600,5288.483,5280.955,5281.004
5274.458,1775875500,5283.89,5274.458,5283.89
5265.291,1775876400,5274.45,5265.291,5274.45
5264.06,1775877300,5270.868,5262.932,5265.283
5256.647,1775878200,5264.059,5256.582,5264.059
5260.993,1775879100,5262.262,5254.509,5256.642
5252.658,1775880000,5260.972,5252.658,5260.972
5243.304,1775880900,5252.658,5243.304,5252.658
5240.971,1775881800,5248.396,5240.971,5243.3
5248.584,1775882700,5252.936,5239.405,5240.956
5239.185,1775883600,5248.563,5239.185,5248.563
5253.7,1775884500,5257.369,5237.527,5239.181
5258.733,1775885400,5259.088,5248.034,5253.684
5251.255,1775886300,5258.722,5250.409,5258.722
5247.209,1775887200,5252.489,5247.188,5251.255
5246.83,1775888100,5252.517,5243.529,5247.206
5238.156,1775889000,5246.865,5238.156,5246.818
5228.932,1775889900,5238.144,5228.932,5238.144
5219.46,1775890800,5228.926,5219.46,5228.926
5224.581,1775891700,5226.851,5216.733,5219.459
5230.33,1775892600,5236.346,5221.709,5224.562
5247.922,1775893500,5248.599,5230.095,5230.305
5245.161,1775894400,5249.995,5244.827,5247.899
5245.897,1775895300,5248.134,5241.913,5245.141
5236.436,1775896200,5245.895,5236.436,5245.895
5231.317,1775897100,5236.433,5230.156,5236.433
5240.444,1775898000,5240.896,5226.121,5231.31
5247.425,1775898900,5248.478,5235.836,5240.423
5251.788,1775899800,5253.73,5243.965,5247.424
5255.628,1775900700,5256.266,5244.454,5251.773
5246.148,1775901600,5255.619,5246.148,5255.619
5244.773,1775902500,5251.171,5244.109,5246.128
5249.395,1775903400,5254.919,5242.48,5244.74
5246.639,1775904300,5249.382,5240.275,5249.382
5250.573,1775905200,5250.6,5241.79,5246.633
5240.843,1775906100,5250.569,5240.843,5250.569
5242.769,1775907000,5244.349,5233.76,5240.829
5253.757,1775907900,5255.755,5241.201,5242.763
5287.509,1775908800,5290.434,5252.602,5253.748
5332.86,1775909700,5333.758,5286.982,5287.508
5325.276,1775910600,5332.855,5325.276,5332.855
5326.164,1775911500,5330.865,5319.983,5325.273
5326.868,1775912400,5328.446,5320.353,5326.158
5334.431,1775913300,5337.058,5324.23,5326.858
5334.042,1775914200,5341.956,5332.726,5334.42
5328.994,1775915100,5334.023,5327.826,5334.023
5319.356,1775916000,5328.989,5319.356,5328.989
5341.195,1775916900,5342.031,5317.859,5319.338
5336.055,1775917800,5341.181,5333.362,5341.181
5326.359,1775918700,5336.035,5326.359,5336.035
5327.15,1775919600,5330.061,5320.004,5326.338
5319.35,1775920500,5327.148,5319.35,5327.148
5309.775,1775921400,5319.323,5309.775,5319.323
5316.533,1775922300,5322.953,5309.606,5309.77
5308.43,1775923200,5316.526,5308.43,5316.526
5299.004,1775924100,5308.417,5299.004,5308.417
5289.14,1775925000,5299.002,5289.14,5299.002
5290.177,1775925900,5296.671,5286.39,5289.119
5306.103,1775926800,5307.54,5288.604,5290.173
5316.006,1775927700,5323.005,5305.812,5306.1
5337.986,1775928600,5338.961,5315.786,5315.998
5328.419,1775929500,5337.982,5328.419,5337.982
5339.59,1775930400,5340.076,5323.215,5328.404
5341.767,1775931300,5344.293,5336.67,5339.572
5344.964,1775932200,5351.263,5338.807,5341.757
5346.531,1775933100,5355.449,5344.462,5344.953
5346.002,1775934000,5347.29,5340.836,5346.528
5350.051,1775934900,5350.181,5336.814,5345.983
5354.547,1775935800,5357.308,5342.872,5350.039
5344.969,1775936700,5354.531,5344.969,5354.531
5335.214,1775937600,5344.952,5335.214,5344.952
5335.286,1775938500,5340.446,5333.127,5335.201
5326.012,1775939400,5335.284,5326.012,5335.284
5334.581,1775940300,5337.465,5320.075,5325.996
5340.344,1775941200,5340.742,5331.006,5334.571
5354.479,1775942100,5360.674,5338.526,5340.328
5345.021,1775943000,5354.477,5345.021,5354.477
5335.073,1775943900,5345.007,5335.073,5345.007
5325.736,1775944800,5335.056,5325.736,5335.056
5322.522,1775945700,5325.729,5320.232,5325.729
5339.104,1775946600,5339.55,5315.608,5322.516
5339.45,1775947500,5347.826,5337.742,5339.089
5336.761,1775948400,5345.153,5336.761,5339.439
5348.372,1775949300,5349.825,5331.163,5336.748
5338.504,1775950200,5348.362,5338.504,5348.362
5332.643,1775951100,5338.491,5331.323,5338.491
5324.34,1775952000,5332.644,5324.34,5332.633
5314.894,1775952900,5324.325,5314.894,5324.325
5308.018,1775953800,5317.362,5308.018,5314.882
5322.843,1775954700,5323.838,5305.358,5308.0
5331.923,1775955600,5332.858,5318.787,5322.83
5338.343,1775956500,5339.358,5330.605,5331.917
5347.632,1775957400,5348.35,5338.169,5338.34
5346.045,1775958300,5348.357,5342.007,5347.629
5351.251,1775959200,5354.537,5342.751,5346.035
5341.566,1775960100,5351.249,5341.566,5351.249
5340.458,1775961000,5341.551,5333.154,5341.551
5341.506,1775961900,5347.208,5337.744,5340.458
5336.838,1775962800,5341.504,5335.595,5341.504
5327.53,1775963700,5336.831,5327.53,5336.831
5323.507,1775964600,5327.509,5319.806,5327.509
5321.601,1775965500,5324.983,5317.432,5323.506
5314.223,1775966400,5321.592,5312.938,5321.592
5313.324,1775967300,5317.988,5311.561,5314.214
5303.899,1775968200,5313.321,5303.899,5313.321
5315.119,1775969100,5317.544,5300.191,5303.898
5311.36,1775970000,5315.108,5307.748,5315.108
5316.91,1775970900,5318.905,5306.328,5311.356
5317.424,1775971800,5321.506,5313.949,5316.898
5341.417,1775972700,5346.856,5317.312,5317.415
5347.27,1775973600,5349.449,5337.801,5341.39
5349.005,1775974500,5349.306,5342.655,5347.249
5349.248,1775975400,5350.657,5341.879,5348.987
5346.203,1775976300,5349.247,5342.172,5349.247
5342.612,1775977200,5346.192,5337.704,5346.192
5343.759,1775978100,5347.571,5341.126,5342.584
5351.075,1775979000,5353.11,5340.892,5343.757
5341.272,1775979900,5351.055,5341.272,5351.055
5348.012,1775980800,5349.601,5333.875,5341.27
5351.098,1775981700,5357.371,5345.552,5348.006
5372.607,1775982600,5377.393,5350.061,5351.086
5368.061,1775983500,5372.603,5363.562,5372.603
5367.087,1775984400,5370.687,5365.023,5368.058
5360.831,1775985300,5367.074,5360.831,5367.074
5354.337,1775986200,5361.693,5354.337,5360.806
5344.744,1775987100,5354.333,5344.744,5354.333
5357.271,1775988000,5361.85,5343.271,5344.724
5353.087,1775988900,5357.267,5349.13,5357.267
5351.357,1775989800,5360.593,5351.357,5353.087
5354.207,1775990700,5356.539,5350.025,5351.344
5346.643,1775991600,5356.286,5346.643,5354.186
5349.616,1775992500,5352.018,5340.054,5346.629
5353.36,1775993400,5354.474,5346.369,5349.611
5353.603,1775994300,5354.411,5345.855,5353.349
5359.31,1775995200,5365.434,5352.71,5353.592
5349.709,1775996100,5359.31,5349.709,5359.31
5345.886,1775997000,5349.695,5343.789,5349.695
5343.948,1775997900,5351.127,5343.777,5345.861
5358.728,1775998800,5359.506,5341.658,5343.942
5357.313,1775999700,5364.017,5355.62,5358.724
5349.282,1776000600,5357.3,5349.009,5357.3
5339.568,1776001500,5349.266,5339.568,5349.266
5335.705,1776002400,5342.349,5335.705,5339.563
5346.874,1776003300,5348.915,5333.025,5335.7
5337.497,1776004200,5346.864,5337.497,5346.864
5337.767,1776005100,5338.071,5330.159,5337.474
5329.487,1776006000,5337.766,5329.077,5337.766
5345.202,1776006900,5347.821,5328.069,5329.473
5335.665,1776007800,5345.188,5335.665,5345.188
5326.378,1776008700,5335.661,5326.378,5335.661
5320.734,1776009600,5326.369,5319.15,5326.369
5310.975,1776010500,5320.73,5310.975,5320.73
5312.112,1776011400,5315.07,5304.847,5310.959
5308.379,1776012300,5312.482,5306.714,5312.105
5299.854,1776013200,5308.375,5299.854,5308.375
5290.305,1776014100,5299.845,5290.305,5299.845
5286.057,1776015000,5293.547,5286.057,5290.3
5275.937,1776015900,5286.055,5275.937,5286.055
5266.447,1776016800,5275.915,5266.447,5275.915
5258.776,1776017700,5266.433,5258.776,5266.433
5258.047,1776018600,5262.274,5255.094,5258.766
5268.132,1776019500,5268.392,5257.657,5258.044
5267.324,1776020400,5274.38,5265.893,5268.128
5278.478,1776021300,5283.379,5265.851,5267.321
5271.881,1776022200,5280.126,5271.881,5278.46
5275.743,1776023100,5276.541,5268.548,5271.87
5284.635,1776024000,5291.771,5274.115,5275.73
5275.152,1776024900,5284.614,5275.152,5284.614
5284.458,1776025800,5287.616,5273.989,5275.15
5279.507,1776026700,5286.194,5279.507,5284.454
5272.776,1776027600,5280.007,5272.776,5279.498
5292.85,1776028500,5295.974,5272.73,5272.754
5283.124,1776029400,5292.829,5283.124,5292.829
5283.386,1776030300,5290.047,5280.988,5283.109
5279.932,1776031200,5285.29,5279.273,5283.383
5270.661,1776032100,5279.928,5270.661,5279.928
5261.349,1776033000,5270.66,5261.349,5270.66
5252.246,1776033900,5261.34,5252.246,5261.34
5244.454,1776034800,5252.835,5244.454,5252.229
5248.738,1776035700,5257.005,5244.301,5244.452
5241.216,1776036600,5249.805,5241.216,5248.726
5242.589,1776037500,5243.17,5236.402,5241.213
5253.425,1776038400,5258.009,5241.746,5242.578
5243.782,1776039300,5253.416,5243.782,5253.416
5248.92,1776040200,5252.779,5237.904,5243.777
5268.111,1776041100,5272.785,5248.531,5248.906
5260.961,1776042000,5268.251,5260.961,5268.107
5255.158,1776042900,5260.954,5253.225,5260.954
5252.182,1776043800,5259.311,5252.182,5255.145
5262.919,1776044700,5264.725,5249.777,5252.182
5267.319,1776045600,5269.731,5255.816,5262.902
5257.975,1776046500,5267.303,5257.975,5267.303
5249.731,1776047400,5257.968,5249.731,5257.968
5240.165,1776048300,5249.73,5240.165,5249.73
5249.121,1776049200,5251.669,5238.931,5240.157
5251.468,1776050100,5257.769,5248.801,5249.114
5270.99,1776051000,5272.946,5249.025,5251.466
5266.937,1776051900,5270.975,5262.777,5270.975
5268.693,1776052800,5273.186,5264.449,5266.922
5266.778,1776053700,5268.673,5262.073,5268.673
5270.846,1776054600,5277.053,5266.023,5266.773
5266.691,1776055500,5275.745,5266.691,5270.836
5260.088,1776056400,5266.69,5260.088,5266.69
5257.536,1776057300,5261.126,5253.971,5260.08
5247.852,1776058200,5257.527,5247.852,5257.527
5238.398,1776059100,5247.833,5238.398,5247.833
5238.011,1776060000,5245.95,5238.011,5238.393
5234.204,1776060900,5240.206,5234.204,5238.0
5235.913,1776061800,5236.491,5227.915,5234.202
5232.701,1776062700,5237.816,5231.282,5235.913
5249.443,1776063600,5250.192,5231.404,5232.69
5239.938,1776064500,5249.423,5239.938,5249.423
5247.734,1776065400,5249.189,5233.726,5239.933
5278.047,1776066300,5278.429,5246.824,5247.727
5293.837,1776067200,5297.072,5276.128,5278.045
5304.267,1776068100,5306.819,5291.964,5293.809
5299.735,1776069000,5306.868,5299.735,5304.248
5290.265,1776069900,5299.73,5290.265,5299.73
5291.523,1776070800,5297.085,5286.303,5290.247
5293.716,1776071700,5297.813,5287.821,5291.504
5297.015,1776072600,5297.424,5289.459,5293.715
5306.089,1776073500,5310.506,5295.084,5297.003
5298.011,1776074400,5306.324,5298.011,5306.077
5294.539,1776075300,5301.82,5294.539,5298.007
5285.292,1776076200,5294.526,5285.292,5294.526
5275.735,1776077100,5285.285,5275.735,5285.285
5292.581,1776078000,5293.884,5273.321,5275.725
5282.932,1776078900,5292.57,5282.932,5292.57
5279.642,1776079800,5283.965,5277.768,5282.901
5270.039,1776080700,5279.637,5270.039,5279.637
5265.935,1776081600,5270.393,5265.935,5270.024
5260.02,1776082500,5266.419,5260.02,5265.928
5253.886,1776083400,5260.012,5252.607,5260.012
5269.397,1776084300,5269.846,5252.202,5253.874
5270.879,1776085200,5276.814,5266.899,5269.378
5261.327,1776086100,5270.859,5261.327,5270.859
5252.838,1776087000,5261.316,5252.838,5261.316
5246.254,1776087900,5252.83,5246.254,5252.83
5245.901,1776088800,5253.942,5245.901,5246.245
5254.732,1776089700,5257.87,5241.042,5245.901
5264.775,1776090600,5265.764,5249.889,5254.732
5255.105,1776091500,5264.763,5255.105,5264.763
5245.481,1776092400,5255.103,5245.481,5255.103
5259.503,1776093300,5265.429,5248.847,5249.618
5264.574,1776094200,5266.121,5257.788,5259.489
5258.503,1776095100,5264.569,5257.52,5264.569
5253.614,1776096000,5258.495,5252.668,5258.495
5250.747,1776096900,5253.609,5244.809,5253.609
5265.96,1776097800,5271.655,5248.619,5250.739
5277.805,1776098700,5279.627,5260.641,5265.956
5278.225,1776099600,5278.62,5269.487,5277.804
5273.624,1776100500,5278.217,5272.595,5278.217
5264.185,1776101400,5273.613,5264.185,5273.613
5286.072,1776102300,5288.313,5259.778,5264.18
5288.367,1776103200,5295.783,5283.707,5286.057
5282.845,1776104100,5288.354,5282.845,5288.354
5278.116,1776105000,5287.7,5278.116,5282.828
5279.03,1776105900,5285.623,5277.791,5278.101
5269.546,1776106800,5279.022,5269.546,5279.022
5260.131,1776107700,5269.54,5260.131,5269.54
5250.441,1776108600,5260.118,5250.441,5260.118
5241.271,1776109500,5250.441,5241.271,5250.441
5238.882,1776110400,5246.654,5238.882,5241.27
5234.308,1776111300,5238.849,5232.088,5238.849
5244.241,1776112200,5247.102,5232.483,5234.306
5262.216,1776113100,5266.504,5242.168,5244.227
5285.271,1776114000,5287.391,5259.762,5262.202
5293.931,1776114900,5295.769,5281.073,5285.269
5284.338,1776115800,5293.919,5284.338,5293.919
5284.984,1776116700,5292.054,5282.343,5284.329
5291.789,1776117600,5295.78,5279.439,5284.966
5305.61,1776118500,5306.176,5289.001,5291.772
5309.102,1776119400,5314.246,5305.189,5305.601
5301.266,1776120300,5309.1,5301.266,5309.1
5292.913,1776121200,5301.266,5292.913,5301.266
5293.298,1776122100,5295.466,5287.874,5292.912
5304.107,1776123000,5305.113,5289.323,5293.285
5318.886,1776123900,5320.265,5299.39,5304.097
5310.777,1776124800,5318.861,5310.777,5318.861
5313.507,1776125700,5319.328,5308.843,5310.771
5312.718,1776126600,5319.683,5310.783,5313.501
5302.718,1776127500,5312.694,5302.718,5312.694
5300.212,1776128400,5305.928,5299.988,5302.698
5290.805,1776129300,5300.207,5290.805,5300.207
5291.613,1776130200,5294.524,5284.469,5290.796
5298.383,1776131100,5302.316,5290.331,5291.597
5308.788,1776132000,5310.535,5293.526,5298.379
5304.973,1776132900,5308.787,5302.821,5308.787
5305.404,1776133800,5306.679,5297.073,5304.969
5313.306,1776134700,5313.954,5298.675,5305.395
5328.849,1776135600,5328.862,5304.225,5313.305
5322.102,1776136500,5328.832,5322.102,5328.832
5312.623,1776137400,5322.069,5312.623,5322.069
5308.628,1776138300,5315.848,5308.628,5312.616
5317.607,1776139200,5320.874,5306.942,5308.614
5325.383,1776140100,5330.651,5317.567,5317.591
5323.463,1776141000,5325.373,5317.592,5325.373
5316.414,1776141900,5323.999,5316.414,5323.461
5314.588,1776142800,5319.364,5313.539,5316.407
5305.908,1776143700,5314.587,5305.908,5314.587
5296.408,1776144600,5305.9,5296.408,5305.9
5291.462,1776145500,5296.392,5290.27,5296.392
5310.612,1776146400,5316.985,5291.259,5291.44
5311.866,1776147300,5312.073,5305.397,5310.602
5308.064,1776148200,5316.643,5308.064,5311.851
5313.694,1776149100,5315.145,5306.055,5308.057
5319.086,1776150000,5320.184,5312.62,5313.69
5335.915,1776150900,5337.369,5318.015,5319.084
5334.107,1776151800,5341.178,5333.18,5335.907
5344.953,1776152700,5345.11,5325.56,5334.096
5335.43,1776153600,5344.934,5335.43,5344.934
5325.776,1776154500,5335.422,5325.776,5335.422
5322.005,1776155400,5329.294,5322.005,5325.767
5311.866,1776156300,5321.998,5311.866,5321.998
5305.179,1776157200,5311.859,5305.179,5311.859
5304.662,1776158100,5309.978,5302.181,5305.156
5300.626,1776159000,5304.649,5297.579,5304.649
5290.949,1776159900,5300.607,5290.949,5300.607
5301.716,1776160800,5305.736,5290.278,5290.925
5298.078,1776161700,5301.706,5293.609,5301.706
5288.245,1776162600,5298.063,5288.245,5298.063
5278.605,1776163500,5288.218,5278.605,5288.218
5275.003,1776164400,5278.602,5270.47,5278.602
5271.729,1776165300,5277.621,5271.729,5274.987
5272.007,1776166200,5276.269,5266.649,5271.711
5278.117,1776167100,5281.73,5269.775,5272.004
5286.287,1776168000,5291.178,5277.143,5278.093
5284.207,1776168900,5293.272,5284.207,5286.275
5294.118,1776169800,5298.851,5283.547,5284.189
5294.17,1776170700,5295.959,5287.136,5294.085
5284.344,1776171600,5294.17,5284.344,5294.17
5289.449,1776172500,5291.039,5281.02,5284.33
5297.632,1776173400,5298.969,5287.192,5289.44
5307.728,1776174300,5309.55,5294.759,5297.607
5302.215,1776175200,5309.485,5302.215,5307.727
5299.825,1776176100,5302.35,5297.288,5302.209
5290.356,1776177000,5299.81,5290.356,5299.81
5284.805,1776177900,5290.337,5284.805,5290.335
5283.194,1776178800,5284.791,5277.386,5284.791
5274.933,1776179700,5283.178,5274.933,5283.178
5272.045,1776180600,5275.393,5266.057,5274.919
5262.707,1776181500,5272.029,5262.707,5272.029
5257.646,1776182400,5262.706,5255.968,5262.706
5248.563,1776183300,5257.642,5248.563,5257.642
5250.199,1776184200,5251.578,5243.797,5248.554
5240.74,1776185100,5250.192,5240.74,5250.192
5238.771,1776186000,5246.538,5238.771,5240.725
5236.678,1776186900,5238.759,5229.532,5238.759
5241.49,1776187800,5242.949,5228.61,5236.662
5242.704,1776188700,5244.032,5233.449,5241.479
5233.251,1776189600,5242.692,5233.251,5242.692
5224.683,1776190500,5233.237,5224.683,5233.237
5215.638,1776191400,5224.68,5215.638,5224.68
5216.449,1776192300,5217.794,5213.022,5215.611
5213.819,1776193200,5218.156,5212.002,5216.442
5210.853,1776194100,5213.807,5204.916,5213.807
5227.576,1776195000,5232.732,5210.563,5210.829
5224.862,1776195900,5228.85,5222.159,5227.571
5220.724,1776196800,5227.413,5220.724,5224.851
5211.324,1776197700,5220.706,5211.324,5220.706
5202.091,1776198600,5211.317,5202.091,5211.317
5193.887,1776199500,5202.081,5193.054,5202.081
5194.845,1776200400,5199.643,5191.692,5193.874
5196.601,1776201300,5200.016,5188.762,5194.838
5187.155,1776202200,5196.582,5187.155,5196.582
5190.935,1776203100,5193.812,5186.3,5187.136
5188.2,1776204000,5191.918,5185.47,5190.928
5184.964,1776204900,5188.193,5181.53,5188.193
5185.085,1776205800,5189.99,5180.681,5184.961
5175.697,1776206700,5185.063,5175.697,5185.063
5166.346,1776207600,5175.671,5166.346,5175.671
5162.784,1776208500,5166.345,5158.862,5166.345
5180.795,1776209400,5182.701,5162.292,5162.779
5186.329,1776210300,5186.659,5178.12,5180.786
5178.423,1776211200,5186.308,5178.423,5186.308
5179.553,1776212100,5183.366,5175.543,5178.421
5190.384,1776213000,5191.63,5178.75,5179.546
5190.814,1776213900,5198.043,5188.65,5190.38
5184.461,1776214800,5191.755,5184.461,5190.807
5188.348,1776215700,5190.431,5178.423,5184.458
5210.998,1776216600,5211.902,5182.976,5188.343
5215.331,1776217500,5216.157,5202.788,5210.981
5208.538,1776218400,5215.303,5208.538,5215.303
5212.336,1776219300,5214.151,5203.389,5208.533
5216.154,1776220200,5217.298,5204.294,5212.324
5206.895,1776221100,5216.14,5206.895,5216.14
5207.514,1776222000,5211.564,5201.513,5206.879
5215.038,1776222900,5222.809,5207.03,5207.507
5217.459,1776223800,5219.623,5211.627,5215.034
5223.785,1776224700,5224.729,5215.138,5217.455
5214.201,1776225600,5223.76,5214.201,5223.76
5212.616,1776226500,5214.195,5205.592,5214.195
5221.741,1776227400,5222.94,5211.526,5212.612
5216.426,1776228300,5221.725,5215.612,5221.725
5207.103,1776229200,5216.406,5207.103,5216.406
5198.382,1776230100,5207.091,5198.382,5207.091
5194.288,1776231000,5198.377,5190.354,5198.377
5190.907,1776231900,5194.288,5186.727,5194.288
5204.696,1776232800,5207.263,5189.771,5190.906
5218.327,1776233700,5222.175,5203.468,5204.676
5218.289,1776234600,5218.325,5213.405,5218.318
5223.836,1776235500,5224.25,5215.403,5218.289
5223.662,1776236400,5231.313,5222.429,5223.834
5227.153,1776237300,5234.349,5223.595,5223.648
5217.855,1776238200,5227.138,5217.855,5227.138
5212.614,1776239100,5217.852,5212.614,5217.852
5212.592,1776240000,5212.941,5203.264,5212.596
5211.246,1776240900,5217.743,5211.246,5212.585
5221.933,1776241800,5226.594,5206.333,5211.24
5214.387,1776242700,5223.717,5214.387,5221.929
5205.072,1776243600,5214.374,5205.072,5214.374
5212.667,1776244500,5215.439,5200.595,5205.053
5208.127,1776245400,5212.666,5206.063,5212.666
5223.485,1776246300,5226.114,5204.257,5208.126
5227.507,1776247200,5230.992,5219.83,5223.473
5222.831,1776248100,5227.501,5222.768,5227.501
5214.858,1776249000,5222.816,5214.545,5222.816
5205.762,1776249900,5214.85,5205.762,5214.85
5203.519,1776250800,5206.679,5201.278,5205.753
5202.778,1776251700,5209.249,5201.949,5203.501
5194.066,1776252600,5202.771,5194.066,5202.771
5208.589,1776253500,5209.855,5191.523,5194.055
5229.755,1776254400,5232.512,5205.637,5208.575
5220.562,1776255300,5229.75,5220.562,5229.75
5229.774,1776256200,5231.797,5214.329,5220.558
5224.165,1776257100,5233.896,5224.165,5229.759
5232.35,1776258000,5236.514,5221.352,5224.164
5222.68,1776258900,5232.333,5222.68,5232.333
5214.136,1776259800,5222.659,5214.136,5222.659
5216.374,1776260700,5222.773,5211.422,5214.12
5222.346,1776261600,5229.357,5214.624,5216.37
5235.838,1776262500,5236.152,5221.575,5222.338
5236.643,1776263400,5236.726,5228.904,5235.828
5227.116,1776264300,5236.641,5227.116,5236.641
5228.004,1776265200,5237.104,5226.465,5227.103
5226.617,1776266100,5235.134,5226.617,5227.987
5230.159,1776267000,5233.329,5222.377,5226.609
5224.647,1776267900,5230.142,5223.099,5230.142
5228.394,1776268800,5231.256,5222.126,5224.616
5220.756,1776269700,5228.38,5220.756,5228.38
5211.159,1776270600,5220.745,5211.159,5220.745
5206.766,1776271500,5215.523,5206.766,5211.146
5215.237,1776272400,5218.401,5204.576,5206.742
5207.827,1776273300,5216.679,5207.827,5215.228
5207.313,1776274200,5213.845,5207.313,5207.822
5206.187,1776275100,5208.838,5200.489,5207.309
5212.45,1776276000,5219.431,5204.847,5206.186
5220.434,1776276900,5224.36,5209.331,5212.433
5217.359,1776277800,5220.424,5213.331,5220.424
5224.608,1776278700,5226.628,5211.333,5217.351
5226.985,1776279600,5227.102,5215.299,5224.601
5222.059,1776280500,5228.092,5222.059,5226.971
5217.369,1776281400,5222.059,5215.257,5222.059
5213.491,1776282300,5217.353,5210.304,5217.353
5219.95,1776283200,5226.371,5212.326,5213.478
5218.907,1776284100,5219.945,5211.111,5219.945
5210.033,1776285000,5218.883,5210.033,5218.883
5210.193,1776285900,5215.154,5206.973,5210.023
5226.026,1776286800,5226.132,5204.941,5210.192
5226.964,1776287700,5232.818,5222.62,5225.997
5246.232,1776288600,5248.39,5225.422,5226.946
5260.001,1776289500,5261.048,5244.513,5246.219
5261.318,1776290400,5265.938,5256.366,5259.997
5252.477,1776291300,5261.307,5252.477,5261.307
5250.705,1776292200,5255.429,5247.949,5252.461
5249.691,1776293100,5255.029,5248.988,5250.696
5263.281,1776294000,5266.644,5247.672,5249.673
5263.049,1776294900,5266.919,5257.583,5263.256
5270.006,1776295800,5274.069,5261.306,5263.029
5263.532,1776296700,5270.006,5263.532,5270.006
5272.042,1776297600,5274.51,5258.005,5263.526
5285.143,1776298500,5289.372,5271.15,5272.037
5286.283,1776299400,5290.334,5282.079,5285.133
5293.552,1776300300,5293.776,5283.691,5286.267
5286.655,1776301200,5295.763,5286.655,5293.546
5297.798,1776302100,5300.309,5282.718,5286.649
5292.854,1776303000,5297.785,5292.013,5297.785
5283.614,1776303900,5292.836,5283.614,5292.836
5283.029,1776304800,5283.599,5277.525,5283.599
5273.338,1776305700,5283.012,5273.338,5283.012
5280.558,1776306600,5281.085,5268.047,5273.313
5289.523,1776307500,5296.879,5279.495,5280.551
5284.05,1776308400,5289.518,5282.737,5289.518
5288.617,1776309300,5289.901,5279.589,5284.045
5295.776,1776310200,5297.477,5284.861,5288.604
5286.695,1776311100,5295.775,5286.695,5295.775
5283.497,1776312000,5289.059,5282.678,5286.689
5295.256,1776312900,5298.843,5282.872,5283.491
5289.575,1776313800,5295.254,5289.575,5295.254
5341.082,1776314700,5341.291,5288.171,5289.547
5337.96,1776315600,5341.064,5334.551,5341.064
5340.546,1776316500,5342.589,5331.6,5337.956
5345.117,1776317400,5352.059,5340.312,5340.539
5339.155,1776318300,5346.941,5339.155,5345.116
5337.49,1776319200,5341.774,5336.441,5339.138
5329.496,1776320100,5337.488,5329.496,5337.488
5329.743,1776321000,5331.695,5323.163,5329.479
5319.935,1776321900,5329.735,5319.935,5329.735
5309.985,1776322800,5319.923,5309.985,5319.923
5300.101,1776323700,5309.984,5300.101,5309.984
5302.234,1776324600,5303.547,5291.626,5300.087
5304.827,1776325500,5306.016,5293.741,5302.228
5300.8,1776326400,5310.105,5300.8,5304.824
5298.14,1776327300,5302.241,5295.124,5300.791
5296.244,1776328200,5300.365,5295.794,5298.121
5286.801,1776329100,5296.238,5286.801,5296.238
5284.602,1776330000,5286.791,5277.938,5286.791
5274.994,1776330900,5284.585,5274.994,5284.585
5286.411,1776331800,5289.377,5272.983,5274.978
5297.591,1776332700,5300.165,5286.301,5286.4
5304.338,1776333600,5306.389,5292.192,5297.573
5304.629,1776334500,5310.596,5304.065,5304.322
5298.767,1776335400,5304.615,5297.821,5304.615
5289.16,1776336300,5298.766,5289.16,5298.766
5279.804,1776337200,5289.147,5279.804,5289.147
5273.324,1776338100,5280.132,5273.324,5279.802
5271.95,1776339000,5274.967,5269.021,5273.323
5272.69,1776339900,5277.683,5270.734,5271.93
5268.036,1776340800,5272.682,5263.775,5272.682
5263.748,1776341700,5270.089,5263.748,5268.033
5259.908,1776342600,5263.823,5258.082,5263.734
5255.648,1776343500,5261.408,5255.318,5259.894
5259.122,1776344400,5266.097,5254.469,5255.639
5252.707,1776345300,5259.106,5250.338,5259.106
5244.779,1776346200,5252.706,5244.779,5252.706
5243.398,1776347100,5251.135,5243.398,5244.767
5234.774,1776348000,5243.383,5234.17,5243.383
5236.578,1776348900,5238.946,5230.451,5234.771
5227.016,1776349800,5236.573,5227.016,5236.573
5217.814,1776350700,5227.002,5217.814,5227.002
5223.781,1776351600,5224.659,5210.495,5217.792
5221.835,1776352500,5224.959,5218.479,5223.767
5212.763,1776353400,5221.819,5212.763,5221.819
5211.528,1776354300,5216.848,5208.779,5212.758
5208.115,1776355200,5213.352,5207.706,5211.519
5215.183,1776356100,5215.795,5205.651,5208.112
5205.555,1776357000,5215.181,5205.555,5215.181
5198.143,1776357900,5205.55,5197.995,5205.55
5197.483,1776358800,5203.257,5194.856,5198.139
5202.176,1776359700,5205.958,5192.43,5197.478
5207.28,1776360600,5208.108,5201.195,5202.176
5209.172,1776361500,5212.575,5201.737,5207.269
5205.42,1776362400,5213.789,5205.42,5209.16
5207.441,1776363300,5209.849,5201.952,5205.386
5198.258,1776364200,5207.428,5198.258,5207.428
5202.039,1776365100,5202.689,5193.202,5198.252
5192.854,1776366000,5202.034,5192.854,5202.034
5195.377,1776366900,5202.631,5191.31,5192.845
5203.168,1776367800,5207.381,5194.815,5195.368
5195.474,1776368700,5203.157,5195.474,5203.157
5207.959,1776369600,5210.57,5191.347,5195.455
5217.487,1776370500,5217.685,5200.389,5207.94
5230.063,1776371400,5232.633,5212.952,5217.486
5252.349,1776372300,5252.691,5229.513,5230.054
5263.069,1776373200,5266.831,5249.653,5252.346
5273.297,1776374100,5278.447,5262.158,5263.066
5264.676,1776375000,5273.295,5264.676,5273.295
5256.08,1776375900,5264.796,5256.08,5264.671
5247.992,1776376800,5256.079,5247.133,5256.079
5255.628,1776377700,5256.783,5242.452,5247.972
5250.274,1776378600,5256.539,5250.015,5255.622
5252.532,1776379500,5253.313,5241.46,5250.268
5244.994,1776380400,5252.53,5243.733,5252.53
5241.248,1776381300,5249.797,5241.248,5244.984
5248.346,1776382200,5253.755,5237.859,5241.237
5254.009,1776383100,5257.88,5244.999,5248.334
5262.696,1776384000,5266.0,5249.215,5254.007
5265.512,1776384900,5266.687,5254.197,5262.691
5264.768,1776385800,5269.858,5260.864,5265.5
5268.31,1776386700,5270.622,5263.554,5264.758
5259.067,1776387600,5268.295,5259.067,5268.295
5261.002,1776388500,5263.525,5253.467,5259.05
5251.504,1776389400,5260.986,5251.504,5260.986
5247.246,1776390300,5251.499,5246.904,5251.499
5240.661,1776391200,5247.68,5240.661,5247.236
5247.059,1776392100,5247.416,5233.167,5240.633
5247.28,1776393000,5252.326,5245.03,5247.053
5252.226,1776393900,5254.362,5244.809,5247.265
5268.871,1776394800,5273.104,5247.736,5252.22
5259.152,1776395700,5268.86,5259.152,5268.86
5251.73,1776396600,5259.883,5251.73,5259.141
5283.805,1776397500,5283.932,5249.005,5251.717
5274.342,1776398400,5283.803,5274.342,5283.803
5272.55,1776399300,5274.329,5266.106,5274.329
5262.866,1776400200,5272.532,5262.866,5272.532
5253.445,1776401100,5262.863,5253.445,5262.863
5259.703,1776402000,5260.468,5246.671,5253.445
5262.411,1776402900,5267.008,5256.178,5259.692
5258.959,1776403800,5268.16,5258.959,5262.404
5257.555,1776404700,5258.953,5252.449,5258.953
5266.325,1776405600,5266.386,5252.741,5257.542
5277.987,1776406500,5279.162,5263.98,5266.312
5286.961,1776407400,5293.492,5275.893,5277.983
5281.158,1776408300,5286.944,5279.081,5286.944
5295.412,1776409200,5301.051,5278.117,5281.155
5296.543,1776410100,5297.503,5287.284,5295.411
5301.913,1776411000,5303.277,5290.464,5296.525
5292.329,1776411900,5301.904,5292.329,5301.904
5294.383,1776412800,5300.178,5292.058,5292.313
5284.716,1776413700,5294.371,5284.716,5294.371
5282.357,1776414600,5287.041,5280.128,5284.698
5297.724,1776415500,5299.464,5276.22,5282.344
5321.002,1776416400,5323.658,5296.42,5297.716
5319.309,1776417300,5323.87,5317.949,5320.99
5309.998,1776418200,5319.303,5309.998,5319.303
5301.693,1776419100,5310.361,5301.693,5309.988
5292.049,1776420000,5301.683,5292.049,5301.683
5297.12,1776420900,5297.841,5286.706,5292.049
5314.154,1776421800,5315.733,5296.405,5297.111
5334.036,1776422700,5334.503,5312.328,5314.154
5331.034,1776423600,5335.559,5330.533,5334.013
5340.099,1776424500,5344.224,5329.156,5331.025
5365.259,1776425400,5366.42,5337.585,5340.089
5397.685,1776426300,5401.89,5364.645,5365.25
5388.263,1776427200,5397.681,5388.263,5397.681
5380.946,1776428100,5388.25,5380.684,5388.25
5393.348,1776429000,5393.617,5380.37,5380.922
5391.527,1776429900,5399.154,5390.965,5393.332
5387.505,1776430800,5391.519,5382.403,5391.519
5377.445,1776431700,5387.487,5377.445,5387.487
5372.928,1776432600,5377.438,5371.305,5377.438
5368.96,1776433500,5377.454,5368.96,5372.911
5366.075,1776434400,5368.938,5360.214,5368.938
5377.14,1776435300,5383.074,5365.128,5366.068
5368.819,1776436200,5377.134,5368.819,5377.134
5366.484,1776437100,5368.812,5359.061,5368.812
5367.106,1776438000,5368.356,5362.418,5366.47
5372.604,1776438900,5378.444,5363.793,5367.101
5375.692,1776439800,5382.612,5371.268,5372.587
5381.871,1776440700,5382.77,5371.446,5375.692
5380.642,1776441600,5388.252,5380.479,5381.86
5377.38,1776442500,5380.64,5372.062,5380.64
5380.822,1776443400,5390.119,5377.082,5377.374
5377.012,1776444300,5383.098,5376.976,5380.807
5387.887,1776445200,5388.905,5371.928,5376.99
5378.414,1776446100,5387.874,5378.414,5387.874
5376.6,1776447000,5383.69,5375.441,5378.402
5375.604,1776447900,5379.648,5374.834,5376.585
5370.09,1776448800,5378.917,5370.09,5375.585
5392.952,1776449700,5393.65,5369.275,5370.088
5383.154,1776450600,5392.949,5383.154,5392.949
5392.857,1776451500,5393.95,5379.901,5383.147
5394.501,1776452400,5404.03,5392.56,5392.835
5390.762,1776453300,5395.604,5389.601,5394.471
5412.084,1776454200,5417.04,5389.007,5390.75
5420.44,1776455100,5428.05,5411.901,5412.071
5413.559,1776456000,5420.435,5413.559,5420.435
5414.483,1776456900,5417.12,5406.478,5413.558
5411.19,1776457800,5414.99,5410.271,5414.47
5405.142,1776458700,5411.163,5405.142,5411.163
5395.14,1776459600,5405.12,5395.14,5405.12
5396.068,1776460500,5402.129,5393.896,5395.135
5386.586,1776461400,5396.057,5386.586,5396.057
5376.684,1776462300,5386.583,5376.684,5386.583
5384.313,1776463200,5384.942,5372.426,5376.683
5375.271,1776464100,5384.289,5375.271,5384.289
5365.906,1776465000,5375.256,5365.906,5375.256
5367.149,1776465900,5371.738,5363.386,5365.899
5374.82,1776466800,5376.065,5365.424,5367.135
5364.788,1776467700,5374.791,5364.788,5374.791
5357.578,1776468600,5366.135,5357.578,5364.77
5347.906,1776469500,5357.567,5347.906,5357.567
5348.107,1776470400,5349.197,5342.171,5347.905
5340.373,1776471300,5348.09,5340.373,5348.09
5343.327,1776472200,5344.743,5335.464,5340.359
5345.42,1776473100,5348.762,5341.974,5343.327
5338.759,1776474000,5346.052,5338.759,5345.391
5345.323,1776474900,5350.534,5336.764,5338.756
5361.396,1776475800,5361.796,5341.819,5345.323
5354.299,1776476700,5363.626,5354.299,5361.392
5350.331,1776477600,5354.294,5346.377,5354.294
5360.522,1776478500,5363.745,5349.179,5350.325
5360.214,1776479400,5364.788,5357.282,5360.515
5370.096,1776480300,5372.246,5353.985,5360.202
5369.731,1776481200,5373.42,5364.987,5370.084
5369.667,1776482100,5379.419,5369.519,5369.709
5360.248,1776483000,5369.646,5360.248,5369.646
5359.671,1776483900,5366.321,5359.416,5360.238
5359.895,1776484800,5365.019,5357.302,5359.662
5351.535,1776485700,5359.892,5351.535,5359.892
5344.049,1776486600,5351.733,5344.049,5351.528
5341.634,1776487500,5344.633,5338.274,5344.03
5332.848,1776488400,5341.63,5332.848,5341.63
5323.494,1776489300,5332.84,5323.494,5332.84
5317.358,1776490200,5323.481,5315.026,5323.481
5318.986,1776491100,5321.455,5310.276,5317.348
5309.38,1776492000,5318.985,5309.38,5318.985
5315.632,1776492900,5321.859,5305.851,5309.358
5306.153,1776493800,5315.611,5306.153,5315.611
5296.341,1776494700,5306.146,5296.341,5306.146
5301.006,1776495600,5304.238,5296.164,5296.332
5296.607,1776496500,5301.002,5294.16,5301.002
5292.993,1776497400,5299.422,5291.341,5296.601
5296.652,1776498300,5303.482,5292.756,5292.99
5297.922,1776499200,5305.649,5294.939,5296.641
5289.496,1776500100,5297.914,5288.444,5297.914
5288.612,1776501000,5290.511,5284.994,5289.495
5287.295,1776501900,5295.246,5287.044,5288.605
5297.884,1776502800,5299.024,5287.005,5287.274
5290.42,1776503700,5297.879,5290.42,5297.879
5280.574,1776504600,5290.418,5280.574,5290.418
5271.514,1776505500,5280.562,5271.514,5280.562
5281.457,1776506400,5284.81,5267.778,5271.501
5272.317,1776507300,5281.457,5272.317,5281.457
5268.597,1776508200,5276.425,5268.597,5272.301
5263.997,1776509100,5268.629,5263.997,5268.565
5258.994,1776510000,5265.154,5258.994,5263.992
5266.545,1776510900,5266.998,5254.773,5258.983
5271.546,1776511800,5275.807,5265.002,5266.53
5270.99,1776512700,5274.615,5265.484,5271.541
5266.005,1776513600,5270.982,5264.949,5270.982
5256.449,1776514500,5266.001,5256.449,5266.001
5263.464,1776515400,5265.484,5255.905,5256.448
5259.986,1776516300,5265.61,5259.952,5263.461
5264.307,1776517200,5267.076,5258.334,5259.978
5257.22,1776518100,5264.297,5257.22,5264.297
5271.413,1776519000,5275.047,5256.916,5257.195
5266.224,1776519900,5273.308,5266.224,5271.394
5273.972,1776520800,5278.596,5264.148,5266.202
5291.808,1776521700,5296.31,5272.89,5273.971
5293.873,1776522600,5299.537,5289.681,5291.8
5284.782,1776523500,5293.865,5284.782,5293.865
5275.496,1776524400,5284.778,5275.496,5284.778
5286.319,1776525300,5288.621,5269.647,5275.496
5281.281,1776526200,5288.565,5281.239,5286.293
5271.136,1776527100,5281.261,5271.136,5281.261
5261.535,1776528000,5271.128,5261.535,5271.128
5259.918,1776528900,5265.394,5257.611,5261.513
5265.41,1776529800,5271.373,5259.577,5259.91
5257.5,1776530700,5265.408,5257.5,5265.408
5256.066,1776531600,5260.919,5254.901,5257.489
5258.054,1776532500,5264.512,5254.928,5256.062
5264.459,1776533400,5266.921,5254.302,5258.039
5257.58,1776534300,5264.456,5256.609,5264.456
5264.123,1776535200,5265.951,5254.821,5257.574
5273.324,1776536100,5273.934,5260.621,5264.114
5279.979,1776537000,5285.738,5271.408,5273.296
5272.469,1776537900,5279.965,5272.469,5279.965
5269.522,1776538800,5276.726,5269.522,5272.465
5270.238,1776539700,5275.631,5265.314,5269.506
5271.551,1776540600,5275.973,5265.594,5270.236
5269.521,1776541500,5278.222,5269.521,5271.543
5271.709,1776542400,5273.746,5265.579,5269.516
5262.349,1776543300,5271.687,5262.349,5271.687
5260.275,1776544200,5266.927,5260.275,5262.34
5294.319,1776545100,5297.301,5258.108,5260.267
5288.343,1776546000,5294.387,5288.343,5294.311
5285.009,1776546900,5288.327,5282.164,5288.327
5285.925,1776547800,5288.201,5283.606,5284.988
5288.815,1776548700,5289.03,5277.594,5285.903
5285.222,1776549600,5289.549,5282.286,5288.796
5276.959,1776550500,5285.211,5276.715,5285.211
5294.563,1776551400,5301.984,5275.372,5276.955
5301.328,1776552300,5302.34,5287.67,5294.557
5291.53,1776553200,5301.298,5291.53,5301.298
5283.063,1776554100,5292.575,5283.063,5291.516
5296.596,1776555000,5298.09,5282.564,5283.048
5287.033,1776555900,5296.583,5287.033,5296.583
5277.833,1776556800,5287.016,5277.833,5287.016
5268.721,1776557700,5277.827,5268.721,5277.827
5259.327,1776558600,5268.721,5259.327,5268.721
5267.902,1776559500,5269.02,5258.669,5259.315
5297.02,1776560400,5297.51,5266.643,5267.89
5307.753,1776561300,5308.06,5292.037,5297.006
5308.998,1776562200,5309.628,5301.374,5307.751
5306.322,1776563100,5308.99,5300.528,5308.99
5296.35,1776564000,5306.315,5296.35,5306.315
5295.588,1776564900,5299.986,5290.936,5296.34
5285.922,1776565800,5295.571,5285.922,5295.571
5288.999,1776566700,5296.832,5283.958,5285.907
5280.235,1776567600,5288.992,5280.235,5288.992
5276.904,1776568500,5280.224,5271.774,5280.224
5285.832,1776569400,5288.564,5276.286,5276.903
5292.277,1776570300,5295.408,5280.751,5285.822
5307.327,1776571200,5308.274,5290.193,5292.269
5304.421,1776572100,5309.397,5302.698,5307.324
5304.547,1776573000,5311.2,5301.484,5304.412
5297.678,1776573900,5304.54,5297.678,5304.54
5287.905,1776574800,5297.667,5287.905,5297.667
5285.459,1776575700,5287.902,5280.929,5287.902
5277.691,1776576600,5285.446,5277.691,5285.446
5275.344,1776577500,5284.569,5275.344,5277.678
5286.143,1776578400,5289.963,5274.906,5275.342
5277.416,1776579300,5286.138,5277.416,5286.138
5269.392,1776580200,5277.392,5269.007,5277.392
5274.531,1776581100,5279.174,5264.909,5269.385
5270.848,1776582000,5274.521,5267.12,5274.521
5264.61,1776582900,5270.832,5264.61,5270.832
5254.967,1776583800,5264.603,5254.967,5264.603
5245.308,1776584700,5254.952,5245.308,5254.952
5237.448,1776585600,5245.302,5237.448,5245.302
5246.694,1776586500,5250.788,5234.958,5237.429
5261.616,1776587400,5261.669,5246.41,5246.675
5252.023,1776588300,5261.613,5252.023,5261.613
5249.343,1776589200,5252.001,5245.494,5252.001
5239.528,1776590100,5249.309,5239.528,5249.309
5257.554,1776591000,5262.957,5237.462,5239.511
5264.527,1776591900,5266.471,5254.84,5257.545
5275.316,1776592800,5278.164,5260.17,5264.525
5276.366,1776593700,5282.573,5275.107,5275.307
5268.795,1776594600,5276.351,5268.795,5276.351
5263.917,1776595500,5273.227,5263.917,5268.782
5262.353,1776596400,5268.52,5260.375,5263.903
5254.244,1776597300,5262.499,5254.244,5262.347
5245.449,1776598200,5254.244,5245.449,5254.244
5241.014,1776599100,5245.447,5237.417,5245.447
5237.788,1776600000,5242.992,5237.788,5240.994
5233.096,1776600900,5238.84,5233.096,5237.774
5232.258,1776601800,5239.788,5232.258,5233.091
5230.953,1776602700,5233.788,5225.768,5232.251
5237.709,1776603600,5239.384,5230.087,5230.937
5243.985,1776604500,5246.915,5235.937,5237.693
5247.75,1776605400,5254.238,5242.971,5243.976
5240.538,1776606300,5247.744,5239.439,5247.744
5232.431,1776607200,5240.537,5232.431,5240.537
5222.943,1776608100,5232.423,5222.943,5232.423
5218.942,1776609000,5223.615,5217.803,5222.931
5242.168,1776609900,5244.107,5216.321,5218.94
5249.201,1776610800,5256.817,5241.059,5242.168
5245.961,1776611700,5250.291,5244.643,5249.185
5260.08,1776612600,5260.216,5244.446,5245.944
5258.551,1776613500,5262.719,5254.665,5260.063
5265.658,1776614400,5272.248,5255.918,5258.543
5262.487,1776615300,5266.831,5260.805,5265.655
5252.93,1776616200,5262.486,5252.93,5262.486
5246.511,1776617100,5252.906,5246.183,5252.906
5245.079,1776618000,5247.01,5239.197,5246.495
5244.893,1776618900,5247.767,5241.336,5245.074
5257.535,1776619800,5264.774,5244.735,5244.886
5255.005,1776620700,5261.283,5254.701,5257.529
5276.675,1776621600,5278.654,5254.5,5255.002
5283.018,1776622500,5283.958,5272.295,5276.658
5277.803,1776623400,5283.231,5277.803,5283.003
5274.824,1776624300,5281.573,5274.824,5277.794
5271.399,1776625200,5279.515,5271.399,5274.815
5262.052,1776626100,5271.392,5262.052,5271.392
5254.809,1776627000,5262.046,5254.809,5262.046
5258.474,1776627900,5259.473,5250.91,5254.796
5262.5,1776628800,5266.03,5256.433,5258.473
5272.852,1776629700,5279.961,5261.893,5262.485
5281.918,1776630600,5282.296,5270.569,5272.846
5307.204,1776631500,5308.014,5278.762,5281.914
5311.926,1776632400,5315.898,5303.671,5307.182
5302.135,1776633300,5311.916,5302.135,5311.916
5294.585,1776634200,5302.128,5293.202,5302.128
5285.143,1776635100,5294.578,5285.143,5294.578
5288.468,1776636000,5292.298,5283.874,5285.135
5297.544,1776636900,5298.214,5282.533,5288.464
5304.903,1776637800,5311.521,5297.268,5297.536
5307.727,1776638700,5309.996,5299.204,5304.881
5304.619,1776639600,5307.702,5299.639,5307.702
5311.494,1776640500,5313.765,5302.499,5304.609
5305.647,1776641400,5311.487,5303.366,5311.487
5298.539,1776642300,5305.634,5298.271,5305.634
5313.933,1776643200,5319.458,5295.863,5298.528
5332.415,1776644100,5333.477,5310.822,5313.932
5327.2,1776645000,5332.407,5327.2,5332.407
5330.373,1776645900,5331.815,5326.198,5327.183
5320.466,1776646800,5330.369,5320.466,5330.369
5310.976,1776647700,5320.465,5310.976,5320.465
5313.998,1776648600,5315.222,5302.839,5310.968
5316.101,1776649500,5318.746,5308.638,5313.992
5323.882,1776650400,5329.235,5312.808,5316.09
5314.264,1776651300,5323.868,5314.264,5323.868
5315.504,1776652200,5317.934,5309.308,5314.262
5305.93,1776653100,5315.497,5305.93,5315.497
5296.17,1776654000,5305.922,5296.17,5305.922
5288.953,1776654900,5296.155,5288.953,5296.155
5279.532,1776655800,5288.952,5279.532,5288.952
5279.569,1776656700,5284.758,5276.735,5279.526
5296.971,1776657600,5298.4,5277.72,5279.566
5292.418,1776658500,5298.716,5292.418,5296.969
5291.433,1776659400,5300.502,5291.433,5292.417
5283.103,1776660300,5291.415,5282.65,5291.415
5292.577,1776661200,5295.89,5280.775,5283.093
5283.063,1776662100,5292.573,5283.063,5292.573
5283.572,1776663000,5291.713,5281.59,5283.055
5275.644,1776663900,5283.564,5275.226,5283.564
5271.843,1776664800,5275.643,5267.834,5275.643
5284.397,1776665700,5289.41,5269.665,5271.823
5311.962,1776666600,5315.289,5283.753,5284.38
5302.372,1776667500,5311.95,5302.372,5311.95
5324.142,1776668400,5325.628,5301.626,5302.369
5333.828,1776669300,5334.396,5324.048,5324.128
5333.212,1776670200,5333.96,5325.058,5333.818
5337.315,1776671100,5342.898,5331.831,5333.207
5330.13,1776672000,5337.299,5330.13,5337.299
5330.434,1776672900,5338.88,5329.334,5330.114
5333.932,1776673800,5337.179,5327.642,5330.432
5324.484,1776674700,5333.92,5324.484,5333.92
5314.71,1776675600,5324.482,5314.71,5324.482
5331.466,1776676500,5331.992,5311.922,5314.69
5338.12,1776677400,5338.667,5324.007,5331.459
5328.549,1776678300,5338.106,5328.549,5338.106
5321.508,1776679200,5330.325,5321.508,5328.524
5340.989,1776680100,5343.904,5321.199,5321.494
5333.261,1776681000,5340.972,5333.061,5340.972
5339.443,1776681900,5339.912,5326.819,5333.26
5343.418,1776682800,5349.162,5339.296,5339.432
5344.144,1776683700,5347.779,5342.025,5343.41
5358.869,1776684600,5359.969,5341.868,5344.14
5377.16,1776685500,5381.645,5355.597,5358.854
5367.834,1776686400,5377.15,5367.834,5377.15
5365.647,1776687300,5374.141,5365.647,5367.833
5367.793,1776688200,5374.681,5364.299,5365.632
5366.681,1776689100,5368.972,5361.954,5367.778
5376.655,1776690000,5380.182,5364.646,5366.671
5375.791,1776690900,5379.256,5372.559,5376.644
5382.377,1776691800,5387.461,5372.778,5375.78
5372.554,1776692700,5382.372,5372.554,5382.372
5384.549,1776693600,5385.13,5366.418,5372.529
5376.854,1776694500,5384.547,5375.775,5384.547
5397.666,1776695400,5400.184,5376.388,5376.851
5387.979,1776696300,5397.661,5387.979,5397.661
5378.207,1776697200,5387.978,5378.207,5387.978
5368.321,1776698100,5378.194,5368.321,5378.194
5358.934,1776699000,5368.307,5358.934,5368.307
5357.568,1776699900,5359.65,5354.743,5358.926
5355.259,1776700800,5362.642,5354.984,5357.567
5349.057,1776701700,5358.086,5349.057,5355.237
5348.109,1776702600,5350.221,5341.597,5349.044
5347.596,1776703500,5349.459,5340.237,5348.105
5356.331,1776704400,5359.114,5342.74,5347.587
5354.503,1776705300,5359.786,5354.503,5356.329
5362.817,1776706200,5365.231,5354.488,5354.488
5361.153,1776707100,5367.43,5359.259,5362.802
5352.629,1776708000,5361.151,5352.629,5361.151
5369.326,1776708900,5369.39,5351.911,5352.613
5368.781,1776709800,5372.433,5363.478,5369.318
5378.122,1776710700,5384.244,5367.935,5368.77
5383.657,1776711600,5387.455,5374.141,5378.118
5386.456,1776712500,5388.57,5381.319,5383.656
5381.337,1776713400,5386.433,5378.306,5386.433
5377.006,1776714300,5385.75,5377.006,5381.334
5371.581,1776715200,5377.795,5371.581,5376.993
5371.59,1776716100,5379.151,5369.444,5371.568
5370.606,1776717000,5375.861,5367.088,5371.575
5366.67,1776717900,5375.113,5366.67,5370.592
5359.149,1776718800,5366.67,5357.153,5366.67
5349.404,1776719700,5359.147,5349.404,5359.147
5343.23,1776720600,5351.783,5343.23,5349.397
5334.967,1776721500,5344.603,5334.967,5344.603
5345.056,1776722400,5351.37,5332.764,5334.951
5347.724,1776723300,5349.301,5341.232,5345.055
5339.79,1776724200,5347.713,5339.79,5347.713
5333.423,1776725100,5339.775,5333.314,5339.775
5334.319,1776726000,5337.106,5328.597,5333.409
5330.556,1776726900,5337.184,5330.556,5334.296
5324.869,1776727800,5333.655,5324.869,5330.54
5335.676,1776728700,5336.92,5323.645,5324.863
5344.412,1776729600,5345.447,5334.185,5335.65
5339.365,1776730500,5347.789,5339.365,5344.4
5333.881,1776731400,5339.34,5331.491,5339.34
5324.817,1776732300,5333.881,5324.817,5333.881
5327.393,1776733200,5328.265,5315.772,5324.811
5317.854,1776734100,5327.388,5317.854,5327.388
5312.802,1776735000,5317.843,5311.213,5317.843
5310.185,1776735900,5315.789,5309.0,5312.798
5301.024,1776736800,5310.159,5301.024,5310.159
5299.461,1776737700,5301.01,5294.845,5301.01
5293.242,1776738600,5299.447,5293.242,5299.447
5312.646,1776739500,5314.758,5292.637,5293.216
5308.82,1776740400,5312.633,5305.541,5312.633
5312.703,1776741300,5317.022,5303.512,5308.814
5317.759,1776742200,5322.439,5310.265,5312.694
5315.842,1776743100,5322.841,5315.415,5317.752
5324.857,1776744000,5327.181,5312.248,5315.84
5327.734,1776744900,5328.476,5320.488,5324.842
5339.749,1776745800,5339.804,5321.907,5327.716
5340.689,1776746700,5342.805,5335.302,5339.747
5330.959,1776747600,5340.676,5330.959,5340.676
5321.6,1776748500,5330.947,5321.6,5330.947
5312.887,1776749400,5321.579,5312.887,5321.579
5306.974,1776750300,5312.884,5306.974,5312.884
5318.355,1776751200,5318.488,5303.993,5306.97
5315.656,1776752100,5320.396,5314.363,5318.332
5305.689,1776753000,5315.641,5305.689,5315.641
5300.303,1776753900,5308.708,5300.303,5305.688
5290.701,1776754800,5300.292,5290.701,5300.292
5280.959,1776755700,5290.699,5280.959,5290.699
5315.154,1776756600,5317.695,5280.644,5280.952
5322.522,1776757500,5323.203,5310.721,5315.145
5324.825,1776758400,5329.154,5317.998,5322.514
5325.151,1776759300,5331.145,5321.367,5324.81
5319.439,1776760200,5327.079,5319.439,5325.145
5319.035,1776761100,5320.183,5313.346,5319.421
5310.661,1776762000,5319.022,5310.661,5319.022
5306.524,1776762900,5310.66,5304.365,5310.66
5298.242,1776763800,5306.516,5298.242,5306.516
5288.818,1776764700,5298.239,5288.818,5298.239
5318.562,1776765600,5320.05,5285.092,5288.814
5309.226,1776766500,5318.547,5309.226,5318.547
5321.716,1776767400,5321.892,5306.101,5309.22
5316.764,1776768300,5322.667,5316.764,5321.709
5314.628,1776769200,5316.763,5307.738,5316.763
5305.269,1776770100,5314.625,5305.269,5314.625
5301.547,1776771000,5305.256,5296.344,5305.256
5294.474,1776771900,5301.527,5294.474,5301.527
5297.025,1776772800,5301.433,5292.482,5294.463
5294.588,1776773700,5301.129,5294.588,5297.023
5292.784,1776774600,5299.742,5292.018,5294.586
5291.81,1776775500,5297.632,5289.348,5292.77
5292.099,1776776400,5292.606,5282.68,5291.775
5285.834,1776777300,5292.081,5285.834,5292.081
5286.329,1776778200,5289.218,5280.221,5285.822
5286.292,1776779100,5287.437,5277.671,5286.315
5288.48,1776780000,5289.043,5279.83,5286.282
5290.784,1776780900,5290.868,5283.326,5288.473
5281.021,1776781800,5290.782,5281.021,5290.782
5288.466,1776782700,5294.65,5280.819,5281.018
5283.615,1776783600,5288.452,5282.27,5288.452
5284.252,1776784500,5289.62,5279.398,5283.611
5295.613,1776785400,5296.98,5280.731,5284.23
5296.657,1776786300,5306.191,5295.316,5295.598
5286.581,1776787200,5296.644,5286.581,5296.644
5284.784,1776788100,5291.596,5283.738,5286.571
5285.07,1776789000,5286.548,5279.551,5284.762
5291.57,1776789900,5293.424,5278.234,5285.064
5282.243,1776790800,5291.561,5282.243,5291.561
5272.633,1776791700,5282.22,5272.633,5282.22
5264.761,1776792600,5272.627,5264.761,5272.627
5264.89,1776793500,5265.196,5255.486,5264.752
5257.763,1776794400,5264.889,5257.763,5264.889
5265.318,1776795300,5269.626,5254.067,5257.749
5261.075,1776796200,5268.544,5261.075,5265.317
5266.264,1776797100,5267.766,5252.892,5261.069
5285.496,1776798000,5286.165,5260.513,5266.258
5293.957,1776798900,5294.475,5283.917,5285.493
5289.574,1776799800,5293.957,5287.899,5293.957
5279.985,1776800700,5289.565,5279.985,5289.565
5281.504,1776801600,5286.89,5278.632,5279.966
5271.873,1776802500,5281.494,5271.873,5281.494
5274.865,1776803400,5281.401,5270.235,5271.86
5278.768,1776804300,5279.915,5269.015,5274.849
5274.674,1776805200,5278.752,5273.187,5278.752
5278.741,1776806100,5281.159,5273.358,5274.662
5283.694,1776807000,5284.641,5275.715,5278.726
5282.843,1776807900,5287.358,5281.241,5283.687
5290.182,1776808800,5291.289,5282.59,5282.821
5284.093,1776809700,5290.181,5282.157,5290.181
5276.548,1776810600,5285.655,5276.548,5284.088
5272.806,1776811500,5278.687,5272.806,5276.547
5284.12,1776812400,5286.617,5271.966,5272.803
5278.152,1776813300,5284.113,5275.763,5284.113
5270.235,1776814200,5278.15,5270.235,5278.15
5283.368,1776815100,5288.67,5268.468,5270.234
5275.865,1776816000,5283.351,5274.313,5283.351
5284.184,1776816900,5288.163,5275.634,5275.842
5284.742,1776817800,5287.575,5277.667,5284.182
5293.14,1776818700,5293.437,5282.821,5284.74
5308.213,1776819600,5311.276,5289.975,5293.131
5307.464,1776820500,5311.732,5305.664,5308.204
5302.834,1776821400,5309.327,5302.834,5307.447
5301.929,1776822300,5302.814,5293.708,5302.814
5294.689,1776823200,5303.44,5294.689,5301.92
5285.204,1776824100,5294.679,5285.204,5294.679
5284.495,1776825000,5291.154,5282.228,5285.2
5274.991,1776825900,5284.492,5274.991,5284.492
5290.922,1776826800,5296.296,5274.869,5274.985
5280.84,1776827700,5290.902,5280.84,5290.902
5277.534,1776828600,5284.465,5277.534,5280.833
5297.531,1776829500,5298.043,5276.016,5277.524
5287.819,1776830400,5297.521,5287.819,5297.521
5305.472,1776831300,5306.205,5285.294,5287.81
5303.521,1776832200,5307.061,5303.057,5305.451
5294.103,1776833100,5303.514,5294.103,5303.514
5286.223,1776834000,5294.095,5285.879,5294.095
5284.76,1776834900,5290.833,5284.76,5286.213
5280.192,1776835800,5284.745,5278.639,5284.745
5270.316,1776836700,5280.177,5270.316,5280.177
5277.788,1776837600,5286.061,5270.138,5270.293
5279.309,1776838500,5285.859,5276.004,5277.774
5280.842,1776839400,5287.967,5276.728,5279.294
5282.478,1776840300,5284.028,5275.782,5280.82
5285.323,1776841200,5290.523,5281.4,5282.468
5276.607,1776842100,5285.422,5276.607,5285.316
5266.982,1776843000,5276.593,5266.982,5276.593
5268.472,1776843900,5272.278,5262.769,5266.982
5274.15,1776844800,5279.291,5264.975,5268.45
5271.402,1776845700,5274.142,5266.605,5274.142
5284.487,1776846600,5291.965,5269.807,5271.391
5280.161,1776847500,5284.754,5280.161,5284.479
5280.678,1776848400,5286.904,5280.054,5280.143
5274.332,1776849300,5280.654,5271.989,5280.654
5269.83,1776850200,5274.323,5266.732,5274.323
5260.22,1776851100,5269.824,5260.22,5269.824
5255.312,1776852000,5263.984,5255.312,5260.214
5248.459,1776852900,5255.307,5248.459,5255.307
5270.907,1776853800,5271.514,5248.358,5248.45
5277.64,1776854700,5278.057,5268.638,5270.887
5274.087,1776855600,5277.622,5269.425,5277.622
5300.085,1776856500,5301.141,5273.987,5274.086
5294.138,1776857400,5300.073,5292.274,5300.073
5286.43,1776858300,5294.132,5286.43,5294.132
5276.775,1776859200,5286.412,5276.775,5286.412
5273.021,1776860100,5282.355,5273.021,5276.758
5263.617,1776861000,5273.0,5263.617,5273.0
5268.051,1776861900,5271.873,5259.34,5263.596
5270.115,1776862800,5275.206,5263.53,5268.049
5267.835,1776863700,5276.009,5267.835,5270.105
5269.602,1776864600,5269.901,5260.568,5267.82
5259.806,1776865500,5269.588,5259.806,5269.588
5252.519,1776866400,5259.783,5252.519,5259.783
5245.13,1776867300,5252.514,5245.13,5252.514
5247.688,1776868200,5250.12,5241.972,5245.129
5252.442,1776869100,5253.189,5245.68,5247.68
5242.835,1776870000,5252.427,5242.835,5252.427
5250.185,1776870900,5250.985,5238.783,5242.822
5242.869,1776871800,5250.182,5242.869,5250.182
5238.102,1776872700,5242.86,5238.102,5242.86
5233.746,1776873600,5238.088,5231.966,5238.088
5242.283,1776874500,5245.973,5232.154,5233.744
5243.643,1776875400,5252.94,5241.871,5242.273
5239.56,1776876300,5243.629,5238.486,5243.629
5249.106,1776877200,5253.283,5236.521,5239.538
5259.889,1776878100,5261.604,5247.672,5249.105
5250.3,1776879000,5259.878,5250.3,5259.878
5252.987,1776879900,5257.172,5249.434,5250.28
5244.897,1776880800,5252.969,5244.897,5252.969
5255.31,1776881700,5258.338,5244.437,5244.864
5258.357,1776882600,5260.272,5248.144,5255.308
5257.193,1776883500,5265.356,5257.193,5258.352
5260.832,1776884400,5265.042,5255.965,5257.19
5259.36,1776885300,5260.809,5252.943,5260.809
5265.825,1776886200,5266.236,5257.267,5259.359
5267.093,1776887100,5267.317,5260.29,5265.817
5262.356,1776888000,5267.078,5262.3,5267.078
5259.607,1776888900,5263.839,5257.103,5262.351
5250.001,1776889800,5259.602,5250.001,5259.602
5271.024,1776890700,5272.482,5249.842,5249.997
5261.662,1776891600,5271.012,5261.662,5271.012
5266.128,1776892500,5266.939,5253.017,5261.661
5276.073,1776893400,5280.197,5263.771,5266.126
5266.306,1776894300,5276.054,5266.306,5276.054
5287.0,1776895200,5287.889,5264.15,5266.297
5279.33,1776896100,5288.488,5279.33,5286.981
5276.621,1776897000,5280.291,5273.235,5279.325
5267.224,1776897900,5276.61,5267.224,5276.61
5257.791,1776898800,5267.219,5257.791,5267.219
5248.319,1776899700,5257.778,5248.319,5257.778
5253.522,1776900600,5257.033,5246.257,5248.308
5260.219,1776901500,5264.044,5249.406,5253.505
5266.652,1776902400,5269.456,5255.513,5260.203
5259.177,1776903300,5266.991,5259.177,5266.651
5258.024,1776904200,5264.552,5255.836,5259.169
5248.239,1776905100,5258.017,5248.239,5258.017
5239.065,1776906000,5248.227,5239.065,5248.227
5229.597,1776906900,5239.054,5229.597,5239.054
5237.215,1776907800,5240.622,5229.32,5229.595
5232.629,1776908700,5239.165,5232.629,5237.207
5234.456,1776909600,5238.673,5231.273,5232.603
5242.971,1776910500,5245.219,5230.487,5234.453
5241.779,1776911400,5242.96,5234.088,5242.96
5233.777,1776912300,5241.779,5233.777,5241.779
5243.811,1776913200,5244.363,5230.3,5233.771
5234.55,1776914100,5243.811,5234.55,5243.811
5224.683,1776915000,5234.538,5224.683,5234.538
5215.219,1776915900,5224.664,5215.219,5224.664
5212.743,1776916800,5221.481,5212.743,5215.212
5212.992,1776917700,5218.086,5212.12,5212.736
5212.305,1776918600,5213.483,5207.54,5212.985
5205.881,1776919500,5212.757,5205.881,5212.305
5200.695,1776920400,5205.874,5197.482,5205.874
5205.461,1776921300,5206.677,5194.333,5200.68
5210.714,1776922200,5211.073,5201.924,5205.444
5208.969,1776923100,5211.931,5204.358,5210.705
5209.619,1776924000,5214.035,5205.685,5208.957
5206.264,1776924900,5214.101,5206.264,5209.618
5221.014,1776925800,5223.629,5201.925,5206.257
5232.484,1776926700,5233.728,5218.083,5221.011
5222.865,1776927600,5232.483,5222.865,5232.483
5225.869,1776928500,5229.842,5220.503,5222.861
5216.02,1776929400,5225.867,5216.02,5225.867
5224.411,1776930300,5233.081,5215.618,5215.996
5235.646,1776931200,5238.488,5223.172,5224.41
5247.561,1776932100,5249.982,5231.449,5235.642
5247.342,1776933000,5249.149,5240.5,5247.552
5247.497,1776933900,5251.667,5242.997,5247.337
5237.984,1776934800,5247.484,5237.984,5247.484
5252.948,1776935700,5257.967,5237.458,5237.974
5262.106,1776936600,5262.436,5249.815,5252.945
5256.929,1776937500,5262.097,5256.283,5262.097
5261.438,1776938400,5262.543,5251.517,5256.908
5263.466,1776939300,5269.508,5258.839,5261.433
5290.496,1776940200,5292.664,5259.996,5263.464
5300.426,1776941100,5307.933,5290.01,5290.49
5328.707,1776942000,5332.008,5300.359,5300.412
5318.936,1776942900,5328.701,5318.936,5328.701
5324.057,1776943800,5327.574,5318.088,5318.916
5335.362,1776944700,5336.846,5322.572,5324.043
5325.751,1776945600,5335.346,5325.751,5335.346
5330.857,1776946500,5337.213,5323.867,5325.743
5329.98,1776947400,5334.929,5327.159,5330.833
5322.906,1776948300,5329.976,5320.639,5329.976
5321.751,1776949200,5324.946,5318.856,5322.899
5317.91,1776950100,5326.265,5317.91,5321.741
5314.046,1776951000,5317.909,5312.451,5317.909
5309.046,1776951900,5314.036,5306.163,5314.036
5306.448,1776952800,5309.402,5302.649,5309.029
5299.261,1776953700,5306.443,5299.261,5306.443
5289.635,1776954600,5299.258,5289.635,5299.258
5289.944,1776955500,5290.43,5281.104,5289.63
5280.03,1776956400,5289.93,5280.03,5289.93
5272.401,1776957300,5280.019,5271.653,5280.019
5262.97,1776958200,5272.399,5262.97,5272.399
5258.517,1776959100,5262.965,5256.808,5262.965
5254.584,1776960000,5262.328,5254.584,5258.496
5264.035,1776960900,5264.822,5248.836,5254.576
5264.78,1776961800,5274.189,5263.839,5264.028
5255.111,1776962700,5264.774,5255.111,5264.774
5245.966,1776963600,5255.103,5245.966,5255.103
5242.634,1776964500,5245.959,5237.314,5245.959
5237.949,1776965400,5242.622,5237.292,5242.622
5249.196,1776966300,5252.366,5236.696,5237.938
5244.314,1776967200,5252.845,5244.314,5249.176
5250.439,1776968100,5251.875,5241.006,5244.312
5250.757,1776969000,5254.75,5244.787,5250.432
5259.857,1776969900,5264.218,5247.517,5250.736
5252.706,1776970800,5259.847,5250.945,5259.847
5247.454,1776971700,5252.702,5247.454,5252.702
5241.595,1776972600,5248.289,5241.595,5247.45
5232.008,1776973500,5241.584,5232.008,5241.584
5222.947,1776974400,5231.997,5222.947,5231.997
5218.356,1776975300,5223.568,5218.356,5222.931
5223.067,1776976200,5224.366,5214.035,5218.349
5215.302,1776977100,5224.321,5215.302,5223.049
5233.219,1776978000,5237.51,5214.652,5215.29
5237.152,1776978900,5237.445,5229.896,5233.207
5242.459,1776979800,5243.58,5230.34,5237.141
5239.065,1776980700,5246.016,5239.065,5242.444
5246.062,1776981600,5246.404,5235.611,5239.063
5236.582,1776982500,5246.058,5236.582,5246.058
5227.024,1776983400,5236.577,5227.024,5236.577
5234.029,1776984300,5235.864,5226.699,5227.012
5224.777,1776985200,5234.012,5224.777,5234.012
5238.485,1776986100,5241.307,5223.503,5224.775
5234.456,1776987000,5242.807,5234.456,5238.472
5228.504,1776987900,5236.009,5228.504,5234.444
5231.571,1776988800,5232.232,5219.822,5228.499
5236.845,1776989700,5238.834,5231.065,5231.552
5233.198,1776990600,5236.839,5229.883,5236.839
5229.119,1776991500,5235.78,5229.119,5233.192
5227.618,1776992400,5229.107,5220.233,5229.107
5231.618,1776993300,5231.771,5218.704,5227.61
5234.215,1776994200,5241.505,5230.143,5231.605
5227.681,1776995100,5234.208,5226.905,5234.208
5241.226,1776996000,5242.959,5226.218,5227.657
5242.537,1776996900,5246.039,5239.579,5241.224
5233.103,1776997800,5242.525,5233.103,5242.525
5229.363,1776998700,5236.43,5229.363,5233.099
5237.563,1776999600,5239.391,5222.477,5229.342
5228.336,1777000500,5237.559,5228.336,5237.559
5230.739,1777001400,5234.803,5223.748,5228.32
5222.103,1777002300,5230.721,5222.103,5230.721
5235.845,1777003200,5241.352,5220.639,5222.087
5245.569,1777004100,5246.329,5234.952,5235.839
5256.478,1777005000,5257.624,5240.115,5245.563
5259.868,1777005900,5260.892,5253.543,5256.472
5249.985,1777006800,5259.86,5249.985,5259.86
5260.722,1777007700,5262.674,5249.79,5249.975
5260.726,1777008600,5262.952,5253.73,5260.706
5263.735,1777009500,5265.591,5255.93,5260.722
5261.4,1777010400,5266.577,5259.515,5263.719
5252.172,1777011300,5261.396,5252.172,5261.396
5277.01,1777012200,5277.867,5250.212,5252.148
5271.259,1777013100,5276.99,5270.229,5276.99
5263.14,1777014000,5272.339,5263.14,5271.251
5280.396,1777014900,5282.498,5261.809,5263.134
5291.364,1777015800,5293.174,5279.789,5280.395
5293.461,1777016700,5295.341,5285.421,5291.362
5283.942,1777017600,5293.45,5283.942,5293.45
5274.503,1777018500,5283.939,5274.503,5283.939
5282.3,1777019400,5285.63,5274.11,5274.497
5277.911,1777020300,5287.573,5277.911,5282.291
5280.758,1777021200,5282.713,5273.097,5277.905
5298.459,1777022100,5302.651,5280.4,5280.747
5288.868,1777023000,5298.457,5288.868,5298.457
5294.896,1777023900,5298.085,5284.67,5288.851
5293.99,1777024800,5303.236,5293.99,5294.895
5288.307,1777025700,5293.975,5287.767,5293.975
5298.088,1777026600,5301.348,5287.893,5288.301
5292.729,1777027500,5298.696,5292.729,5298.084
5286.125,1777028400,5292.727,5286.125,5292.727
5284.609,1777029300,5287.064,5281.827,5286.108
5280.07,1777030200,5284.608,5277.421,5284.608
5274.598,1777031100,5280.061,5272.515,5280.061
5276.343,1777032000,5282.263,5271.099,5274.59
5268.644,1777032900,5277.899,5268.644,5276.321
5264.865,1777033800,5270.157,5264.865,5268.638
5265.446,1777034700,5267.618,5260.539,5264.863
5258.361,1777035600,5265.686,5258.361,5265.438
5262.013,1777036500,5262.889,5254.947,5258.36
5253.665,1777037400,5262.01,5253.665,5262.01
5256.689,1777038300,5260.288,5248.669,5253.664
5258.478,1777039200,5264.631,5255.741,5256.684
5254.827,1777040100,5259.267,5254.707,5258.469
5262.993,1777041000,5265.948,5253.433,5254.818
5264.27,1777041900,5267.069,5256.281,5262.976
5279.405,1777042800,5280.44,5262.186,5264.254
5295.68,1777043700,5300.491,5277.635,5279.39
5286.282,1777044600,5295.67,5286.282,5295.67
5294.387,1777045500,5300.492,5285.898,5286.264
5291.612,1777046400,5294.38,5287.769,5294.38
5293.087,1777047300,5297.891,5290.884,5291.601
5300.596,1777048200,5304.784,5288.572,5293.071
5292.085,1777049100,5300.567,5292.085,5300.567
5288.229,1777050000,5292.081,5286.373,5292.081
5280.97,1777050900,5290.04,5280.97,5288.22
5281.358,1777051800,5284.916,5275.283,5280.952
5302.547,1777052700,5302.806,5277.005,5281.344
5296.303,1777053600,5302.929,5296.303,5302.528
5302.355,1777054500,5306.019,5293.006,5296.282
5305.773,1777055400,5311.17,5301.421,5302.351
5305.75,1777056300,5307.902,5300.111,5305.76
5296.157,1777057200,5305.742,5296.157,5305.742
5294.441,1777058100,5296.593,5290.648,5296.132
5301.039,1777059000,5302.268,5289.926,5294.429
5294.653,1777059900,5301.03,5294.188,5301.03
5310.327,1777060800,5316.595,5293.92,5294.64
5322.686,1777061700,5323.384,5309.33,5310.323
5327.682,1777062600,5334.861,5322.298,5322.682
5347.108,1777063500,5353.93,5326.802,5327.646
5354.397,1777064400,5357.133,5342.822,5347.094
5368.883,1777065300,5370.094,5347.472,5354.377
5391.606,1777066200,5392.501,5363.6,5368.874
5398.535,1777067100,5400.702,5390.082,5391.59
5409.825,1777068000,5417.289,5397.96,5398.53
5405.301,1777068900,5410.687,5405.301,5409.822
5396.536,1777069800,5405.294,5396.536,5405.294
5402.597,1777070700,5403.448,5388.502,5396.53
5399.017,1777071600,5408.008,5399.017,5402.582
5389.07,1777072500,5398.992,5389.07,5398.992
5382.005,1777073400,5389.049,5382.005,5389.049
5381.335,1777074300,5387.389,5378.269,5382.0
5385.252,1777075200,5387.167,5378.192,5381.319
5390.3,1777076100,5399.262,5384.803,5385.236
5390.695,1777077000,5391.078,5382.89,5390.288
5387.748,1777077900,5390.691,5381.581,5390.691
5378.099,1777078800,5387.745,5378.099,5387.745
5374.497,1777079700,5383.598,5374.497,5378.081
5369.42,1777080600,5374.488,5365.991,5374.488
5359.828,1777081500,5369.407,5359.828,5369.407
5355.291,1777082400,5360.458,5355.291,5359.818
5345.428,1777083300,5355.271,5345.428,5355.271
5350.951,1777084200,5353.71,5345.05,5345.42
5343.481,1777085100,5350.943,5343.481,5350.943
5348.668,1777086000,5351.141,5342.032,5343.481
5338.814,1777086900,5348.664,5338.814,5348.664
5329.285,1777087800,5338.796,5329.285,5338.796
5342.459,1777088700,5342.979,5325.872,5329.269
5352.797,1777089600,5355.659,5337.411,5342.459
5343.298,1777090500,5352.784,5343.298,5352.784
5342.496,1777091400,5348.231,5339.683,5343.291
5332.872,1777092300,5342.488,5332.872,5342.488
5324.084,1777093200,5332.854,5324.084,5332.854
5314.244,1777094100,5324.074,5314.244,5324.074
5324.204,1777095000,5327.187,5308.03,5314.243
5325.155,1777095900,5330.154,5320.842,5324.203
5327.467,1777096800,5329.486,5324.367,5325.154
5336.138,1777097700,5338.611,5326.9,5327.464
5336.296,1777098600,5341.431,5331.44,5336.115
5334.933,1777099500,5340.696,5332.473,5336.275
5344.882,1777100400,5351.043,5332.523,5334.927
5343.612,1777101300,5348.136,5339.647,5344.877
5341.123,1777102200,5348.826,5341.123,5343.608
5333.25,1777103100,5341.121,5333.25,5341.121
5338.912,1777104000,5340.479,5328.826,5333.239
5353.889,1777104900,5354.264,5335.156,5338.895
5351.227,1777105800,5355.323,5350.157,5353.886
5341.303,1777106700,5351.219,5341.303,5351.219
5344.972,1777107600,5352.167,5339.504,5341.289
5336.954,1777108500,5346.186,5336.954,5344.952
5337.53,1777109400,5342.024,5331.712,5336.953
5362.562,1777110300,5364.646,5336.124,5337.521
5366.843,1777111200,5367.702,5353.698,5362.551
5396.477,1777112100,5398.716,5362.769,5366.841
5395.127,1777113000,5396.469,5390.072,5396.469
5393.98,1777113900,5395.124,5386.443,5395.124
5402.171,1777114800,5404.472,5388.571,5393.964
5400.459,1777115700,5410.127,5400.459,5402.169
5396.279,1777116600,5400.458,5393.04,5400.458
5397.439,1777117500,5402.056,5393.166,5396.277
5406.369,1777118400,5407.051,5394.893,5397.421
5396.561,1777119300,5406.349,5396.561,5406.349
5392.338,1777120200,5400.592,5392.338,5396.549
5406.256,1777121100,5407.018,5388.302,5392.327
5401.508,1777122000,5406.245,5400.3,5406.245
5399.601,1777122900,5406.057,5398.342,5401.485
5415.491,1777123800,5417.09,5394.947,5399.575
5405.67,1777124700,5415.483,5405.67,5415.483
5397.288,1777125600,5405.655,5397.288,5405.655
5401.777,1777126500,5405.597,5394.867,5397.273
5406.196,1777127400,5414.747,5401.702,5401.776
5414.476,1777128300,5415.303,5404.654,5406.189
5408.464,1777129200,5414.463,5408.464,5414.463
5423.792,1777130100,5424.48,5405.922,5408.461
5414.477,1777131000,5424.232,5414.477,5423.79
5423.677,1777131900,5426.541,5412.993,5414.476
5413.947,1777132800,5423.674,5413.947,5423.674
5409.771,1777133700,5415.966,5407.173,5413.925
5400.879,1777134600,5409.76,5400.879,5409.76
5412.131,1777135500,5416.003,5398.518,5400.867
5411.875,1777136400,5413.932,5404.712,5412.119
5401.84,1777137300,5411.846,5401.84,5411.846
5397.58,1777138200,5401.828,5393.881,5401.828
5414.755,1777139100,5414.791,5395.392,5397.57
5407.447,1777140000,5414.754,5407.447,5414.754
5418.24,1777140900,5423.31,5404.653,5407.438
5413.566,1777141800,5418.281,5413.357,5418.233
5419.411,1777142700,5424.313,5413.523,5413.549
5424.678,1777143600,5430.498,5416.867,5419.394
5414.893,1777144500,5424.663,5414.893,5424.663
5432.422,1777145400,5432.935,5413.139,5414.885
5446.987,1777146300,5455.6,5431.726,5432.419
5437.511,1777147200,5446.971,5437.511,5446.971
5427.758,1777148100,5437.499,5427.758,5437.499
5417.757,1777149000,5427.752,5417.757,5427.752
5422.306,1777149900,5424.022,5416.684,5417.752
5420.132,1777150800,5424.038,5417.136,5422.287
5432.578,1777151700,5433.095,5418.584,5420.12
5429.849,1777152600,5434.683,5427.616,5432.57
5435.485,1777153500,5438.228,5426.997,5429.833
5429.642,1777154400,5436.409,5429.642,5435.468
5420.294,1777155300,5429.626,5420.294,5429.626
5417.471,1777156200,5424.319,5417.471,5420.261
5421.62,1777157100,5423.636,5415.104,5417.459
5411.499,1777158000,5421.602,5411.499,5421.602
5445.635,1777158900,5449.246,5408.084,5411.474
5441.25,1777159800,5445.619,5438.549,5445.619
5431.656,1777160700,5441.229,5431.656,5441.229
5429.754,1777161600,5433.715,5429.386,5431.649
5428.839,1777162500,5437.41,5428.839,5429.752
5419.662,1777163400,5428.816,5419.662,5428.816
5423.644,1777164300,5423.78,5416.222,5419.637
5419.934,1777165200,5427.72,5419.934,5423.639
5414.383,1777166100,5419.922,5414.383,5419.922
5441.753,1777167000,5443.034,5412.86,5414.366
5434.819,1777167900,5442.576,5434.819,5441.75
5438.666,1777168800,5445.983,5433.829,5434.816
5442.034,1777169700,5442.363,5429.437,5438.659
5448.034,1777170600,5450.328,5437.003,5442.033
5451.726,1777171500,5457.483,5444.165,5448.032
5459.589,1777172400,5459.721,5450.274,5451.714
5451.143,1777173300,5459.56,5451.143,5459.56
5441.326,1777174200,5451.124,5441.326,5451.124
5464.904,1777175100,5466.315,5440.903,5441.309
5455.215,1777176000,5464.9,5455.215,5464.9
5447.448,1777176900,5456.081,5447.448,5455.202
5441.142,1777177800,5449.857,5441.142,5447.437
5435.03,1777178700,5441.141,5433.572,5441.141
5435.138,1777179600,5437.967,5429.942,5435.026
5428.037,1777180500,5435.383,5428.037,5435.124
5425.838,1777181400,5435.19,5425.838,5428.036
5427.074,1777182300,5432.168,5422.422,5425.833
5438.754,1777183200,5442.474,5426.605,5427.044
5469.417,1777184100,5471.139,5437.95,5438.753
5462.413,1777185000,5469.411,5460.873,5469.411
5456.441,1777185900,5465.219,5456.441,5462.411
5479.477,1777186800,5480.005,5452.605,5456.418
5469.783,1777187700,5479.455,5469.783,5479.455
5488.809,1777188600,5489.677,5464.188,5469.777
5496.934,1777189500,5501.555,5485.738,5488.805
5491.055,1777190400,5496.933,5490.4,5496.933
5481.101,1777191300,5491.05,5481.101,5491.05
5483.642,1777192200,5488.002,5478.707,5481.082
5473.772,1777193100,5483.639,5473.772,5483.639
5464.461,1777194000,5473.765,5464.461,5473.765
5462.06,1777194900,5470.069,5462.06,5464.45
5457.747,1777195800,5462.051,5457.199,5462.051
5462.869,1777196700,5466.887,5457.439,5457.741
5470.156,1777197600,5470.61,5457.432,5462.849
5460.075,1777198500,5470.145,5460.075,5470.145
5450.374,1777199400,5460.069,5450.374,5460.069
5460.516,1777200300,5465.284,5449.859,5450.364
5458.408,1777201200,5466.114,5458.307,5460.507
5448.621,1777202100,5458.407,5448.621,5458.407
5438.82,1777203000,5448.62,5438.82,5448.62
5445.45,1777203900,5448.239,5434.527,5438.814
5440.313,1777204800,5445.445,5438.145,5445.445
5451.957,1777205700,5455.095,5438.965,5440.299
5453.998,1777206600,5455.03,5446.372,5451.944
5446.291,1777207500,5453.979,5446.291,5453.979
5454.157,1777208400,5455.644,5442.504,5446.271
5445.585,1777209300,5455.453,5445.585,5454.129
5457.84,1777210200,5461.289,5443.714,5445.561
5459.458,1777211100,5460.377,5450.443,5457.831
5461.963,1777212000,5465.165,5453.328,5459.455
5461.146,1777212900,5463.872,5458.202,5461.935
5459.728,1777213800,5463.954,5457.47,5461.133
5480.331,1777214700,5481.577,5459.337,5459.721
5491.92,1777215600,5500.288,5479.55,5480.317
5504.545,1777216500,5509.491,5488.289,5491.898
5506.329,1777217400,5510.291,5498.847,5504.543
5505.828,1777218300,5510.555,5501.145,5506.322
5515.881,1777219200,5516.917,5497.818,5505.808
5515.658,1777220100,5522.979,5515.317,5515.865
5505.596,1777221000,5515.637,5505.596,5515.637
5535.737,1777221900,5537.953,5503.977,5505.584
5533.551,1777222800,5540.832,5533.095,5535.73
5546.25,1777223700,5551.944,5533.059,5533.546
5557.123,1777224600,5561.265,5545.347,5546.246
5575.112,1777225500,5582.089,5556.819,5557.093
5568.153,1777226400,5575.102,5568.153,5575.102
5559.492,1777227300,5568.153,5559.492,5568.153
5549.407,1777228200,5559.481,5549.407,5559.481
5539.178,1777229100,5549.401,5539.178,5549.401
5529.386,1777230000,5539.166,5529.386,5539.166
5524.562,1777230900,5529.378,5521.301,5529.378
5542.782,1777231800,5543.474,5520.374,5524.545
5535.375,1777232700,5542.778,5535.375,5542.778
5528.725,1777233600,5536.205,5528.725,5535.356
5537.637,1777234500,5539.773,5525.881,5528.699
5527.692,1777235400,5537.633,5527.692,5537.633
5533.306,1777236300,5537.137,5524.258,5527.678
5535.164,1777237200,5536.351,5527.687,5533.294
5538.373,1777238100,5547.176,5534.369,5535.161
5528.642,1777239000,5538.349,5528.642,5538.349
5528.042,1777239900,5532.84,5525.236,5528.63
5523.828,1777240800,5531.867,5523.828,5528.019
5529.221,1777241700,5530.605,5520.143,5523.807
5519.466,1777242600,5529.202,5519.466,5529.202
5511.961,1777243500,5519.437,5511.961,5519.437
5511.504,1777244400,5515.112,5508.287,5511.949
5510.519,1777245300,5515.604,5509.702,5511.5
5515.651,1777246200,5519.959,5509.564,5510.506
5513.029,1777247100,5518.94,5513.029,5515.631
5507.132,1777248000,5515.421,5507.132,5513.017
5497.991,1777248900,5507.118,5497.991,5507.118
5496.628,1777249800,5500.42,5492.548,5497.972
5493.121,1777250700,5496.623,5489.032,5496.623
5493.53,1777251600,5494.888,5488.441,5493.101
5484.217,1777252500,5493.521,5484.217,5493.521
5483.895,1777253400,5489.114,5479.584,5484.201
5492.925,1777254300,5495.6,5483.644,5483.893
5491.78,1777255200,5492.911,5484.654,5492.911
5510.438,1777256100,5516.116,5490.84,5491.774
5500.136,1777257000,5510.422,5500.136,5510.422
5494.56,1777257900,5500.12,5493.025,5500.12
5484.228,1777258800,5494.555,5484.228,5494.555
5482.581,1777259700,5487.364,5479.628,5484.212
5473.019,1777260600,5482.572,5473.019,5482.572
5472.523,1777261500,5475.75,5468.785,5473.014
5470.463,1777262400,5472.518,5463.399,5472.518
5469.907,1777263300,5475.615,5468.679,5470.444
5475.006,1777264200,5481.898,5468.469,5469.899
5469.106,1777265100,5477.615,5469.106,5474.997
5469.713,1777266000,5475.579,5465.154,5469.093
5468.338,1777266900,5469.807,5462.251,5469.702
5467.554,1777267800,5468.318,5459.115,5468.318
5498.459,1777268700,5499.446,5461.955,5467.553
5500.105,1777269600,5501.943,5495.388,5498.437
5494.052,1777270500,5502.526,5494.052,5500.094
5489.873,1777271400,5494.033,5487.413,5494.033
5508.35,1777272300,5515.334,5488.168,5489.866
5517.01,1777273200,5520.898,5506.29,5508.346
5510.982,1777274100,5516.999,5510.294,5516.999
5522.525,1777275000,5524.081,5506.054,5510.97
5520.895,1777275900,5527.054,5518.164,5522.522
5512.505,1777276800,5520.891,5512.505,5520.891
5511.785,1777277700,5512.974,5504.032,5512.503
5507.913,1777278600,5511.777,5502.153,5511.777
5499.484,1777279500,5507.893,5499.484,5507.893
5499.197,1777280400,5505.752,5497.329,5499.458
5501.976,1777281300,5504.01,5495.041,5499.195
5497.566,1777282200,5504.413,5497.566,5501.973
5487.51,1777283100,5497.562,5487.51,5497.562
5492.46,1777284000,5497.901,5483.273,5487.51
5495.74,1777284900,5503.511,5490.499,5492.452
5490.238,1777285800,5496.654,5490.238,5495.732
5499.137,1777286700,5503.794,5488.425,5490.212
5490.735,1777287600,5499.122,5490.735,5499.122
5482.959,1777288500,5490.731,5482.959,5490.731
5475.733,1777289400,5482.952,5474.268,5482.952
5476.863,1777290300,5484.275,5473.766,5475.724
5474.633,1777291200,5478.056,5470.557,5476.853
5475.858,1777292100,5480.974,5471.775,5474.625
5484.034,1777293000,5487.537,5474.141,5475.848
5475.482,1777293900,5484.019,5475.482,5484.019
5466.039,1777294800,5475.458,5466.039,5475.458
5458.219,1777295700,5467.009,5458.219,5466.026
5477.902,1777296600,5479.203,5456.073,5458.216
5475.441,1777297500,5481.904,5474.229,5477.885
5471.553,1777298400,5475.441,5468.316,5475.441
5469.151,1777299300,5476.787,5469.151,5471.546
5470.784,1777300200,5475.212,5465.44,5469.129
5489.518,1777301100,5491.404,5466.07,5470.778
5510.232,1777302000,5511.57,5488.445,5489.51
5506.96,1777302900,5514.196,5506.96,5510.217
5503.883,1777303800,5508.633,5502.435,5506.951
5509.186,1777304700,5515.844,5503.862,5503.862
5511.601,1777305600,5520.379,5507.989,5509.171
5508.306,1777306500,5513.311,5508.306,5511.588
5502.719,1777307400,5509.106,5502.719,5508.305
5505.898,1777308300,5510.659,5501.704,5502.718
5511.156,1777309200,5519.29,5505.458,5505.896
5517.797,1777310100,5524.765,5508.076,5511.141
5514.974,1777311000,5518.827,5511.503,5517.781
5505.111,1777311900,5514.971,5505.111,5514.971
5510.756,1777312800,5517.513,5502.948,5505.084
5515.823,1777313700,5520.553,5509.132,5510.754
5514.561,1777314600,5518.544,5509.767,5515.811
5536.007,1777315500,5539.074,5513.491,5514.554
5526.551,1777316400,5535.998,5526.551,5535.998
5517.877,1777317300,5526.536,5517.877,5526.536
5507.889,1777318200,5517.865,5507.889,5517.865
5514.095,1777319100,5519.232,5504.507,5507.885
5517.545,1777320000,5520.191,5509.753,5514.09
5512.432,1777320900,5517.748,5512.432,5517.511
5508.614,1777321800,5512.424,5504.159,5512.424
5509.28,1777322700,5515.122,5507.851,5508.611
5518.505,1777323600,5522.392,5508.203,5509.276
5519.198,1777324500,5523.639,5514.846,5518.5
5513.967,1777325400,5521.345,5513.967,5519.195
5515.726,1777326300,5520.349,5510.237,5513.961
5518.912,1777327200,5524.107,5514.921,5515.709
5508.552,1777328100,5518.909,5508.552,5518.909
5527.129,1777329000,5527.399,5500.493,5508.542
5517.626,1777329900,5527.116,5517.626,5527.116
5523.444,1777330800,5525.974,5512.287,5517.622
5513.068,1777331700,5523.431,5513.068,5523.431
5536.03,1777332600,5543.235,5512.89,5513.055
5527.058,1777333500,5536.018,5527.058,5536.018
5533.77,1777334400,5540.139,5525.589,5527.049
5544.869,1777335300,5551.149,5531.583,5533.754
5534.819,1777336200,5544.863,5534.819,5544.863
5536.461,1777337100,5540.862,5529.309,5534.815
5542.361,1777338000,5543.046,5533.034,5536.455
5543.878,1777338900,5546.267,5537.946,5542.348
5543.767,1777339800,5548.89,5539.029,5543.864
5533.502,1777340700,5543.743,5533.502,5543.743
5541.335,1777341600,5546.583,5532.74,5533.498
5534.306,1777342500,5541.316,5534.306,5541.316
5548.848,1777343400,5551.99,5534.231,5534.296
5543.757,1777344300,5550.446,5543.757,5548.837
5533.759,1777345200,5543.744,5533.759,5543.744
5524.914,1777346100,5533.753,5524.914,5533.753
5518.276,1777347000,5527.423,5518.276,5524.887
5533.248,1777347900,5537.239,5517.493,5518.265
5529.936,1777348800,5533.988,5528.233,5533.225
5520.454,1777349700,5529.922,5520.454,5529.922
5522.418,1777350600,5523.779,5513.29,5520.446
5524.621,1777351500,5528.88,5520.573,5522.406
5543.161,1777352400,5546.782,5522.156,5524.609
5533.093,1777353300,5543.143,5533.093,5543.143
5523.065,1777354200,5533.072,5523.065,5533.072
5519.993,1777355100,5527.974,5519.993,5523.057
5510.035,1777356000,5519.985,5510.035,5519.985
5509.896,1777356900,5517.611,5508.827,5510.034
5510.742,1777357800,5517.296,5509.429,5509.868
5502.594,1777358700,5510.736,5502.594,5510.736
5492.91,1777359600,5502.575,5492.91,5502.575
5508.714,1777360500,5508.993,5492.423,5492.903
5518.211,1777361400,5518.823,5502.347,5508.708
5507.908,1777362300,5518.206,5507.908,5518.206
5512.485,1777363200,5515.212,5504.034,5507.904
5504.99,1777364100,5512.478,5503.71,5512.478
5501.968,1777365000,5509.564,5501.968,5504.972
5502.108,1777365900,5502.345,5492.41,5501.955
5502.736,1777366800,5505.334,5495.085,5502.095
5492.661,1777367700,5502.736,5492.661,5502.736
5483.039,1777368600,5492.651,5483.039,5492.651
5473.25,1777369500,5483.031,5473.25,5483.031
5468.288,1777370400,5477.108,5468.288,5473.235
5463.295,1777371300,5468.284,5463.124,5468.284
5460.874,1777372200,5464.828,5460.874,5463.293
5467.574,1777373100,5473.553,5458.245,5460.855
5463.256,1777374000,5468.1,5462.619,5467.566
5460.339,1777374900,5463.681,5458.547,5463.25
5468.906,1777375800,5472.112,5455.888,5460.328
5474.559,1777376700,5474.885,5462.742,5468.904
5464.408,1777377600,5474.549,5464.408,5474.549
5457.612,1777378500,5464.406,5457.612,5464.406
5464.505,1777379400,5466.708,5452.317,5457.611
5454.438,1777380300,5464.484,5454.438,5464.484
5444.424,1777381200,5454.43,5444.424,5454.43
5435.678,1777382100,5444.613,5435.678,5444.421
5441.279,1777383000,5442.602,5430.194,5435.675
5448.63,1777383900,5452.467,5438.1,5441.27
5443.316,1777384800,5452.541,5443.316,5448.623
5433.711,1777385700,5443.305,5433.711,5443.305
5445.552,1777386600,5453.448,5432.628,5433.693
5442.821,1777387500,5445.546,5440.895,5445.546
5432.946,1777388400,5442.812,5432.946,5442.812
5431.863,1777389300,5438.29,5429.436,5432.942
5422.158,1777390200,5431.859,5422.158,5431.859
5436.448,1777391100,5438.451,5419.487,5422.154
5431.711,1777392000,5441.846,5431.711,5436.447
5421.994,1777392900,5431.696,5421.994,5431.696
5441.529,1777393800,5448.702,5421.389,5421.986
5432.651,1777394700,5441.497,5432.651,5441.497
5422.982,1777395600,5432.644,5422.982,5432.644
5434.714,1777396500,5437.203,5422.772,5422.962
5429.343,1777397400,5434.713,5426.589,5434.713
5424.851,1777398300,5430.425,5424.851,5429.339
5441.802,1777399200,5444.198,5422.36,5424.849
5431.737,1777400100,5441.783,5431.737,5441.783
5434.295,1777401000,5437.319,5429.222,5431.718
5448.224,1777401900,5456.051,5432.219,5434.266
5444.648,1777402800,5448.211,5438.796,5448.211
5447.662,1777403700,5453.168,5440.25,5444.631
5447.377,1777404600,5450.868,5441.984,5447.654
5438.907,1777405500,5447.366,5438.907,5447.366
5448.233,1777406400,5451.824,5437.015,5438.905
5453.123,1777407300,5454.503,5444.537,5448.224
5443.103,1777408200,5453.109,5443.103,5453.109
5452.588,1777409100,5454.968,5441.586,5443.102
5443.773,1777410000,5452.563,5443.07,5452.563
5433.838,1777410900,5443.754,5433.838,5443.754
5426.676,1777411800,5433.821,5426.676,5433.821
5432.882,1777412700,5439.699,5425.151,5426.675
5423.535,1777413600,5432.868,5423.535,5432.868
5414.169,1777414500,5423.534,5414.169,5423.534
5422.126,1777415400,5423.18,5411.949,5414.163
5412.795,1777416300,5422.124,5412.795,5422.124
5410.815,1777417200,5418.052,5409.85,5412.783
5401.577,1777418100,5410.805,5401.577,5410.805
5411.02,1777419000,5412.147,5400.341,5401.57
5405.571,1777419900,5411.003,5405.571,5411.003
5397.483,1777420800,5405.563,5397.351,5405.563
5398.37,1777421700,5399.603,5389.006,5397.47
5413.102,1777422600,5413.726,5396.622,5398.365
5417.455,1777423500,5422.659,5409.679,5413.08
5423.748,1777424400,5428.292,5417.065,5417.453
5413.984,1777425300,5423.746,5413.984,5423.746
5405.241,1777426200,5413.986,5405.241,5413.976
5414.762,1777427100,5416.421,5403.126,5405.235
5409.199,1777428000,5414.758,5408.774,5414.758
5408.519,1777428900,5416.185,5408.384,5409.192
5414.638,1777429800,5418.889,5408.404,5408.498
5408.88,1777430700,5414.634,5408.055,5414.634
5410.7,1777431600,5414.214,5404.308,5408.879
5412.798,1777432500,5412.97,5404.608,5410.687
5413.252,1777433400,5419.374,5409.491,5412.796
5403.493,1777434300,5413.247,5403.493,5413.247
5403.194,1777435200,5403.489,5395.761,5403.489
5398.55,1777436100,5403.19,5398.425,5403.19
5388.815,1777437000,5398.532,5388.815,5398.532
5399.256,1777437900,5399.468,5384.267,5388.812
5390.311,1777438800,5399.235,5390.311,5399.235
5386.614,1777439700,5394.851,5386.614,5390.306
5383.068,1777440600,5387.796,5381.627,5386.588
5382.917,1777441500,5391.986,5382.701,5383.064
5379.5,1777442400,5384.908,5378.658,5382.914
5393.562,1777443300,5394.453,5378.694,5379.485
5389.869,1777444200,5396.84,5389.869,5393.555
5380.334,1777445100,5389.86,5380.334,5389.86
5370.371,1777446000,5380.312,5370.371,5380.312
5372.189,1777446900,5372.75,5368.373,5370.343
5362.557,1777447800,5372.179,5362.557,5372.179
5368.317,1777448700,5375.039,5361.539,5362.543
5383.081,1777449600,5387.303,5363.268,5368.308
5382.369,1777450500,5383.417,5375.411,5383.079
5382.433,1777451400,5389.817,5382.055,5382.364
5373.051,1777452300,5382.432,5373.051,5382.432
5380.925,1777453200,5385.014,5371.594,5373.049
5371.176,1777454100,5380.921,5371.176,5380.921
5388.078,1777455000,5391.9,5371.059,5371.168
5382.103,1777455900,5388.064,5382.103,5388.064
5380.604,1777456800,5382.095,5372.495,5382.095
5410.112,1777457700,5411.571,5380.047,5380.596
5407.474,1777458600,5410.32,5403.444,5410.102
5412.773,1777459500,5416.295,5406.644,5407.459
5409.564,1777460400,5416.428,5409.501,5412.766
5406.583,1777461300,5411.513,5405.082,5409.538
5408.649,1777462200,5413.778,5401.735,5406.579
5408.935,1777463100,5411.33,5401.402,5408.638
5407.139,1777464000,5408.926,5400.277,5408.926
5429.152,1777464900,5435.308,5406.848,5407.127
5437.206,1777465800,5439.888,5424.523,5429.136
5430.827,1777466700,5437.198,5430.827,5437.198
5452.959,1777467600,5453.26,5428.002,5430.823
5458.201,1777468500,5460.963,5451.834,5452.955
5469.034,1777469400,5471.441,5455.456,5458.192
5460.633,1777470300,5469.632,5460.633,5469.031
5451.145,1777471200,5460.614,5451.145,5460.614
5444.655,1777472100,5451.14,5444.655,5451.14
5436.487,1777473000,5444.634,5436.487,5444.634
5426.734,1777473900,5436.48,5426.734,5436.48
5431.424,1777474800,5432.412,5418.316,5426.71
5423.825,1777475700,5432.946,5423.825,5431.424
5414.268,1777476600,5423.821,5414.268,5423.821
5419.442,1777477500,5419.468,5410.384,5414.265
5409.694,1777478400,5419.432,5409.694,5419.432
5409.645,1777479300,5415.066,5405.52,5409.683
5426.099,1777480200,5428.44,5407.242,5409.639
5427.012,1777481100,5435.007,5424.584,5426.088
5437.707,1777482000,5438.009,5425.483,5427.007
5439.188,1777482900,5442.159,5437.566,5437.698
5441.96,1777483800,5448.377,5438.574,5439.186
5437.052,1777484700,5443.323,5437.052,5441.96
5447.383,1777485600,5448.597,5434.212,5437.051
5444.949,1777486500,5449.059,5442.324,5447.376
5435.395,1777487400,5444.938,5435.395,5444.938
5428.177,1777488300,5435.388,5428.177,5435.388
5420.965,1777489200,5428.176,5420.965,5428.176
5415.641,1777490100,5420.957,5415.303,5420.957
5429.686,1777491000,5429.83,5413.92,5415.627
5420.124,1777491900,5429.678,5420.124,5429.678
5416.642,1777492800,5424.315,5416.642,5420.124
5414.921,1777493700,5420.467,5412.652,5416.635
5412.546,1777494600,5420.918,5412.546,5414.894
5406.305,1777495500,5412.545,5406.305,5412.545
5396.349,1777496400,5406.293,5396.349,5406.293
5405.671,1777497300,5409.237,5393.319,5396.341
5410.219,1777498200,5415.62,5404.414,5405.67
5400.49,1777499100,5410.212,5400.49,5410.212
5402.769,1777500000,5406.468,5396.015,5400.476
5407.034,1777500900,5407.763,5394.221,5402.752
5401.979,1777501800,5411.767,5401.979,5407.033
5395.887,1777502700,5401.978,5394.542,5401.978
5396.298,1777503600,5400.094,5390.294,5395.883
5396.825,1777504500,5398.837,5391.443,5396.294
5420.325,1777505400,5420.931,5394.122,5396.818
5424.102,1777506300,5429.161,5415.596,5420.32
5434.604,1777507200,5435.996,5419.503,5424.101
5424.787,1777508100,5434.602,5424.787,5434.602
5419.139,1777509000,5426.812,5419.139,5424.775
5425.254,1777509900,5433.642,5418.759,5419.136
5415.399,1777510800,5425.244,5415.399,5425.244
5413.181,1777511700,5416.858,5410.944,5415.379
5409.89,1777512600,5413.17,5407.16,5413.17
5415.203,1777513500,5418.824,5404.604,5409.886
5405.92,1777514400,5415.187,5405.92,5415.187
5399.373,1777515300,5405.91,5399.373,5405.91
5389.473,1777516200,5399.372,5389.473,5399.372
5389.673,1777517100,5391.524,5381.601,5389.467
5382.153,1777518000,5390.233,5382.153,5389.668
5389.682,1777518900,5389.772,5376.832,5382.142
5390.752,1777519800,5394.039,5388.017,5389.681
5381.595,1777520700,5390.719,5381.595,5390.719
5399.342,1777521600,5402.393,5378.823,5381.579
5402.174,1777522500,5402.244,5389.741,5399.326
5393.794,1777523400,5402.161,5393.794,5402.161
5385.024,1777524300,5394.143,5385.024,5393.792
5385.457,1777525200,5387.056,5376.78,5385.022
5379.571,1777526100,5387.079,5379.571,5385.449
5390.205,1777527000,5395.801,5378.912,5379.559
5391.078,1777527900,5392.877,5388.02,5390.192
5395.807,1777528800,5397.238,5387.607,5391.076
5386.288,1777529700,5395.797,5386.288,5395.797
5376.9,1777530600,5386.269,5376.9,5386.269
5376.566,1777531500,5378.702,5369.526,5376.88
5370.808,1777532400,5376.557,5368.123,5376.557
5365.833,1777533300,5370.799,5363.733,5370.799
5371.972,1777534200,5374.756,5362.881,5365.82
5372.491,1777535100,5373.512,5365.507,5371.951
5362.926,1777536000,5372.475,5362.926,5372.475
5353.158,1777536900,5362.918,5353.158,5362.918
5365.218,1777537800,5365.223,5347.634,5353.141
5365.675,1777538700,5372.887,5363.317,5365.196
5364.242,1777539600,5366.561,5358.512,5365.668
5363.732,1777540500,5371.61,5362.594,5364.231
5354.167,1777541400,5363.711,5354.167,5363.711
5348.118,1777542300,5354.164,5348.118,5354.164
5362.814,1777543200,5365.704,5345.817,5348.107
5369.561,1777544100,5374.711,5362.76,5362.791
5369.867,1777545000,5371.716,5362.332,5369.556
5385.507,1777545900,5386.635,5365.1,5369.862
5375.906,1777546800,5385.501,5375.906,5385.501
5386.154,1777547700,5388.76,5368.602,5375.899
5395.475,1777548600,5398.278,5382.793,5386.128
5411.579,1777549500,5415.224,5395.338,5395.473
5410.54,1777550400,5416.493,5408.027,5411.569
5428.715,1777551300,5431.207,5409.214,5410.524
5418.865,1777552200,5428.701,5418.865,5428.701
5425.498,1777553100,5430.369,5416.555,5418.864
5416.291,1777554000,5425.84,5416.291,5425.486
5420.031,1777554900,5422.502,5409.564,5416.268
5417.059,1777555800,5420.008,5413.189,5420.008
5415.99,1777556700,5424.505,5415.371,5417.053
5407.795,1777557600,5415.974,5407.795,5415.974
5404.317,1777558500,5411.928,5404.317,5407.793
5406.31,1777559400,5406.548,5394.574,5404.3
5420.913,1777560300,5422.702,5403.596,5406.28
5410.832,1777561200,5420.901,5410.832,5420.901
5405.701,1777562100,5413.358,5405.701,5410.82
5408.034,1777563000,5413.362,5401.859,5405.701
5401.27,1777563900,5408.012,5401.27,5408.012
5395.136,1777564800,5401.261,5392.662,5401.261
5389.823,1777565700,5398.396,5389.823,5395.119
5383.09,1777566600,5389.803,5383.09,5389.803
5402.766,1777567500,5404.064,5382.314,5383.086
5409.443,1777568400,5413.444,5397.292,5402.761
5412.608,1777569300,5412.845,5403.112,5409.438
5402.913,1777570200,5412.603,5402.913,5412.603
5417.306,1777571100,5418.713,5400.188,5402.89
5407.756,1777572000,5417.295,5407.756,5417.295
5400.295,1777572900,5407.744,5400.122,5407.744
5402.707,1777573800,5406.22,5394.738,5400.295
5392.886,1777574700,5402.694,5392.886,5402.694
5391.512,1777575600,5396.703,5389.986,5392.862
5390.419,1777576500,5393.731,5384.988,5391.512
5392.14,1777577400,5397.329,5390.259,5390.399
5394.683,1777578300,5398.279,5390.308,5392.135
5384.831,1777579200,5394.68,5384.831,5394.68
5375.233,1777580100,5384.815,5375.233,5384.815
5365.323,1777581000,5375.21,5365.323,5375.21
5379.462,1777581900,5380.165,5360.063,5365.313
5371.152,1777582800,5379.459,5370.128,5379.459
5378.934,1777583700,5381.572,5368.988,5371.149
5380.004,1777584600,5387.764,5376.929,5378.929
5371.782,1777585500,5379.984,5371.782,5379.984
5361.98,1777586400,5371.774,5361.98,5371.774
5352.432,1777587300,5361.978,5352.432,5361.978
5354.951,1777588200,5358.037,5351.908,5352.429
5357.206,1777589100,5360.487,5352.165,5354.933
5352.982,1777590000,5358.016,5352.21,5357.2
5358.224,1777590900,5360.899,5351.634,5352.98
5348.947,1777591800,5358.199,5348.947,5358.199
5348.4,1777592700,5351.364,5345.112,5348.931
5364.503,1777593600,5364.538,5346.495,5348.386
5362.766,1777594500,5367.876,5361.892,5364.498
5352.944,1777595400,5362.761,5352.944,5362.761
5350.308,1777596300,5353.435,5346.414,5352.937
5348.648,1777597200,5354.731,5346.963,5350.293
5348.903,1777598100,5352.771,5344.49,5348.634
5339.278,1777599000,5348.903,5339.278,5348.903
5335.176,1777599900,5339.634,5334.94,5339.278
5346.892,1777600800,5350.487,5335.128,5335.166
5337.315,1777601700,5346.886,5337.315,5346.886
5332.255,1777602600,5340.43,5332.255,5337.312
5332.151,1777603500,5332.806,5327.149,5332.243
5331.989,1777604400,5334.493,5325.304,5332.146
5338.603,1777605300,5345.3,5330.883,5331.973
5330.716,1777606200,5338.589,5330.716,5338.589
5325.05,1777607100,5330.698,5322.84,5330.698
5337.131,1777608000,5340.598,5322.46,5325.035
5335.676,1777608900,5341.579,5335.676,5337.122
5341.319,1777609800,5345.247,5333.995,5335.672
5331.813,1777610700,5341.308,5331.813,5341.308
5323.027,1777611600,5331.808,5323.027,5331.808
5337.29,1777612500,5338.921,5317.506,5323.025
5338.91,1777613400,5339.029,5329.538,5337.274
5329.67,1777614300,5338.897,5329.67,5338.897
5320.166,1777615200,5329.668,5320.166,5329.668
5315.505,1777616100,5320.138,5313.278,5320.138
5314.993,1777617000,5317.324,5311.453,5315.484
5305.407,1777617900,5314.99,5305.407,5314.99
5295.589,1777618800,5305.401,5295.589,5305.401
5286.819,1777619700,5295.588,5286.819,5295.588
5277.386,1777620600,5286.818,5277.386,5286.818
5288.865,1777621500,5289.156,5276.102,5277.378
5302.695,1777622400,5305.145,5287.956,5288.865
5300.852,1777623300,5302.955,5298.358,5302.691
5291.044,1777624200,5300.834,5291.044,5300.834
5281.572,1777625100,5291.033,5281.572,5291.033
5271.855,1777626000,5281.556,5271.855,5281.556
5265.839,1777626900,5271.907,5265.839,5271.855
5257.927,1777627800,5265.814,5257.883,5265.814
5258.97,1777628700,5259.709,5249.196,5257.916
5266.494,1777629600,5269.255,5255.046,5258.966
5256.73,1777630500,5266.492,5256.73,5266.492
5263.07,1777631400,5269.472,5254.514,5256.712
5271.851,1777632300,5276.074,5260.281,5263.066
5291.695,1777633200,5293.028,5271.627,5271.831
5288.595,1777634100,5291.919,5287.052,5291.675
5298.181,1777635000,5298.259,5286.479,5288.583
5288.288,1777635900,5298.159,5288.288,5298.159
5288.173,1777636800,5291.139,5284.492,5288.272
5296.966,1777637700,5298.475,5283.982,5288.159
5287.663,1777638600,5296.952,5287.663,5296.952
5279.332,1777639500,5287.654,5279.332,5287.654
5275.415,1777640400,5284.836,5275.415,5279.321
5266.072,1777641300,5275.394,5266.072,5275.394
5270.627,1777642200,5276.608,5264.626,5266.065
5261.145,1777643100,5270.626,5261.145,5270.626
5251.869,1777644000,5261.137,5251.869,5261.137
5248.473,1777644900,5252.85,5247.029,5251.864
5240.321,1777645800,5248.455,5239.224,5248.455
5230.774,1777646700,5240.298,5230.774,5240.298
5250.924,1777647600,5259.059,5230.622,5230.759
5250.886,1777648500,5255.431,5247.709,5250.916
5245.691,1777649400,5252.684,5245.691,5250.864
5252.774,1777650300,5260.616,5245.446,5245.684
5244.601,1777651200,5252.764,5244.601,5252.764
5243.943,1777652100,5247.914,5240.279,5244.588
5238.291,1777653000,5244.431,5238.291,5243.916
5245.83,1777653900,5246.183,5236.032,5238.287
5239.908,1777654800,5247.011,5239.908,5245.823
5230.826,1777655700,5239.888,5230.826,5239.888
5235.445,1777656600,5241.278,5229.011,5230.801
5238.776,1777657500,5242.006,5234.476,5235.429
5249.0,1777658400,5252.346,5234.173,5238.759
5239.734,1777659300,5248.999,5239.734,5248.999
5240.09,1777660200,5244.971,5235.753,5239.733
5239.274,1777661100,5247.507,5239.274,5240.055
5235.157,1777662000,5243.47,5235.157,5239.255
5225.776,1777662900,5235.156,5225.776,5235.156
5226.219,1777663800,5234.365,5224.571,5225.756
5216.64,1777664700,5226.218,5216.64,5226.218
5213.89,1777665600,5222.232,5213.89,5216.639
5223.166,1777666500,5227.513,5212.881,5213.869
5214.908,1777667400,5223.153,5213.768,5223.153
5205.871,1777668300,5214.896,5205.871,5214.896
5223.443,1777669200,5226.755,5203.137,5205.87
5213.962,1777670100,5223.44,5213.962,5223.44
5208.557,1777671000,5213.957,5208.557,5213.957
5210.868,1777671900,5216.871,5207.744,5208.543
5207.831,1777672800,5212.378,5207.02,5210.843
5205.286,1777673700,5213.117,5205.286,5207.811
5209.959,1777674600,5212.75,5200.397,5205.274
5210.8,1777675500,5218.211,5208.904,5209.949
5214.824,1777676400,5217.993,5207.494,5210.793
5223.342,1777677300,5223.471,5208.028,5214.812
5214.074,1777678200,5223.329,5214.074,5223.329
5212.344,1777679100,5215.388,5208.601,5214.069
5225.047,1777680000,5225.365,5211.067,5212.343
5240.004,1777680900,5242.614,5224.41,5225.042
5250.209,1777681800,5251.488,5239.706,5239.989
5279.231,1777682700,5280.254,5248.256,5250.2
5269.466,1777683600,5279.229,5269.466,5279.229
5276.342,1777684500,5279.488,5267.947,5269.449
5294.18,1777685400,5297.471,5275.525,5276.34
5324.157,1777686300,5326.806,5291.751,5294.167
5322.952,1777687200,5327.146,5322.416,5324.129
5312.891,1777688100,5322.951,5312.891,5322.951
5311.783,1777689000,5313.645,5305.515,5312.89
5329.383,1777689900,5330.438,5306.667,5311.755
5348.274,1777690800,5352.19,5324.578,5329.37
5365.609,1777691700,5367.003,5347.598,5348.266
5365.246,1777692600,5365.988,5360.013,5365.59
5355.576,1777693500,5365.231,5355.576,5365.231
5356.239,1777694400,5363.646,5355.12,5355.551
5378.429,1777695300,5379.313,5353.791,5356.223
5378.469,1777696200,5382.826,5375.594,5378.425
5374.684,1777697100,5380.797,5374.684,5378.459
5373.813,1777698000,5375.012,5366.526,5374.675
5378.222,1777698900,5381.481,5373.183,5373.812
5379.293,1777699800,5383.105,5372.213,5378.216
5393.366,1777700700,5397.159,5378.674,5379.289
5388.15,1777701600,5393.358,5388.113,5393.358
5385.864,1777702500,5392.632,5385.864,5388.142
5386.003,1777703400,5389.213,5379.374,5385.848
5386.163,1777704300,5387.807,5382.918,5385.988
5383.205,1777705200,5386.15,5377.92,5386.15
5373.346,1777706100,5383.189,5373.346,5383.189
5376.582,1777707000,5380.655,5371.842,5373.34
5367.003,1777707900,5376.574,5367.003,5376.574
5361.99,1777708800,5366.999,5361.99,5366.999
5356.431,1777709700,5363.695,5356.431,5361.977
5347.094,1777710600,5356.426,5347.094,5356.426
5351.734,1777711500,5352.765,5341.801,5347.091
5342.412,1777712400,5351.724,5342.412,5351.724
5356.626,1777713300,5357.214,5340.651,5342.398
5347.125,1777714200,5356.607,5347.125,5356.607
5341.074,1777715100,5347.123,5341.074,5347.123
5331.098,1777716000,5341.052,5331.098,5341.052
5332.339,1777716900,5335.569,5327.096,5331.089
5347.014,1777717800,5350.884,5331.708,5332.328
5340.446,1777718700,5347.014,5339.671,5347.014
5331.079,1777719600,5340.437,5331.079,5340.437
5321.743,1777720500,5331.079,5321.743,5331.079
5325.727,1777721400,5328.59,5318.697,5321.725
5337.064,1777722300,5338.744,5322.033,5325.727
5335.073,1777723200,5340.972,5332.96,5337.047
5325.576,1777724100,5335.067,5325.576,5335.067
5324.708,1777725000,5329.902,5323.275,5325.569
5326.928,1777725900,5330.698,5323.975,5324.701
5329.58,1777726800,5336.059,5325.673,5326.918
5319.948,1777727700,5329.564,5319.948,5329.564
5313.662,1777728600,5321.478,5313.662,5319.933
5312.999,1777729500,5313.747,5305.889,5313.646
5305.78,1777730400,5314.246,5305.78,5312.983
5307.377,1777731300,5311.808,5305.714,5305.761
5303.758,1777732200,5308.91,5303.758,5307.374
5303.554,1777733100,5309.829,5300.833,5303.748
5304.717,1777734000,5305.061,5299.454,5303.545
5296.688,1777734900,5306.271,5296.688,5304.705
5300.811,1777735800,5302.598,5290.526,5296.669
5291.373,1777736700,5300.801,5291.373,5300.801
5293.915,1777737600,5295.5,5288.693,5291.362
5288.656,1777738500,5297.732,5288.656,5293.91
5293.003,1777739400,5299.337,5286.353,5288.649
5301.606,1777740300,5302.552,5287.841,5292.978
5291.763,1777741200,5301.586,5291.763,5301.586
5314.24,1777742100,5319.47,5291.615,5291.751
5304.174,1777743000,5314.231,5304.174,5314.231
5302.484,1777743900,5307.191,5299.335,5304.165
5302.287,1777744800,5310.863,5301.676,5302.478
5292.246,1777745700,5302.287,5292.246,5302.287
5292.78,1777746600,5295.24,5289.171,5292.246
5285.903,1777747500,5292.778,5285.903,5292.778
5298.559,1777748400,5299.034,5282.933,5285.903
5320.325,1777749300,5322.153,5297.854,5298.554
5325.004,1777750200,5333.422,5318.959,5320.313
5315.656,1777751100,5324.997,5315.656,5324.997
5323.674,1777752000,5330.994,5313.838,5315.655
5330.889,1777752900,5332.649,5323.278,5323.672
5326.932,1777753800,5332.269,5326.725,5330.868
5325.067,1777754700,5332.498,5324.987,5326.911
5338.398,1777755600,5343.773,5323.644,5325.055
5334.875,1777756500,5338.983,5330.947,5338.388
5343.847,1777757400,5348.746,5333.171,5334.874
5345.999,1777758300,5349.772,5340.287,5343.832
5361.226,1777759200,5362.279,5342.497,5345.988
5360.038,1777760100,5362.664,5357.552,5361.224
5378.122,1777761000,5382.033,5357.971,5360.035
5383.338,1777761900,5389.204,5376.87,5378.116
5378.319,1777762800,5383.947,5377.478,5383.323
5368.868,1777763700,5378.312,5368.868,5378.312
5371.789,1777764600,5372.257,5363.853,5368.866
5369.032,1777765500,5371.776,5364.928,5371.776
5366.844,1777766400,5372.97,5365.786,5369.013
5361.588,1777767300,5369.384,5361.588,5366.84
5361.49,1777768200,5367.626,5358.948,5361.581
5366.862,1777769100,5369.456,5358.513,5361.484
5366.486,1777770000,5371.657,5362.598,5366.838
5373.409,1777770900,5374.919,5361.682,5366.482
5372.186,1777771800,5375.767,5367.571,5373.407
5368.407,1777772700,5372.842,5367.806,5372.182
5384.248,1777773600,5386.527,5363.774,5368.393
5382.721,1777774500,5385.956,5379.935,5384.243
5378.87,1777775400,5382.708,5375.965,5382.708
5373.083,1777776300,5378.849,5372.384,5378.849
5385.393,1777777200,5385.733,5372.311,5373.079
5384.254,1777778100,5388.974,5381.307,5385.368
5389.68,1777779000,5393.844,5378.838,5384.248
5379.943,1777779900,5389.667,5379.943,5389.667
5381.521,1777780800,5389.516,5379.537,5379.924
5376.666,1777781700,5381.51,5372.45,5381.51
5384.052,1777782600,5384.344,5375.711,5383.71
5379.103,1777783500,5385.223,5379.103,5384.036
5391.383,1777784400,5392.453,5375.759,5379.086
5381.621,1777785300,5391.381,5381.621,5391.381
5381.609,1777786200,5381.828,5371.457,5381.607
5417.359,1777787100,5420.516,5380.011,5381.595
5418.008,1777788000,5424.433,5414.117,5417.335
5415.319,1777788900,5419.817,5413.822,5417.997
5405.315,1777789800,5415.309,5405.315,5415.309
5407.348,1777790700,5409.948,5398.581,5405.308
5407.89,1777791600,5412.564,5404.992,5407.327
5398.275,1777792500,5407.883,5398.275,5407.883
5405.744,1777793400,5406.372,5393.281,5398.269
5397.381,1777794300,5405.735,5397.381,5405.735
5407.287,1777795200,5408.45,5396.521,5397.352
5412.496,1777796100,5415.886,5405.487,5407.283
5421.163,1777797000,5425.545,5410.433,5412.495
5421.438,1777797900,5422.677,5416.436,5421.158
5411.641,1777798800,5421.43,5411.641,5421.43
5417.707,1777799700,5419.558,5410.433,5411.633
5414.21,1777800600,5417.691,5412.054,5417.691
5404.775,1777801500,5414.205,5404.775,5414.205
5398.291,1777802400,5404.765,5398.291,5404.765
5394.431,1777803300,5398.29,5390.906,5398.29
5391.161,1777804200,5394.402,5386.766,5394.402
5381.546,1777805100,5391.16,5381.546,5391.16
5385.937,1777806000,5386.682,5379.375,5381.535
5384.696,1777806900,5387.846,5380.663,5385.932
5387.657,1777807800,5387.691,5377.926,5384.689
5386.202,1777808700,5391.558,5386.011,5387.652
5387.81,1777809600,5391.683,5380.176,5386.191
5384.934,1777810500,5389.279,5384.312,5387.789
5384.398,1777811400,5392.681,5383.607,5384.932
5380.213,1777812300,5384.392,5375.146,5384.392
5388.794,1777813200,5393.928,5378.599,5380.196
5391.99,1777814100,5396.905,5384.053,5388.794
5392.379,1777815000,5393.312,5383.324,5391.968
5404.502,1777815900,5406.86,5390.889,5392.367
5394.943,1777816800,5404.497,5394.943,5404.497
5387.502,1777817700,5396.452,5387.502,5394.941
5382.52,1777818600,5387.499,5379.166,5387.499
5374.726,1777819500,5383.353,5374.726,5382.517
5381.385,1777820400,5386.475,5372.447,5374.712
5372.047,1777821300,5381.384,5372.047,5381.384
5382.449,1777822200,5383.632,5364.659,5372.039
5378.204,1777823100,5383.787,5377.163,5382.426
5372.33,1777824000,5378.192,5371.53,5378.192
5378.35,1777824900,5386.726,5371.54,5372.328
5372.42,1777825800,5381.952,5372.42,5378.346
5366.79,1777826700,5373.935,5366.79,5372.412
5368.524,1777827600,5371.78,5363.722,5366.786
5370.669,1777828500,5374.892,5363.023,5368.523
5361.075,1777829400,5370.664,5361.075,5370.664
5375.927,1777830300,5376.779,5355.057,5361.064
5365.926,1777831200,5375.895,5365.926,5375.895
5367.57,1777832100,5371.472,5360.32,5365.895
5366.511,1777833000,5372.811,5364.109,5367.563
5368.568,1777833900,5370.553,5360.219,5366.505
5384.891,1777834800,5386.229,5367.916,5368.547
