close,epoch,high,low,open
3081.407,1769486400,3097.309,3080.612,3096.159
3074.772,1769487300,3083.517,3072.82,3081.411
3076.483,1769488200,3076.736,3074.413,3074.774
3082.122,1769489100,3082.122,3076.484,3076.484
3082.768,1769490000,3085.772,3080.889,3082.127
3079.383,1769490900,3087.78,3079.195,3082.772
3083.016,1769491800,3083.82,3079.386,3079.386
3088.676,1769492700,3088.676,3083.017,3083.017
3090.89,1769493600,3093.766,3088.679,3088.679
3096.482,1769494500,3096.482,3090.898,3090.898
3102.226,1769495400,3102.226,3096.488,3096.488
3102.185,1769496300,3106.174,3101.701,3102.239
3107.78,1769497200,3107.78,3102.189,3102.189
3109.669,1769498100,3112.412,3107.789,3107.789
3111.429,1769499000,3113.729,3109.674,3109.674
3111.9,1769499900,3113.864,3111.43,3111.43
3107.644,1769500800,3113.151,3104.702,3111.904
3105.171,1769501700,3108.643,3102.396,3107.647
3099.698,1769502600,3107.149,3099.624,3105.175
3099.57,1769503500,3105.087,3099.474,3099.708
3098.677,1769504400,3104.396,3097.86,3099.579
3099.869,1769505300,3099.869,3096.254,3098.678
3095.284,1769506200,3102.223,3093.005,3099.878
3098.131,1769507100,3099.334,3095.291,3095.291
3090.29,1769508000,3099.103,3088.369,3098.138
3077.611,1769508900,3090.321,3077.467,3090.296
3073.61,1769509800,3081.881,3072.816,3077.612
3066.548,1769510700,3074.028,3065.424,3073.612
3071.994,1769511600,3071.994,3066.554,3066.554
3074.76,1769512500,3074.76,3070.002,3071.997
3080.356,1769513400,3080.356,3074.769,3074.769
3073.754,1769514300,3082.605,3071.78,3080.361
3078.955,1769515200,3078.955,3073.766,3073.766
3081.562,1769516100,3081.562,3076.354,3078.958
3082.895,1769517000,3086.006,3081.566,3081.566
3086.199,1769517900,3087.133,3082.897,3082.897
3084.851,1769518800,3090.975,3084.226,3086.206
3090.185,1769519700,3090.185,3084.858,3084.858
3082.682,1769520600,3090.41,3082.506,3090.191
3088.155,1769521500,3088.155,3082.69,3082.69
3092.662,1769522400,3092.662,3087.207,3088.163
3095.282,1769523300,3095.282,3091.943,3092.67
3100.756,1769524200,3100.756,3095.285,3095.285
3097.284,1769525100,3103.234,3095.756,3100.766
3092.301,1769526000,3101.492,3091.965,3097.284
3083.138,1769526900,3092.487,3082.765,3092.308
3086.011,1769527800,3086.432,3083.142,3083.142
3087.061,1769528700,3089.18,3084.592,3086.013
3092.558,1769529600,3092.558,3087.064,3087.064
3092.298,1769530500,3096.065,3090.961,3092.57
3093.109,1769531400,3097.042,3092.307,3092.307
3088.54,1769532300,3093.79,3086.24,3093.125
3089.952,1769533200,3093.875,3088.546,3088.546
3081.098,1769534100,3092.451,3079.825,3089.963
3067.269,1769535000,3081.287,3067.144,3081.099
3054.878,1769535900,3068.585,3053.858,3067.27
3051.334,1769536800,3056.936,3049.074,3054.892
3047.52,1769537700,3052.205,3045.683,3051.337
3043.712,1769538600,3049.156,3042.421,3047.521
3036.702,1769539500,3044.966,3036.619,3043.717
3040.013,1769540400,3040.013,3036.711,3036.711
3039.957,1769541300,3042.077,3036.868,3040.02
3043.191,1769542200,3043.191,3038.097,3039.964
3041.711,1769543100,3047.785,3040.881,3043.195
3043.558,1769544000,3043.558,3039.588,3041.721
3038.22,1769544900,3045.784,3036.561,3043.558
3043.558,1769545800,3043.558,3038.226,3038.226
3037.983,1769546700,3045.36,3036.504,3043.561
3041.286,1769547600,3042.479,3037.994,3037.994
3038.725,1769548500,3042.243,3036.582,3041.288
3044.159,1769549400,3044.159,3038.728,3038.728
3044.233,1769550300,3048.887,3043.52,3044.166
3046.674,1769551200,3046.674,3042.171,3044.237
3052.197,1769552100,3052.197,3046.678,3046.678
3054.968,1769553000,3054.968,3050.639,3052.197
3058.02,1769553900,3058.647,3054.912,3054.981
3063.476,1769554800,3063.476,3058.036,3058.036
3061.484,1769555700,3065.1,3060.224,3063.482
3065.435,1769556600,3065.435,3061.274,3061.487
3065.416,1769557500,3069.922,3064.683,3065.442
3063.626,1769558400,3070.239,3063.6,3065.422
3064.935,1769559300,3064.935,3060.251,3063.636
3063.25,1769560200,3067.523,3062.249,3064.944
3068.762,1769561100,3068.762,3063.259,3063.259
3063.898,1769562000,3071.249,3063.152,3068.764
3067.287,1769562900,3067.452,3063.902,3063.902
3066.735,1769563800,3070.442,3064.197,3067.297
3067.016,1769564700,3067.016,3061.626,3066.741
3052.89,1769565600,3067.473,3051.099,3067.024
3051.328,1769566500,3054.349,3049.784,3052.894
3044.284,1769567400,3052.404,3043.852,3051.335
3045.975,1769568300,3045.975,3040.674,3044.286
3049.336,1769569200,3049.336,3045.426,3045.983
3050.304,1769570100,3050.76,3047.127,3049.336
3042.364,1769571000,3051.021,3041.986,3050.313
3047.947,1769571900,3047.947,3042.381,3042.381
3049.65,1769572800,3049.694,3045.916,3047.953
3055.02,1769573700,3055.02,3049.651,3049.651
3057.762,1769574600,3057.762,3054.548,3055.031
3061.44,1769575500,3061.44,3055.991,3057.765
3063.857,1769576400,3065.492,3061.442,3061.442
3066.184,1769577300,3066.184,3062.437,3063.858
3062.789,1769578200,3068.053,3062.537,3066.19
3056.509,1769579100,3065.11,3055.227,3062.799
3051.748,1769580000,3057.899,3049.731,3056.515
3051.215,1769580900,3053.676,3050.13,3051.756
3043.018,1769581800,3052.661,3042.088,3051.22
3046.202,1769582700,3046.202,3043.031,3043.031
3028.996,1769583600,3046.613,3027.444,3046.207
3032.526,1769584500,3032.526,3029.007,3029.007
3030.132,1769585400,3035.742,3029.262,3032.53
3035.742,1769586300,3035.742,3030.134,3030.134
3039.435,1769587200,3039.953,3035.742,3035.742
3032.876,1769588100,3039.682,3031.014,3039.437
3033.68,1769589000,3036.726,3032.353,3032.879
3033.195,1769589900,3033.749,3027.932,3033.685
3032.721,1769590800,3033.673,3027.791,3033.197
3033.768,1769591700,3033.768,3028.137,3032.726
3039.408,1769592600,3039.408,3033.777,3033.777
3044.184,1769593500,3044.184,3039.119,3039.409
3047.616,1769594400,3048.394,3044.188,3044.188
3051.268,1769595300,3051.268,3047.619,3047.619
3056.765,1769596200,3056.765,3051.281,3051.281
3059.796,1769597100,3059.796,3054.48,3056.775
3061.969,1769598000,3062.212,3058.965,3059.807
3065.35,1769598900,3065.35,3061.982,3061.982
3065.405,1769599800,3067.795,3064.635,3065.354
3069.453,1769600700,3070.221,3065.408,3065.408
3059.489,1769601600,3071.441,3058.398,3069.462
3062.198,1769602500,3064.756,3059.489,3059.489
3067.604,1769603400,3067.604,3062.199,3062.199
3063.614,1769604300,3069.446,3063.217,3067.616
3062.749,1769605200,3064.0,3057.593,3063.616
3066.194,1769606100,3067.118,3062.756,3062.756
3062.478,1769607000,3070.752,3062.263,3066.195
3068.11,1769607900,3068.11,3062.483,3062.483
3073.876,1769608800,3073.876,3068.116,3068.116
3069.844,1769609700,3073.976,3066.918,3073.892
3071.64,1769610600,3072.261,3069.575,3069.855
3062.84,1769611500,3071.881,3058.789,3071.647
3066.369,1769612400,3067.081,3062.849,3062.849
3071.498,1769613300,3071.498,3066.372,3066.372
3077.351,1769614200,3077.351,3071.508,3071.508
3082.824,1769615100,3082.824,3077.354,3077.354
3080.838,1769616000,3085.033,3077.914,3082.829
3070.236,1769616900,3082.835,3068.328,3080.847
3071.668,1769617800,3072.987,3068.674,3070.252
3072.735,1769618700,3076.613,3071.669,3071.669
3076.334,1769619600,3077.754,3072.736,3072.736
3075.532,1769620500,3076.859,3070.435,3076.341
3075.937,1769621400,3077.809,3073.082,3075.537
3074.584,1769622300,3078.566,3074.074,3075.95
3074.819,1769623200,3074.819,3069.898,3074.588
3074.351,1769624100,3075.794,3072.67,3074.824
3078.839,1769625000,3079.473,3074.358,3074.358
3076.207,1769625900,3080.004,3075.244,3078.844
3072.865,1769626800,3076.243,3068.75,3076.212
3075.871,1769627700,3075.871,3071.811,3072.884
3071.427,1769628600,3076.941,3070.991,3075.884
3060.504,1769629500,3072.047,3057.997,3071.436
3060.253,1769630400,3063.072,3059.71,3060.513
3058.738,1769631300,3060.789,3057.402,3060.258
3055.821,1769632200,3060.798,3055.781,3058.738
3059.853,1769633100,3059.853,3055.827,3055.827
3062.182,1769634000,3062.518,3059.428,3059.856
3063.867,1769634900,3063.867,3060.461,3062.185
3068.399,1769635800,3068.399,3063.879,3063.879
3073.951,1769636700,3073.951,3068.407,3068.407
3079.08,1769637600,3079.08,3073.957,3073.957
3084.605,1769638500,3084.605,3079.083,3079.083
3084.551,1769639400,3088.006,3082.216,3084.619
3086.639,1769640300,3086.639,3082.868,3084.559
3084.782,1769641200,3088.102,3083.282,3086.64
3080.121,1769642100,3086.431,3078.25,3084.785
3080.159,1769643000,3082.678,3077.321,3080.128
3085.67,1769643900,3085.67,3080.169,3080.169
3083.275,1769644800,3089.063,3082.906,3085.672
3087.283,1769645700,3087.682,3083.281,3083.281
3086.831,1769646600,3090.275,3084.95,3087.29
3092.428,1769647500,3092.428,3086.84,3086.84
3090.176,1769648400,3094.233,3089.244,3092.437
3086.756,1769649300,3091.356,3085.911,3090.177
3092.166,1769650200,3092.166,3086.762,3086.762
3092.597,1769651100,3094.167,3089.016,3092.169
3089.287,1769652000,3095.617,3088.272,3092.607
3082.5,1769652900,3090.573,3080.622,3089.294
3088.087,1769653800,3088.087,3082.503,3082.503
3093.467,1769654700,3093.467,3088.09,3088.09
3090.856,1769655600,3093.717,3089.371,3093.473
3091.523,1769656500,3091.564,3086.587,3090.86
3094.729,1769657400,3094.729,3090.717,3091.534
3094.865,1769658300,3097.152,3092.113,3094.734
3099.284,1769659200,3099.284,3094.869,3094.869
3096.983,1769660100,3102.422,3096.965,3099.294
3097.235,1769661000,3101.098,3096.995,3096.995
3102.759,1769661900,3102.759,3097.24,3097.24
3106.393,1769662800,3106.393,3101.536,3102.775
3111.958,1769663700,3111.958,3106.4,3106.4
3096.304,1769664600,3112.685,3095.995,3111.96
3098.894,1769665500,3099.02,3096.002,3096.315
3104.444,1769666400,3104.444,3098.895,3098.895
3108.334,1769667300,3109.241,3104.449,3104.449
3114.069,1769668200,3114.069,3108.342,3108.342
3117.66,1769669100,3118.571,3114.075,3114.075
3123.193,1769670000,3123.193,3117.662,3117.662
3120.958,1769670900,3128.194,3120.49,3123.206
3117.331,1769671800,3121.054,3113.637,3120.97
3122.845,1769672700,3122.845,3117.338,3117.338
3119.982,1769673600,3125.888,3117.81,3122.847
3118.805,1769674500,3120.189,3115.666,3119.99
3109.045,1769675400,3121.083,3107.647,3118.815
3114.554,1769676300,3114.554,3109.054,3109.054
3116.864,1769677200,3119.476,3114.562,3114.562
3113.9,1769678100,3120.397,3111.838,3116.868
3113.097,1769679000,3116.781,3110.944,3113.905
3113.696,1769679900,3116.859,3111.721,3113.098
3116.013,1769680800,3116.013,3111.089,3113.712
3118.802,1769681700,3118.802,3116.026,3116.026
3121.366,1769682600,3122.745,3118.811,3118.811
3118.18,1769683500,3123.343,3115.049,3121.366
3109.499,1769684400,3119.303,3108.952,3118.185
3107.537,1769685300,3111.84,3105.71,3109.5
3105.428,1769686200,3108.112,3102.513,3107.541
3111.131,1769687100,3111.131,3105.436,3105.436
3112.355,1769688000,3113.657,3109.335,3111.136
3112.322,1769688900,3112.871,3107.586,3112.36
3115.805,1769689800,3115.805,3111.888,3112.322
3101.977,1769690700,3116.856,3100.658,3115.818
3107.561,1769691600,3107.561,3101.995,3101.995
3100.045,1769692500,3108.098,3097.301,3107.566
3105.441,1769693400,3105.441,3100.055,3100.055
3107.874,1769694300,3107.874,3103.1,3105.446
3113.54,1769695200,3113.54,3107.874,3107.874
3107.118,1769696100,3113.899,3102.636,3113.545
3112.893,1769697000,3112.893,3107.131,3107.131
3117.305,1769697900,3117.305,3112.9,3112.9
3118.023,1769698800,3118.023,3112.64,3117.311
3119.349,1769699700,3119.349,3116.225,3118.029
3116.106,1769700600,3121.677,3115.493,3119.355
3121.224,1769701500,3121.224,3116.109,3116.109
3115.029,1769702400,3122.723,3114.33,3121.225
3118.362,1769703300,3118.362,3113.898,3115.032
3122.592,1769704200,3122.592,3118.369,3118.369
3126.654,1769705100,3128.203,3122.599,3122.599
3131.321,1769706000,3131.321,3126.654,3126.654
3131.215,1769706900,3133.497,3128.37,3131.324
3136.907,1769707800,3136.907,3131.224,3131.224
3133.403,1769708700,3138.188,3131.182,3136.92
3137.279,1769709600,3137.279,3131.88,3133.409
3142.884,1769710500,3142.884,3137.28,3137.28
3147.927,1769711400,3147.927,3142.886,3142.886
3151.582,1769712300,3151.582,3147.943,3147.943
3157.19,1769713200,3157.19,3151.587,3151.587
3156.829,1769714100,3158.547,3155.116,3157.195
3160.087,1769715000,3160.087,3156.744,3156.834
3147.417,1769715900,3160.429,3144.693,3160.091
3153.249,1769716800,3153.249,3147.425,3147.425
3152.812,1769717700,3155.958,3150.08,3153.251
3155.171,1769718600,3155.171,3149.785,3152.82
3160.785,1769719500,3160.785,3155.173,3155.173
3163.282,1769720400,3164.255,3160.789,3160.789
3166.969,1769721300,3168.386,3163.289,3163.289
3162.204,1769722200,3168.716,3158.157,3166.974
3166.628,1769723100,3166.628,3162.208,3162.208
3166.079,1769724000,3167.234,3162.12,3166.634
3166.114,1769724900,3168.232,3163.746,3166.087
3163.107,1769725800,3166.855,3161.722,3166.126
3165.003,1769726700,3165.247,3162.118,3163.117
3155.541,1769727600,3167.34,3154.47,3165.007
3156.497,1769728500,3157.932,3153.13,3155.549
3139.151,1769729400,3157.024,3139.126,3156.499
3144.779,1769730300,3144.779,3139.152,3139.152
3143.021,1769731200,3147.689,3141.621,3144.779
3145.34,1769732100,3145.502,3142.436,3143.024
3145.617,1769733000,3148.762,3144.606,3145.359
3151.376,1769733900,3151.376,3145.628,3145.628
3157.024,1769734800,3157.024,3151.389,3151.389
3162.911,1769735700,3162.911,3157.025,3157.025
3157.955,1769736600,3165.336,3157.328,3162.912
3157.49,1769737500,3159.696,3154.221,3157.961
3152.989,1769738400,3159.086,3152.914,3157.496
3153.597,1769739300,3153.597,3151.01,3152.997
3151.738,1769740200,3153.674,3146.306,3153.6
3156.11,1769741100,3156.11,3151.423,3151.741
3160.19,1769742000,3160.19,3156.116,3156.116
3165.728,1769742900,3165.728,3160.198,3160.198
3156.176,1769743800,3168.874,3155.644,3165.734
3157.62,1769744700,3159.065,3154.839,3156.179
3163.416,1769745600,3163.416,3157.622,3157.622
3166.003,1769746500,3166.003,3160.626,3163.417
3171.91,1769747400,3171.91,3166.012,3166.012
3160.566,1769748300,3174.57,3160.397,3171.912
3157.659,1769749200,3163.749,3155.238,3160.57
3161.804,1769750100,3161.804,3157.663,3157.663
3167.623,1769751000,3167.623,3161.817,3161.817
3168.559,1769751900,3168.559,3163.95,3167.627
3171.938,1769752800,3171.938,3167.789,3168.563
3173.357,1769753700,3173.661,3169.602,3171.939
3179.389,1769754600,3179.389,3173.365,3173.365
3185.246,1769755500,3185.246,3179.393,3179.393
3185.592,1769756400,3186.156,3181.745,3185.256
3186.734,1769757300,3186.734,3182.723,3185.602
3187.093,1769758200,3188.26,3183.524,3186.736
3192.665,1769759100,3192.665,3187.094,3187.094
3196.404,1769760000,3196.404,3192.675,3192.675
3192.024,1769760900,3196.521,3188.499,3196.404
3187.229,1769761800,3193.115,3185.965,3192.025
3181.243,1769762700,3189.66,3179.778,3187.236
3187.025,1769763600,3187.025,3181.252,3181.252
3184.616,1769764500,3189.819,3183.588,3187.032
3184.682,1769765400,3187.645,3183.873,3184.62
3180.541,1769766300,3185.151,3177.377,3184.692
3180.968,1769767200,3184.999,3180.432,3180.547
3181.868,1769768100,3186.255,3180.97,3180.97
3187.951,1769769000,3187.951,3181.872,3181.872
3173.84,1769769900,3189.183,3173.676,3187.959
3168.365,1769770800,3174.699,3168.179,3173.843
3167.591,1769771700,3172.604,3166.308,3168.374
3170.89,1769772600,3172.919,3167.603,3167.603
3168.379,1769773500,3171.78,3165.631,3170.894
3162.223,1769774400,3168.583,3157.658,3168.39
3158.027,1769775300,3164.052,3157.226,3162.227
3155.087,1769776200,3158.245,3153.511,3158.03
3155.288,1769777100,3159.716,3155.097,3155.097
3145.318,1769778000,3155.903,3143.942,3155.302
3149.82,1769778900,3149.82,3145.319,3145.319
3155.409,1769779800,3155.409,3149.833,3149.833
3155.049,1769780700,3158.204,3152.253,3155.41
3160.783,1769781600,3160.783,3155.053,3155.053
3166.454,1769782500,3166.454,3160.787,3160.787
3171.989,1769783400,3171.989,3166.458,3166.458
3169.544,1769784300,3174.011,3166.576,3171.991
3167.671,1769785200,3172.294,3166.821,3169.545
3165.786,1769786100,3170.993,3165.414,3167.682
3168.954,1769787000,3168.954,3163.272,3165.799
3168.743,1769787900,3170.463,3166.908,3168.962
3163.48,1769788800,3173.301,3162.414,3168.749
3157.099,1769789700,3165.021,3155.291,3163.481
3158.564,1769790600,3159.941,3155.433,3157.101
3160.117,1769791500,3162.981,3158.566,3158.566
3160.0,1769792400,3160.935,3156.987,3160.126
3165.756,1769793300,3165.756,3160.001,3160.001
3170.003,1769794200,3170.003,3165.179,3165.759
3165.958,1769795100,3172.329,3164.441,3170.006
3166.933,1769796000,3168.2,3164.682,3165.973
3152.34,1769796900,3166.98,3150.46,3166.942
3150.419,1769797800,3153.872,3147.36,3152.349
3148.13,1769798700,3153.096,3147.04,3150.426
3146.712,1769799600,3151.581,3144.402,3148.138
3143.298,1769800500,3148.813,3140.564,3146.716
3149.331,1769801400,3149.331,3143.298,3143.298
3127.775,1769802300,3150.894,3126.515,3149.331
3121.905,1769803200,3129.136,3119.126,3127.784
3125.443,1769804100,3126.988,3121.916,3121.916
3124.407,1769805000,3126.794,3122.316,3125.447
3122.026,1769805900,3129.719,3121.515,3124.413
3125.57,1769806800,3125.57,3121.994,3122.033
3125.102,1769807700,3126.471,3120.963,3125.576
3126.966,1769808600,3126.966,3122.62,3125.105
3132.793,1769809500,3132.793,3126.974,3126.974
3128.013,1769810400,3135.161,3126.587,3132.804
3129.487,1769811300,3130.097,3127.264,3128.022
3115.034,1769812200,3129.641,3112.203,3129.496
3119.794,1769813100,3119.794,3114.887,3115.036
3120.758,1769814000,3120.961,3116.892,3119.802
3117.4,1769814900,3123.2,3115.199,3120.76
3110.26,1769815800,3117.579,3107.314,3117.403
3113.957,1769816700,3113.957,3108.983,3110.261
3094.321,1769817600,3114.634,3092.149,3113.965
3094.57,1769818500,3096.634,3091.138,3094.328
3100.318,1769819400,3100.318,3094.575,3094.575
3105.822,1769820300,3105.822,3100.32,3100.32
3103.66,1769821200,3110.828,3103.39,3105.83
3105.136,1769822100,3105.136,3099.832,3103.663
3109.892,1769823000,3109.892,3105.143,3105.143
3110.778,1769823900,3113.16,3108.799,3109.898
3116.528,1769824800,3116.528,3110.779,3110.779
3118.357,1769825700,3118.637,3113.807,3116.532
3117.295,1769826600,3120.069,3116.16,3118.363
3119.104,1769827500,3119.104,3114.969,3117.295
3117.794,1769828400,3121.783,3117.118,3119.115
3123.511,1769829300,3123.511,3117.8,3117.8
3120.666,1769830200,3124.155,3119.371,3123.514
3116.989,1769831100,3122.69,3115.376,3120.672
3115.467,1769832000,3121.491,3114.402,3116.993
3117.795,1769832900,3119.148,3115.467,3115.467
3117.469,1769833800,3120.961,3116.397,3117.807
3119.211,1769834700,3120.659,3116.692,3117.47
3119.706,1769835600,3121.724,3117.685,3119.219
3123.636,1769836500,3123.636,3118.029,3119.713
3127.069,1769837400,3127.069,3122.117,3123.636
3122.821,1769838300,3127.99,3119.93,3127.07
3118.164,1769839200,3123.663,3116.531,3122.83
3121.984,1769840100,3121.984,3118.166,3118.166
3122.766,1769841000,3126.132,3121.576,3121.996
3122.187,1769841900,3123.883,3117.905,3122.772
3121.712,1769842800,3125.168,3118.938,3122.195
3117.228,1769843700,3124.005,3115.897,3121.718
3118.446,1769844600,3121.495,3117.076,3117.233
3111.325,1769845500,3119.999,3111.122,3118.447
3116.942,1769846400,3116.942,3111.329,3111.329
3114.927,1769847300,3120.234,3112.656,3116.945
3113.236,1769848200,3117.869,3111.098,3114.928
3111.924,1769849100,3114.573,3109.886,3113.239
3111.501,1769850000,3113.865,3109.271,3111.926
3103.289,1769850900,3112.155,3101.673,3111.51
3093.278,1769851800,3105.49,3091.797,3103.294
3095.089,1769852700,3095.089,3092.414,3093.278
3100.516,1769853600,3100.516,3095.095,3095.095
3103.691,1769854500,3105.803,3100.525,3100.525
3109.478,1769855400,3109.478,3103.692,3103.692
3112.507,1769856300,3112.507,3109.38,3109.479
3118.076,1769857200,3118.076,3112.518,3112.518
3113.256,1769858100,3118.527,3112.4,3118.082
3105.854,1769859000,3114.554,3103.798,3113.271
3099.592,1769859900,3106.518,3095.284,3105.868
3098.117,1769860800,3099.766,3093.446,3099.605
3103.579,1769861700,3103.579,3098.127,3098.127
3102.818,1769862600,3106.942,3100.675,3103.584
3099.821,1769863500,3104.644,3097.552,3102.821
3101.818,1769864400,3101.818,3097.709,3099.822
3104.54,1769865300,3104.54,3100.623,3101.819
3110.228,1769866200,3110.228,3104.545,3104.545
3114.767,1769867100,3114.767,3110.229,3110.229
3117.591,1769868000,3117.591,3113.951,3114.773
3122.604,1769868900,3122.604,3117.6,3117.6
3125.265,1769869800,3125.265,3120.893,3122.607
3120.826,1769870700,3126.184,3118.632,3125.269
3124.671,1769871600,3124.671,3119.702,3120.829
3112.471,1769872500,3124.778,3111.067,3124.678
3118.112,1769873400,3118.112,3112.474,3112.474
3123.928,1769874300,3123.928,3118.123,3118.123
3127.548,1769875200,3128.621,3123.931,3123.931
3127.804,1769876100,3129.441,3125.103,3127.548
3132.308,1769877000,3132.308,3127.81,3127.81
3138.046,1769877900,3138.046,3132.314,3132.314
3133.041,1769878800,3142.08,3131.763,3138.055
3133.889,1769879700,3133.889,3131.099,3133.049
3137.831,1769880600,3139.241,3133.892,3133.892
3142.849,1769881500,3142.849,3137.833,3137.833
3144.554,1769882400,3147.467,3142.853,3142.853
3140.985,1769883300,3145.793,3139.373,3144.558
3146.763,1769884200,3146.763,3140.991,3140.991
3148.256,1769885100,3148.256,3144.098,3146.764
3146.479,1769886000,3152.156,3146.252,3148.259
3152.178,1769886900,3152.178,3146.484,3146.484
3156.972,1769887800,3156.972,3152.183,3152.183
3158.524,1769888700,3161.77,3156.987,3156.987
3156.196,1769889600,3159.304,3153.135,3158.531
3159.045,1769890500,3160.468,3156.2,3156.2
3154.629,1769891400,3159.386,3153.88,3159.046
3160.319,1769892300,3160.319,3154.634,3154.634
3152.408,1769893200,3162.1,3149.709,3160.324
3147.144,1769894100,3154.589,3146.009,3152.41
3152.488,1769895000,3152.488,3147.16,3147.16
3145.944,1769895900,3153.566,3145.914,3152.49
3149.562,1769896800,3149.562,3144.105,3145.951
3152.973,1769897700,3152.973,3148.027,3149.567
3147.771,1769898600,3155.169,3144.69,3152.983
3146.636,1769899500,3148.921,3143.826,3147.775
3132.573,1769900400,3147.544,3131.954,3146.641
3138.164,1769901300,3138.164,3132.581,3132.581
3143.798,1769902200,3143.798,3138.169,3138.169
3135.943,1769903100,3144.165,3132.912,3143.802
3134.375,1769904000,3139.765,3134.197,3135.944
3133.796,1769904900,3137.313,3132.331,3134.382
3134.907,1769905800,3134.907,3130.144,3133.796
3132.819,1769906700,3137.176,3129.495,3134.914
3128.826,1769907600,3134.514,3128.07,3132.823
3124.438,1769908500,3131.151,3124.017,3128.833
3129.789,1769909400,3129.789,3124.451,3124.451
3133.475,1769910300,3133.475,3129.792,3129.792
3131.545,1769911200,3137.897,3130.615,3133.477
3137.311,1769912100,3137.311,3131.558,3131.558
3142.877,1769913000,3142.877,3137.321,3137.321
3145.715,1769913900,3147.764,3142.885,3142.885
3145.408,1769914800,3149.071,3143.194,3145.719
3136.109,1769915700,3146.354,3136.054,3145.413
3141.776,1769916600,3141.776,3136.113,3136.113
3147.481,1769917500,3147.481,3141.777,3141.777
3142.451,1769918400,3148.221,3141.242,3147.493
3139.042,1769919300,3146.009,3138.912,3142.464
3138.594,1769920200,3141.9,3136.499,3139.045
3144.391,1769921100,3144.391,3138.594,3138.594
3140.981,1769922000,3146.578,3139.262,3144.393
3138.156,1769922900,3143.728,3135.975,3140.992
3141.388,1769923800,3141.388,3137.432,3138.164
3139.556,1769924700,3143.406,3137.203,3141.389
3143.586,1769925600,3144.556,3139.558,3139.558
3146.889,1769926500,3146.889,3143.134,3143.588
3150.646,1769927400,3150.646,3145.531,3146.892
3142.97,1769928300,3151.364,3141.92,3150.657
3148.739,1769929200,3148.739,3142.973,3142.973
3148.215,1769930100,3149.716,3145.148,3148.743
3141.373,1769931000,3149.883,3139.54,3148.222
3139.225,1769931900,3146.613,3138.82,3141.377
3126.78,1769932800,3140.461,3125.991,3139.232
3126.519,1769933700,3127.946,3123.765,3126.78
3132.191,1769934600,3132.191,3126.526,3126.526
3130.311,1769935500,3134.904,3128.299,3132.191
3135.907,1769936400,3135.907,3130.311,3130.311
3124.001,1769937300,3138.201,3123.548,3135.912
3113.534,1769938200,3124.414,3113.093,3124.005
3118.72,1769939100,3118.72,3113.535,3113.535
3106.624,1769940000,3119.442,3106.491,3118.727
3101.575,1769940900,3107.962,3101.388,3106.627
3107.292,1769941800,3107.292,3101.587,3101.587
3109.293,1769942700,3112.505,3107.298,3107.298
3113.469,1769943600,3113.469,3109.304,3109.304
3113.798,1769944500,3115.407,3110.858,3113.476
3106.971,1769945400,3115.749,3105.502,3113.812
3104.012,1769946300,3110.818,3102.371,3106.981
3103.086,1769947200,3105.153,3100.523,3104.016
3104.704,1769948100,3105.38,3102.675,3103.091
3105.179,1769949000,3106.713,3101.565,3104.705
3100.915,1769949900,3105.988,3097.063,3105.19
3101.199,1769950800,3104.172,3099.894,3100.923
3094.34,1769951700,3104.502,3092.702,3101.212
3098.644,1769952600,3098.644,3094.184,3094.341
3097.081,1769953500,3099.723,3092.948,3098.649
3102.46,1769954400,3102.46,3097.085,3097.085
3093.824,1769955300,3103.978,3091.293,3102.461
3091.611,1769956200,3095.687,3088.54,3093.827
3079.177,1769957100,3093.283,3078.429,3091.62
3084.86,1769958000,3084.86,3079.184,3079.184
3083.484,1769958900,3086.436,3081.337,3084.873
3084.372,1769959800,3084.459,3079.909,3083.49
3085.008,1769960700,3087.696,3083.871,3084.377
3089.025,1769961600,3089.025,3085.014,3085.014
3091.095,1769962500,3091.283,3088.246,3089.03
3083.64,1769963400,3091.214,3079.306,3091.097
3083.898,1769964300,3086.372,3081.295,3083.644
3072.658,1769965200,3084.571,3071.516,3083.904
3077.767,1769966100,3077.767,3072.661,3072.661
3076.879,1769967000,3077.818,3073.441,3077.775
3082.271,1769967900,3082.271,3076.887,3076.887
3087.758,1769968800,3087.758,3082.276,3082.276
3090.785,1769969700,3091.055,3087.763,3087.763
3094.299,1769970600,3096.0,3090.795,3090.795
3089.739,1769971500,3095.403,3088.945,3094.309
3092.458,1769972400,3092.458,3089.351,3089.741
3087.645,1769973300,3093.474,3086.156,3092.459
3081.938,1769974200,3087.939,3079.624,3087.645
3083.934,1769975100,3083.934,3081.55,3081.944
3089.372,1769976000,3089.372,3083.945,3083.945
3094.775,1769976900,3094.775,3089.373,3089.373
3089.991,1769977800,3098.129,3089.461,3094.787
3086.376,1769978700,3092.516,3083.455,3089.994
3082.305,1769979600,3086.789,3081.968,3086.385
3086.795,1769980500,3086.795,3082.309,3082.309
3092.428,1769981400,3092.428,3086.797,3086.797
3092.847,1769982300,3093.21,3089.847,3092.43
3089.701,1769983200,3094.667,3088.03,3092.858
3082.993,1769984100,3091.441,3082.581,3089.702
3087.867,1769985000,3087.867,3082.997,3082.997
3092.791,1769985900,3092.791,3087.868,3087.868
3083.651,1769986800,3093.72,3080.606,3092.801
3080.25,1769987700,3086.255,3078.741,3083.657
3079.95,1769988600,3084.693,3078.729,3080.258
3085.47,1769989500,3085.47,3079.959,3079.959
3091.079,1769990400,3091.079,3085.479,3085.479
3088.36,1769991300,3091.925,3085.978,3091.085
3093.665,1769992200,3093.665,3088.367,3088.367
3099.063,1769993100,3099.063,3093.669,3093.669
3097.086,1769994000,3100.792,3095.022,3099.068
3082.145,1769994900,3097.955,3079.049,3097.094
3073.135,1769995800,3082.462,3072.481,3082.147
3068.693,1769996700,3073.269,3068.034,3073.136
3071.982,1769997600,3074.053,3068.695,3068.695
3073.032,1769998500,3073.032,3068.625,3071.988
3078.477,1769999400,3078.477,3073.036,3073.036
3083.904,1770000300,3083.904,3078.48,3078.48
3082.183,1770001200,3084.8,3077.654,3083.908
3084.023,1770002100,3084.023,3079.893,3082.187
3085.976,1770003000,3087.476,3084.024,3084.024
3087.792,1770003900,3089.858,3085.988,3085.988
3083.178,1770004800,3092.39,3082.17,3087.795
3077.081,1770005700,3083.373,3073.21,3083.196
3082.197,1770006600,3082.197,3077.088,3077.088
3073.571,1770007500,3085.759,3071.507,3082.209
3067.685,1770008400,3074.62,3063.844,3073.581
3056.883,1770009300,3071.091,3055.785,3067.697
3057.145,1770010200,3059.974,3056.757,3056.891
3060.043,1770011100,3060.377,3057.153,3057.153
3062.502,1770012000,3062.502,3060.025,3060.046
3054.768,1770012900,3065.017,3052.21,3062.503
3057.684,1770013800,3059.485,3054.78,3054.78
3057.836,1770014700,3061.037,3055.771,3057.688
3055.01,1770015600,3058.184,3050.196,3057.843
3052.81,1770016500,3056.148,3049.182,3055.015
3058.502,1770017400,3058.502,3052.816,3052.816
3061.466,1770018300,3061.466,3057.998,3058.506
3061.874,1770019200,3063.826,3060.065,3061.479
3067.151,1770020100,3067.151,3061.879,3061.879
3066.867,1770021000,3071.257,3066.324,3067.161
3067.624,1770021900,3067.799,3063.154,3066.872
3069.67,1770022800,3072.486,3067.632,3067.632
3058.342,1770023700,3069.954,3057.157,3069.673
3058.48,1770024600,3061.57,3057.215,3058.348
3060.298,1770025500,3063.531,3058.486,3058.486
3062.185,1770026400,3062.185,3058.038,3060.302
3061.474,1770027300,3062.876,3058.38,3062.193
3053.602,1770028200,3061.649,3049.341,3061.475
3051.812,1770029100,3054.789,3049.949,3053.606
3053.219,1770030000,3054.566,3050.569,3051.817
3048.239,1770030900,3054.345,3046.293,3053.222
3044.002,1770031800,3049.333,3043.591,3048.243
3041.021,1770032700,3048.157,3040.507,3044.013
3046.582,1770033600,3046.582,3041.022,3041.022
3033.648,1770034500,3048.242,3032.714,3046.589
3037.186,1770035400,3038.234,3033.661,3033.661
3039.663,1770036300,3039.663,3037.033,3037.195
3044.885,1770037200,3044.885,3039.664,3039.664
3038.776,1770038100,3046.11,3038.482,3044.898
3038.498,1770039000,3040.12,3035.105,3038.778
3039.046,1770039900,3039.472,3034.442,3038.505
3042.967,1770040800,3043.242,3039.059,3039.059
3042.091,1770041700,3044.085,3038.98,3042.981
3042.172,1770042600,3044.673,3040.687,3042.095
3047.71,1770043500,3047.71,3042.173,3042.173
3050.704,1770044400,3052.801,3047.719,3047.719
3056.228,1770045300,3056.228,3050.705,3050.705
3061.08,1770046200,3061.08,3056.231,3056.231
3058.899,1770047100,3066.477,3058.755,3061.086
3060.148,1770048000,3063.419,3058.912,3058.912
3059.395,1770048900,3064.103,3057.891,3060.152
3060.732,1770049800,3060.732,3056.007,3059.399
3065.155,1770050700,3065.155,3060.252,3060.737
3069.726,1770051600,3069.726,3065.157,3065.157
3074.551,1770052500,3074.551,3069.731,3069.731
3069.653,1770053400,3077.315,3069.437,3074.554
3058.032,1770054300,3070.089,3056.377,3069.657
3063.636,1770055200,3063.636,3058.038,3058.038
3053.916,1770056100,3066.979,3053.885,3063.642
3046.975,1770057000,3056.103,3045.842,3053.916
3048.768,1770057900,3049.9,3046.925,3046.984
3044.862,1770058800,3049.3,3042.041,3048.769
3049.03,1770059700,3049.03,3043.962,3044.863
3050.484,1770060600,3053.991,3049.031,3049.031
3054.096,1770061500,3055.32,3050.498,3050.498
3056.952,1770062400,3056.952,3053.296,3054.109
3056.456,1770063300,3059.52,3055.917,3056.953
3059.767,1770064200,3060.644,3056.459,3056.459
3052.186,1770065100,3060.53,3048.557,3059.768
3056.709,1770066000,3056.709,3052.188,3052.188
3048.618,1770066900,3057.936,3048.392,3056.72
3045.964,1770067800,3051.271,3043.17,3048.62
3051.459,1770068700,3051.459,3045.971,3045.971
3048.019,1770069600,3051.645,3044.249,3051.46
3053.433,1770070500,3053.433,3048.025,3048.025
3055.222,1770071400,3057.433,3053.433,3053.433
3048.347,1770072300,3057.922,3047.217,3055.227
3049.285,1770073200,3049.418,3045.882,3048.361
3052.29,1770074100,3053.505,3049.299,3049.299
3050.081,1770075000,3054.225,3047.088,3052.296
3055.584,1770075900,3055.584,3050.088,3050.088
3056.567,1770076800,3056.98,3054.635,3055.591
3051.293,1770077700,3059.26,3050.985,3056.577
3051.42,1770078600,3053.863,3050.55,3051.294
3052.538,1770079500,3056.369,3051.424,3051.424
3056.587,1770080400,3056.587,3052.543,3052.543
3042.483,1770081300,3056.795,3042.285,3056.592
3044.061,1770082200,3044.061,3041.08,3042.485
3042.514,1770083100,3046.105,3040.366,3044.065
3042.479,1770084000,3043.204,3037.714,3042.514
3043.286,1770084900,3045.688,3040.993,3042.485
3040.538,1770085800,3044.584,3038.051,3043.288
3045.944,1770086700,3045.944,3040.54,3040.54
3044.916,1770087600,3047.486,3043.021,3045.948
3048.083,1770088500,3050.36,3044.927,3044.927
3050.084,1770089400,3052.591,3048.096,3048.096
3055.525,1770090300,3055.525,3050.093,3050.093
3050.804,1770091200,3056.617,3048.504,3055.527
3056.452,1770092100,3056.452,3050.806,3050.806
3051.431,1770093000,3061.813,3051.366,3056.459
3052.474,1770093900,3052.779,3048.391,3051.438
3051.847,1770094800,3054.848,3049.278,3052.475
3051.153,1770095700,3052.51,3046.954,3051.849
3045.58,1770096600,3051.295,3045.312,3051.157
3050.513,1770097500,3050.513,3045.585,3045.585
3053.676,1770098400,3053.777,3050.515,3050.515
3055.232,1770099300,3057.374,3053.634,3053.681
3053.741,1770100200,3057.566,3051.012,3055.234
3053.649,1770101100,3056.051,3050.483,3053.742
3048.489,1770102000,3054.799,3046.446,3053.658
3049.508,1770102900,3050.024,3045.736,3048.49
3042.736,1770103800,3050.471,3040.153,3049.513
3047.378,1770104700,3047.378,3042.747,3042.747
3048.082,1770105600,3048.082,3043.123,3047.391
3053.414,1770106500,3053.414,3048.084,3048.084
3055.606,1770107400,3056.026,3052.81,3053.424
3051.455,1770108300,3055.853,3049.719,3055.62
3045.233,1770109200,3054.074,3043.711,3051.465
3050.86,1770110100,3050.86,3045.241,3045.241
3056.341,1770111000,3056.341,3050.867,3050.867
3058.304,1770111900,3058.576,3055.426,3056.348
3057.303,1770112800,3062.586,3056.847,3058.307
3062.714,1770113700,3062.714,3057.304,3057.304
3061.771,1770114600,3063.014,3057.713,3062.714
3049.559,1770115500,3063.721,3047.611,3061.777
3053.447,1770116400,3053.447,3048.233,3048.442
3049.16,1770117300,3053.543,3047.489,3053.452
3050.08,1770118200,3052.652,3048.079,3049.17
3055.684,1770119100,3055.684,3050.092,3050.092
3050.091,1770120000,3056.831,3048.613,3055.692
3053.81,1770120900,3054.003,3050.094,3050.094
3049.089,1770121800,3055.497,3045.283,3053.816
3054.665,1770122700,3054.665,3049.092,3049.092
3053.995,1770123600,3059.145,3053.521,3054.676
3056.264,1770124500,3057.203,3053.873,3053.999
3056.189,1770125400,3061.02,3055.399,3056.275
3051.505,1770126300,3060.963,3051.297,3056.201
3056.998,1770127200,3056.998,3051.506,3051.506
3055.781,1770128100,3060.626,3053.829,3057.012
3060.302,1770129000,3061.137,3055.788,3055.788
3065.87,1770129900,3065.87,3060.305,3060.305
3060.371,1770130800,3067.189,3059.682,3065.872
3061.466,1770131700,3062.191,3057.546,3060.372
3066.865,1770132600,3066.865,3061.471,3061.471
3065.66,1770133500,3068.029,3064.188,3066.877
3064.716,1770134400,3071.054,3064.456,3065.673
3064.52,1770135300,3066.318,3060.494,3064.72
3068.055,1770136200,3068.802,3064.522,3064.522
3065.47,1770137100,3070.334,3064.099,3068.058
3064.888,1770138000,3065.653,3061.972,3065.476
3070.307,1770138900,3070.307,3064.894,3064.894
3075.844,1770139800,3075.844,3070.32,3070.32
3071.083,1770140700,3077.357,3070.134,3075.846
3074.723,1770141600,3074.723,3070.908,3071.087
3073.363,1770142500,3075.225,3070.781,3074.735
3069.505,1770143400,3073.613,3068.815,3073.367
3074.923,1770144300,3074.923,3069.511,3069.511
3069.159,1770145200,3075.08,3066.724,3074.924
3072.749,1770146100,3072.749,3068.658,3069.161
3069.074,1770147000,3074.92,3067.003,3072.75
3066.518,1770147900,3070.356,3064.814,3069.082
3072.008,1770148800,3072.008,3066.524,3066.524
3077.446,1770149700,3077.446,3072.013,3072.013
3079.302,1770150600,3081.375,3077.451,3077.451
3084.912,1770151500,3084.912,3079.307,3079.307
3084.104,1770152400,3087.083,3081.748,3084.918
3087.15,1770153300,3087.202,3084.109,3084.109
3089.95,1770154200,3090.282,3087.154,3087.154
3092.976,1770155100,3092.976,3089.265,3089.957
3089.938,1770156000,3096.599,3088.316,3092.976
3095.548,1770156900,3095.548,3089.949,3089.949
3094.83,1770157800,3096.088,3089.793,3095.561
3100.446,1770158700,3100.446,3094.833,3094.833
3106.154,1770159600,3106.154,3100.454,3100.454
3103.999,1770160500,3110.325,3102.603,3106.159
3095.098,1770161400,3105.056,3093.407,3104.0
3094.984,1770162300,3096.961,3091.336,3095.108
3100.804,1770163200,3100.804,3094.985,3094.985
3093.612,1770164100,3101.903,3093.292,3100.811
3095.946,1770165000,3097.378,3093.616,3093.616
3094.918,1770165900,3098.406,3094.883,3095.949
3095.925,1770166800,3095.925,3091.457,3094.923
3101.685,1770167700,3101.685,3095.925,3095.925
3098.214,1770168600,3102.184,3093.854,3101.698
3098.265,1770169500,3100.547,3096.488,3098.218
3099.041,1770170400,3101.871,3097.27,3098.27
3097.442,1770171300,3100.061,3095.579,3099.047
3103.138,1770172200,3103.138,3097.455,3097.455
3101.638,1770173100,3105.912,3099.177,3103.146
3096.231,1770174000,3103.683,3095.411,3101.646
3095.601,1770174900,3098.725,3092.434,3096.238
3094.164,1770175800,3096.681,3090.27,3095.614
3099.624,1770176700,3099.624,3094.168,3094.168
3101.018,1770177600,3104.355,3099.641,3099.641
3100.303,1770178500,3103.894,3097.919,3101.027
3104.93,1770179400,3105.708,3100.308,3100.308
3110.543,1770180300,3110.543,3104.931,3104.931
3110.69,1770181200,3112.761,3107.615,3110.55
3115.227,1770182100,3116.23,3110.697,3110.697
3100.476,1770183000,3115.298,3098.385,3115.236
3106.165,1770183900,3106.165,3100.491,3100.491
3106.959,1770184800,3109.585,3106.119,3106.179
3096.785,1770185700,3107.018,3096.118,3106.964
3095.184,1770186600,3096.966,3092.496,3096.791
3096.205,1770187500,3096.205,3091.284,3095.193
3099.698,1770188400,3099.698,3096.209,3096.209
3103.921,1770189300,3103.921,3099.711,3099.711
3109.468,1770190200,3109.468,3103.932,3103.932
3107.08,1770191100,3112.939,3106.913,3109.469
3104.4,1770192000,3108.423,3101.907,3107.088
3102.19,1770192900,3106.366,3100.173,3104.402
3102.26,1770193800,3102.49,3098.595,3102.206
3103.875,1770194700,3103.875,3099.007,3102.262
3091.012,1770195600,3105.304,3090.92,3103.877
3081.255,1770196500,3091.449,3080.69,3091.015
3086.671,1770197400,3086.671,3081.265,3081.265
3077.841,1770198300,3086.763,3076.655,3086.678
3071.578,1770199200,3080.939,3070.364,3077.841
3075.112,1770200100,3076.917,3071.587,3071.587
3068.745,1770201000,3075.384,3065.834,3075.116
3069.304,1770201900,3069.304,3064.437,3068.748
3073.018,1770202800,3073.018,3068.345,3069.313
3077.771,1770203700,3077.771,3072.791,3073.02
3079.013,1770204600,3083.069,3077.776,3077.776
3081.335,1770205500,3081.335,3075.692,3079.014
3085.355,1770206400,3085.631,3081.337,3081.337
3086.634,1770207300,3086.634,3081.519,3085.364
3086.387,1770208200,3087.087,3082.669,3086.642
3082.085,1770209100,3086.999,3078.827,3086.399
3077.555,1770210000,3085.227,3077.522,3082.085
3069.459,1770210900,3078.763,3068.521,3077.561
3056.625,1770211800,3069.49,3054.887,3069.461
3056.657,1770212700,3058.964,3055.861,3056.628
3057.143,1770213600,3059.951,3056.465,3056.665
3047.227,1770214500,3057.679,3045.33,3057.146
3048.887,1770215400,3048.887,3045.206,3047.24
3046.573,1770216300,3049.737,3042.104,3048.893
3034.589,1770217200,3046.639,3034.21,3046.578
3025.27,1770218100,3034.919,3024.799,3034.599
3030.62,1770219000,3030.62,3025.28,3025.28
3026.321,1770219900,3031.577,3022.097,3030.627
3031.792,1770220800,3031.792,3026.33,3026.33
3025.975,1770221700,3034.202,3025.599,3031.793
3031.331,1770222600,3031.331,3025.977,3025.977
3033.566,1770223500,3034.342,3031.162,3031.339
3031.567,1770224400,3034.874,3029.453,3033.569
3037.093,1770225300,3037.093,3031.571,3031.571
3034.704,1770226200,3041.391,3034.16,3037.097
3036.2,1770227100,3039.143,3034.709,3034.709
3037.661,1770228000,3038.531,3034.676,3036.203
3042.948,1770228900,3042.948,3037.665,3037.665
3034.464,1770229800,3046.394,3033.339,3042.956
3036.623,1770230700,3038.587,3034.471,3034.471
3026.322,1770231600,3039.464,3025.561,3036.624
3025.412,1770232500,3027.484,3023.277,3026.328
3016.216,1770233400,3026.664,3014.71,3025.42
3012.321,1770234300,3018.738,3011.096,3016.231
3014.511,1770235200,3015.684,3012.326,3012.326
3013.835,1770236100,3016.746,3012.828,3014.516
3008.331,1770237000,3017.523,3007.674,3013.837
3013.987,1770237900,3013.987,3008.345,3008.345
3018.47,1770238800,3018.47,3013.994,3013.994
3023.82,1770239700,3023.82,3018.473,3018.473
3027.037,1770240600,3027.037,3023.822,3023.822
3024.077,1770241500,3028.253,3023.626,3027.041
3013.213,1770242400,3024.929,3011.117,3024.084
3010.83,1770243300,3017.441,3010.303,3013.217
3015.817,1770244200,3015.817,3010.837,3010.837
3017.117,1770245100,3018.003,3014.025,3015.821
3015.513,1770246000,3017.791,3011.99,3017.128
3020.019,1770246900,3020.019,3015.27,3015.517
3023.045,1770247800,3023.045,3018.167,3020.023
3018.35,1770248700,3023.447,3015.107,3023.047
3023.161,1770249600,3023.161,3018.329,3018.367
3028.551,1770250500,3028.551,3023.164,3023.164
3034.102,1770251400,3034.102,3028.562,3028.562
3034.854,1770252300,3035.437,3030.671,3034.107
3034.687,1770253200,3038.252,3033.576,3034.861
3031.28,1770254100,3034.933,3028.209,3034.688
3032.337,1770255000,3033.956,3031.108,3031.285
3032.223,1770255900,3032.791,3029.294,3032.344
3037.7,1770256800,3037.7,3032.23,3032.23
3036.534,1770257700,3040.672,3034.95,3037.712
3033.913,1770258600,3041.243,3033.511,3036.534
3029.753,1770259500,3035.365,3028.063,3033.915
3032.559,1770260400,3032.559,3027.55,3029.759
3037.62,1770261300,3037.62,3032.56,3032.56
3042.146,1770262200,3042.146,3037.623,3037.623
3040.845,1770263100,3044.885,3039.961,3042.146
3041.546,1770264000,3044.0,3039.371,3040.845
3047.072,1770264900,3047.072,3041.556,3041.556
3052.363,1770265800,3052.363,3047.077,3047.077
3056.532,1770266700,3056.889,3052.369,3052.369
3059.014,1770267600,3059.553,3056.362,3056.535
3060.792,1770268500,3060.792,3055.994,3059.021
3061.718,1770269400,3061.718,3056.397,3060.793
3065.834,1770270300,3065.834,3061.722,3061.722
3057.586,1770271200,3067.99,3056.724,3065.846
3054.052,1770272100,3058.572,3052.481,3057.598
3043.844,1770273000,3055.317,3042.732,3054.064
3045.478,1770273900,3045.482,3041.911,3043.845
3048.962,1770274800,3048.962,3045.205,3045.491
3054.431,1770275700,3054.431,3048.965,3048.965
3054.933,1770276600,3054.934,3050.008,3054.432
3060.145,1770277500,3060.145,3054.943,3054.943
3058.089,1770278400,3060.532,3055.11,3060.147
3053.712,1770279300,3059.061,3050.006,3058.097
3052.84,1770280200,3054.41,3049.418,3053.723
3049.523,1770281100,3057.462,3049.393,3052.843
3051.724,1770282000,3051.724,3049.207,3049.524
3048.326,1770282900,3053.394,3046.248,3051.73
3053.656,1770283800,3053.656,3048.339,3048.339
3048.749,1770284700,3053.699,3044.441,3053.66
3048.949,1770285600,3053.71,3048.454,3048.754
3053.756,1770286500,3053.756,3048.954,3048.954
3042.13,1770287400,3054.642,3040.208,3053.765
3040.374,1770288300,3042.413,3035.35,3042.135
3041.971,1770289200,3041.971,3038.871,3040.376
3041.821,1770290100,3044.15,3039.484,3041.985
3039.126,1770291000,3044.868,3039.017,3041.829
3034.998,1770291900,3041.022,3034.344,3039.135
3040.287,1770292800,3040.287,3035.005,3035.005
3045.043,1770293700,3045.043,3040.303,3040.303
3038.064,1770294600,3045.253,3035.556,3045.049
3043.493,1770295500,3043.493,3038.068,3038.068
3043.395,1770296400,3043.581,3040.305,3043.5
3045.633,1770297300,3048.13,3043.403,3043.403
3040.931,1770298200,3047.897,3040.392,3045.636
3039.695,1770299100,3042.964,3036.31,3040.94
3026.382,1770300000,3040.982,3023.882,3039.705
3030.98,1770300900,3031.499,3026.393,3026.393
3035.946,1770301800,3035.946,3030.98,3030.98
3034.436,1770302700,3036.938,3029.702,3035.948
3038.763,1770303600,3038.763,3034.446,3034.446
3041.406,1770304500,3043.098,3038.778,3038.778
3040.54,1770305400,3043.094,3037.754,3041.407
3046.239,1770306300,3046.239,3040.544,3040.544
3051.284,1770307200,3051.284,3046.244,3046.244
3051.031,1770308100,3055.592,3050.772,3051.293
3050.09,1770309000,3055.085,3049.051,3051.036
3040.839,1770309900,3050.803,3039.54,3050.1
3041.237,1770310800,3042.55,3038.874,3040.839
3045.874,1770311700,3045.874,3041.253,3041.253
3041.026,1770312600,3045.953,3037.252,3045.879
3041.786,1770313500,3045.249,3040.372,3041.028
3042.813,1770314400,3045.427,3041.79,3041.79
3043.451,1770315300,3046.423,3041.531,3042.817
3048.941,1770316200,3048.941,3043.466,3043.466
3050.424,1770317100,3051.249,3048.234,3048.944
3053.02,1770318000,3053.811,3050.425,3050.425
3053.974,1770318900,3054.859,3051.438,3053.03
3053.536,1770319800,3053.982,3049.558,3053.975
3051.846,1770320700,3057.218,3050.0,3053.543
3046.202,1770321600,3056.611,3046.111,3051.856
3042.906,1770322500,3047.914,3042.447,3046.209
3040.924,1770323400,3044.458,3038.673,3042.908
3040.146,1770324300,3044.138,3038.688,3040.924
3042.973,1770325200,3043.203,3040.146,3040.146
3044.291,1770326100,3046.277,3042.049,3042.977
3047.525,1770327000,3047.525,3043.996,3044.299
3029.253,1770327900,3047.855,3029.013,3047.538
3034.678,1770328800,3034.678,3029.254,3029.254
3040.161,1770329700,3040.161,3034.681,3034.681
3036.654,1770330600,3043.582,3035.981,3040.164
3042.013,1770331500,3042.013,3036.666,3036.666
3045.8,1770332400,3045.8,3041.101,3042.016
3050.889,1770333300,3050.889,3045.801,3045.801
3046.313,1770334200,3053.36,3044.276,3050.89
3047.549,1770335100,3048.162,3043.928,3046.313
3052.201,1770336000,3052.201,3047.55,3047.55
3053.035,1770336900,3054.717,3050.875,3052.208
3058.574,1770337800,3058.574,3053.037,3053.037
3063.902,1770338700,3063.902,3058.585,3058.585
3054.965,1770339600,3064.341,3052.61,3063.907
3060.382,1770340500,3060.382,3054.97,3054.97
3064.935,1770341400,3065.388,3060.39,3060.39
3070.42,1770342300,3070.42,3064.936,3064.936
3065.053,1770343200,3074.397,3063.906,3070.423
3067.911,1770344100,3070.066,3065.056,3065.056
3071.266,1770345000,3072.51,3067.911,3067.911
3074.901,1770345900,3074.901,3071.273,3071.273
3073.184,1770346800,3076.482,3070.048,3074.913
3063.011,1770347700,3074.672,3062.596,3073.196
3067.398,1770348600,3067.398,3062.182,3063.013
3067.68,1770349500,3068.556,3063.677,3067.413
3065.574,1770350400,3071.099,3064.966,3067.684
3063.473,1770351300,3068.07,3061.769,3065.575
3065.988,1770352200,3065.988,3063.474,3063.474
3052.169,1770353100,3066.041,3051.169,3065.99
3057.651,1770354000,3057.651,3052.183,3052.183
3059.954,1770354900,3060.38,3057.564,3057.66
3049.727,1770355800,3060.85,3048.317,3059.957
3052.766,1770356700,3052.766,3049.61,3049.731
3053.512,1770357600,3057.296,3052.551,3052.767
3051.756,1770358500,3055.464,3049.045,3053.515
3057.18,1770359400,3057.18,3051.771,3051.771
3059.667,1770360300,3059.667,3055.702,3057.182
3058.168,1770361200,3060.266,3054.452,3059.672
3061.387,1770362100,3061.387,3057.296,3058.17
3065.485,1770363000,3066.986,3061.388,3061.388
3070.514,1770363900,3070.514,3065.489,3065.489
3071.533,1770364800,3071.533,3067.11,3070.525
3070.694,1770365700,3074.153,3069.82,3071.541
3068.908,1770366600,3073.155,3068.08,3070.698
3069.788,1770367500,3070.321,3065.927,3068.912
3065.752,1770368400,3071.019,3064.022,3069.791
3062.456,1770369300,3067.377,3062.062,3065.758
3067.213,1770370200,3067.213,3062.46,3062.46
3071.222,1770371100,3071.222,3067.213,3067.213
3063.739,1770372000,3072.47,3063.215,3071.233
3064.191,1770372900,3068.961,3063.742,3063.749
3069.7,1770373800,3069.7,3064.202,3064.202
3063.725,1770374700,3071.343,3062.086,3069.707
3051.408,1770375600,3064.19,3051.16,3063.728
3055.487,1770376500,3055.7,3051.411,3051.411
3049.512,1770377400,3058.653,3047.926,3055.492
3047.135,1770378300,3050.468,3044.321,3049.513
3042.923,1770379200,3048.458,3040.766,3047.136
3045.06,1770380100,3046.346,3042.924,3042.924
3043.997,1770381000,3048.274,3042.869,3045.072
3044.068,1770381900,3046.634,3042.056,3044.005
3049.369,1770382800,3049.369,3044.073,3044.073
3049.273,1770383700,3050.965,3046.045,3049.369
3050.11,1770384600,3054.507,3049.279,3049.279
3054.264,1770385500,3054.537,3050.123,3050.123
3053.727,1770386400,3057.502,3051.52,3054.27
3057.098,1770387300,3057.098,3053.482,3053.73
3059.443,1770388200,3061.011,3057.109,3057.109
3056.349,1770389100,3059.476,3052.826,3059.446
3049.758,1770390000,3057.433,3048.025,3056.357
3048.466,1770390900,3054.332,3048.343,3049.762
3051.735,1770391800,3052.887,3048.473,3048.473
3054.745,1770392700,3054.745,3051.744,3051.744
3049.215,1770393600,3056.174,3045.451,3054.756
3051.318,1770394500,3052.415,3049.219,3049.219
3049.559,1770395400,3053.742,3048.826,3051.33
3050.081,1770396300,3053.248,3048.789,3049.561
3047.28,1770397200,3050.68,3042.589,3050.087
3050.79,1770398100,3051.713,3047.285,3047.285
3044.517,1770399000,3053.402,3042.534,3050.793
3038.094,1770399900,3044.693,3036.122,3044.517
3036.968,1770400800,3040.828,3034.522,3038.101
3034.083,1770401700,3039.94,3032.611,3036.977
3024.944,1770402600,3035.404,3024.792,3034.085
3029.295,1770403500,3029.295,3024.945,3024.953
3029.272,1770404400,3031.637,3026.506,3029.309
3031.626,1770405300,3031.626,3027.569,3029.275
3031.937,1770406200,3034.122,3030.481,3031.63
3037.417,1770407100,3037.417,3031.946,3031.946
3039.25,1770408000,3041.967,3037.417,3037.417
3031.343,1770408900,3041.656,3030.094,3039.257
3030.65,1770409800,3032.809,3027.702,3031.345
3034.198,1770410700,3034.198,3029.245,3030.65
3039.505,1770411600,3039.505,3034.205,3034.205
3041.157,1770412500,3043.685,3039.522,3039.522
3046.598,1770413400,3046.598,3041.161,3041.161
3050.457,1770414300,3050.457,3046.601,3046.601
3033.737,1770415200,3050.92,3032.372,3050.458
3028.177,1770416100,3034.147,3027.643,3033.738
3024.612,1770417000,3028.637,3022.235,3028.187
3030.093,1770417900,3030.093,3024.628,3024.628
3032.462,1770418800,3032.462,3027.212,3030.109
3024.12,1770419700,3033.126,3022.928,3032.468
3025.242,1770420600,3028.758,3024.128,3024.128
3020.633,1770421500,3025.307,3016.411,3025.248
3022.501,1770422400,3023.509,3020.649,3020.649
3017.266,1770423300,3023.994,3013.583,3022.501
3015.748,1770424200,3020.473,3015.494,3017.278
3017.184,1770425100,3018.735,3015.462,3015.764
3016.93,1770426000,3018.246,3012.696,3017.187
3008.491,1770426900,3017.492,3006.282,3016.936
2998.442,1770427800,3009.456,2997.882,3008.497
3003.774,1770428700,3003.774,2998.455,2998.455
3007.804,1770429600,3007.804,3002.495,3003.777
3011.629,1770430500,3012.128,3006.888,3007.807
3017.079,1770431400,3017.079,3011.64,3011.64
3022.424,1770432300,3022.424,3017.084,3017.084
3027.515,1770433200,3027.515,3022.43,3022.43
3030.288,1770434100,3030.934,3027.515,3027.515
3035.883,1770435000,3035.883,3030.29,3030.29
3027.536,1770435900,3036.116,3024.656,3035.887
3025.677,1770436800,3029.316,3025.149,3027.55
3022.414,1770437700,3027.991,3021.769,3025.691
3027.916,1770438600,3027.916,3022.416,3022.416
3027.448,1770439500,3028.354,3023.609,3027.927
3030.3,1770440400,3031.517,3027.461,3027.461
3035.867,1770441300,3035.867,3030.301,3030.301
3038.311,1770442200,3038.803,3035.798,3035.873
3043.458,1770443100,3043.458,3038.318,3038.318
3047.071,1770444000,3047.071,3043.46,3043.46
3048.675,1770444900,3051.773,3047.075,3047.075
3045.862,1770445800,3049.773,3044.864,3048.683
3046.711,1770446700,3046.903,3043.054,3045.871
3046.249,1770447600,3049.327,3043.276,3046.712
3050.235,1770448500,3050.235,3046.263,3046.263
3049.852,1770449400,3051.904,3047.983,3050.241
3053.962,1770450300,3054.234,3049.857,3049.857
3059.464,1770451200,3059.464,3053.977,3053.977
3065.024,1770452100,3065.024,3059.465,3059.465
3059.796,1770453000,3065.935,3057.218,3065.039
3058.518,1770453900,3061.155,3055.087,3059.802
3064.143,1770454800,3064.143,3058.519,3058.519
3066.358,1770455700,3066.358,3061.243,3064.148
3069.318,1770456600,3069.318,3064.989,3066.359
3067.312,1770457500,3072.93,3067.237,3069.327
3066.928,1770458400,3069.382,3066.614,3067.315
3072.516,1770459300,3072.516,3066.933,3066.933
3074.201,1770460200,3076.823,3072.524,3072.524
3074.693,1770461100,3074.693,3069.75,3074.214
3077.751,1770462000,3080.013,3074.703,3074.703
3078.648,1770462900,3078.753,3073.963,3077.763
3081.771,1770463800,3081.771,3078.421,3078.649
3082.406,1770464700,3082.457,3078.711,3081.774
3085.592,1770465600,3085.592,3080.601,3082.41
3084.21,1770466500,3088.632,3083.788,3085.603
3089.845,1770467400,3089.845,3084.217,3084.217
3089.966,1770468300,3094.31,3089.786,3089.848
3095.561,1770469200,3095.561,3089.973,3089.973
3088.417,1770470100,3096.282,3086.959,3095.563
3093.831,1770471000,3093.831,3088.421,3088.421
3092.124,1770471900,3097.402,3091.913,3093.831
3094.035,1770472800,3097.202,3092.127,3092.127
3097.454,1770473700,3098.007,3094.052,3094.052
3093.274,1770474600,3100.388,3092.807,3097.459
3095.505,1770475500,3096.213,3093.28,3093.28
3100.47,1770476400,3100.484,3095.519,3095.519
3088.127,1770477300,3100.79,3087.762,3100.479
3085.083,1770478200,3089.43,3082.929,3088.133
3087.075,1770479100,3087.08,3084.136,3085.085
3083.077,1770480000,3087.415,3080.169,3087.077
3075.854,1770480900,3086.112,3075.025,3083.089
3079.854,1770481800,3079.854,3075.859,3075.859
3083.574,1770482700,3083.63,3079.861,3079.861
3080.871,1770483600,3086.751,3079.855,3083.574
3086.43,1770484500,3086.43,3080.883,3080.883
3078.728,1770485400,3086.698,3075.356,3086.434
3078.346,1770486300,3080.531,3074.703,3078.736
3083.463,1770487200,3083.463,3078.351,3078.351
3087.718,1770488100,3088.516,3083.466,3083.466
3093.325,1770489000,3093.325,3087.722,3087.722
3098.758,1770489900,3098.758,3093.327,3093.327
3091.784,1770490800,3100.049,3090.345,3098.779
3087.482,1770491700,3092.218,3085.746,3091.797
3076.774,1770492600,3088.683,3075.617,3087.489
3070.193,1770493500,3078.951,3068.785,3076.774
3072.309,1770494400,3073.087,3069.526,3070.2
3076.018,1770495300,3076.018,3071.245,3072.31
3068.249,1770496200,3076.58,3066.311,3076.02
3070.014,1770497100,3072.205,3068.263,3068.263
3066.087,1770498000,3072.604,3065.755,3070.025
3065.287,1770498900,3067.243,3061.324,3066.091
3065.217,1770499800,3065.925,3062.936,3065.296
3069.93,1770500700,3069.93,3065.226,3065.226
3061.55,1770501600,3071.321,3059.794,3069.935
3062.274,1770502500,3066.449,3061.537,3061.553
3067.83,1770503400,3067.83,3062.274,3062.274
3073.498,1770504300,3073.498,3067.847,3067.847
3074.341,1770505200,3074.557,3070.55,3073.5
3074.351,1770506100,3075.051,3069.68,3074.342
3069.62,1770507000,3074.491,3066.49,3074.356
3074.943,1770507900,3074.943,3069.626,3069.626
3077.188,1770508800,3077.49,3074.721,3074.944
3074.791,1770509700,3080.087,3073.825,3077.191
3076.29,1770510600,3077.727,3073.523,3074.801
3075.112,1770511500,3077.403,3072.676,3076.293
3078.894,1770512400,3078.894,3074.733,3075.114
3077.95,1770513300,3079.91,3073.832,3078.9
3064.268,1770514200,3078.542,3062.107,3077.963
3067.23,1770515100,3067.376,3064.274,3064.274
3067.776,1770516000,3070.958,3066.855,3067.236
3073.341,1770516900,3073.341,3067.789,3067.789
3078.672,1770517800,3078.672,3073.348,3073.348
3084.314,1770518700,3084.314,3078.674,3078.674
3089.79,1770519600,3089.79,3084.316,3084.316
3088.845,1770520500,3091.448,3086.809,3089.801
3082.87,1770521400,3090.237,3080.631,3088.853
3082.61,1770522300,3085.742,3079.933,3082.88
3083.074,1770523200,3084.551,3080.416,3082.622
3086.126,1770524100,3088.388,3083.078,3083.078
3061.333,1770525000,3086.274,3060.944,3086.129
3061.158,1770525900,3065.354,3059.752,3061.344
3059.41,1770526800,3065.22,3058.083,3061.163
3052.794,1770527700,3059.67,3050.698,3057.384
3057.0,1770528600,3057.0,3052.795,3052.795
3060.842,1770529500,3061.17,3057.003,3057.003
3056.308,1770530400,3065.997,3056.262,3060.848
3056.947,1770531300,3061.094,3056.233,3056.32
3058.439,1770532200,3058.439,3054.356,3056.96
3057.713,1770533100,3059.193,3055.786,3058.443
3063.138,1770534000,3063.138,3057.714,3057.714
3065.144,1770534900,3066.164,3062.383,3063.139
3070.73,1770535800,3070.73,3065.151,3065.151
3070.521,1770536700,3071.696,3067.252,3070.738
3069.932,1770537600,3072.354,3068.58,3070.522
3075.344,1770538500,3075.344,3069.936,3069.936
3077.032,1770539400,3077.185,3073.189,3075.35
3069.281,1770540300,3077.055,3068.827,3077.035
3074.517,1770541200,3074.517,3069.293,3069.293
3064.098,1770542100,3074.769,3063.526,3074.526
3057.516,1770543000,3066.251,3056.893,3064.118
3058.27,1770543900,3058.841,3054.115,3057.527
3063.729,1770544800,3063.729,3058.273,3058.273
3062.682,1770545700,3066.107,3059.726,3063.729
3067.329,1770546600,3067.329,3062.43,3062.686
3070.092,1770547500,3070.092,3067.333,3067.333
3064.575,1770548400,3072.204,3063.062,3070.095
3070.044,1770549300,3070.044,3064.578,3064.578
3066.611,1770550200,3072.963,3065.022,3070.055
3070.35,1770551100,3070.701,3066.154,3066.625
3075.944,1770552000,3075.944,3070.36,3070.36
3075.671,1770552900,3076.75,3073.304,3075.949
3081.271,1770553800,3081.271,3075.681,3075.681
3076.642,1770554700,3082.771,3072.966,3081.274
3077.829,1770555600,3080.23,3076.653,3076.653
3080.934,1770556500,3083.409,3077.839,3077.839
3086.22,1770557400,3086.22,3080.937,3080.937
3086.219,1770558300,3088.21,3084.201,3086.233
3091.83,1770559200,3091.83,3086.219,3086.219
3088.635,1770560100,3091.923,3085.344,3091.835
3086.545,1770561000,3090.511,3083.819,3088.637
3089.614,1770561900,3089.614,3086.55,3086.55
3091.195,1770562800,3091.195,3087.104,3089.616
3096.922,1770563700,3096.922,3091.198,3091.198
3095.033,1770564600,3099.802,3093.859,3096.928
3098.006,1770565500,3100.282,3095.037,3095.037
3089.791,1770566400,3099.144,3087.722,3098.007
3086.852,1770567300,3090.987,3086.363,3089.795
3088.372,1770568200,3088.841,3085.925,3086.856
3077.353,1770569100,3089.852,3076.255,3088.375
3079.221,1770570000,3080.652,3076.896,3077.362
3072.317,1770570900,3080.332,3071.919,3079.225
3066.913,1770571800,3074.221,3065.261,3072.326
3072.469,1770572700,3072.469,3066.918,3066.918
3070.15,1770573600,3072.824,3068.337,3072.48
3064.568,1770574500,3072.735,3063.325,3070.159
3059.857,1770575400,3065.086,3058.278,3064.581
3054.442,1770576300,3060.447,3049.623,3059.86
3058.205,1770577200,3058.309,3053.324,3054.457
3055.939,1770578100,3060.41,3054.364,3058.209
3058.897,1770579000,3058.897,3054.599,3055.942
3057.475,1770579900,3061.773,3054.807,3058.899
3057.223,1770580800,3058.711,3052.769,3057.479
3062.578,1770581700,3062.578,3057.236,3057.236
3066.947,1770582600,3066.967,3062.58,3062.58
3070.376,1770583500,3070.376,3065.981,3066.951
3068.153,1770584400,3074.087,3067.147,3070.388
3057.987,1770585300,3070.008,3057.554,3068.16
3060.164,1770586200,3060.518,3056.933,3057.991
3057.149,1770587100,3061.203,3055.541,3060.17
3056.351,1770588000,3058.47,3053.922,3057.152
3058.321,1770588900,3058.321,3053.286,3056.358
3063.994,1770589800,3063.994,3058.323,3058.323
3061.523,1770590700,3064.576,3057.125,3063.995
3067.075,1770591600,3067.075,3061.537,3061.537
3072.575,1770592500,3072.575,3067.083,3067.083
3078.099,1770593400,3078.099,3072.585,3072.585
3083.885,1770594300,3083.885,3078.108,3078.108
3085.635,1770595200,3086.294,3082.762,3083.886
3078.654,1770596100,3086.198,3075.772,3085.638
3083.501,1770597000,3083.501,3078.659,3078.659
3084.205,1770597900,3084.524,3079.582,3083.508
3085.671,1770598800,3087.56,3084.035,3084.207
3090.256,1770599700,3090.256,3085.471,3085.671
3086.37,1770600600,3092.742,3085.838,3090.258
3086.227,1770601500,3090.573,3085.974,3086.372
3086.858,1770602400,3088.762,3084.159,3086.236
3088.785,1770603300,3091.264,3086.862,3086.862
3083.355,1770604200,3089.599,3082.546,3088.792
3088.691,1770605100,3088.691,3083.358,3083.358
3094.366,1770606000,3094.366,3088.697,3088.697
3095.855,1770606900,3097.724,3094.373,3094.373
3099.556,1770607800,3099.556,3095.861,3095.861
3103.933,1770608700,3103.933,3099.565,3099.565
3098.017,1770609600,3106.234,3097.188,3103.935
3102.475,1770610500,3102.475,3096.973,3098.028
3103.462,1770611400,3104.911,3102.483,3102.483
3109.056,1770612300,3109.056,3103.469,3103.469
3106.986,1770613200,3109.846,3104.167,3109.061
3098.889,1770614100,3106.999,3094.846,3106.987
3100.141,1770615000,3101.115,3096.415,3098.894
3100.266,1770615900,3100.36,3094.887,3100.148
3105.7,1770616800,3105.7,3100.269,3100.269
3106.045,1770617700,3106.704,3101.586,3105.707
3110.528,1770618600,3110.811,3106.063,3106.063
3113.622,1770619500,3113.622,3109.106,3110.532
3117.827,1770620400,3117.827,3113.625,3113.625
3110.69,1770621300,3120.354,3109.001,3117.838
3115.681,1770622200,3115.681,3110.697,3110.697
3108.148,1770623100,3119.334,3107.162,3115.698
3113.067,1770624000,3113.067,3108.15,3108.15
3118.733,1770624900,3118.733,3113.069,3113.069
3122.899,1770625800,3122.899,3118.736,3118.736
3125.226,1770626700,3126.337,3122.906,3122.906
3130.838,1770627600,3130.838,3125.235,3125.235
3136.451,1770628500,3136.451,3130.839,3130.839
3123.984,1770629400,3138.422,3123.018,3136.454
3128.615,1770630300,3128.615,3123.412,3123.991
3134.108,1770631200,3134.108,3128.619,3128.619
3139.701,1770632100,3139.701,3134.117,3134.117
3144.652,1770633000,3144.652,3139.703,3139.703
3149.559,1770633900,3149.559,3144.661,3144.661
3153.214,1770634800,3153.214,3149.157,3149.568
3155.992,1770635700,3157.026,3153.218,3153.218
3161.823,1770636600,3161.823,3156.004,3156.004
3165.408,1770637500,3165.908,3161.825,3161.825
3155.352,1770638400,3166.535,3151.625,3165.416
3158.697,1770639300,3158.697,3154.796,3155.36
3163.798,1770640200,3163.798,3158.704,3158.704
3155.994,1770641100,3167.517,3155.209,3163.799
3152.663,1770642000,3156.71,3150.284,3156.003
3155.627,1770642900,3155.871,3152.404,3152.676
3152.308,1770643800,3155.943,3147.541,3155.634
3158.125,1770644700,3158.125,3152.317,3152.317
3161.881,1770645600,3163.649,3158.126,3158.126
3167.726,1770646500,3167.726,3161.887,3161.887
3152.261,1770647400,3167.847,3150.643,3167.733
3157.945,1770648300,3157.945,3152.261,3152.261
3163.939,1770649200,3163.939,3157.951,3157.951
3163.123,1770650100,3168.72,3163.089,3163.949
3168.924,1770651000,3168.924,3163.137,3163.137
3169.105,1770651900,3172.005,3166.467,3168.926
3167.188,1770652800,3173.266,3166.423,3169.124
3169.248,1770653700,3169.248,3167.146,3167.196
3170.254,1770654600,3170.836,3166.759,3169.262
3176.179,1770655500,3176.179,3170.254,3170.254
3181.962,1770656400,3181.962,3176.18,3176.18
3185.723,1770657300,3185.723,3180.417,3181.966
3187.977,1770658200,3190.424,3185.736,3185.736
3192.036,1770659100,3193.256,3187.988,3187.988
3194.405,1770660000,3194.405,3190.947,3192.044
3175.307,1770660900,3192.5,3175.296,3192.291
3169.121,1770661800,3176.868,3167.6,3175.31
3174.836,1770662700,3174.836,3169.129,3169.129
3180.483,1770663600,3180.483,3174.852,3174.852
3186.232,1770664500,3186.232,3180.493,3180.493
3184.569,1770665400,3186.86,3181.723,3186.239
3183.22,1770666300,3189.957,3182.804,3184.569
3186.712,1770667200,3186.712,3183.223,3183.223
3192.454,1770668100,3192.454,3186.714,3186.714
3193.331,1770669000,3193.331,3188.811,3192.462
3188.448,1770669900,3196.888,3186.556,3193.353
3189.642,1770670800,3191.658,3188.343,3188.458
3186.353,1770671700,3190.947,3183.952,3189.656
3191.601,1770672600,3191.601,3186.126,3186.356
3187.05,1770673500,3195.421,3186.297,3191.608
3188.191,1770674400,3189.699,3187.055,3187.055
3194.15,1770675300,3194.15,3188.195,3188.195
3199.892,1770676200,3199.892,3194.153,3194.153
3196.445,1770677100,3202.569,3196.16,3199.898
3189.707,1770678000,3198.26,3188.07,3196.457
3178.74,1770678900,3190.079,3177.425,3189.72
3166.444,1770679800,3180.569,3163.99,3178.751
3166.279,1770680700,3170.983,3165.255,3166.451
3172.042,1770681600,3172.042,3166.283,3166.283
3163.363,1770682500,3176.065,3162.743,3172.046
3169.36,1770683400,3169.36,3163.368,3163.368
3167.291,1770684300,3171.329,3164.651,3169.37
3170.868,1770685200,3172.46,3167.299,3167.299
3160.922,1770686100,3174.55,3159.96,3170.871
3160.162,1770687000,3161.726,3155.542,3160.936
3162.553,1770687900,3162.553,3158.187,3160.165
3167.174,1770688800,3167.633,3162.561,3162.561
3172.047,1770689700,3172.047,3167.18,3167.18
3175.475,1770690600,3175.475,3172.056,3172.056
3180.858,1770691500,3180.858,3175.479,3175.479
3185.565,1770692400,3185.565,3180.861,3180.861
3182.68,1770693300,3187.005,3179.067,3185.566
3188.055,1770694200,3188.055,3182.684,3182.684
3185.236,1770695100,3188.556,3181.67,3188.063
3178.655,1770696000,3186.328,3176.116,3185.241
3177.464,1770696900,3180.893,3174.269,3178.658
3176.97,1770697800,3179.402,3173.208,3177.468
3173.127,1770698700,3177.597,3172.652,3176.975
3158.291,1770699600,3174.37,3156.618,3173.143
3157.368,1770700500,3162.317,3156.01,3158.293
3159.617,1770701400,3159.617,3153.77,3157.376
3159.799,1770702300,3162.761,3158.705,3159.624
3162.071,1770703200,3163.068,3159.804,3159.804
3167.508,1770704100,3167.508,3162.073,3162.073
3169.261,1770705000,3169.657,3166.954,3167.516
3168.246,1770705900,3171.433,3166.686,3169.27
3168.081,1770706800,3173.722,3167.827,3168.259
3157.028,1770707700,3168.107,3156.955,3168.085
3161.888,1770708600,3161.888,3157.042,3157.042
3161.796,1770709500,3164.326,3158.51,3161.897
3162.274,1770710400,3162.854,3157.711,3161.811
3152.329,1770711300,3163.823,3150.759,3162.275
3149.409,1770712200,3153.414,3148.064,3152.341
3153.47,1770713100,3153.47,3148.89,3149.413
3157.34,1770714000,3157.725,3153.477,3153.477
3160.175,1770714900,3160.175,3157.267,3157.343
3157.47,1770715800,3160.438,3154.272,3160.187
3160.402,1770716700,3160.402,3157.476,3157.476
3165.886,1770717600,3165.886,3160.409,3160.409
3168.961,1770718500,3168.961,3164.261,3165.886
3171.991,1770719400,3171.991,3167.57,3168.967
3164.445,1770720300,3172.633,3160.912,3171.992
3170.296,1770721200,3170.296,3164.45,3164.45
3168.442,1770722100,3171.182,3165.884,3170.299
3160.644,1770723000,3168.628,3159.039,3168.451
3157.06,1770723900,3163.796,3156.15,3160.653
3159.068,1770724800,3161.047,3157.07,3157.07
3157.877,1770725700,3160.61,3153.477,3159.083
3145.198,1770726600,3158.043,3145.198,3157.879
3142.506,1770727500,3149.858,3141.359,3145.2
3140.529,1770728400,3142.825,3135.677,3142.508
3146.314,1770729300,3146.314,3140.535,3140.535
3140.715,1770730200,3147.603,3140.151,3146.317
3138.303,1770731100,3145.295,3137.556,3140.726
3128.613,1770732000,3139.169,3127.152,3138.307
3130.626,1770732900,3130.739,3126.971,3128.613
3136.356,1770733800,3136.356,3130.634,3130.634
3136.975,1770734700,3140.941,3135.802,3136.361
3129.246,1770735600,3139.403,3128.486,3136.976
3118.816,1770736500,3133.109,3118.632,3129.248
3121.326,1770737400,3123.427,3118.819,3118.819
3124.56,1770738300,3126.828,3121.326,3121.326
3126.042,1770739200,3126.042,3122.865,3124.561
3121.636,1770740100,3127.296,3121.063,3126.056
3125.643,1770741000,3126.798,3121.64,3121.64
3113.877,1770741900,3127.143,3113.852,3125.654
3114.736,1770742800,3119.319,3113.888,3113.888
3113.207,1770743700,3115.222,3109.594,3114.746
3106.184,1770744600,3114.418,3105.292,3113.214
3090.745,1770745500,3107.254,3089.606,3106.191
3096.206,1770746400,3096.206,3090.748,3090.748
3095.858,1770747300,3097.129,3091.183,3096.209
3101.3,1770748200,3101.3,3095.87,3095.87
3099.503,1770749100,3101.392,3095.996,3101.304
3101.896,1770750000,3101.896,3096.71,3099.509
3103.078,1770750900,3103.796,3099.557,3101.908
3098.947,1770751800,3103.473,3094.909,3103.085
3101.971,1770752700,3101.971,3097.547,3098.961
3095.827,1770753600,3103.737,3095.316,3101.979
3097.128,1770754500,3100.658,3095.839,3095.839
3102.718,1770755400,3102.718,3097.132,3097.132
3104.9,1770756300,3104.9,3101.511,3102.722
3101.268,1770757200,3108.308,3099.16,3104.908
3101.052,1770758100,3102.449,3098.229,3101.273
3101.639,1770759000,3104.028,3099.034,3101.062
3106.237,1770759900,3106.237,3101.639,3101.639
3094.338,1770760800,3106.746,3093.768,3106.252
3094.119,1770761700,3097.264,3091.287,3094.344
3090.456,1770762600,3096.314,3089.868,3094.125
3079.759,1770763500,3092.613,3078.961,3090.457
3077.063,1770764400,3080.385,3072.146,3079.761
3080.081,1770765300,3080.935,3077.07,3077.07
3085.764,1770766200,3085.764,3080.09,3080.09
3087.92,1770767100,3087.92,3083.835,3085.767
3093.543,1770768000,3093.543,3087.925,3087.925
3097.502,1770768900,3097.502,3092.303,3093.547
3097.11,1770769800,3099.794,3093.956,3097.515
3097.916,1770770700,3100.33,3097.125,3097.125
3103.083,1770771600,3103.083,3097.923,3097.923
3091.782,1770772500,3107.891,3091.512,3103.096
3097.498,1770773400,3097.498,3091.791,3091.791
3102.884,1770774300,3102.884,3097.513,3097.513
3100.366,1770775200,3104.143,3097.747,3102.893
3098.605,1770776100,3103.914,3097.793,3100.367
3096.62,1770777000,3098.94,3092.605,3098.619
3091.245,1770777900,3100.779,3090.891,3096.623
3087.09,1770778800,3092.153,3086.284,3091.25
3090.915,1770779700,3090.948,3087.105,3087.105
3088.542,1770780600,3091.123,3085.509,3090.921
3081.479,1770781500,3089.531,3081.23,3088.552
3085.713,1770782400,3085.713,3081.032,3081.484
3087.515,1770783300,3088.625,3085.196,3085.721
3089.169,1770784200,3089.169,3084.906,3087.522
3092.132,1770785100,3092.53,3089.172,3089.172
3094.51,1770786000,3095.278,3092.113,3092.138
3097.784,1770786900,3097.784,3093.024,3094.512
3096.284,1770787800,3098.85,3091.866,3097.787
3094.302,1770788700,3101.203,3093.857,3096.295
3096.602,1770789600,3096.602,3092.417,3094.312
3095.1,1770790500,3098.069,3093.999,3096.611
3095.492,1770791400,3097.42,3093.403,3095.107
3094.687,1770792300,3097.861,3093.339,3095.494
3097.436,1770793200,3097.436,3093.777,3094.696
3097.027,1770794100,3099.495,3095.006,3097.444
3098.157,1770795000,3099.81,3095.433,3097.039
3101.781,1770795900,3101.781,3098.158,3098.158
3099.632,1770796800,3102.553,3094.941,3101.784
3102.626,1770797700,3102.626,3098.965,3099.633
3095.262,1770798600,3103.379,3092.681,3102.637
3094.999,1770799500,3097.91,3092.591,3095.264
3087.479,1770800400,3095.172,3083.057,3095.004
3081.965,1770801300,3087.955,3080.796,3087.484
3087.686,1770802200,3087.686,3081.97,3081.97
3093.354,1770803100,3093.354,3087.689,3087.689
3097.764,1770804000,3097.764,3093.359,3093.359
3102.836,1770804900,3102.836,3097.445,3097.77
3108.257,1770805800,3108.257,3102.841,3102.841
3093.839,1770806700,3110.661,3092.5,3108.263
3099.284,1770807600,3099.284,3093.845,3093.845
3098.463,1770808500,3103.193,3096.761,3099.303
3104.03,1770809400,3104.03,3098.475,3098.475
3105.39,1770810300,3107.478,3103.272,3104.032
3111.026,1770811200,3111.026,3105.396,3105.396
3110.21,1770812100,3115.427,3109.28,3111.033
3108.742,1770813000,3112.37,3107.057,3110.218
3103.955,1770813900,3112.594,3102.708,3108.748
3108.825,1770814800,3108.825,3103.927,3103.969
3110.204,1770815700,3112.929,3108.826,3108.826
3115.737,1770816600,3115.737,3110.204,3110.204
3118.746,1770817500,3118.937,3115.743,3115.743
3113.621,1770818400,3122.385,3113.317,3118.752
3116.46,1770819300,3117.499,3113.622,3113.622
3115.378,1770820200,3121.229,3114.992,3116.467
3121.113,1770821100,3121.113,3115.381,3115.381
3123.598,1770822000,3123.598,3120.002,3121.123
3120.96,1770822900,3124.836,3119.73,3123.602
3126.408,1770823800,3126.408,3120.96,3120.96
3122.023,1770824700,3126.515,3120.548,3126.411
3123.645,1770825600,3123.645,3118.717,3122.026
3122.864,1770826500,3126.82,3120.794,3123.651
3114.857,1770827400,3123.877,3113.512,3122.874
3106.703,1770828300,3115.32,3104.521,3114.861
3108.273,1770829200,3108.574,3106.275,3106.708
3102.859,1770830100,3110.432,3101.676,3108.275
3102.163,1770831000,3106.835,3101.364,3102.865
3106.242,1770831900,3106.242,3101.565,3102.163
3105.369,1770832800,3108.675,3104.435,3106.246
3109.444,1770833700,3109.444,3103.94,3105.372
3100.096,1770834600,3111.723,3099.517,3109.447
3105.457,1770835500,3105.457,3100.107,3100.107
3109.085,1770836400,3109.085,3105.327,3105.465
3113.768,1770837300,3113.768,3109.09,3109.09
3113.295,1770838200,3114.06,3108.835,3113.769
3118.786,1770839100,3118.786,3113.297,3113.297
3124.248,1770840000,3124.248,3118.792,3118.792
3118.413,1770840900,3125.163,3115.603,3124.256
3119.39,1770841800,3122.156,3117.44,3118.421
3114.488,1770842700,3123.333,3114.144,3119.397
3114.461,1770843600,3117.545,3111.983,3114.489
3114.487,1770844500,3114.487,3109.036,3114.478
3109.867,1770845400,3117.047,3109.622,3114.493
3110.623,1770846300,3110.998,3108.547,3109.868
3106.59,1770847200,3111.699,3104.447,3110.63
3108.656,1770848100,3108.656,3103.911,3106.597
3105.623,1770849000,3109.349,3100.875,3108.661
3098.569,1770849900,3108.457,3097.31,3105.625
3097.361,1770850800,3099.595,3095.32,3098.576
3079.545,1770851700,3098.89,3078.874,3097.364
3081.371,1770852600,3082.3,3078.544,3079.561
3080.751,1770853500,3081.767,3075.325,3081.372
3086.297,1770854400,3086.297,3080.762,3080.762
3091.756,1770855300,3091.756,3086.299,3086.299
3090.229,1770856200,3097.174,3089.943,3091.758
3095.83,1770857100,3095.83,3090.233,3090.233
3094.275,1770858000,3098.433,3093.776,3095.836
3097.068,1770858900,3097.068,3093.225,3094.295
3092.274,1770859800,3097.849,3089.593,3097.081
3092.923,1770860700,3093.616,3089.728,3092.284
3098.407,1770861600,3098.407,3092.935,3092.935
3098.428,1770862500,3102.77,3097.472,3098.417
3100.406,1770863400,3100.406,3096.48,3098.429
3105.941,1770864300,3105.941,3100.411,3100.411
3106.054,1770865200,3108.216,3103.892,3105.951
3099.712,1770866100,3108.042,3098.532,3106.058
3100.125,1770867000,3101.896,3096.814,3099.717
3105.977,1770867900,3105.977,3100.129,3100.129
3102.731,1770868800,3106.859,3101.439,3105.983
3108.24,1770869700,3108.24,3102.734,3102.734
3111.701,1770870600,3111.701,3108.252,3108.252
3115.749,1770871500,3115.749,3110.961,3111.707
3115.85,1770872400,3118.605,3114.824,3115.756
3116.728,1770873300,3117.472,3112.724,3115.852
3120.349,1770874200,3121.408,3116.729,3116.729
3114.28,1770875100,3122.158,3112.201,3120.359
3116.84,1770876000,3116.84,3113.473,3114.286
3112.028,1770876900,3116.975,3109.512,3116.843
3111.598,1770877800,3116.889,3111.57,3112.029
3115.769,1770878700,3116.264,3111.6,3111.6
3119.447,1770879600,3121.279,3115.77,3115.77
3113.645,1770880500,3121.385,3111.781,3119.452
3117.67,1770881400,3117.67,3112.273,3113.651
3119.841,1770882300,3122.309,3117.679,3117.679
3125.286,1770883200,3125.286,3119.845,3119.845
3128.928,1770884100,3128.987,3125.293,3125.293
3130.236,1770885000,3130.954,3127.439,3128.933
3132.626,1770885900,3132.626,3129.092,3130.248
3125.879,1770886800,3135.351,3125.138,3132.631
3127.0,1770887700,3127.0,3121.827,3125.882
3129.451,1770888600,3129.451,3124.814,3127.003
3130.437,1770889500,3133.568,3129.107,3129.462
3129.128,1770890400,3136.192,3129.096,3130.448
3118.232,1770891300,3129.335,3117.361,3129.129
3123.757,1770892200,3123.757,3118.233,3118.233
3129.488,1770893100,3129.488,3123.759,3123.759
3131.875,1770894000,3133.781,3129.496,3129.496
3132.388,1770894900,3134.246,3129.449,3131.876
3137.781,1770895800,3137.781,3132.391,3132.391
3141.676,1770896700,3141.676,3137.628,3137.786
3145.347,1770897600,3145.887,3141.678,3141.678
3148.112,1770898500,3149.925,3145.349,3145.349
3146.105,1770899400,3151.403,3145.991,3148.128
3145.981,1770900300,3148.731,3145.067,3146.115
3147.212,1770901200,3150.067,3145.481,3145.994
3146.149,1770902100,3147.605,3142.373,3147.221
3133.542,1770903000,3146.964,3133.442,3146.152
3139.278,1770903900,3139.278,3133.55,3133.55
3135.366,1770904800,3140.31,3132.51,3139.282
3138.857,1770905700,3140.943,3135.375,3135.375
3137.356,1770906600,3139.343,3133.911,3138.863
3132.852,1770907500,3139.518,3130.014,3137.366
3131.753,1770908400,3133.136,3126.615,3132.863
3125.415,1770909300,3133.381,3122.502,3131.754
3126.147,1770910200,3131.207,3125.422,3125.422
3131.735,1770911100,3131.735,3126.15,3126.15
3134.955,1770912000,3134.955,3130.601,3131.74
3139.77,1770912900,3140.053,3134.955,3134.955
3141.81,1770913800,3144.183,3139.776,3139.776
3136.64,1770914700,3141.946,3132.844,3141.815
3131.759,1770915600,3137.243,3130.874,3136.65
3134.236,1770916500,3135.617,3131.767,3131.767
3136.324,1770917400,3138.819,3134.238,3134.238
3139.131,1770918300,3139.131,3135.503,3136.341
3136.954,1770919200,3140.652,3135.621,3139.139
3135.1,1770920100,3138.228,3133.182,3136.964
3140.685,1770921000,3140.685,3135.105,3135.105
3140.702,1770921900,3145.184,3140.368,3140.689
3135.624,1770922800,3141.339,3135.291,3140.708
3132.533,1770923700,3138.792,3130.423,3135.629
3138.157,1770924600,3138.157,3132.537,3132.537
3134.941,1770925500,3140.627,3133.895,3138.165
3137.917,1770926400,3139.169,3134.944,3134.944
3133.738,1770927300,3138.026,3129.689,3137.933
3139.362,1770928200,3139.362,3133.742,3133.742
3134.654,1770929100,3140.507,3133.888,3139.372
3132.176,1770930000,3136.64,3130.964,3134.668
3135.024,1770930900,3135.024,3129.533,3132.178
3133.169,1770931800,3137.839,3132.933,3135.028
3135.584,1770932700,3137.918,3133.174,3133.174
3134.537,1770933600,3138.993,3133.298,3135.592
3138.36,1770934500,3138.36,3134.552,3134.552
3143.989,1770935400,3143.989,3138.362,3138.362
3149.619,1770936300,3149.619,3144.002,3144.002
3147.507,1770937200,3151.367,3147.249,3149.631
3149.896,1770938100,3149.896,3145.58,3147.511
3142.874,1770939000,3150.887,3142.053,3149.9
3142.13,1770939900,3146.576,3141.21,3142.883
3147.669,1770940800,3147.669,3142.133,3142.133
3152.349,1770941700,3152.808,3147.677,3147.677
3150.748,1770942600,3153.146,3148.036,3152.365
3152.205,1770943500,3155.487,3150.755,3150.755
3156.007,1770944400,3156.007,3151.117,3152.205
3157.44,1770945300,3157.44,3151.662,3156.021
3159.023,1770946200,3160.141,3155.959,3157.442
3164.615,1770947100,3164.615,3159.029,3159.029
3152.048,1770948000,3167.002,3150.98,3164.619
3151.686,1770948900,3152.81,3146.977,3152.058
3152.367,1770949800,3152.367,3148.452,3151.687
3146.308,1770950700,3153.956,3145.336,3152.372
3139.728,1770951600,3147.174,3136.931,3146.322
3130.293,1770952500,3141.008,3128.794,3139.732
3122.536,1770953400,3130.896,3119.911,3130.295
3121.491,1770954300,3126.757,3120.019,3122.547
3115.169,1770955200,3122.011,3112.851,3121.498
3118.44,1770956100,3118.44,3113.803,3115.175
3120.311,1770957000,3120.311,3115.696,3118.445
3125.451,1770957900,3125.451,3120.318,3120.318
3109.607,1770958800,3127.385,3109.443,3125.455
3113.698,1770959700,3113.698,3109.618,3109.618
3106.677,1770960600,3116.907,3105.232,3113.71
3108.494,1770961500,3111.302,3106.683,3106.683
3112.527,1770962400,3113.129,3108.497,3108.497
3107.893,1770963300,3113.467,3106.328,3112.53
3110.841,1770964200,3112.448,3107.907,3107.907
3108.416,1770965100,3115.592,3107.473,3110.856
3114.016,1770966000,3114.016,3108.425,3108.425
3118.893,1770966900,3118.893,3113.362,3114.029
3121.707,1770967800,3121.707,3117.67,3118.895
3124.494,1770968700,3124.494,3121.278,3121.716
3126.515,1770969600,3127.398,3124.093,3124.501
3128.972,1770970500,3128.972,3124.049,3126.527
3125.795,1770971400,3130.003,3125.494,3128.979
3120.763,1770972300,3128.614,3118.499,3125.799
3125.926,1770973200,3126.083,3120.773,3120.773
3125.453,1770974100,3129.451,3124.815,3125.931
3122.123,1770975000,3127.329,3120.031,3125.456
3127.041,1770975900,3127.041,3122.127,3122.127
3123.333,1770976800,3129.656,3120.798,3127.048
3124.138,1770977700,3124.138,3118.896,3123.34
3123.763,1770978600,3128.486,3122.672,3124.138
3123.509,1770979500,3128.864,3123.027,3123.777
3123.676,1770980400,3125.201,3121.223,3123.514
3129.224,1770981300,3129.224,3123.677,3123.677
3133.989,1770982200,3133.989,3129.226,3129.226
3139.682,1770983100,3139.682,3134.002,3134.002
3134.211,1770984000,3139.998,3133.201,3139.693
3132.026,1770984900,3136.316,3131.54,3134.215
3130.646,1770985800,3133.042,3126.451,3132.03
3110.234,1770986700,3130.733,3109.387,3130.651
3115.562,1770987600,3115.562,3110.245,3110.245
3117.805,1770988500,3118.058,3114.815,3115.563
3119.267,1770989400,3119.267,3115.713,3117.813
3118.662,1770990300,3122.093,3117.993,3119.275
3108.227,1770991200,3119.663,3108.025,3118.664
3112.123,1770992100,3113.563,3108.228,3108.228
3103.289,1770993000,3113.647,3100.601,3112.125
3103.925,1770993900,3104.05,3100.065,3103.303
3100.015,1770994800,3106.267,3098.197,3103.935
3104.572,1770995700,3104.572,3099.183,3100.021
3101.133,1770996600,3105.335,3097.377,3104.575
3098.77,1770997500,3105.472,3097.316,3101.139
3079.478,1770998400,3100.556,3079.075,3098.77
3068.487,1770999300,3080.201,3068.319,3079.492
3066.563,1771000200,3071.67,3065.566,3068.498
3060.876,1771001100,3068.114,3058.17,3066.566
3064.745,1771002000,3064.745,3060.502,3060.883
3070.478,1771002900,3070.478,3064.763,3064.763
3075.818,1771003800,3075.818,3070.48,3070.48
3079.879,1771004700,3079.879,3075.831,3075.831
3082.892,1771005600,3082.892,3079.875,3079.883
3078.089,1771006500,3084.648,3077.129,3082.897
3072.776,1771007400,3078.627,3070.346,3078.091
3066.063,1771008300,3074.487,3064.923,3072.779
3065.589,1771009200,3070.87,3064.886,3066.064
3071.002,1771010100,3071.002,3065.598,3065.598
3068.663,1771011000,3075.738,3068.504,3071.011
3073.286,1771011900,3073.286,3068.667,3068.667
3077.193,1771012800,3077.744,3073.297,3073.297
3074.461,1771013700,3078.755,3073.06,3077.197
3073.719,1771014600,3077.685,3072.242,3074.472
3074.915,1771015500,3075.183,3070.824,3073.735
3078.747,1771016400,3078.747,3074.327,3074.918
3075.622,1771017300,3079.588,3074.861,3078.757
3079.97,1771018200,3079.97,3075.627,3075.627
3080.029,1771019100,3085.172,3079.971,3079.971
3077.88,1771020000,3081.426,3075.237,3080.036
3075.597,1771020900,3080.395,3075.359,3077.882
3074.075,1771021800,3077.676,3073.575,3075.598
3076.66,1771022700,3079.574,3074.076,3074.076
3077.698,1771023600,3078.165,3073.729,3076.666
3074.331,1771024500,3077.991,3069.128,3077.707
3070.368,1771025400,3077.012,3069.704,3074.333
3074.767,1771026300,3074.767,3070.372,3070.372
3071.302,1771027200,3075.705,3069.453,3074.771
3075.813,1771028100,3075.813,3071.309,3071.309
3071.729,1771029000,3079.142,3070.498,3075.825
3073.536,1771029900,3073.536,3069.726,3071.734
3073.039,1771030800,3073.907,3067.799,3073.539
3066.339,1771031700,3073.444,3065.891,3073.046
3063.564,1771032600,3067.674,3060.108,3066.339
3058.698,1771033500,3063.926,3056.964,3063.574
3064.213,1771034400,3064.213,3058.708,3058.708
3069.697,1771035300,3069.697,3064.215,3064.215
3068.38,1771036200,3072.21,3066.348,3069.702
3070.516,1771037100,3071.175,3068.237,3068.381
3070.313,1771038000,3075.2,3069.621,3070.519
3053.655,1771038900,3070.471,3052.674,3070.316
3057.787,1771039800,3057.787,3053.655,3053.655
3063.252,1771040700,3063.252,3057.789,3057.789
3066.135,1771041600,3068.416,3063.253,3063.253
3067.852,1771042500,3068.12,3064.304,3066.145
3066.722,1771043400,3073.111,3066.646,3067.856
3066.386,1771044300,3067.045,3061.829,3066.727
3069.99,1771045200,3071.527,3066.393,3066.393
3063.745,1771046100,3070.865,3063.745,3069.992
3058.503,1771047000,3066.631,3055.893,3063.749
3059.826,1771047900,3060.043,3056.071,3058.515
3052.449,1771048800,3063.494,3051.937,3059.827
3051.997,1771049700,3053.356,3047.477,3052.45
3053.192,1771050600,3055.357,3051.261,3052.002
3058.926,1771051500,3058.926,3053.211,3053.211
3057.956,1771052400,3060.893,3055.237,3058.936
3056.317,1771053300,3061.221,3054.253,3057.958
3062.007,1771054200,3062.007,3056.326,3056.326
3059.749,1771055100,3062.73,3056.114,3062.025
3055.487,1771056000,3060.787,3054.752,3059.753
3054.422,1771056900,3057.202,3051.74,3055.49
3054.829,1771057800,3059.118,3053.913,3054.435
3060.329,1771058700,3060.329,3054.83,3054.83
3066.036,1771059600,3066.036,3060.334,3060.334
3071.042,1771060500,3071.042,3066.048,3066.048
3076.518,1771061400,3076.518,3071.049,3071.049
3076.413,1771062300,3076.761,3071.133,3076.522
3069.291,1771063200,3074.927,3069.151,3073.287
3064.467,1771064100,3070.347,3063.097,3069.296
3060.763,1771065000,3068.621,3060.671,3064.475
3063.027,1771065900,3063.027,3059.549,3060.769
3068.488,1771066800,3068.488,3063.036,3063.036
3067.943,1771067700,3072.182,3066.078,3068.496
3051.998,1771068600,3068.621,3051.068,3067.948
3052.969,1771069500,3052.969,3049.979,3052.006
3058.626,1771070400,3058.626,3052.972,3052.972
3048.547,1771071300,3058.748,3047.715,3058.63
3054.009,1771072200,3054.009,3048.549,3048.549
3051.52,1771073100,3054.979,3047.637,3054.012
3042.982,1771074000,3055.801,3042.889,3051.525
3048.375,1771074900,3048.375,3042.983,3042.983
3052.293,1771075800,3053.413,3048.378,3048.378
3057.717,1771076700,3057.717,3052.304,3052.304
3056.802,1771077600,3061.945,3055.753,3057.723
3062.396,1771078500,3062.396,3056.803,3056.803
3064.228,1771079400,3065.329,3061.731,3062.399
3054.99,1771080300,3065.268,3054.378,3064.229
3060.556,1771081200,3060.556,3054.997,3054.997
3052.277,1771082100,3063.168,3052.244,3060.566
3054.797,1771083000,3054.797,3051.571,3052.278
3054.334,1771083900,3055.012,3049.478,3054.797
3054.219,1771084800,3054.855,3049.648,3054.354
3058.261,1771085700,3058.261,3054.183,3054.237
3054.006,1771086600,3060.436,3052.769,3058.264
3055.201,1771087500,3059.506,3054.009,3054.009
3060.233,1771088400,3060.233,3055.215,3055.215
3062.707,1771089300,3065.284,3060.25,3060.25
3053.885,1771090200,3062.92,3050.326,3062.717
3059.364,1771091100,3059.364,3053.886,3053.886
3059.353,1771092000,3062.73,3057.089,3059.365
3054.562,1771092900,3060.877,3052.71,3059.355
3060.128,1771093800,3060.128,3054.562,3054.562
3062.137,1771094700,3062.137,3058.732,3060.131
3062.242,1771095600,3064.931,3061.887,3062.147
3060.615,1771096500,3063.33,3056.337,3062.251
3062.576,1771097400,3065.034,3060.621,3060.621
3058.999,1771098300,3064.514,3057.985,3062.58
3058.583,1771099200,3062.217,3058.327,3059.001
3061.267,1771100100,3062.377,3058.594,3058.594
3063.441,1771101000,3064.98,3061.277,3061.277
3056.323,1771101900,3066.258,3055.753,3063.447
3058.615,1771102800,3058.615,3054.757,3056.338
3055.011,1771103700,3060.453,3054.239,3058.622
3057.225,1771104600,3057.9,3055.015,3055.015
3055.968,1771105500,3057.582,3051.675,3057.236
3053.846,1771106400,3060.738,3053.544,3055.975
3053.974,1771107300,3057.139,3051.835,3053.85
3059.66,1771108200,3059.66,3053.982,3053.982
3064.497,1771109100,3064.497,3059.661,3059.661
3069.818,1771110000,3069.818,3064.498,3064.498
3068.501,1771110900,3070.293,3064.53,3069.821
3064.732,1771111800,3070.072,3061.446,3068.508
3059.235,1771112700,3065.027,3055.572,3064.738
3061.017,1771113600,3064.05,3059.037,3059.242
3065.893,1771114500,3065.893,3061.026,3061.026
3065.631,1771115400,3068.08,3063.882,3065.902
3063.513,1771116300,3068.111,3062.349,3065.64
3058.383,1771117200,3064.521,3056.718,3063.519
3060.08,1771118100,3062.969,3058.399,3058.399
3062.007,1771119000,3065.419,3060.08,3060.08
3061.814,1771119900,3063.516,3058.211,3062.011
3061.368,1771120800,3066.349,3060.497,3061.827
3062.301,1771121700,3064.893,3060.867,3061.372
3052.404,1771122600,3064.67,3051.542,3062.304
3057.892,1771123500,3057.892,3052.418,3052.418
3056.71,1771124400,3060.382,3055.326,3057.904
3049.49,1771125300,3059.03,3049.263,3056.71
3048.613,1771126200,3052.393,3047.677,3049.493
3042.878,1771127100,3051.487,3042.823,3048.619
3039.942,1771128000,3043.749,3039.197,3042.879
3045.455,1771128900,3045.455,3039.948,3039.948
3044.007,1771129800,3045.725,3039.822,3045.465
3047.545,1771130700,3047.545,3043.579,3044.009
3051.044,1771131600,3051.755,3047.555,3047.555
3056.673,1771132500,3056.673,3051.054,3051.054
3053.979,1771133400,3059.22,3051.456,3056.678
3051.17,1771134300,3054.745,3048.949,3053.986
3054.99,1771135200,3054.99,3051.176,3051.176
3052.153,1771136100,3058.282,3051.78,3054.992
3046.718,1771137000,3053.412,3045.069,3052.159
3052.215,1771137900,3052.215,3046.729,3046.729
3048.139,1771138800,3055.742,3047.862,3052.225
3048.78,1771139700,3049.224,3045.19,3048.143
3043.426,1771140600,3049.829,3042.61,3048.784
3046.718,1771141500,3046.718,3043.429,3043.429
3042.172,1771142400,3048.131,3040.254,3046.722
3044.836,1771143300,3046.161,3042.174,3042.174
3045.487,1771144200,3049.615,3044.726,3044.84
3041.573,1771145100,3046.89,3037.995,3045.49
3046.941,1771146000,3046.941,3041.58,3041.58
3044.325,1771146900,3050.825,3043.09,3046.946
3049.941,1771147800,3049.941,3044.33,3044.33
3041.938,1771148700,3050.921,3039.951,3049.951
3041.375,1771149600,3042.054,3037.162,3041.94
3046.811,1771150500,3046.811,3041.378,3041.378
3043.081,1771151400,3049.137,3042.722,3046.812
3048.632,1771152300,3048.632,3043.085,3043.085
3053.005,1771153200,3053.005,3048.642,3048.642
3047.047,1771154100,3057.273,3046.687,3053.01
3043.27,1771155000,3047.948,3040.584,3047.059
3038.007,1771155900,3044.094,3035.826,3043.278
3043.457,1771156800,3043.457,3038.021,3038.021
3041.158,1771157700,3046.56,3039.064,3043.462
3046.634,1771158600,3046.634,3041.159,3041.159
3039.519,1771159500,3047.909,3038.811,3046.64
3045.081,1771160400,3045.081,3039.531,3039.531
3047.513,1771161300,3049.144,3045.083,3045.083
3047.686,1771162200,3048.378,3043.264,3047.514
3050.277,1771163100,3050.277,3047.365,3047.696
3045.402,1771164000,3051.464,3043.083,3050.278
3050.758,1771164900,3050.758,3045.411,3045.411
3056.505,1771165800,3056.505,3050.76,3050.76
3061.918,1771166700,3061.918,3056.514,3056.514
3067.245,1771167600,3067.245,3061.918,3061.918
3067.449,1771168500,3068.572,3064.341,3067.246
3067.545,1771169400,3071.823,3066.566,3067.467
3070.335,1771170300,3070.335,3066.186,3067.556
3066.551,1771171200,3071.771,3066.222,3070.343
3072.053,1771172100,3072.053,3066.562,3066.562
3072.935,1771173000,3073.109,3069.176,3072.054
3076.068,1771173900,3077.587,3072.937,3072.937
3070.572,1771174800,3076.718,3067.989,3076.069
3068.206,1771175700,3071.022,3064.919,3070.575
3071.755,1771176600,3071.755,3067.936,3068.213
3068.995,1771177500,3072.336,3066.657,3071.758
3074.205,1771178400,3074.205,3068.996,3068.996
3069.557,1771179300,3076.697,3069.476,3074.206
3072.632,1771180200,3072.632,3068.159,3069.561
3078.216,1771181100,3078.216,3072.633,3072.633
3083.897,1771182000,3083.897,3078.217,3078.217
3085.261,1771182900,3085.667,3081.366,3083.904
3082.37,1771183800,3085.494,3077.325,3085.27
3082.112,1771184700,3085.415,3080.318,3082.374
3079.84,1771185600,3083.944,3077.693,3082.118
3081.105,1771186500,3081.349,3077.221,3079.847
3084.39,1771187400,3084.39,3079.302,3081.119
3088.078,1771188300,3089.494,3084.396,3084.396
3093.514,1771189200,3093.514,3088.08,3088.08
3092.764,1771190100,3097.862,3092.668,3093.52
3098.709,1771191000,3098.709,3092.774,3092.774
3099.749,1771191900,3100.228,3097.009,3098.715
3104.978,1771192800,3104.978,3099.762,3099.762
3110.52,1771193700,3110.52,3104.981,3104.981
3108.4,1771194600,3114.274,3107.409,3110.52
3111.394,1771195500,3111.985,3108.409,3108.409
3115.825,1771196400,3115.825,3111.397,3111.397
3117.784,1771197300,3119.831,3115.831,3115.831
3117.528,1771198200,3122.152,3116.138,3117.785
3116.041,1771199100,3119.158,3115.667,3117.535
3110.276,1771200000,3117.606,3109.264,3116.045
3113.687,1771200900,3113.687,3110.284,3110.284
3102.804,1771201800,3113.882,3101.898,3113.692
3091.969,1771202700,3104.629,3091.852,3102.815
3097.522,1771203600,3097.522,3091.974,3091.974
3100.625,1771204500,3100.625,3097.524,3097.524
3106.188,1771205400,3106.188,3100.626,3100.626
3097.85,1771206300,3108.786,3096.775,3106.201
3094.399,1771207200,3099.118,3091.677,3097.858
3097.766,1771208100,3099.253,3094.402,3094.402
3089.064,1771209000,3098.153,3087.697,3097.773
3085.771,1771209900,3089.917,3084.143,3089.067
3082.531,1771210800,3088.305,3082.052,3085.774
3085.22,1771211700,3085.22,3080.165,3082.541
3088.206,1771212600,3089.097,3085.225,3085.225
3093.79,1771213500,3093.79,3088.209,3088.209
3089.715,1771214400,3094.168,3089.692,3093.793
3088.418,1771215300,3094.04,3087.228,3089.716
3092.098,1771216200,3092.886,3088.425,3088.425
3084.916,1771217100,3092.632,3083.041,3092.109
3090.622,1771218000,3090.622,3084.918,3084.918
3087.872,1771218900,3092.208,3086.009,3090.627
3093.386,1771219800,3093.386,3087.874,3087.874
3097.886,1771220700,3097.886,3093.39,3093.39
3102.822,1771221600,3102.822,3097.891,3097.891
3108.157,1771222500,3108.157,3102.828,3102.828
3112.239,1771223400,3112.479,3108.158,3108.158
3113.894,1771224300,3115.104,3112.245,3112.245
3112.158,1771225200,3115.51,3109.595,3113.902
3107.623,1771226100,3112.71,3105.406,3112.167
3112.472,1771227000,3112.788,3107.632,3107.632
3115.415,1771227900,3115.415,3111.858,3112.475
3105.789,1771228800,3115.709,3103.846,3115.422
3107.065,1771229700,3108.521,3104.352,3105.797
3105.707,1771230600,3111.85,3104.942,3107.071
3111.24,1771231500,3111.24,3105.719,3105.719
3117.009,1771232400,3117.009,3111.246,3111.246
3109.192,1771233300,3120.235,3108.511,3117.009
3112.075,1771234200,3113.884,3109.195,3109.195
3117.848,1771235100,3117.848,3112.077,3112.077
3114.732,1771236000,3121.039,3113.618,3117.853
3119.071,1771236900,3119.071,3114.738,3114.738
3121.993,1771237800,3121.993,3117.943,3119.083
3119.799,1771238700,3125.728,3118.672,3122.007
3121.945,1771239600,3124.495,3119.8,3119.8
3120.524,1771240500,3122.989,3118.44,3121.953
3113.363,1771241400,3124.203,3112.557,3120.525
3113.424,1771242300,3114.26,3109.274,3113.367
3107.935,1771243200,3115.77,3107.029,3113.434
3113.007,1771244100,3113.007,3107.937,3107.937
3110.343,1771245000,3116.836,3109.216,3113.014
3114.51,1771245900,3114.765,3110.351,3110.351
3111.547,1771246800,3117.387,3109.81,3114.516
3115.291,1771247700,3115.291,3110.137,3111.561
3114.042,1771248600,3115.348,3109.172,3115.295
3105.686,1771249500,3114.728,3105.297,3114.052
3111.137,1771250400,3111.137,3105.686,3105.686
3108.972,1771251300,3112.529,3107.867,3111.139
3106.241,1771252200,3110.268,3105.102,3108.981
3101.325,1771253100,3109.156,3101.05,3106.246
3105.725,1771254000,3105.725,3100.671,3101.328
3104.439,1771254900,3108.911,3102.881,3105.727
3109.798,1771255800,3109.798,3104.45,3104.45
3111.632,1771256700,3113.175,3109.24,3109.815
3106.048,1771257600,3112.584,3105.763,3111.636
3108.797,1771258500,3108.797,3103.556,3106.058
3106.462,1771259400,3110.327,3104.792,3108.806
3104.627,1771260300,3106.548,3102.683,3106.472
3110.09,1771261200,3110.09,3104.635,3104.635
3107.341,1771262100,3113.954,3105.659,3110.092
3112.757,1771263000,3112.757,3107.341,3107.341
3108.777,1771263900,3115.889,3106.484,3112.769
3105.947,1771264800,3109.226,3102.045,3108.783
3106.784,1771265700,3108.758,3104.401,3105.965
3104.083,1771266600,3107.404,3103.925,3106.795
3090.997,1771267500,3107.427,3090.32,3104.1
3094.719,1771268400,3094.719,3090.589,3091.003
3091.667,1771269300,3099.378,3091.61,3094.72
3096.736,1771270200,3096.736,3091.675,3091.675
3090.87,1771271100,3098.293,3090.163,3096.742
3095.968,1771272000,3095.968,3090.876,3090.876
3083.919,1771272900,3095.986,3080.201,3095.986
3085.038,1771273800,3088.08,3083.927,3083.927
3090.63,1771274700,3090.63,3085.043,3085.043
3083.359,1771275600,3092.003,3082.783,3090.634
3088.863,1771276500,3088.863,3083.361,3083.361
3084.976,1771277400,3093.32,3084.933,3088.866
3090.473,1771278300,3090.473,3084.981,3084.981
3088.476,1771279200,3093.075,3086.681,3090.481
3076.22,1771280100,3089.236,3075.865,3088.483
3079.146,1771281000,3079.146,3073.742,3076.227
3076.539,1771281900,3083.823,3075.51,3079.149
3080.069,1771282800,3080.988,3076.548,3076.548
3078.728,1771283700,3080.422,3075.736,3080.074
3083.454,1771284600,3083.943,3078.732,3078.732
3075.101,1771285500,3085.108,3074.384,3083.463
3068.311,1771286400,3075.243,3066.621,3075.119
3070.156,1771287300,3072.932,3068.315,3068.315
3075.744,1771288200,3075.744,3070.159,3070.159
3079.026,1771289100,3079.026,3075.744,3075.744
3078.761,1771290000,3079.617,3073.782,3079.034
3081.253,1771290900,3081.253,3077.393,3078.767
3082.67,1771291800,3082.763,3078.698,3081.259
3083.399,1771292700,3083.399,3078.098,3082.677
3082.237,1771293600,3084.202,3077.906,3083.41
3087.6,1771294500,3087.6,3082.24,3082.24
3083.744,1771295400,3088.571,3081.167,3087.6
3073.015,1771296300,3085.483,3072.203,3083.761
3078.367,1771297200,3078.367,3073.02,3073.02
3083.84,1771298100,3083.84,3078.369,3078.369
3082.576,1771299000,3084.99,3080.032,3083.846
3081.942,1771299900,3083.195,3077.685,3082.588
3085.582,1771300800,3085.582,3081.948,3081.948
3081.4,1771301700,3086.161,3079.685,3085.596
3078.403,1771302600,3086.726,3078.05,3081.411
3073.789,1771303500,3079.151,3069.152,3078.416
3077.378,1771304400,3077.378,3073.791,3073.791
3081.503,1771305300,3081.503,3077.389,3077.389
3085.295,1771306200,3085.295,3081.505,3081.505
3075.771,1771307100,3086.669,3075.471,3085.296
3062.581,1771308000,3076.352,3061.921,3075.775
3056.047,1771308900,3062.658,3055.341,3062.589
3058.068,1771309800,3058.068,3053.914,3056.048
3052.868,1771310700,3063.018,3052.291,3058.07
3042.921,1771311600,3053.032,3039.811,3052.878
3048.636,1771312500,3048.636,3042.93,3042.93
3045.766,1771313400,3050.592,3042.61,3048.637
3048.752,1771314300,3049.901,3045.767,3045.767
3048.131,1771315200,3051.524,3047.672,3048.755
3048.898,1771316100,3049.999,3045.422,3048.139
3045.07,1771317000,3049.677,3044.101,3048.9
3050.448,1771317900,3050.448,3045.08,3045.08
3050.308,1771318800,3052.09,3046.663,3050.453
3046.72,1771319700,3052.501,3045.335,3050.31
3052.132,1771320600,3052.132,3046.726,3046.726
3051.824,1771321500,3052.401,3048.755,3052.135
3042.125,1771322400,3054.214,3041.459,3051.83
3037.711,1771323300,3042.509,3034.134,3042.135
3043.173,1771324200,3043.173,3037.72,3037.72
3045.513,1771325100,3046.307,3043.175,3043.175
3037.264,1771326000,3045.602,3037.089,3045.52
3037.107,1771326900,3038.898,3034.178,3037.28
3033.313,1771327800,3038.882,3033.226,3037.116
3038.731,1771328700,3038.731,3033.325,3033.325
3044.171,1771329600,3044.171,3038.736,3038.736
3044.359,1771330500,3047.098,3043.084,3044.173
3044.199,1771331400,3045.795,3041.339,3044.361
3039.373,1771332300,3044.282,3034.868,3044.2
3044.819,1771333200,3044.819,3039.385,3039.385
3037.926,1771334100,3046.111,3036.151,3044.822
3043.388,1771335000,3043.388,3037.931,3037.931
3035.828,1771335900,3044.183,3034.91,3043.397
3030.048,1771336800,3036.351,3026.664,3035.835
3030.83,1771337700,3032.982,3030.049,3030.049
3036.386,1771338600,3036.386,3030.844,3030.844
3039.822,1771339500,3041.584,3036.389,3036.389
3036.058,1771340400,3040.201,3034.579,3039.824
3036.719,1771341300,3039.696,3034.574,3036.073
3042.172,1771342200,3042.172,3036.723,3036.723
3032.708,1771343100,3042.366,3029.484,3042.182
3019.987,1771344000,3033.591,3016.959,3032.718
3021.668,1771344900,3021.668,3017.174,3019.997
3021.553,1771345800,3023.785,3018.687,3021.672
3027.107,1771346700,3027.107,3021.558,3021.558
3027.049,1771347600,3029.235,3026.294,3027.115
3026.7,1771348500,3027.598,3021.749,3027.061
3020.035,1771349400,3028.704,3018.712,3026.706
3025.244,1771350300,3025.244,3020.039,3020.039
3026.655,1771351200,3026.695,3022.718,3025.244
3025.789,1771352100,3028.368,3022.743,3026.659
3023.961,1771353000,3029.321,3023.366,3025.797
3027.344,1771353900,3027.344,3023.516,3023.974
3012.807,1771354800,3028.276,3012.508,3027.349
3007.754,1771355700,3015.427,3007.602,3012.823
3010.132,1771356600,3010.132,3005.425,3007.758
3008.844,1771357500,3010.577,3003.884,3010.132
3014.132,1771358400,3014.132,3008.852,3008.852
3016.577,1771359300,3019.415,3014.142,3014.142
3016.405,1771360200,3017.588,3013.939,3016.587
3018.721,1771361100,3019.26,3016.174,3016.414
3021.07,1771362000,3023.727,3018.724,3018.724
3019.991,1771362900,3022.249,3018.316,3021.071
3023.567,1771363800,3023.567,3019.537,3019.997
3028.845,1771364700,3028.845,3023.571,3023.571
3021.918,1771365600,3029.056,3021.209,3028.848
3010.236,1771366500,3022.286,3006.966,3021.926
3012.458,1771367400,3012.797,3009.642,3010.243
3010.974,1771368300,3013.055,3006.284,3012.459
3007.084,1771369200,3013.168,3005.036,3010.982
3007.004,1771370100,3011.54,3006.89,3007.091
3011.501,1771371000,3011.501,3007.011,3007.011
3002.291,1771371900,3013.372,2998.9,3011.512
3002.993,1771372800,3006.027,3002.302,3002.302
3008.542,1771373700,3008.542,3003.007,3003.007
3005.115,1771374600,3010.112,3002.855,3008.557
3004.788,1771375500,3007.175,3003.017,3005.13
3005.021,1771376400,3007.527,3003.345,3004.797
3006.386,1771377300,3006.96,3002.909,3005.03
3005.854,1771378200,3007.055,3003.577,3006.399
3004.232,1771379100,3009.691,3002.843,3005.856
2998.64,1771380000,3006.08,2995.072,3004.233
3003.106,1771380900,3003.106,2998.651,2998.651
2998.809,1771381800,3004.419,2995.815,3003.119
2999.445,1771382700,3001.423,2996.578,2998.81
2995.606,1771383600,3003.859,2994.588,2999.454
2994.634,1771384500,2997.989,2992.4,2995.607
2996.787,1771385400,2997.553,2994.643,2994.643
2998.037,1771386300,2998.037,2993.581,2996.794
2994.339,1771387200,3002.811,2994.106,2998.05
2990.381,1771388100,2996.108,2990.053,2994.341
2991.772,1771389000,2992.288,2989.778,2990.391
2994.998,1771389900,2997.098,2991.778,2991.778
2997.647,1771390800,2997.647,2993.316,2995.003
2998.165,1771391700,3002.353,2997.584,2997.648
3001.925,1771392600,3002.182,2998.174,2998.174
3000.15,1771393500,3004.508,2998.426,3001.929
2993.937,1771394400,3002.645,2992.809,3000.156
2996.958,1771395300,2996.958,2993.163,2993.94
2999.295,1771396200,3002.108,2996.962,2996.962
3001.473,1771397100,3001.473,2997.986,2999.309
3006.976,1771398000,3006.976,3001.473,3001.473
3010.957,1771398900,3010.957,3006.481,3006.979
3010.958,1771399800,3015.743,3010.533,3010.961
3010.395,1771400700,3012.987,3006.946,3010.96
3013.469,1771401600,3013.469,3008.247,3010.404
3018.741,1771402500,3018.741,3013.478,3013.478
3017.656,1771403400,3023.361,3017.611,3018.748
3020.022,1771404300,3020.022,3016.499,3017.661
3019.508,1771405200,3022.337,3018.028,3020.026
3021.538,1771406100,3021.538,3016.267,3019.509
3026.89,1771407000,3026.89,3021.549,3021.549
3031.386,1771407900,3031.386,3026.007,3026.007
3033.287,1771408800,3034.405,3030.616,3031.393
3032.189,1771409700,3036.513,3029.87,3033.293
3030.365,1771410600,3034.397,3027.109,3032.197
3035.761,1771411500,3035.761,3030.369,3030.369
3041.448,1771412400,3041.448,3035.767,3035.767
3041.577,1771413300,3045.5,3040.259,3041.456
3043.71,1771414200,3045.752,3041.584,3041.584
3049.358,1771415100,3049.358,3043.726,3043.726
3043.712,1771416000,3050.925,3040.607,3049.363
3049.22,1771416900,3049.22,3043.714,3043.714
3048.098,1771417800,3050.809,3045.319,3049.221
3040.946,1771418700,3052.267,3040.9,3048.101
3046.293,1771419600,3046.293,3040.956,3040.956
3051.62,1771420500,3051.62,3046.296,3046.296
3053.16,1771421400,3055.4,3051.626,3051.626
3049.921,1771422300,3055.116,3048.01,3053.168
3052.429,1771423200,3052.429,3046.948,3049.923
3047.233,1771424100,3053.988,3044.646,3052.434
3043.051,1771425000,3052.094,3042.536,3047.247
3039.366,1771425900,3045.794,3039.288,3043.065
3039.204,1771426800,3043.305,3037.713,3039.367
3044.433,1771427700,3044.433,3039.21,3039.21
3044.528,1771428600,3045.191,3039.781,3044.433
3030.222,1771429500,3044.883,3029.634,3044.538
3035.606,1771430400,3035.606,3030.223,3030.223
3041.083,1771431300,3041.083,3035.611,3035.611
3042.819,1771432200,3046.566,3041.098,3041.098
3048.312,1771433100,3048.312,3042.828,3042.828
3050.223,1771434000,3050.223,3046.057,3048.312
3049.914,1771434900,3052.082,3048.351,3050.225
3055.338,1771435800,3055.338,3049.922,3049.922
3060.742,1771436700,3060.742,3055.346,3055.346
3057.577,1771437600,3062.439,3056.586,3060.742
3053.932,1771438500,3058.435,3052.571,3057.582
3052.768,1771439400,3054.572,3050.548,3053.95
3055.582,1771440300,3055.826,3052.785,3052.785
3061.093,1771441200,3061.093,3055.592,3055.592
3065.847,1771442100,3066.187,3061.096,3061.096
3071.593,1771443000,3071.593,3065.848,3065.848
3072.097,1771443900,3075.773,3070.685,3071.599
3065.523,1771444800,3074.423,3064.319,3072.097
3067.378,1771445700,3070.012,3065.524,3065.524
3072.853,1771446600,3072.853,3067.379,3067.379
3076.831,1771447500,3077.164,3072.865,3072.865
3077.592,1771448400,3078.738,3074.988,3076.836
3078.606,1771449300,3079.944,3076.002,3077.592
3069.685,1771450200,3078.615,3068.94,3078.612
3073.195,1771451100,3074.397,3069.693,3069.693
3075.728,1771452000,3076.531,3073.208,3073.208
3077.011,1771452900,3080.062,3075.731,3075.731
3076.67,1771453800,3080.786,3075.378,3077.021
3082.344,1771454700,3082.344,3076.676,3076.676
3088.031,1771455600,3088.031,3082.344,3082.344
3088.465,1771456500,3090.958,3086.043,3088.04
3093.919,1771457400,3093.919,3088.476,3088.476
3095.312,1771458300,3098.828,3093.921,3093.921
3100.274,1771459200,3100.274,3095.321,3095.321
3098.845,1771460100,3101.329,3097.227,3100.283
3099.453,1771461000,3102.578,3097.643,3098.846
3100.913,1771461900,3100.913,3097.769,3099.464
3103.543,1771462800,3103.543,3099.048,3100.914
3109.133,1771463700,3109.133,3103.554,3103.554
3114.785,1771464600,3114.785,3109.135,3109.135
3111.534,1771465500,3117.462,3110.743,3114.789
3110.214,1771466400,3111.543,3105.855,3111.538
3111.231,1771467300,3114.131,3109.647,3110.231
3111.973,1771468200,3116.036,3111.241,3111.241
3110.609,1771469100,3112.695,3107.863,3111.985
3104.623,1771470000,3113.765,3103.361,3110.613
3108.95,1771470900,3108.95,3103.781,3104.633
3108.457,1771471800,3112.477,3107.017,3108.959
3106.163,1771472700,3110.14,3104.219,3108.467
3109.362,1771473600,3109.999,3106.164,3106.164
3109.181,1771474500,3109.786,3105.195,3109.363
3114.724,1771475400,3114.724,3109.182,3109.182
3103.963,1771476300,3114.756,3103.798,3114.737
3108.334,1771477200,3108.334,3103.964,3103.964
3112.411,1771478100,3112.411,3108.338,3108.338
3109.092,1771479000,3113.298,3105.769,3112.423
3101.649,1771479900,3111.821,3100.654,3109.097
3100.277,1771480800,3103.211,3096.571,3101.649
3105.052,1771481700,3105.052,3100.279,3100.279
3106.298,1771482600,3106.955,3104.237,3105.06
3100.66,1771483500,3107.248,3100.084,3106.3
3106.052,1771484400,3106.052,3100.666,3100.666
3095.528,1771485300,3108.091,3094.897,3106.056
3099.353,1771486200,3099.353,3095.533,3095.533
3098.047,1771487100,3100.959,3096.047,3099.356
3103.742,1771488000,3103.742,3098.054,3098.054
3103.402,1771488900,3104.112,3099.803,3103.744
3099.387,1771489800,3104.182,3098.213,3103.41
3086.959,1771490700,3099.881,3084.456,3099.391
3092.345,1771491600,3092.345,3086.96,3086.96
3094.941,1771492500,3094.941,3090.34,3092.356
3088.884,1771493400,3097.001,3087.09,3094.945
3094.525,1771494300,3094.525,3088.89,3088.89
3100.004,1771495200,3100.004,3094.545,3094.545
3102.717,1771496100,3103.235,3100.007,3100.007
3098.138,1771497000,3105.267,3097.733,3102.729
3103.68,1771497900,3103.68,3098.148,3098.148
3108.241,1771498800,3108.241,3103.686,3103.686
3113.154,1771499700,3113.154,3107.549,3108.244
3117.301,1771500600,3117.301,3113.162,3113.162
3115.481,1771501500,3117.813,3111.484,3117.307
3115.331,1771502400,3115.74,3110.099,3115.483
3118.277,1771503300,3118.526,3114.794,3115.332
3120.627,1771504200,3120.627,3116.385,3118.287
3126.055,1771505100,3126.055,3120.636,3120.636
3124.421,1771506000,3126.138,3121.138,3126.055
3120.592,1771506900,3126.055,3119.903,3124.427
3117.423,1771507800,3120.826,3113.001,3120.608
3114.943,1771508700,3120.057,3113.144,3117.432
3117.151,1771509600,3117.151,3112.177,3114.952
3119.112,1771510500,3121.05,3117.155,3117.155
3114.024,1771511400,3122.185,3113.527,3119.114
3114.888,1771512300,3115.077,3111.221,3114.029
3110.938,1771513200,3116.808,3107.744,3114.898
3112.21,1771514100,3113.495,3109.054,3110.946
3109.089,1771515000,3113.33,3105.521,3112.211
3114.627,1771515900,3114.627,3109.099,3109.099
3106.003,1771516800,3117.81,3105.115,3114.635
3111.763,1771517700,3111.763,3106.015,3106.015
3103.508,1771518600,3113.427,3103.219,3111.769
3106.376,1771519500,3106.376,3102.308,3103.51
3104.583,1771520400,3109.058,3104.317,3106.39
3108.659,1771521300,3108.659,3104.132,3104.592
3101.107,1771522200,3108.88,3097.282,3108.667
3094.478,1771523100,3101.365,3089.091,3101.11
3100.069,1771524000,3100.069,3094.479,3094.479
3103.914,1771524900,3103.914,3100.076,3100.076
3109.487,1771525800,3109.487,3103.916,3103.916
3104.683,1771526700,3110.299,3101.753,3109.495
3110.194,1771527600,3110.194,3104.686,3104.686
3104.75,1771528500,3111.993,3103.861,3110.2
3103.553,1771529400,3108.214,3102.432,3104.757
3103.28,1771530300,3106.188,3100.211,3103.561
3099.155,1771531200,3106.097,3097.959,3103.282
3097.653,1771532100,3101.329,3095.624,3099.156
3102.884,1771533000,3102.884,3097.657,3097.657
3104.184,1771533900,3105.352,3101.89,3102.888
3102.663,1771534800,3104.591,3099.152,3104.188
3103.332,1771535700,3106.049,3101.033,3102.668
3107.628,1771536600,3108.291,3103.338,3103.338
3106.573,1771537500,3111.274,3105.121,3107.636
3112.157,1771538400,3112.157,3106.581,3106.581
3117.659,1771539300,3117.659,3112.158,3112.158
3112.454,1771540200,3118.459,3111.566,3117.668
3118.009,1771541100,3118.009,3112.46,3112.46
3118.815,1771542000,3121.593,3116.915,3118.021
3113.456,1771542900,3119.61,3112.576,3118.835
3119.262,1771543800,3119.262,3113.469,3113.469
3121.799,1771544700,3123.662,3119.267,3119.267
3126.609,1771545600,3126.609,3121.811,3121.811
3126.602,1771546500,3127.421,3123.829,3126.611
3123.135,1771547400,3128.285,3120.534,3126.603
3120.048,1771548300,3123.756,3115.803,3123.136
3119.655,1771549200,3120.719,3115.663,3120.056
3107.147,1771550100,3120.269,3106.708,3119.658
3099.452,1771551000,3107.944,3097.426,3107.152
3100.381,1771551900,3100.381,3097.201,3099.463
3102.633,1771552800,3102.911,3099.701,3100.382
3104.696,1771553700,3107.036,3102.648,3102.648
3107.898,1771554600,3107.898,3102.66,3104.7
3111.375,1771555500,3113.654,3107.905,3107.905
3115.663,1771556400,3117.075,3111.376,3111.376
3112.519,1771557300,3115.781,3107.835,3115.668
3107.853,1771558200,3114.118,3105.702,3112.525
3113.694,1771559100,3113.694,3107.854,3107.854
3119.218,1771560000,3119.218,3113.7,3113.7
3116.015,1771560900,3121.823,3114.128,3119.224
3112.414,1771561800,3117.8,3111.133,3116.017
3117.955,1771562700,3117.955,3112.419,3112.419
3115.482,1771563600,3120.408,3113.605,3117.957
3118.912,1771564500,3118.912,3114.042,3115.489
3117.748,1771565400,3120.531,3114.254,3118.917
3123.285,1771566300,3123.285,3117.755,3117.755
3129.063,1771567200,3129.063,3123.288,3123.288
3124.51,1771568100,3129.371,3121.777,3129.071
3124.332,1771569000,3126.414,3121.95,3124.516
3114.288,1771569900,3125.236,3113.833,3124.337
3097.163,1771570800,3115.145,3096.259,3114.297
3094.041,1771571700,3097.537,3092.157,3097.164
3097.604,1771572600,3099.333,3094.047,3094.047
3091.471,1771573500,3101.274,3090.238,3097.617
3094.661,1771574400,3096.239,3091.484,3091.484
3093.261,1771575300,3097.691,3090.913,3094.674
3091.487,1771576200,3094.87,3087.606,3093.265
3089.901,1771577100,3093.942,3089.245,3091.491
3092.249,1771578000,3092.249,3087.561,3089.913
3097.9,1771578900,3097.9,3092.25,3092.25
3098.825,1771579800,3100.676,3095.954,3097.909
3101.495,1771580700,3103.155,3098.84,3098.84
3103.443,1771581600,3104.241,3100.448,3101.505
3098.797,1771582500,3106.827,3097.875,3103.444
3093.622,1771583400,3101.556,3091.166,3098.798
3092.63,1771584300,3094.926,3089.925,3093.626
3092.714,1771585200,3094.703,3089.185,3092.642
3092.969,1771586100,3094.026,3090.183,3092.719
3088.62,1771587000,3093.828,3084.889,3092.972
3086.119,1771587900,3092.945,3085.753,3088.636
3075.169,1771588800,3086.653,3074.582,3086.12
3074.468,1771589700,3076.598,3070.532,3075.17
3080.117,1771590600,3080.117,3074.475,3074.475
3079.577,1771591500,3081.709,3076.993,3080.124
3074.783,1771592400,3080.627,3071.331,3079.583
3072.776,1771593300,3079.572,3072.7,3074.789
3071.773,1771594200,3075.489,3071.045,3072.781
3076.429,1771595100,3076.429,3071.783,3071.783
3070.865,1771596000,3078.059,3069.317,3076.433
3072.176,1771596900,3073.885,3070.44,3070.874
3072.421,1771597800,3075.583,3070.344,3072.178
3078.113,1771598700,3078.113,3072.438,3072.438
3081.144,1771599600,3081.144,3075.858,3078.129
3086.596,1771600500,3086.596,3081.146,3081.146
3084.729,1771601400,3086.626,3079.919,3086.605
3090.128,1771602300,3090.128,3084.74,3084.74
3094.971,1771603200,3094.971,3090.136,3090.136
3098.227,1771604100,3098.982,3094.974,3094.974
3096.905,1771605000,3099.81,3094.011,3098.231
3101.449,1771605900,3101.449,3096.906,3096.906
3107.082,1771606800,3107.082,3101.452,3101.452
3112.702,1771607700,3112.702,3107.085,3107.085
3112.33,1771608600,3115.443,3109.59,3112.707
3100.486,1771609500,3115.146,3100.434,3112.35
3103.595,1771610400,3103.595,3100.489,3100.489
3101.725,1771611300,3104.711,3100.007,3103.608
3100.747,1771612200,3102.003,3095.638,3101.728
3104.435,1771613100,3105.649,3100.748,3100.748
3095.778,1771614000,3107.026,3094.666,3104.45
3101.163,1771614900,3101.163,3095.784,3095.784
3101.191,1771615800,3105.088,3099.951,3101.169
3106.716,1771616700,3106.716,3101.197,3101.197
3105.814,1771617600,3110.853,3104.132,3106.722
3111.53,1771618500,3111.53,3105.819,3105.819
3112.995,1771619400,3112.995,3109.798,3111.53
3106.304,1771620300,3116.066,3106.18,3113.0
3103.497,1771621200,3106.395,3099.018,3106.319
3104.505,1771622100,3104.776,3101.95,3103.5
3108.146,1771623000,3108.146,3104.416,3104.515
3111.083,1771623900,3111.083,3107.993,3108.146
3116.725,1771624800,3116.725,3111.086,3111.086
3122.045,1771625700,3122.045,3116.732,3116.732
3117.32,1771626600,3123.97,3117.002,3122.047
3123.002,1771627500,3123.002,3117.322,3117.322
3115.77,1771628400,3127.502,3115.599,3123.008
3121.333,1771629300,3121.333,3115.774,3115.774
3123.665,1771630200,3126.275,3121.337,3121.337
3129.43,1771631100,3129.43,3123.672,3123.672
3127.07,1771632000,3133.014,3126.096,3129.435
3119.9,1771632900,3127.12,3118.852,3127.07
3124.611,1771633800,3124.611,3119.911,3119.911
3129.698,1771634700,3129.698,3124.612,3124.612
3130.923,1771635600,3135.173,3129.705,3129.705
3135.204,1771636500,3135.903,3130.936,3130.936
3136.955,1771637400,3138.93,3135.208,3135.208
3131.736,1771638300,3138.704,3131.594,3136.959
3132.776,1771639200,3135.742,3131.218,3131.743
3135.795,1771640100,3135.795,3131.39,3132.777
3132.835,1771641000,3137.613,3128.985,3135.807
3122.841,1771641900,3134.625,3122.243,3132.847
3128.437,1771642800,3128.437,3122.851,3122.851
3120.203,1771643700,3129.767,3119.903,3128.449
3113.124,1771644600,3120.598,3111.473,3120.211
3118.432,1771645500,3118.432,3113.128,3113.128
3124.19,1771646400,3124.19,3118.44,3118.44
3119.959,1771647300,3127.388,3119.357,3124.2
3116.996,1771648200,3121.16,3115.597,3119.969
3116.638,1771649100,3118.973,3113.643,3116.998
3116.025,1771650000,3121.435,3115.744,3116.638
3117.644,1771650900,3120.088,3115.923,3116.034
3106.097,1771651800,3120.908,3105.072,3117.648
3104.999,1771652700,3108.404,3101.754,3106.099
3098.614,1771653600,3106.337,3095.805,3105.002
3091.869,1771654500,3102.871,3091.702,3098.614
3097.417,1771655400,3097.417,3091.873,3091.873
3103.108,1771656300,3103.108,3097.426,3097.426
3098.498,1771657200,3105.049,3097.874,3103.116
3094.543,1771658100,3101.888,3093.768,3098.51
3090.556,1771659000,3094.818,3086.357,3094.544
3081.956,1771659900,3090.59,3080.87,3090.56
3073.736,1771660800,3084.839,3073.425,3081.962
3074.153,1771661700,3075.506,3071.293,3073.738
3077.588,1771662600,3077.714,3074.155,3074.155
3078.014,1771663500,3080.461,3075.24,3077.588
3077.379,1771664400,3080.45,3075.939,3078.019
3081.653,1771665300,3081.653,3077.386,3077.386
3087.353,1771666200,3087.353,3081.658,3081.658
3090.386,1771667100,3090.386,3087.03,3087.361
3088.274,1771668000,3090.748,3085.216,3090.388
3092.403,1771668900,3092.403,3088.276,3088.276
3096.793,1771669800,3096.793,3092.404,3092.404
3097.005,1771670700,3099.204,3094.86,3096.797
3090.697,1771671600,3097.71,3089.74,3097.007
3093.608,1771672500,3093.608,3090.68,3090.7
3097.865,1771673400,3098.714,3093.611,3093.611
3097.641,1771674300,3098.01,3092.509,3097.874
3096.087,1771675200,3098.537,3094.877,3097.647
3096.286,1771676100,3099.545,3096.093,3096.093
3088.705,1771677000,3099.472,3088.691,3096.292
3094.347,1771677900,3094.347,3088.713,3088.713
3095.649,1771678800,3095.649,3090.714,3094.354
3088.204,1771679700,3097.86,3086.733,3095.655
3093.587,1771680600,3093.587,3088.205,3088.205
3079.618,1771681500,3094.306,3077.038,3093.589
3077.842,1771682400,3081.02,3076.43,3079.631
3078.209,1771683300,3079.013,3074.537,3077.847
3083.999,1771684200,3083.999,3078.216,3078.216
3087.078,1771685100,3088.351,3084.0,3084.0
3092.078,1771686000,3092.078,3087.078,3087.078
3096.32,1771686900,3096.912,3092.085,3092.085
3084.198,1771687800,3097.857,3083.024,3096.341
3085.619,1771688700,3086.894,3082.873,3084.2
3091.254,1771689600,3091.254,3085.624,3085.624
3091.435,1771690500,3092.323,3086.889,3091.258
3095.468,1771691400,3095.468,3090.489,3091.439
3100.872,1771692300,3100.872,3095.471,3095.471
3102.187,1771693200,3105.643,3100.879,3100.879
3106.98,1771694100,3107.605,3102.189,3102.189
3100.841,1771695000,3108.132,3098.397,3106.983
3099.341,1771695900,3103.969,3097.958,3100.853
3104.533,1771696800,3104.533,3099.341,3099.341
3107.298,1771697700,3108.999,3104.413,3104.536
3112.844,1771698600,3112.844,3107.308,3107.308
3109.886,1771699500,3116.55,3109.73,3112.848
3109.612,1771700400,3112.094,3106.275,3109.892
3110.446,1771701300,3110.495,3107.099,3109.62
3114.188,1771702200,3114.188,3109.288,3110.452
3105.013,1771703100,3116.542,3104.135,3114.188
3095.048,1771704000,3105.431,3094.523,3105.015
3099.494,1771704900,3099.494,3095.054,3095.054
3104.595,1771705800,3104.595,3099.495,3099.495
3105.267,1771706700,3107.591,3103.712,3104.605
3102.52,1771707600,3106.789,3099.72,3105.269
3108.118,1771708500,3108.118,3102.522,3102.522
3113.116,1771709400,3113.116,3108.122,3108.122
3118.8,1771710300,3118.8,3113.124,3113.124
3084.969,1771711200,3119.199,3084.865,3118.802
3086.119,1771712100,3086.299,3083.203,3084.971
3091.446,1771713000,3091.446,3086.123,3086.123
3096.932,1771713900,3096.932,3091.451,3091.451
3102.541,1771714800,3102.541,3096.94,3096.94
3101.371,1771715700,3105.775,3099.199,3102.544
3106.914,1771716600,3106.914,3101.373,3101.373
3112.115,1771717500,3112.115,3106.919,3106.919
3117.75,1771718400,3117.75,3112.119,3112.119
3117.237,1771719300,3118.267,3114.261,3117.754
3122.785,1771720200,3122.785,3117.241,3117.241
3128.375,1771721100,3128.375,3122.794,3122.794
3127.98,1771722000,3130.232,3124.083,3128.377
3130.73,1771722900,3131.207,3127.984,3127.984
3136.394,1771723800,3136.394,3130.736,3130.736
3133.543,1771724700,3141.519,3132.901,3136.395
3138.676,1771725600,3138.676,3133.549,3133.549
3131.796,1771726500,3142.136,3130.057,3138.679
3124.743,1771727400,3132.883,3123.564,3131.802
3117.134,1771728300,3124.991,3114.009,3124.748
3122.889,1771729200,3122.889,3117.147,3117.147
3114.639,1771730100,3123.609,3112.89,3122.889
3120.402,1771731000,3120.402,3114.641,3114.641
3111.985,1771731900,3122.576,3111.604,3120.404
3117.775,1771732800,3117.775,3111.993,3111.993
3122.606,1771733700,3122.606,3117.777,3117.777
3121.479,1771734600,3125.828,3120.612,3122.613
3124.151,1771735500,3124.917,3121.482,3121.482
3130.01,1771736400,3130.01,3124.155,3124.155
3127.12,1771737300,3130.603,3124.71,3130.016
3129.43,1771738200,3129.43,3124.286,3127.13
3135.037,1771739100,3135.037,3129.439,3129.439
3140.255,1771740000,3140.255,3135.04,3135.04
3136.086,1771740900,3144.266,3134.975,3140.257
3133.933,1771741800,3137.578,3131.292,3136.104
3130.066,1771742700,3134.511,3127.597,3133.937
3135.539,1771743600,3135.539,3130.079,3130.079
3128.042,1771744500,3137.054,3127.574,3135.547
3126.484,1771745400,3128.12,3123.612,3128.051
3130.36,1771746300,3130.36,3125.905,3126.484
3120.392,1771747200,3131.637,3119.383,3130.363
3126.012,1771748100,3126.012,3120.398,3120.398
3128.281,1771749000,3128.281,3123.442,3126.016
3133.254,1771749900,3133.254,3128.289,3128.289
3124.451,1771750800,3134.907,3124.379,3133.27
3115.003,1771751700,3126.451,3113.914,3124.452
3109.879,1771752600,3116.871,3107.64,3115.007
3104.739,1771753500,3111.206,3102.806,3109.888
3105.935,1771754400,3107.079,3104.245,3104.744
3104.406,1771755300,3107.911,3102.026,3105.942
3106.819,1771756200,3107.888,3104.407,3104.407
3112.367,1771757100,3112.367,3106.826,3106.826
3115.468,1771758000,3117.912,3112.38,3112.38
3121.106,1771758900,3121.106,3115.475,3115.475
3126.662,1771759800,3126.662,3121.121,3121.121
3129.257,1771760700,3129.257,3125.407,3126.667
3125.386,1771761600,3132.258,3123.681,3129.263
3126.959,1771762500,3129.446,3125.391,3125.391
3126.864,1771763400,3129.078,3123.166,3126.961
3119.008,1771764300,3129.34,3118.62,3126.874
3122.205,1771765200,3122.205,3119.015,3119.015
3122.156,1771766100,3122.459,3117.452,3122.207
3116.596,1771767000,3123.403,3113.902,3122.165
3108.337,1771767900,3118.936,3108.004,3116.616
3107.441,1771768800,3112.821,3106.243,3108.343
3102.568,1771769700,3107.995,3098.838,3107.443
3101.115,1771770600,3104.992,3100.275,3102.577
3106.53,1771771500,3106.53,3101.123,3101.123
3112.026,1771772400,3112.026,3106.534,3106.534
3115.351,1771773300,3115.351,3110.965,3112.035
3112.025,1771774200,3117.061,3112.014,3115.363
3117.879,1771775100,3117.879,3112.033,3112.033
3117.084,1771776000,3120.156,3113.786,3117.88
3118.389,1771776900,3122.06,3117.089,3117.089
3100.45,1771777800,3119.762,3098.947,3118.392
3102.753,1771778700,3106.11,3100.456,3100.456
3097.366,1771779600,3102.804,3095.63,3102.755
3099.797,1771780500,3102.481,3097.368,3097.368
3102.477,1771781400,3102.477,3099.81,3099.81
3100.404,1771782300,3103.032,3097.179,3102.485
3098.205,1771783200,3103.115,3097.468,3100.413
3100.266,1771784100,3100.869,3098.034,3098.208
3098.417,1771785000,3103.52,3097.688,3100.275
3090.754,1771785900,3099.457,3089.48,3098.422
3091.765,1771786800,3091.765,3086.378,3090.755
3097.601,1771787700,3097.601,3091.769,3091.769
3082.687,1771788600,3100.285,3081.217,3097.604
3080.193,1771789500,3086.923,3079.401,3082.694
3082.485,1771790400,3083.355,3080.011,3080.197
3082.434,1771791300,3084.912,3079.413,3082.487
3088.025,1771792200,3088.025,3082.445,3082.445
3089.067,1771793100,3090.619,3087.319,3088.03
3094.468,1771794000,3094.468,3089.074,3089.074
3097.504,1771794900,3097.504,3093.556,3094.477
3098.007,1771795800,3098.007,3094.267,3097.52
3086.888,1771796700,3101.564,3086.125,3098.014
3092.649,1771797600,3092.649,3086.894,3086.894
3098.31,1771798500,3098.31,3092.652,3092.652
3103.869,1771799400,3103.869,3098.324,3098.324
3106.176,1771800300,3107.413,3103.87,3103.87
3109.393,1771801200,3109.393,3103.94,3106.176
3110.108,1771802100,3111.264,3106.681,3109.405
3115.493,1771803000,3115.493,3110.122,3110.122
3115.429,1771803900,3116.582,3112.889,3115.497
3118.456,1771804800,3118.456,3115.435,3115.435
3113.091,1771805700,3121.702,3112.51,3118.457
3118.669,1771806600,3118.669,3113.1,3113.1
3117.104,1771807500,3119.017,3114.538,3118.679
3122.623,1771808400,3122.623,3117.113,3117.113
3128.006,1771809300,3128.006,3122.644,3122.644
3126.173,1771810200,3131.641,3124.425,3128.011
3123.387,1771811100,3128.209,3121.94,3126.183
3129.229,1771812000,3129.229,3123.391,3123.391
3133.588,1771812900,3133.588,3128.107,3129.233
3135.402,1771813800,3135.402,3131.437,3133.592
3122.964,1771814700,3135.912,3122.41,3135.406
3125.88,1771815600,3125.88,3120.472,3122.965
3125.202,1771816500,3126.166,3119.827,3125.885
3125.776,1771817400,3127.321,3121.957,3125.204
3122.555,1771818300,3126.004,3119.981,3125.779
3125.373,1771819200,3126.289,3122.566,3122.566
3107.629,1771820100,3125.667,3107.174,3125.373
3113.277,1771821000,3113.277,3107.631,3107.631
3109.27,1771821900,3114.649,3107.206,3113.29
3111.005,1771822800,3111.783,3108.564,3109.276
3114.855,1771823700,3116.334,3111.016,3111.016
3105.66,1771824600,3116.242,3104.563,3114.857
3101.15,1771825500,3106.759,3100.016,3105.663
3102.233,1771826400,3102.233,3098.283,3101.155
3095.421,1771827300,3103.023,3095.376,3102.241
3089.581,1771828200,3097.984,3089.13,3095.427
3092.995,1771829100,3092.995,3087.866,3089.589
3094.865,1771830000,3094.865,3090.433,3092.996
3100.532,1771830900,3100.532,3094.871,3094.871
3105.956,1771831800,3105.956,3100.537,3100.537
3104.837,1771832700,3111.024,3104.49,3105.959
3110.351,1771833600,3110.351,3104.845,3104.845
3115.965,1771834500,3115.965,3110.357,3110.357
3110.589,1771835400,3116.789,3109.04,3115.97
3096.05,1771836300,3112.298,3093.51,3110.597
3097.936,1771837200,3098.486,3094.735,3096.061
3099.317,1771838100,3101.176,3096.952,3097.941
3090.337,1771839000,3100.492,3089.276,3099.323
3087.927,1771839900,3091.763,3085.806,3090.34
3079.369,1771840800,3090.538,3077.573,3087.93
3080.119,1771841700,3084.804,3079.371,3079.371
3077.764,1771842600,3080.66,3076.349,3080.125
3081.367,1771843500,3082.207,3077.765,3077.765
3087.137,1771844400,3087.137,3081.37,3081.37
3083.722,1771845300,3089.514,3081.985,3087.143
3089.203,1771846200,3089.203,3083.727,3083.727
3083.81,1771847100,3089.853,3081.566,3089.203
3070.347,1771848000,3084.142,3070.276,3083.825
3069.642,1771848900,3071.269,3067.2,3070.353
3072.928,1771849800,3073.806,3069.651,3069.651
3073.328,1771850700,3077.136,3072.052,3072.945
3061.89,1771851600,3074.234,3058.076,3073.329
3062.365,1771852500,3065.471,3061.686,3061.898
3065.586,1771853400,3065.586,3061.528,3062.369
3071.005,1771854300,3071.005,3065.595,3065.595
3072.763,1771855200,3074.332,3070.561,3071.013
3072.651,1771856100,3074.501,3070.168,3072.772
3064.073,1771857000,3073.556,3060.532,3072.655
3069.744,1771857900,3069.744,3064.076,3064.076
3073.766,1771858800,3073.766,3069.745,3069.745
3073.974,1771859700,3077.243,3072.841,3073.769
3073.632,1771860600,3079.286,3073.329,3073.982
3069.186,1771861500,3074.693,3068.255,3073.635
3069.992,1771862400,3071.049,3066.497,3069.195
3060.58,1771863300,3070.82,3059.428,3069.995
3054.23,1771864200,3062.731,3051.228,3060.582
3059.463,1771865100,3059.463,3054.231,3054.231
3060.261,1771866000,3061.344,3058.151,3059.471
3060.537,1771866900,3062.363,3057.316,3060.264
3063.049,1771867800,3063.049,3058.465,3060.541
3067.79,1771868700,3068.466,3063.05,3063.05
3070.368,1771869600,3070.778,3067.791,3067.791
3055.184,1771870500,3071.206,3053.892,3070.37
3055.51,1771871400,3056.736,3053.168,3055.191
3057.817,1771872300,3059.058,3055.516,3055.516
3056.182,1771873200,3060.551,3055.005,3057.826
3054.582,1771874100,3058.095,3052.684,3056.189
3054.661,1771875000,3055.715,3050.345,3054.586
3060.099,1771875900,3060.099,3054.666,3054.666
3058.658,1771876800,3064.993,3058.13,3060.104
3064.398,1771877700,3064.398,3058.659,3058.659
3063.426,1771878600,3066.725,3061.005,3064.398
3066.117,1771879500,3067.676,3063.434,3063.434
3071.68,1771880400,3071.68,3066.125,3066.125
3070.479,1771881300,3073.042,3067.919,3071.685
3075.875,1771882200,3075.875,3070.484,3070.484
3074.487,1771883100,3078.356,3072.041,3075.884
3080.042,1771884000,3080.042,3074.49,3074.49
3085.806,1771884900,3085.806,3080.053,3080.053
3091.554,1771885800,3091.554,3085.806,3085.806
3092.032,1771886700,3092.721,3087.431,3091.56
3096.706,1771887600,3096.706,3092.041,3092.041
3093.949,1771888500,3097.133,3091.396,3096.711
3096.236,1771889400,3096.236,3091.455,3093.953
3090.652,1771890300,3097.701,3087.365,3096.236
3083.441,1771891200,3090.703,3082.178,3090.654
3079.086,1771892100,3088.215,3078.491,3083.448
3082.319,1771893000,3083.001,3079.096,3079.096
3084.549,1771893900,3087.131,3082.324,3082.324
3089.923,1771894800,3089.923,3084.555,3084.555
3090.967,1771895700,3093.162,3089.507,3089.928
3078.97,1771896600,3092.3,3077.239,3090.968
3083.399,1771897500,3083.399,3078.012,3078.971
3087.334,1771898400,3087.334,3083.399,3083.399
3085.187,1771899300,3089.103,3083.122,3087.341
3087.181,1771900200,3087.181,3082.346,3085.197
3091.699,1771901100,3091.699,3087.181,3087.181
3097.275,1771902000,3097.275,3091.7,3091.7
3103.024,1771902900,3103.024,3097.278,3097.278
3107.105,1771903800,3107.413,3103.027,3103.027
3112.586,1771904700,3112.586,3107.122,3107.122
3118.1,1771905600,3118.1,3112.599,3112.599
3122.764,1771906500,3122.764,3118.101,3118.101
3121.591,1771907400,3124.811,3118.35,3122.771
3118.506,1771908300,3124.17,3117.258,3121.592
3117.936,1771909200,3119.121,3116.337,3118.511
3121.578,1771910100,3121.578,3117.95,3117.95
3108.65,1771911000,3122.036,3104.617,3121.59
3106.746,1771911900,3110.431,3105.011,3108.656
3109.777,1771912800,3110.879,3106.756,3106.756
3105.652,1771913700,3110.982,3105.18,3109.782
3102.922,1771914600,3108.365,3102.784,3105.661
3108.526,1771915500,3108.526,3102.931,3102.931
3102.599,1771916400,3110.101,3100.79,3108.531
3100.576,1771917300,3106.439,3098.917,3102.607
3097.256,1771918200,3100.952,3097.232,3100.585
3094.568,1771919100,3100.275,3094.127,3097.259
3094.794,1771920000,3094.794,3089.303,3094.575
3091.053,1771920900,3095.702,3089.344,3094.797
3092.138,1771921800,3092.306,3089.179,3091.07
3090.616,1771922700,3094.671,3089.928,3092.143
3096.146,1771923600,3096.146,3090.625,3090.625
3101.888,1771924500,3101.888,3096.15,3096.15
3102.165,1771925400,3102.95,3099.988,3101.904
3107.487,1771926300,3107.487,3102.176,3102.176
3113.149,1771927200,3113.149,3107.498,3107.498
3114.278,1771928100,3117.751,3113.153,3113.153
3108.281,1771929000,3115.347,3108.189,3114.29
3112.112,1771929900,3112.112,3107.494,3108.289
3116.902,1771930800,3116.902,3112.12,3112.12
3122.544,1771931700,3122.544,3116.91,3116.91
3128.28,1771932600,3128.28,3122.553,3122.553
3133.99,1771933500,3133.99,3128.294,3128.294
3135.617,1771934400,3135.723,3131.72,3133.995
3141.399,1771935300,3141.399,3135.625,3135.625
3139.911,1771936200,3142.957,3137.452,3141.405
3142.08,1771937100,3142.08,3137.472,3139.911
3141.265,1771938000,3144.547,3140.292,3142.09
3135.203,1771938900,3141.285,3135.132,3141.275
3129.327,1771939800,3136.754,3126.384,3135.212
3135.058,1771940700,3135.058,3129.329,3129.329
3128.191,1771941600,3136.515,3127.236,3135.063
3133.939,1771942500,3133.939,3128.195,3128.195
3135.599,1771943400,3135.599,3131.616,3133.942
3135.211,1771944300,3139.026,3133.718,3135.613
3136.572,1771945200,3140.621,3135.216,3135.216
3140.393,1771946100,3140.393,3136.574,3136.574
3139.568,1771947000,3142.745,3136.688,3140.403
3138.965,1771947900,3141.08,3136.19,3139.575
3136.433,1771948800,3139.987,3135.672,3138.972
3124.533,1771949700,3137.93,3124.502,3136.453
3120.025,1771950600,3126.139,3116.68,3124.537
3125.519,1771951500,3125.519,3120.026,3120.026
3122.366,1771952400,3127.101,3119.017,3125.532
3118.116,1771953300,3122.57,3114.542,3122.375
3123.023,1771954200,3123.29,3118.117,3118.117
3128.504,1771955100,3128.504,3123.037,3123.037
3134.344,1771956000,3134.344,3128.512,3128.512
3137.773,1771956900,3137.773,3134.352,3134.352
3143.673,1771957800,3143.673,3137.788,3137.788
3141.616,1771958700,3145.819,3137.83,3143.682
3147.227,1771959600,3147.227,3141.629,3141.629
3146.735,1771960500,3152.469,3146.358,3147.242
3133.288,1771961400,3147.408,3131.026,3146.738
3138.69,1771962300,3138.69,3133.298,3133.298
3144.329,1771963200,3144.329,3138.702,3138.702
3150.04,1771964100,3150.04,3144.334,3144.334
3142.319,1771965000,3150.982,3138.584,3150.054
3145.107,1771965900,3145.107,3140.765,3142.32
3150.816,1771966800,3150.816,3145.108,3145.108
3151.451,1771967700,3153.503,3148.565,3150.819
3154.806,1771968600,3156.765,3151.455,3151.455
3160.478,1771969500,3160.478,3154.818,3154.818
3163.072,1771970400,3163.072,3157.585,3160.481
3161.497,1771971300,3165.507,3158.633,3163.084
3158.024,1771972200,3162.952,3156.307,3161.498
3145.178,1771973100,3158.537,3144.13,3158.029
3146.535,1771974000,3146.535,3142.16,3145.181
3148.544,1771974900,3148.544,3145.078,3146.542
3149.275,1771975800,3149.903,3144.986,3148.55
3152.75,1771976700,3153.605,3148.264,3149.286
3155.128,1771977600,3155.128,3149.993,3152.756
3157.659,1771978500,3157.659,3152.749,3155.133
3157.067,1771979400,3158.774,3152.538,3157.662
3158.999,1771980300,3158.999,3153.825,3157.067
3159.092,1771981200,3161.939,3156.222,3159.001
3152.051,1771982100,3161.662,3151.906,3159.092
3153.328,1771983000,3155.411,3150.811,3152.06
3133.59,1771983900,3153.555,3132.964,3153.338
3132.56,1771984800,3134.64,3129.045,3133.601
3125.722,1771985700,3132.761,3125.448,3132.568
3123.334,1771986600,3126.735,3121.359,3125.728
3123.349,1771987500,3123.55,3119.66,3123.335
3128.675,1771988400,3128.675,3123.355,3123.355
3128.182,1771989300,3131.103,3124.939,3128.675
3119.081,1771990200,3129.624,3118.528,3128.182
3115.406,1771991100,3119.953,3112.513,3119.082
3113.103,1771992000,3118.676,3110.957,3115.408
3112.976,1771992900,3114.888,3110.108,3113.108
3115.887,1771993800,3118.299,3112.982,3112.982
3105.135,1771994700,3116.538,3104.795,3115.893
3109.04,1771995600,3109.04,3104.54,3105.138
3113.29,1771996500,3113.5,3109.051,3109.051
3112.167,1771997400,3113.425,3108.541,3113.29
3107.565,1771998300,3112.387,3105.079,3112.175
3109.861,1771999200,3112.825,3107.568,3107.568
3111.759,1772000100,3112.115,3109.537,3109.867
3114.999,1772001000,3115.617,3111.769,3111.769
3115.529,1772001900,3117.753,3112.687,3115.0
3120.357,1772002800,3120.357,3115.539,3115.539
3118.386,1772003700,3125.074,3117.403,3120.365
3119.096,1772004600,3119.751,3115.941,3118.392
3120.343,1772005500,3123.427,3119.104,3119.104
3114.034,1772006400,3121.622,3113.378,3120.347
3111.546,1772007300,3116.221,3108.608,3114.042
3112.689,1772008200,3114.364,3110.141,3111.555
3095.833,1772009100,3113.479,3095.152,3112.693
3100.041,1772010000,3100.779,3095.839,3095.839
3104.649,1772010900,3104.649,3099.855,3100.041
3110.486,1772011800,3110.486,3104.658,3104.658
3109.626,1772012700,3111.697,3107.461,3110.498
3104.865,1772013600,3111.908,3102.615,3109.63
3105.144,1772014500,3108.888,3103.556,3104.876
3103.49,1772015400,3107.268,3103.41,3105.146
3109.171,1772016300,3109.171,3103.494,3103.494
3113.868,1772017200,3113.868,3108.264,3109.175
3112.194,1772018100,3117.138,3110.009,3113.873
3117.102,1772019000,3117.102,3112.2,3112.2
3116.364,1772019900,3118.313,3111.906,3117.111
3114.695,1772020800,3116.401,3109.996,3116.373
3107.176,1772021700,3115.216,3104.8,3114.702
3100.46,1772022600,3108.097,3097.212,3107.184
3102.956,1772023500,3102.956,3099.177,3100.462
3102.58,1772024400,3105.981,3101.964,3102.957
3108.265,1772025300,3108.265,3102.584,3102.584
3111.786,1772026200,3111.786,3108.27,3108.27
3114.452,1772027100,3114.452,3111.279,3111.798
3119.998,1772028000,3119.998,3114.459,3114.459
3116.238,1772028900,3123.793,3115.793,3120.009
3121.658,1772029800,3121.658,3116.245,3116.245
3126.615,1772030700,3126.615,3121.659,3121.659
3124.833,1772031600,3127.107,3122.001,3126.617
3121.129,1772032500,3127.197,3121.056,3124.845
3125.037,1772033400,3125.037,3119.552,3121.134
3102.505,1772034300,3127.808,3102.33,3125.044
3103.226,1772035200,3104.972,3100.145,3102.506
3107.124,1772036100,3107.124,3102.524,3103.232
3102.344,1772037000,3109.29,3101.036,3107.129
3092.696,1772037900,3104.924,3090.643,3102.348
3088.283,1772038800,3093.606,3084.794,3092.701
3084.646,1772039700,3088.429,3083.044,3088.284
3083.495,1772040600,3089.473,3082.905,3084.651
3078.456,1772041500,3083.826,3076.196,3083.499
3081.621,1772042400,3083.041,3078.461,3078.461
3082.951,1772043300,3084.418,3080.09,3081.629
3080.588,1772044200,3083.292,3078.657,3082.954
3083.098,1772045100,3083.098,3078.62,3080.598
3082.479,1772046000,3085.746,3081.477,3083.104
3088.018,1772046900,3088.018,3082.487,3082.487
3087.156,1772047800,3088.725,3082.174,3088.032
3089.455,1772048700,3089.455,3086.984,3087.165
3090.127,1772049600,3094.841,3089.467,3089.467
3089.618,1772050500,3091.833,3087.013,3090.132
3089.077,1772051400,3091.619,3087.4,3089.618
3093.047,1772052300,3093.047,3089.09,3089.09
3096.407,1772053200,3097.309,3093.051,3093.051
3099.574,1772054100,3099.574,3096.408,3096.408
3101.354,1772055000,3101.547,3098.156,3099.575
3102.69,1772055900,3103.141,3099.346,3101.369
3106.071,1772056800,3106.874,3102.698,3102.698
3109.815,1772057700,3109.815,3106.075,3106.075
3108.43,1772058600,3113.706,3108.41,3109.832
3114.04,1772059500,3114.04,3108.432,3108.432
3118.684,1772060400,3118.684,3114.043,3114.043
3121.43,1772061300,3121.43,3118.106,3118.686
3127.018,1772062200,3127.018,3121.435,3121.435
3131.237,1772063100,3131.237,3127.023,3127.023
3126.858,1772064000,3134.94,3126.677,3131.24
3132.591,1772064900,3132.591,3126.86,3126.86
3132.525,1772065800,3134.059,3128.753,3132.599
3136.943,1772066700,3136.943,3132.537,3132.537
3137.804,1772067600,3137.804,3132.22,3132.22
3123.239,1772068500,3138.567,3122.211,3137.806
3120.978,1772069400,3126.518,3118.709,3123.25
3114.478,1772070300,3121.107,3109.801,3120.987
3111.536,1772071200,3118.503,3111.313,3114.48
3113.157,1772072100,3113.157,3108.764,3111.536
3118.4,1772073000,3118.4,3113.16,3113.16
3123.919,1772073900,3123.919,3118.4,3118.4
3127.211,1772074800,3127.211,3122.423,3123.921
3132.628,1772075700,3132.628,3127.215,3127.215
3131.472,1772076600,3133.143,3128.283,3132.637
3137.116,1772077500,3137.116,3131.474,3131.474
3135.436,1772078400,3142.111,3135.384,3137.125
3128.932,1772079300,3137.271,3128.607,3135.443
3132.254,1772080200,3132.254,3126.659,3128.935
3135.434,1772081100,3135.434,3130.924,3132.255
3141.145,1772082000,3141.145,3135.447,3135.447
3141.346,1772082900,3141.585,3137.291,3141.16
3133.897,1772083800,3142.56,3133.759,3141.35
3130.114,1772084700,3138.166,3129.829,3133.899
3123.873,1772085600,3132.295,3123.807,3130.127
3125.469,1772086500,3128.483,3123.873,3123.873
3123.387,1772087400,3128.563,3120.75,3125.471
3129.033,1772088300,3129.033,3123.398,3123.398
3123.031,1772089200,3129.237,3120.984,3129.047
3128.562,1772090100,3128.562,3123.042,3123.042
3133.956,1772091000,3133.956,3128.569,3128.569
3134.645,1772091900,3136.363,3131.494,3133.959
3127.964,1772092800,3135.896,3125.866,3134.648
3115.908,1772093700,3131.36,3115.758,3127.964
3111.292,1772094600,3116.904,3110.512,3115.914
3117.099,1772095500,3117.099,3111.294,3111.294
3119.849,1772096400,3119.849,3116.53,3117.106
3113.206,1772097300,3122.583,3111.987,3119.854
3114.98,1772098200,3117.337,3112.257,3113.216
3120.267,1772099100,3120.267,3114.983,3114.983
3119.762,1772100000,3122.728,3117.296,3120.268
3116.409,1772100900,3119.918,3112.786,3119.764
3121.872,1772101800,3121.872,3116.411,3116.411
3114.602,1772102700,3121.975,3113.202,3121.874
3107.743,1772103600,3115.526,3104.538,3114.605
3111.622,1772104500,3112.452,3107.751,3107.751
3111.223,1772105400,3116.864,3110.892,3111.635
3114.205,1772106300,3114.205,3109.974,3111.224
3117.143,1772107200,3117.143,3113.02,3114.208
3116.657,1772108100,3117.798,3114.68,3117.147
3120.999,1772109000,3120.999,3116.668,3116.668
3119.183,1772109900,3121.75,3117.981,3121.007
3121.08,1772110800,3121.209,3117.704,3119.197
3126.669,1772111700,3126.669,3121.084,3121.084
3110.118,1772112600,3129.626,3108.609,3126.675
3099.331,1772113500,3111.78,3097.907,3110.13
3097.774,1772114400,3099.634,3094.681,3099.343
3098.867,1772115300,3100.046,3097.089,3097.776
3104.617,1772116200,3104.617,3098.873,3098.873
3110.304,1772117100,3110.304,3104.619,3104.619
3102.476,1772118000,3111.77,3101.333,3110.309
3108.07,1772118900,3108.07,3102.482,3102.482
3107.997,1772119800,3109.009,3103.452,3108.071
3103.569,1772120700,3110.759,3102.257,3108.0
3109.202,1772121600,3109.202,3103.574,3103.574
3111.249,1772122500,3111.249,3107.338,3109.209
3112.928,1772123400,3112.928,3107.441,3111.256
3107.574,1772124300,3115.698,3105.821,3112.929
3113.312,1772125200,3113.312,3107.585,3107.585
3103.34,1772126100,3113.353,3102.715,3113.314
3109.048,1772127000,3109.048,3103.341,3103.341
3114.848,1772127900,3114.848,3109.054,3109.054
3116.457,1772128800,3118.314,3114.224,3114.857
3108.852,1772129700,3118.236,3107.391,3116.46
3105.224,1772130600,3109.926,3103.93,3108.852
3099.722,1772131500,3105.53,3098.72,3105.236
3093.148,1772132400,3102.013,3091.408,3099.727
3081.46,1772133300,3094.224,3081.266,3093.149
3081.53,1772134200,3084.342,3078.65,3081.461
3067.297,1772135100,3081.948,3064.632,3081.537
3072.628,1772136000,3072.628,3067.307,3067.307
3073.824,1772136900,3075.795,3072.635,3072.635
3075.768,1772137800,3076.558,3071.756,3073.829
3076.142,1772138700,3076.226,3072.895,3075.771
3077.003,1772139600,3079.246,3074.546,3076.147
3081.287,1772140500,3081.287,3076.895,3077.006
3086.636,1772141400,3086.636,3081.296,3081.296
3088.296,1772142300,3090.253,3086.196,3086.645
3075.994,1772143200,3093.132,3075.371,3088.301
3073.946,1772144100,3078.782,3073.308,3075.994
3071.33,1772145000,3074.475,3066.525,3073.957
3063.435,1772145900,3071.856,3063.084,3071.334
3067.979,1772146800,3067.979,3063.447,3063.447
3063.386,1772147700,3068.657,3061.887,3067.992
3069.02,1772148600,3069.036,3063.388,3063.388
3074.441,1772149500,3074.441,3069.03,3069.03
3077.783,1772150400,3077.783,3074.445,3074.445
3082.196,1772151300,3082.196,3077.035,3077.786
3086.013,1772152200,3086.013,3081.487,3082.201
3083.161,1772153100,3087.878,3082.641,3086.027
3075.279,1772154000,3085.2,3073.812,3083.164
3073.977,1772154900,3075.999,3070.279,3075.287
3077.755,1772155800,3077.755,3073.982,3073.982
3077.698,1772156700,3079.795,3074.234,3077.76
3072.868,1772157600,3077.9,3072.407,3077.709
3078.463,1772158500,3078.463,3072.872,3072.872
3083.917,1772159400,3083.917,3078.477,3078.477
3087.311,1772160300,3087.311,3082.083,3083.919
3087.233,1772161200,3089.66,3084.737,3087.316
3084.172,1772162100,3088.971,3082.884,3087.245
3087.657,1772163000,3088.492,3084.176,3084.176
3093.204,1772163900,3093.204,3087.661,3087.661
3098.638,1772164800,3098.638,3093.209,3093.209
3082.119,1772165700,3099.002,3081.631,3098.642
3079.635,1772166600,3084.271,3078.36,3082.13
3085.182,1772167500,3085.182,3079.646,3079.646
3080.928,1772168400,3085.189,3079.493,3085.185
3081.76,1772169300,3082.161,3077.524,3080.928
3074.319,1772170200,3083.557,3074.246,3081.771
3075.72,1772171100,3077.928,3073.664,3074.324
3078.271,1772172000,3078.271,3074.195,3075.731
3079.593,1772172900,3080.195,3076.765,3078.274
3084.883,1772173800,3084.883,3079.598,3079.598
3086.498,1772174700,3086.498,3081.622,3084.888
3084.322,1772175600,3090.424,3083.91,3086.505
3080.006,1772176500,3084.702,3077.52,3084.33
3073.713,1772177400,3082.52,3071.884,3080.02
3072.491,1772178300,3076.411,3070.565,3073.72
3063.814,1772179200,3077.513,3063.579,3072.496
3062.526,1772180100,3069.229,3062.316,3063.819
3067.811,1772181000,3067.942,3062.541,3062.541
3063.747,1772181900,3069.484,3061.815,3067.811
3062.164,1772182800,3065.303,3058.236,3063.759
3066.894,1772183700,3066.894,3062.168,3062.168
3072.332,1772184600,3072.332,3066.901,3066.901
3064.957,1772185500,3075.257,3064.303,3072.34
3066.847,1772186400,3066.847,3063.892,3064.957
3063.446,1772187300,3067.815,3060.052,3066.859
3066.033,1772188200,3067.767,3063.448,3063.448
3071.826,1772189100,3071.826,3066.043,3066.043
3056.242,1772190000,3073.396,3054.797,3071.83
3054.039,1772190900,3061.146,3053.521,3056.246
3056.358,1772191800,3058.734,3054.044,3054.044
3061.764,1772192700,3061.764,3056.366,3056.366
3049.613,1772193600,3062.848,3048.797,3061.769
3045.996,1772194500,3050.549,3042.427,3049.614
3044.448,1772195400,3048.409,3041.794,3046.01
3048.651,1772196300,3048.651,3043.677,3044.459
3052.546,1772197200,3052.546,3048.656,3048.656
3050.54,1772198100,3053.02,3048.123,3052.556
3049.091,1772199000,3051.206,3046.263,3050.543
3045.961,1772199900,3049.278,3045.256,3049.099
3049.828,1772200800,3049.828,3044.591,3045.969
3045.882,1772201700,3051.937,3044.018,3049.838
3046.22,1772202600,3047.057,3042.037,3045.891
3051.741,1772203500,3051.741,3046.234,3046.234
3036.874,1772204400,3053.256,3035.326,3051.742
3031.837,1772205300,3039.17,3030.622,3036.88
3031.089,1772206200,3033.968,3027.798,3031.845
3026.453,1772207100,3031.907,3025.066,3031.102
3032.12,1772208000,3032.12,3026.454,3026.454
3036.217,1772208900,3036.217,3031.167,3032.126
3038.111,1772209800,3038.111,3035.893,3036.222
3033.865,1772210700,3040.738,3031.306,3038.118
3035.67,1772211600,3035.67,3031.8,3033.867
3040.115,1772212500,3040.115,3035.673,3035.673
3045.675,1772213400,3045.675,3040.116,3040.116
3050.993,1772214300,3050.993,3045.677,3045.677
3050.136,1772215200,3053.624,3047.255,3050.998
3046.65,1772216100,3050.169,3043.688,3050.144
3045.918,1772217000,3048.789,3042.528,3046.658
3042.105,1772217900,3047.553,3039.398,3045.927
3047.727,1772218800,3047.727,3042.113,3042.113
3049.673,1772219700,3050.474,3046.847,3047.732
3048.788,1772220600,3051.382,3046.537,3049.674
3047.588,1772221500,3049.923,3044.018,3048.795
3051.591,1772222400,3051.591,3047.603,3047.603
3057.255,1772223300,3057.255,3051.601,3051.601
3060.754,1772224200,3062.213,3057.26,3057.26
3062.997,1772225100,3065.689,3060.757,3060.757
3060.702,1772226000,3064.067,3060.021,3063.004
3059.914,1772226900,3061.426,3055.408,3060.703
3061.809,1772227800,3064.237,3059.923,3059.923
3049.771,1772228700,3062.576,3049.498,3061.809
3040.448,1772229600,3049.845,3039.323,3049.785
3038.985,1772230500,3040.51,3036.414,3040.462
3036.149,1772231400,3042.818,3035.876,3038.994
3041.362,1772232300,3041.362,3036.158,3036.158
3046.957,1772233200,3046.957,3041.366,3041.366
3042.058,1772234100,3047.753,3041.145,3046.963
3044.862,1772235000,3044.862,3040.239,3042.067
3037.959,1772235900,3045.64,3036.294,3044.873
3041.572,1772236800,3041.572,3037.963,3037.963
3047.082,1772237700,3047.082,3041.574,3041.574
3044.397,1772238600,3048.976,3042.276,3047.087
3049.876,1772239500,3049.876,3044.399,3044.399
3051.46,1772240400,3053.255,3049.437,3049.884
3054.299,1772241300,3054.299,3051.298,3051.467
3053.836,1772242200,3057.128,3053.594,3054.316
3049.379,1772243100,3056.068,3048.748,3053.838
3053.202,1772244000,3053.202,3048.397,3049.385
3058.799,1772244900,3058.799,3053.204,3053.204
3059.499,1772245800,3059.747,3055.862,3058.81
3058.268,1772246700,3061.478,3055.304,3059.51
3050.159,1772247600,3061.405,3049.026,3058.276
3053.478,1772248500,3053.478,3050.167,3050.167
3057.016,1772249400,3057.016,3052.356,3053.478
3055.302,1772250300,3061.692,3055.093,3057.017
3055.067,1772251200,3056.818,3052.672,3055.304
3055.627,1772252100,3057.073,3052.131,3055.073
3059.999,1772253000,3059.999,3055.322,3055.641
3064.059,1772253900,3064.273,3060.003,3060.003
3061.09,1772254800,3064.996,3057.501,3064.062
3066.647,1772255700,3066.647,3061.091,3061.091
3067.728,1772256600,3070.655,3066.649,3066.649
3065.244,1772257500,3071.209,3064.666,3067.734
3059.664,1772258400,3065.778,3055.904,3065.251
3047.412,1772259300,3060.541,3047.244,3059.668
3046.523,1772260200,3047.818,3042.022,3047.415
3048.412,1772261100,3049.734,3046.405,3046.528
3044.815,1772262000,3052.793,3043.948,3048.42
3037.017,1772262900,3045.063,3036.54,3044.821
3041.127,1772263800,3041.127,3035.822,3037.028
3038.956,1772264700,3043.908,3038.813,3041.128
3043.104,1772265600,3043.104,3038.956,3038.956
3021.993,1772266500,3043.737,3021.893,3043.111
3024.859,1772267400,3024.859,3020.936,3022.002
3021.815,1772268300,3029.177,3020.979,3024.861
3023.355,1772269200,3023.355,3018.048,3021.819
3013.399,1772270100,3024.603,3009.616,3023.365
3009.412,1772271000,3014.65,3005.393,3013.404
3011.028,1772271900,3011.661,3007.74,3009.413
3006.1,1772272800,3013.928,3004.823,3011.029
3011.415,1772273700,3011.415,3006.106,3006.106
3009.799,1772274600,3012.834,3006.569,3011.421
3013.749,1772275500,3013.749,3009.802,3009.802
3018.502,1772276400,3018.502,3013.757,3013.757
3023.919,1772277300,3023.919,3018.504,3018.504
3024.955,1772278200,3026.685,3022.005,3023.931
3025.745,1772279100,3026.82,3022.207,3024.965
3026.226,1772280000,3028.745,3024.708,3025.75
3016.987,1772280900,3026.425,3015.77,3026.227
3010.406,1772281800,3017.98,3008.57,3016.995
3013.699,1772282700,3015.643,3010.417,3010.417
3018.55,1772283600,3018.614,3013.712,3013.712
3023.934,1772284500,3023.934,3018.557,3018.557
3023.388,1772285400,3024.761,3020.541,3023.947
3019.901,1772286300,3026.81,3018.094,3023.394
3017.929,1772287200,3021.964,3014.619,3019.911
3014.597,1772288100,3019.382,3014.441,3017.932
3020.004,1772289000,3020.004,3014.604,3014.604
3023.262,1772289900,3024.316,3020.008,3020.008
3024.851,1772290800,3026.345,3022.556,3023.262
3024.02,1772291700,3027.462,3023.366,3024.853
3020.279,1772292600,3026.557,3018.857,3024.034
3017.51,1772293500,3022.983,3016.763,3020.28
3013.823,1772294400,3020.739,3013.617,3017.516
3011.613,1772295300,3013.992,3009.332,3013.826
3015.596,1772296200,3015.596,3011.482,3011.621
3017.574,1772297100,3018.068,3015.458,3015.602
3018.874,1772298000,3021.278,3017.293,3017.574
3019.552,1772298900,3019.552,3014.704,3018.875
3012.429,1772299800,3020.266,3011.447,3019.561
3014.612,1772300700,3014.612,3010.575,3012.435
2999.974,1772301600,3014.787,2997.252,3014.619
2998.859,1772302500,3003.324,2996.925,2999.977
2997.233,1772303400,3003.22,2996.781,2998.861
3002.683,1772304300,3002.683,2997.242,2997.242
3008.303,1772305200,3008.303,3002.696,3002.696
3013.834,1772306100,3013.834,3008.31,3008.31
3012.097,1772307000,3014.202,3009.078,3013.837
3016.101,1772307900,3016.101,3011.793,3012.107
3020.09,1772308800,3020.09,3016.109,3016.109
3020.855,1772309700,3024.984,3020.091,3020.091
3021.7,1772310600,3023.878,3019.261,3020.866
3019.908,1772311500,3022.357,3015.153,3021.707
3025.366,1772312400,3025.366,3019.917,3019.917
3026.51,1772313300,3027.25,3022.987,3025.373
3019.386,1772314200,3027.689,3016.376,3026.513
3021.379,1772315100,3023.569,3019.387,3019.387
3023.116,1772316000,3023.116,3019.265,3021.384
3020.518,1772316900,3024.037,3018.513,3023.127
3023.498,1772317800,3025.39,3020.521,3020.521
3029.094,1772318700,3029.094,3023.501,3023.501
3028.805,1772319600,3033.812,3028.22,3029.096
3028.935,1772320500,3029.066,3023.731,3028.809
3034.389,1772321400,3034.389,3028.943,3028.943
3037.197,1772322300,3038.503,3034.391,3034.391
3039.859,1772323200,3039.859,3035.802,3037.201
3029.663,1772324100,3040.566,3029.205,3039.86
3027.404,1772325000,3031.135,3024.693,3029.664
3020.798,1772325900,3029.562,3020.183,3027.408
3014.377,1772326800,3022.64,3013.624,3020.799
3011.22,1772327700,3014.853,3008.32,3014.378
3009.656,1772328600,3013.595,3007.767,3011.236
3015.046,1772329500,3015.046,3009.668,3009.668
3020.388,1772330400,3020.388,3015.06,3015.06
3025.728,1772331300,3025.728,3020.401,3020.401
3021.483,1772332200,3029.145,3021.364,3025.732
3020.163,1772333100,3023.549,3016.744,3021.488
3025.598,1772334000,3025.598,3020.17,3020.17
3025.494,1772334900,3025.965,3020.454,3025.6
3027.295,1772335800,3028.914,3024.893,3025.498
3027.624,1772336700,3029.954,3024.748,3027.305
3016.769,1772337600,3028.599,3014.543,3027.635
3018.997,1772338500,3020.312,3016.773,3016.773
3022.829,1772339400,3022.829,3017.928,3019.013
3022.986,1772340300,3027.004,3021.892,3022.832
3015.791,1772341200,3023.907,3015.573,3022.997
3016.491,1772342100,3018.025,3014.609,3015.796
3008.411,1772343000,3017.616,3008.011,3016.497
3009.682,1772343900,3009.682,3005.37,3008.417
3002.75,1772344800,3011.521,3002.113,3009.692
3007.905,1772345700,3007.905,3002.751,3002.751
3010.251,1772346600,3011.322,3007.905,3007.905
3003.979,1772347500,3012.242,3001.432,3010.254
2993.399,1772348400,3007.801,2993.176,3003.981
2991.807,1772349300,2996.227,2991.535,2993.413
2996.162,1772350200,2996.162,2991.814,2991.814
2993.553,1772351100,2996.313,2991.393,2996.174
2991.916,1772352000,2993.995,2989.616,2993.557
2995.201,1772352900,2995.201,2990.202,2991.917
3000.386,1772353800,3000.386,2995.21,2995.21
2998.589,1772354700,3002.569,2997.982,3000.398
2997.097,1772355600,3002.533,2995.538,2998.593
3002.278,1772356500,3002.278,2997.1,2997.1
2995.162,1772357400,3003.837,2992.926,3002.281
2997.794,1772358300,2999.204,2995.165,2995.165
3001.77,1772359200,3001.77,2997.797,2997.797
3007.022,1772360100,3007.022,3001.78,3001.78
3000.549,1772361000,3008.547,2998.522,3007.024
2991.225,1772361900,3001.908,2989.536,3000.557
2988.348,1772362800,2991.622,2985.417,2991.229
2986.197,1772363700,2990.57,2983.609,2988.353
2979.403,1772364600,2988.932,2977.983,2986.21
2983.212,1772365500,2983.212,2979.403,2979.403
2988.737,1772366400,2988.737,2983.214,2983.214
2988.831,1772367300,2990.572,2985.649,2988.742
2990.568,1772368200,2990.568,2985.914,2988.839
2991.649,1772369100,2994.224,2989.971,2990.572
2989.488,1772370000,2996.234,2989.386,2991.652
2992.466,1772370900,2992.466,2989.498,2989.498
2994.268,1772371800,2996.69,2992.474,2992.474
2999.636,1772372700,2999.636,2994.28,2994.28
3005.146,1772373600,3005.146,2999.64,2999.64
3010.551,1772374500,3010.551,3005.149,3005.149
3015.276,1772375400,3015.276,3010.553,3010.553
3017.917,1772376300,3017.917,3012.888,3015.283
3022.044,1772377200,3022.044,3017.919,3017.919
3024.337,1772378100,3027.277,3022.051,3022.051
3020.862,1772379000,3028.643,3020.678,3024.345
3026.449,1772379900,3026.449,3020.867,3020.867
3029.793,1772380800,3029.793,3026.434,3026.45
3029.823,1772381700,3031.239,3027.443,3029.793
3030.677,1772382600,3032.635,3028.161,3029.834
3028.087,1772383500,3035.884,3027.808,3030.682
3016.556,1772384400,3030.292,3016.161,3028.105
3014.966,1772385300,3016.825,3010.598,3016.556
3014.989,1772386200,3017.319,3012.809,3014.973
3020.751,1772387100,3020.751,3014.997,3014.997
3022.814,1772388000,3025.64,3020.753,3020.753
3027.11,1772388900,3027.11,3022.182,3022.821
3029.845,1772389800,3029.845,3025.108,3027.117
3032.977,1772390700,3033.959,3029.847,3029.847
3036.604,1772391600,3036.604,3031.808,3032.987
3034.269,1772392500,3036.808,3030.417,3036.617
3032.897,1772393400,3036.445,3032.752,3034.27
3038.221,1772394300,3038.221,3032.901,3032.901
3038.149,1772395200,3040.518,3036.975,3038.233
3030.627,1772396100,3040.558,3028.921,3038.152
3035.604,1772397000,3035.604,3030.631,3030.631
3034.517,1772397900,3036.672,3030.738,3035.615
3039.236,1772398800,3039.236,3034.525,3034.525
3044.565,1772399700,3044.565,3039.249,3039.249
3050.19,1772400600,3050.19,3044.566,3044.566
3050.006,1772401500,3051.189,3045.589,3050.191
3043.682,1772402400,3053.458,3042.686,3050.01
3036.111,1772403300,3045.986,3035.552,3043.69
3037.006,1772404200,3037.708,3033.092,3036.122
3034.579,1772405100,3039.312,3033.223,3037.006
3035.552,1772406000,3035.552,3032.52,3034.58
3038.921,1772406900,3038.921,3035.559,3035.559
3038.971,1772407800,3040.463,3035.199,3038.93
3039.797,1772408700,3041.11,3037.484,3038.982
3033.575,1772409600,3040.743,3029.765,3039.805
3035.666,1772410500,3035.713,3032.48,3033.577
3041.026,1772411400,3041.026,3035.673,3035.673
3034.642,1772412300,3041.763,3034.512,3041.039
3036.95,1772413200,3036.95,3033.413,3034.647
3032.043,1772414100,3038.609,3031.407,3036.954
3026.673,1772415000,3032.604,3024.21,3032.047
3029.282,1772415900,3029.61,3026.681,3026.681
3029.318,1772416800,3031.739,3028.117,3029.285
3034.761,1772417700,3034.761,3029.327,3029.327
3036.573,1772418600,3040.219,3034.762,3034.762
3038.342,1772419500,3038.342,3034.078,3036.581
3036.276,1772420400,3039.753,3034.372,3038.354
3041.311,1772421300,3041.608,3036.285,3036.285
3035.203,1772422200,3044.338,3033.749,3041.319
3040.734,1772423100,3040.734,3035.208,3035.208
3046.391,1772424000,3046.391,3040.734,3040.734
3029.172,1772424900,3047.801,3029.079,3046.398
3017.449,1772425800,3030.111,3016.859,3029.184
3017.562,1772426700,3019.275,3013.898,3017.452
3022.893,1772427600,3022.893,3017.578,3017.578
3027.273,1772428500,3027.273,3022.322,3022.902
3032.86,1772429400,3032.86,3027.273,3027.273
3033.701,1772430300,3037.644,3032.871,3032.871
3037.355,1772431200,3037.355,3033.707,3033.707
3036.316,1772432100,3037.456,3034.074,3037.358
3040.985,1772433000,3040.985,3036.323,3036.323
3040.062,1772433900,3044.09,3038.514,3040.991
3037.432,1772434800,3042.332,3037.223,3040.075
3036.849,1772435700,3040.553,3035.29,3037.437
3038.696,1772436600,3039.732,3036.097,3036.852
3035.864,1772437500,3039.058,3032.851,3038.7
3039.619,1772438400,3039.619,3035.578,3035.867
3040.037,1772439300,3042.187,3037.924,3039.632
3035.362,1772440200,3043.511,3034.925,3040.049
3026.204,1772441100,3036.207,3023.789,3035.372
3031.597,1772442000,3031.597,3026.212,3026.212
3026.008,1772442900,3033.626,3025.927,3031.598
3025.392,1772443800,3026.396,3022.978,3026.015
3016.838,1772444700,3025.534,3015.899,3025.401
3014.213,1772445600,3017.039,3009.41,3016.839
3018.664,1772446500,3018.864,3014.225,3014.225
3016.45,1772447400,3019.648,3012.146,3018.672
3015.31,1772448300,3017.208,3012.711,3016.451
3020.722,1772449200,3020.722,3015.315,3015.315
3024.063,1772450100,3024.063,3020.615,3020.734
3024.185,1772451000,3024.185,3019.786,3024.069
3019.045,1772451900,3024.203,3016.765,3024.196
3024.518,1772452800,3024.518,3019.049,3019.049
3030.01,1772453700,3030.01,3024.525,3024.525
3035.455,1772454600,3035.455,3030.023,3030.023
3030.616,1772455500,3038.4,3030.55,3035.457
3023.413,1772456400,3030.838,3018.305,3030.618
3025.374,1772457300,3025.374,3021.687,3023.421
3027.92,1772458200,3029.692,3025.377,3025.377
3030.419,1772459100,3033.102,3027.938,3027.938
3032.798,1772460000,3033.288,3030.42,3030.42
3033.696,1772460900,3035.893,3031.427,3032.802
3035.214,1772461800,3035.256,3030.792,3033.7
3037.168,1772462700,3037.168,3033.456,3035.224
3036.704,1772463600,3040.79,3034.882,3037.169
3034.854,1772464500,3038.831,3034.367,3036.707
3040.417,1772465400,3040.417,3034.86,3034.86
3024.551,1772466300,3041.14,3023.685,3040.419
3025.726,1772467200,3027.717,3023.54,3024.569
3025.622,1772468100,3027.909,3024.31,3025.734
3031.176,1772469000,3031.176,3025.634,3025.634
3029.4,1772469900,3034.329,3027.748,3031.188
3032.294,1772470800,3033.78,3029.401,3029.401
3037.779,1772471700,3037.779,3032.297,3032.297
3037.435,1772472600,3041.426,3035.695,3037.782
3042.687,1772473500,3042.687,3037.44,3037.44
3041.081,1772474400,3047.378,3040.567,3042.696
3039.072,1772475300,3043.57,3035.865,3041.085
3039.908,1772476200,3039.908,3034.724,3039.073
3042.174,1772477100,3042.174,3039.377,3039.916
3043.126,1772478000,3046.083,3041.948,3042.174
3040.659,1772478900,3047.01,3038.895,3043.132
3037.891,1772479800,3040.899,3035.523,3040.669
3037.04,1772480700,3040.414,3035.708,3037.896
3042.728,1772481600,3042.728,3037.051,3037.051
3047.144,1772482500,3047.252,3042.742,3042.742
3035.823,1772483400,3047.332,3035.706,3047.155
3041.203,1772484300,3041.203,3035.828,3035.828
3041.314,1772485200,3044.203,3038.807,3041.205
3040.39,1772486100,3043.232,3039.143,3041.315
3043.089,1772487000,3043.702,3040.399,3040.399
3046.215,1772487900,3046.215,3040.754,3043.091
3043.41,1772488800,3046.24,3038.366,3046.221
3026.731,1772489700,3043.443,3026.046,3043.412
3028.562,1772490600,3028.562,3023.376,3026.742
3027.51,1772491500,3032.216,3027.046,3028.569
3029.188,1772492400,3030.215,3027.518,3027.518
3029.258,1772493300,3029.97,3026.766,3029.201
3020.891,1772494200,3031.488,3019.28,3029.274
3026.245,1772495100,3026.245,3020.891,3020.891
3031.551,1772496000,3031.551,3026.249,3026.249
3020.392,1772496900,3031.635,3015.199,3031.559
3011.244,1772497800,3020.479,3009.931,3020.398
3011.158,1772498700,3016.462,3011.082,3011.248
3013.436,1772499600,3015.072,3011.174,3011.174
3016.535,1772500500,3018.071,3013.453,3013.453
3014.342,1772501400,3017.363,3012.985,3016.545
3014.383,1772502300,3017.668,3013.25,3014.346
3008.785,1772503200,3015.183,3007.994,3014.386
2999.831,1772504100,3009.148,2996.811,3008.785
2995.029,1772505000,3002.017,2992.697,2999.839
2994.331,1772505900,2995.739,2991.751,2995.033
2996.331,1772506800,2996.353,2994.34,2994.34
3000.833,1772507700,3000.833,2996.335,2996.335
3006.202,1772508600,3006.202,3000.842,3000.842
3011.476,1772509500,3011.476,3006.209,3006.209
3007.886,1772510400,3012.829,3004.966,3011.481
3009.224,1772511300,3010.615,3007.624,3007.896
3009.469,1772512200,3010.19,3004.924,3009.227
3002.482,1772513100,3012.411,3001.459,3009.475
3000.389,1772514000,3004.789,2999.223,3002.488
3005.128,1772514900,3005.128,3000.404,3000.404
3010.402,1772515800,3010.402,3005.138,3005.138
3010.966,1772516700,3011.338,3006.533,3010.405
3016.137,1772517600,3016.137,3010.971,3010.971
3019.041,1772518500,3019.041,3016.14,3016.14
3018.439,1772519400,3019.186,3013.0,3019.044
3022.487,1772520300,3022.487,3018.44,3018.44
3023.953,1772521200,3027.594,3022.49,3022.49
3027.294,1772522100,3027.294,3023.359,3023.96
3028.771,1772523000,3029.668,3026.569,3027.296
3034.141,1772523900,3034.141,3028.788,3028.788
3031.653,1772524800,3036.362,3030.911,3034.144
3035.579,1772525700,3035.579,3031.658,3031.658
3033.905,1772526600,3036.046,3031.196,3035.586
3039.558,1772527500,3039.558,3033.914,3033.914
3043.931,1772528400,3043.931,3039.565,3039.565
3044.288,1772529300,3045.358,3042.219,3043.933
3048.738,1772530200,3048.738,3044.288,3044.288
3054.254,1772531100,3054.254,3048.745,3048.745
3043.749,1772532000,3054.301,3040.206,3054.255
3049.049,1772532900,3049.049,3043.751,3043.751
3054.372,1772533800,3054.372,3049.05,3049.05
3057.858,1772534700,3057.858,3054.288,3054.376
3059.535,1772535600,3061.916,3057.86,3057.86
3062.421,1772536500,3062.421,3057.136,3057.136
3056.54,1772537400,3063.952,3054.023,3062.426
3062.134,1772538300,3062.134,3056.54,3056.54
3064.105,1772539200,3067.388,3062.138,3062.138
3067.319,1772540100,3067.319,3063.176,3064.106
3072.834,1772541000,3072.834,3067.334,3067.334
3060.093,1772541900,3074.442,3059.11,3072.838
3065.627,1772542800,3065.627,3060.098,3060.098
3058.885,1772543700,3067.411,3057.928,3065.633
3053.357,1772544600,3060.648,3053.269,3058.887
3053.573,1772545500,3054.524,3049.434,3053.365
3045.48,1772546400,3055.504,3043.793,3053.579
3040.71,1772547300,3045.538,3040.506,3045.482
3037.217,1772548200,3041.138,3034.177,3040.711
3029.041,1772549100,3037.737,3025.277,3037.22
3031.798,1772550000,3031.975,3029.05,3029.05
3036.16,1772550900,3036.16,3031.805,3031.805
3041.352,1772551800,3041.352,3036.164,3036.164
3046.853,1772552700,3046.853,3041.354,3041.354
3052.234,1772553600,3052.234,3046.864,3046.864
3047.122,1772554500,3054.213,3044.948,3052.242
3045.814,1772555400,3049.014,3042.058,3047.128
3039.825,1772556300,3048.724,3038.241,3045.82
3037.261,1772557200,3042.093,3035.914,3039.831
3042.732,1772558100,3042.732,3037.263,3037.263
3047.529,1772559000,3048.179,3042.738,3042.738
3049.832,1772559900,3049.832,3045.589,3047.543
3055.222,1772560800,3055.222,3049.836,3049.836
3048.436,1772561700,3056.197,3046.674,3055.23
3054.031,1772562600,3054.031,3048.444,3048.444
3056.972,1772563500,3057.181,3054.034,3054.034
3057.722,1772564400,3059.016,3055.449,3056.979
3038.776,1772565300,3058.124,3038.125,3057.734
3036.499,1772566200,3041.637,3036.446,3038.782
3041.771,1772567100,3041.771,3036.501,3036.501
3041.665,1772568000,3043.08,3038.857,3041.779
3042.692,1772568900,3044.336,3040.859,3041.665
3048.044,1772569800,3048.044,3042.702,3042.702
3047.49,1772570700,3050.31,3046.434,3048.053
3045.07,1772571600,3047.566,3042.095,3047.498
3050.626,1772572500,3050.626,3045.074,3045.074
3042.046,1772573400,3052.933,3041.071,3050.63
3040.195,1772574300,3045.613,3038.286,3042.048
3045.705,1772575200,3045.705,3040.203,3040.203
3051.095,1772576100,3051.095,3045.715,3045.715
3048.444,1772577000,3053.663,3045.904,3051.105
3052.019,1772577900,3052.019,3046.61,3048.447
3052.482,1772578800,3055.246,3050.236,3052.024
3058.039,1772579700,3058.039,3052.491,3052.491
3063.31,1772580600,3063.31,3058.043,3058.043
3066.666,1772581500,3066.666,3063.322,3063.322
3067.178,1772582400,3067.178,3061.998,3066.685
3072.605,1772583300,3072.605,3067.179,3067.179
3078.301,1772584200,3078.301,3072.61,3072.61
3078.622,1772585100,3078.732,3075.346,3078.301
3084.27,1772586000,3084.27,3078.627,3078.627
3089.583,1772586900,3089.583,3084.28,3084.28
3086.702,1772587800,3089.698,3083.643,3089.584
3092.206,1772588700,3092.206,3086.715,3086.715
3097.422,1772589600,3097.422,3092.21,3092.21
3099.528,1772590500,3101.87,3097.424,3097.424
3087.267,1772591400,3099.816,3086.24,3099.541
3084.744,1772592300,3090.094,3084.042,3087.276
3087.122,1772593200,3088.179,3084.753,3084.753
3083.64,1772594100,3088.744,3080.475,3087.128
3083.6,1772595000,3087.218,3081.721,3083.647
3089.068,1772595900,3089.068,3083.609,3083.609
3094.613,1772596800,3094.613,3089.077,3089.077
3086.786,1772597700,3096.676,3084.321,3094.62
3076.227,1772598600,3087.993,3074.211,3086.791
3073.295,1772599500,3076.463,3072.137,3076.234
3076.137,1772600400,3077.881,3073.304,3073.304
3076.366,1772601300,3078.266,3074.908,3076.139
3076.188,1772602200,3077.479,3073.682,3076.376
3078.499,1772603100,3079.064,3075.829,3076.198
3081.794,1772604000,3081.794,3078.516,3078.516
3077.42,1772604900,3083.164,3076.948,3081.798
3078.824,1772605800,3079.52,3075.353,3077.427
3080.239,1772606700,3080.359,3077.064,3078.838
3073.708,1772607600,3083.205,3071.991,3080.241
3075.208,1772608500,3075.522,3071.509,3073.708
3080.746,1772609400,3080.746,3075.225,3075.225
3082.346,1772610300,3084.364,3080.758,3080.758
3087.564,1772611200,3087.564,3082.347,3082.347
3080.513,1772612100,3088.289,3080.204,3087.578
3078.755,1772613000,3083.001,3075.894,3080.517
3081.114,1772613900,3081.194,3077.931,3078.756
3086.544,1772614800,3086.544,3081.115,3081.115
3089.091,1772615700,3089.091,3084.361,3086.552
3087.841,1772616600,3089.885,3084.649,3089.099
3093.427,1772617500,3093.427,3087.85,3087.85
3097.514,1772618400,3097.514,3093.436,3093.436
3094.667,1772619300,3097.8,3093.676,3097.516
3083.619,1772620200,3096.384,3082.585,3094.677
3087.275,1772621100,3087.275,3082.57,3083.622
3079.05,1772622000,3089.825,3078.589,3087.284
3084.501,1772622900,3084.501,3079.051,3079.051
3089.239,1772623800,3089.239,3084.43,3084.509
3082.982,1772624700,3090.943,3081.844,3089.254
3083.204,1772625600,3083.428,3079.643,3082.986
3088.79,1772626500,3088.79,3083.215,3083.215
3083.057,1772627400,3089.395,3080.787,3088.795
3088.622,1772628300,3088.622,3083.063,3083.063
3079.003,1772629200,3089.593,3077.082,3088.625
3075.224,1772630100,3080.908,3073.996,3079.012
3074.654,1772631000,3076.142,3072.793,3075.227
3074.809,1772631900,3080.239,3074.66,3074.66
3080.541,1772632800,3080.541,3074.814,3074.814
3070.025,1772633700,3082.346,3067.905,3080.556
3072.248,1772634600,3072.248,3068.138,3070.026
3077.161,1772635500,3077.719,3072.26,3072.26
3079.773,1772636400,3079.773,3076.797,3077.162
3078.988,1772637300,3081.99,3077.018,3079.776
3071.321,1772638200,3080.491,3068.778,3078.991
3067.18,1772639100,3072.699,3064.912,3071.325
3071.901,1772640000,3071.901,3067.185,3067.185
3071.702,1772640900,3072.366,3069.531,3071.904
3077.36,1772641800,3077.36,3071.711,3071.711
3079.913,1772642700,3082.661,3077.371,3077.371
3080.993,1772643600,3080.993,3078.439,3079.918
3080.603,1772644500,3081.398,3077.505,3081.009
3084.747,1772645400,3084.816,3080.609,3080.609
3077.431,1772646300,3088.683,3076.659,3084.756
3082.941,1772647200,3082.941,3077.444,3077.444
3079.969,1772648100,3083.57,3078.992,3082.951
3081.487,1772649000,3081.487,3076.6,3079.973
3074.408,1772649900,3083.677,3073.448,3081.489
3077.983,1772650800,3078.358,3074.409,3074.409
3083.397,1772651700,3083.397,3077.992,3077.992
3069.719,1772652600,3083.89,3067.901,3083.406
3074.623,1772653500,3074.623,3069.72,3069.72
3074.907,1772654400,3075.669,3071.662,3074.63
3080.384,1772655300,3080.384,3074.909,3074.909
3078.949,1772656200,3085.545,3078.7,3080.388
3084.35,1772657100,3084.35,3078.951,3078.951
3076.798,1772658000,3088.135,3074.934,3084.354
3074.492,1772658900,3078.012,3072.599,3076.806
3076.336,1772659800,3077.094,3073.368,3074.499
3076.085,1772660700,3080.894,3075.081,3076.341
3073.281,1772661600,3077.967,3071.957,3076.087
3075.915,1772662500,3077.296,3073.294,3073.294
3071.221,1772663400,3077.672,3067.381,3075.92
3067.95,1772664300,3072.181,3067.341,3071.229
3073.482,1772665200,3073.482,3067.953,3067.953
3065.274,1772666100,3078.392,3065.274,3073.488
3070.457,1772667000,3070.457,3065.28,3065.28
3073.009,1772667900,3075.106,3070.459,3070.459
3062.622,1772668800,3074.168,3062.034,3073.012
3060.881,1772669700,3065.654,3059.931,3062.624
3061.765,1772670600,3065.167,3060.887,3060.887
3067.261,1772671500,3067.261,3061.765,3061.765
3066.033,1772672400,3069.913,3065.123,3067.266
3068.126,1772673300,3070.588,3066.036,3066.036
3061.34,1772674200,3069.871,3060.948,3068.127
3066.703,1772675100,3066.703,3061.347,3061.347
3071.23,1772676000,3071.23,3066.705,3066.705
3071.265,1772676900,3071.905,3067.411,3071.235
3072.33,1772677800,3072.33,3066.874,3071.276
3068.342,1772678700,3075.237,3066.541,3072.336
3070.717,1772679600,3072.263,3068.35,3068.35
3071.895,1772680500,3076.221,3070.734,3070.734
3076.805,1772681400,3076.805,3071.411,3071.904
3066.12,1772682300,3077.723,3065.861,3076.809
3061.745,1772683200,3067.532,3059.841,3066.128
3064.346,1772684100,3064.346,3060.982,3061.758
3064.253,1772685000,3065.697,3063.023,3064.349
3063.517,1772685900,3064.847,3059.839,3064.262
3052.468,1772686800,3064.076,3051.904,3063.52
3042.15,1772687700,3053.346,3040.257,3052.479
3042.941,1772688600,3044.46,3041.503,3042.161
3048.519,1772689500,3048.519,3042.945,3042.945
3040.45,1772690400,3051.753,3040.004,3048.523
3043.791,1772691300,3043.791,3039.274,3040.455
3039.07,1772692200,3045.097,3037.12,3043.794
3036.781,1772693100,3040.515,3035.492,3039.077
3042.247,1772694000,3042.247,3036.781,3036.781
3039.787,1772694900,3043.958,3036.854,3042.262
3043.414,1772695800,3043.414,3039.794,3039.794
3040.98,1772696700,3047.691,3040.102,3043.417
3036.882,1772697600,3044.024,3035.309,3040.985
3042.23,1772698500,3042.23,3036.894,3036.894
3046.389,1772699400,3046.389,3042.238,3042.238
3029.959,1772700300,3046.83,3028.368,3046.397
3031.978,1772701200,3033.889,3029.964,3029.964
3031.979,1772702100,3035.649,3030.074,3031.992
3029.199,1772703000,3033.047,3029.144,3031.98
3028.006,1772703900,3031.382,3027.111,3029.203
3027.328,1772704800,3029.147,3024.418,3028.012
3030.886,1772705700,3030.886,3026.214,3027.335
3028.779,1772706600,3033.422,3028.009,3030.892
3020.117,1772707500,3029.869,3016.288,3028.784
3019.352,1772708400,3021.619,3017.584,3020.118
3024.75,1772709300,3024.75,3019.356,3019.356
3022.075,1772710200,3025.925,3020.379,3024.75
3019.504,1772711100,3023.8,3016.93,3022.087
3013.022,1772712000,3022.084,3012.61,3019.511
3017.191,1772712900,3017.191,3013.026,3013.026
3022.469,1772713800,3022.469,3017.194,3017.194
3027.877,1772714700,3027.877,3022.478,3022.478
3024.463,1772715600,3031.357,3023.428,3027.884
3024.457,1772716500,3026.945,3021.95,3024.465
3029.969,1772717400,3029.969,3024.463,3024.463
3025.505,1772718300,3031.146,3021.633,3029.974
3026.151,1772719200,3026.315,3021.518,3025.511
3029.05,1772720100,3029.05,3025.844,3026.158
3030.996,1772721000,3030.996,3026.81,3029.057
3030.427,1772721900,3031.546,3026.595,3031.012
3036.034,1772722800,3036.034,3030.44,3030.44
3031.466,1772723700,3036.041,3027.148,3036.041
3032.77,1772724600,3035.96,3031.471,3031.471
3038.241,1772725500,3038.241,3032.773,3032.773
3030.158,1772726400,3040.42,3028.807,3038.243
3026.624,1772727300,3032.272,3023.335,3030.158
3032.042,1772728200,3032.042,3026.635,3026.635
3030.627,1772729100,3034.58,3030.133,3032.049
3029.991,1772730000,3030.777,3025.308,3030.639
3028.822,1772730900,3032.233,3027.438,3029.996
3018.25,1772731800,3029.31,3017.817,3028.823
3022.099,1772732700,3022.099,3018.258,3018.258
3023.423,1772733600,3024.487,3021.548,3022.106
3021.958,1772734500,3026.055,3020.021,3023.429
3023.231,1772735400,3026.666,3021.966,3021.966
3017.371,1772736300,3025.333,3016.647,3023.243
3020.547,1772737200,3020.547,3017.257,3017.384
3023.606,1772738100,3023.606,3020.431,3020.556
3025.638,1772739000,3028.134,3023.611,3023.611
3027.845,1772739900,3029.135,3025.644,3025.644
3017.637,1772740800,3029.082,3017.535,3027.846
3021.09,1772741700,3022.063,3017.643,3017.643
3007.645,1772742600,3021.212,3006.623,3021.101
3013.258,1772743500,3013.258,3007.655,3007.655
3001.008,1772744400,3014.344,2998.04,3013.263
2996.032,1772745300,3004.538,2994.735,3001.017
3001.255,1772746200,3001.255,2996.043,2996.043
3006.849,1772747100,3006.849,3001.258,3001.258
3005.357,1772748000,3009.487,3004.424,3006.857
3008.225,1772748900,3009.381,3005.364,3005.364
3008.298,1772749800,3012.993,3007.672,3008.234
2993.875,1772750700,3009.687,2993.623,3008.302
2999.124,1772751600,2999.124,2993.881,2993.881
3002.242,1772752500,3002.26,2999.131,2999.131
3003.221,1772753400,3003.221,2998.25,3002.243
3002.03,1772754300,3004.851,3001.502,3003.221
3005.149,1772755200,3005.149,3001.216,3002.037
3010.666,1772756100,3010.666,3005.163,3005.163
3009.989,1772757000,3011.452,3006.689,3010.674
3011.608,1772757900,3011.624,3007.31,3010.003
3016.695,1772758800,3016.695,3011.608,3011.608
3017.385,1772759700,3017.385,3013.645,3016.704
3022.749,1772760600,3022.749,3017.397,3017.397
3014.052,1772761500,3024.754,3013.441,3022.753
3015.519,1772762400,3016.783,3012.845,3014.064
3008.504,1772763300,3016.359,3006.269,3015.531
3006.893,1772764200,3010.591,3004.955,3008.51
2997.887,1772765100,3007.697,2997.669,3006.9
3003.196,1772766000,3003.196,2997.896,2997.896
3005.77,1772766900,3005.77,3002.368,3003.199
3003.354,1772767800,3007.916,3001.734,3005.771
2999.726,1772768700,3004.224,2999.608,3003.356
3003.009,1772769600,3003.009,2997.711,2999.733
3008.407,1772770500,3008.407,3003.01,3003.01
3013.768,1772771400,3013.768,3008.41,3008.41
3007.845,1772772300,3017.112,3006.658,3013.775
3007.22,1772773200,3008.97,3003.223,3007.847
3001.154,1772774100,3007.59,2999.399,3007.234
3004.561,1772775000,3005.259,3001.154,3001.154
3004.606,1772775900,3006.529,3002.949,3004.567
3007.576,1772776800,3007.895,3004.608,3004.608
3003.061,1772777700,3009.373,3002.813,3007.578
3001.815,1772778600,3003.713,2997.408,3002.812
3007.046,1772779500,3007.046,3001.824,3001.824
3010.927,1772780400,3010.927,3007.053,3007.053
3001.885,1772781300,3011.287,3001.406,3010.93
3004.785,1772782200,3005.742,3001.166,3001.896
3007.493,1772783100,3009.97,3004.785,3004.785
3011.198,1772784000,3011.198,3007.497,3007.497
3011.17,1772784900,3013.031,3008.874,3011.202
3012.206,1772785800,3015.488,3011.18,3011.18
3005.642,1772786700,3013.769,3003.649,3012.214
3002.804,1772787600,3006.149,3001.645,3005.652
2986.872,1772788500,3004.447,2986.371,3002.805
2987.833,1772789400,2991.365,2986.813,2986.874
2989.781,1772790300,2992.699,2987.839,2987.839
2990.781,1772791200,2990.781,2986.168,2989.783
2995.889,1772792100,2995.889,2990.786,2990.786
3001.161,1772793000,3001.161,2995.893,2995.893
3000.724,1772793900,3001.439,2997.057,3001.165
3003.213,1772794800,3003.213,2999.892,3000.735
3007.906,1772795700,3007.906,3003.225,3003.225
3007.753,1772796600,3008.529,3003.234,3007.911
3009.115,1772797500,3010.584,3006.436,3007.762
3009.365,1772798400,3010.235,3005.279,3009.118
3008.221,1772799300,3010.31,3004.18,3009.38
3013.476,1772800200,3013.476,3008.223,3008.223
3002.576,1772801100,3014.03,3001.764,3013.48
2994.167,1772802000,3004.571,2993.16,3002.589
2991.59,1772802900,2995.857,2988.657,2994.168
2996.944,1772803800,2996.944,2991.592,2991.592
3000.947,1772804700,3000.947,2996.949,2996.949
3000.567,1772805600,3004.671,3000.297,3000.958
3006.146,1772806500,3006.146,3000.572,3000.572
3002.883,1772807400,3008.218,3001.228,3006.157
3006.644,1772808300,3006.644,3002.885,3002.885
2998.97,1772809200,3007.505,2998.535,3006.654
2998.165,1772810100,3000.41,2994.312,2998.971
2996.916,1772811000,2999.014,2994.255,2998.167
3002.411,1772811900,3002.411,2996.924,2996.924
3003.783,1772812800,3003.783,2999.766,3002.418
2999.368,1772813700,3006.296,2996.672,3003.785
3004.692,1772814600,3004.692,2999.38,2999.38
3004.595,1772815500,3009.093,3003.933,3004.695
3009.973,1772816400,3009.973,3004.606,3004.606
3007.764,1772817300,3013.511,3007.125,3009.978
3006.802,1772818200,3009.689,3003.863,3007.776
3008.317,1772819100,3008.317,3003.851,3006.808
3013.979,1772820000,3013.979,3008.323,3008.323
3017.279,1772820900,3017.309,3013.987,3013.987
3020.206,1772821800,3020.206,3016.175,3017.286
3013.023,1772822700,3022.761,3012.746,3020.213
3014.266,1772823600,3015.436,3011.263,3013.026
3012.679,1772824500,3015.847,3008.833,3014.275
3010.331,1772825400,3016.279,3008.596,3012.69
3010.09,1772826300,3014.086,3008.679,3010.335
3010.034,1772827200,3010.259,3004.901,3010.096
3005.117,1772828100,3010.991,3003.963,3010.044
3010.076,1772829000,3010.076,3004.781,3005.123
3015.602,1772829900,3015.602,3010.077,3010.077
3012.252,1772830800,3016.963,3011.165,3015.609
3008.681,1772831700,3013.393,3005.095,3012.254
3014.124,1772832600,3014.124,3008.686,3008.686
3011.138,1772833500,3015.467,3008.791,3014.129
3011.239,1772834400,3012.03,3006.699,3011.141
3009.848,1772835300,3012.07,3007.777,3011.257
3008.402,1772836200,3010.281,3003.593,3009.849
3013.279,1772837100,3013.279,3008.403,3008.403
3013.271,1772838000,3016.473,3011.103,3013.289
3009.403,1772838900,3017.018,3009.109,3013.273
3013.361,1772839800,3013.361,3008.007,3009.413
3015.818,1772840700,3015.818,3013.057,3013.367
3016.903,1772841600,3016.903,3011.642,3015.826
3022.324,1772842500,3022.324,3016.907,3016.907
3021.516,1772843400,3025.949,3019.771,3022.329
3024.893,1772844300,3024.893,3021.519,3021.519
3017.032,1772845200,3026.563,3015.242,3024.895
3007.023,1772846100,3017.362,3005.476,3017.034
3006.674,1772847000,3009.763,3005.235,3007.036
3010.674,1772847900,3010.674,3005.372,3006.677
3015.314,1772848800,3015.607,3010.681,3010.681
3016.077,1772849700,3016.69,3012.751,3015.321
3015.447,1772850600,3019.156,3013.862,3016.083
3010.156,1772851500,3018.552,3009.507,3015.448
3014.072,1772852400,3014.072,3010.163,3010.163
3012.591,1772853300,3017.392,3012.504,3014.076
2988.173,1772854200,3013.182,2987.833,3012.592
2988.099,1772855100,2992.451,2987.193,2988.181
2986.587,1772856000,2989.057,2983.833,2988.101
2991.896,1772856900,2991.896,2986.595,2986.595
2997.158,1772857800,2997.158,2991.898,2991.898
2984.556,1772858700,2997.941,2983.25,2997.163
2988.445,1772859600,2988.445,2984.167,2984.567
2978.372,1772860500,2989.067,2978.184,2988.447
2976.859,1772861400,2980.831,2976.449,2978.373
2981.461,1772862300,2981.642,2976.862,2976.862
2977.913,1772863200,2982.749,2977.737,2981.476
2975.443,1772864100,2979.279,2974.146,2977.921
2978.44,1772865000,2979.155,2975.444,2975.444
2974.585,1772865900,2983.044,2974.475,2978.441
2973.711,1772866800,2977.522,2971.32,2974.585
2974.301,1772867700,2975.647,2972.301,2973.724
2953.769,1772868600,2975.427,2952.202,2974.302
2952.235,1772869500,2958.105,2951.987,2953.77
2955.763,1772870400,2955.763,2952.239,2952.239
2960.464,1772871300,2961.099,2955.774,2955.774
2965.055,1772872200,2965.055,2960.469,2960.469
2966.805,1772873100,2967.002,2964.121,2965.061
2969.464,1772874000,2972.1,2966.819,2966.819
2974.871,1772874900,2974.871,2969.465,2969.465
2979.322,1772875800,2979.322,2974.876,2974.876
2980.238,1772876700,2983.186,2978.696,2979.328
2978.991,1772877600,2981.07,2976.699,2980.245
2980.266,1772878500,2981.965,2978.012,2978.995
2974.614,1772879400,2981.241,2971.35,2980.271
2979.686,1772880300,2979.686,2974.627,2974.627
2977.531,1772881200,2980.743,2975.367,2979.693
2981.454,1772882100,2981.454,2977.533,2977.533
2979.029,1772883000,2982.509,2977.052,2981.457
2978.402,1772883900,2981.904,2975.94,2979.037
2978.405,1772884800,2979.56,2976.091,2978.411
2978.906,1772885700,2980.758,2976.426,2978.407
2980.771,1772886600,2983.013,2978.92,2978.92
2985.089,1772887500,2985.089,2980.778,2980.778
2985.906,1772888400,2985.988,2981.495,2985.09
2982.026,1772889300,2987.602,2981.758,2985.917
2975.666,1772890200,2983.882,2975.438,2982.03
2972.068,1772891100,2978.364,2969.545,2975.668
2969.254,1772892000,2973.268,2968.68,2972.073
2972.788,1772892900,2972.788,2967.566,2969.263
2973.155,1772893800,2973.155,2967.938,2972.8
2978.282,1772894700,2978.282,2973.157,2973.157
2980.883,1772895600,2980.883,2977.359,2978.282
2972.475,1772896500,2981.265,2971.146,2980.89
2975.406,1772897400,2977.45,2972.482,2972.482
2972.769,1772898300,2977.943,2971.654,2975.412
2976.539,1772899200,2976.539,2972.77,2972.77
2981.791,1772900100,2981.791,2976.548,2976.548
2981.358,1772901000,2984.882,2981.206,2981.797
2977.057,1772901900,2984.543,2976.389,2981.364
2982.514,1772902800,2982.514,2977.069,2977.069
2985.741,1772903700,2985.741,2982.514,2982.514
2985.928,1772904600,2986.24,2982.582,2985.749
2991.269,1772905500,2991.269,2985.937,2985.937
2989.981,1772906400,2992.288,2988.298,2991.28
2989.794,1772907300,2995.302,2989.74,2989.986
2985.959,1772908200,2991.335,2984.305,2989.799
2990.308,1772909100,2990.308,2985.964,2985.964
2985.966,1772910000,2992.727,2983.864,2990.312
2979.508,1772910900,2986.391,2976.927,2985.973
2978.864,1772911800,2983.435,2978.557,2979.523
2984.093,1772912700,2984.093,2978.864,2978.864
2984.335,1772913600,2984.392,2979.593,2984.101
2978.764,1772914500,2986.916,2977.387,2984.346
2980.019,1772915400,2980.693,2977.565,2978.778
2974.777,1772916300,2984.405,2974.559,2980.027
2977.425,1772917200,2979.502,2974.787,2974.787
2977.448,1772918100,2979.496,2975.982,2977.431
2982.052,1772919000,2982.052,2977.46,2977.46
2972.489,1772919900,2983.366,2970.912,2982.055
2965.863,1772920800,2974.174,2965.437,2972.493
2969.165,1772921700,2969.165,2965.868,2965.868
2967.175,1772922600,2970.081,2963.686,2969.172
2955.086,1772923500,2967.85,2952.6,2967.182
2947.55,1772924400,2955.441,2947.184,2955.087
2930.567,1772925300,2948.559,2929.16,2947.568
2930.159,1772926200,2933.575,2929.56,2930.576
2935.478,1772927100,2935.478,2930.166,2930.166
2932.514,1772928000,2936.404,2930.469,2935.482
2935.171,1772928900,2935.171,2932.522,2932.522
2934.643,1772929800,2938.061,2933.004,2935.174
2938.389,1772930700,2938.389,2934.648,2934.648
2941.174,1772931600,2941.174,2937.702,2938.398
2942.364,1772932500,2942.364,2938.074,2941.18
2933.687,1772933400,2942.768,2932.044,2942.375
2926.127,1772934300,2935.191,2924.543,2933.7
2923.322,1772935200,2926.429,2921.725,2926.13
2928.434,1772936100,2928.434,2923.326,2923.326
2933.648,1772937000,2933.648,2928.437,2928.437
2932.425,1772937900,2935.07,2929.476,2933.659
2928.397,1772938800,2933.925,2926.269,2932.428
2923.944,1772939700,2928.653,2921.544,2928.4
2920.412,1772940600,2926.822,2920.099,2923.948
2920.805,1772941500,2923.42,2919.675,2920.413
2924.95,1772942400,2924.95,2920.268,2920.808
2930.186,1772943300,2930.186,2924.951,2924.951
2919.22,1772944200,2931.737,2919.136,2930.188
2917.523,1772945100,2919.995,2916.125,2919.227
2918.131,1772946000,2918.218,2914.429,2917.537
2915.493,1772946900,2919.972,2913.465,2918.144
2897.455,1772947800,2915.566,2894.53,2915.5
2886.735,1772948700,2898.291,2886.158,2897.457
2880.599,1772949600,2887.965,2878.425,2886.737
2885.494,1772950500,2885.494,2880.603,2880.603
2885.303,1772951400,2889.101,2884.814,2885.507
2879.867,1772952300,2885.892,2879.312,2885.307
2883.448,1772953200,2883.448,2879.879,2879.879
2885.503,1772954100,2885.995,2882.867,2883.465
2880.999,1772955000,2887.486,2878.496,2885.504
2881.941,1772955900,2882.77,2880.019,2881.006
2880.561,1772956800,2884.65,2877.916,2881.946
2885.914,1772957700,2885.914,2880.564,2880.564
2891.143,1772958600,2891.143,2885.922,2885.922
2896.546,1772959500,2896.546,2891.153,2891.153
2896.889,1772960400,2897.511,2895.283,2896.555
2899.096,1772961300,2899.096,2895.473,2896.898
2896.3,1772962200,2899.816,2895.424,2899.104
2889.739,1772963100,2896.438,2887.599,2896.31
2889.294,1772964000,2892.114,2887.281,2889.741
2885.944,1772964900,2889.638,2884.06,2889.306
2889.788,1772965800,2889.788,2885.949,2885.949
2894.963,1772966700,2894.963,2889.794,2889.794
2888.813,1772967600,2896.053,2888.722,2894.972
2894.085,1772968500,2894.085,2888.815,2888.815
2895.839,1772969400,2898.906,2894.092,2894.092
2900.352,1772970300,2900.352,2895.85,2895.85
2901.966,1772971200,2903.804,2900.361,2900.361
2898.737,1772972100,2903.213,2895.835,2901.969
2897.976,1772973000,2901.111,2895.362,2898.744
2903.339,1772973900,2903.339,2897.979,2897.979
2904.015,1772974800,2908.578,2903.345,2903.345
2909.076,1772975700,2909.076,2904.025,2904.025
2907.922,1772976600,2910.348,2905.894,2909.077
2908.088,1772977500,2909.33,2905.115,2907.934
2903.057,1772978400,2911.262,2902.919,2908.094
2901.216,1772979300,2904.072,2899.381,2903.069
2901.913,1772980200,2905.223,2900.389,2901.223
2893.543,1772981100,2904.319,2892.833,2901.92
2895.808,1772982000,2895.808,2891.039,2893.549
2895.232,1772982900,2897.564,2891.865,2895.81
2891.506,1772983800,2895.501,2889.142,2895.244
2896.898,1772984700,2896.898,2891.512,2891.512
2899.177,1772985600,2899.508,2896.639,2896.899
2893.307,1772986500,2900.023,2891.313,2899.189
2896.275,1772987400,2897.17,2893.316,2893.316
2898.847,1772988300,2900.059,2896.282,2896.282
2904.253,1772989200,2904.253,2898.849,2898.849
2903.236,1772990100,2904.821,2898.501,2904.262
2904.931,1772991000,2907.173,2903.245,2903.245
2910.085,1772991900,2910.085,2904.932,2904.932
2915.386,1772992800,2915.386,2910.088,2910.088
2911.69,1772993700,2917.067,2910.625,2915.392
2916.845,1772994600,2916.845,2911.692,2911.692
2916.78,1772995500,2918.523,2913.667,2916.845
2914.233,1772996400,2917.538,2910.104,2916.78
2919.768,1772997300,2919.768,2914.239,2914.239
2919.059,1772998200,2922.77,2917.7,2919.771
2924.274,1772999100,2924.274,2919.062,2919.062
2916.346,1773000000,2925.062,2912.204,2924.28
2921.527,1773000900,2921.527,2916.35,2916.35
2925.303,1773001800,2925.303,2920.551,2921.53
2924.964,1773002700,2929.885,2924.171,2925.304
2930.326,1773003600,2930.326,2924.973,2924.973
2926.786,1773004500,2930.537,2921.977,2930.333
2931.233,1773005400,2931.233,2926.637,2926.792
2935.393,1773006300,2935.393,2931.236,2931.236
2938.429,1773007200,2938.429,2933.345,2935.407
2935.862,1773008100,2939.798,2933.618,2938.445
2919.801,1773009000,2936.874,2919.801,2935.865
2915.163,1773009900,2920.302,2912.902,2919.803
2918.275,1773010800,2918.275,2913.482,2915.168
2923.752,1773011700,2923.752,2918.29,2918.29
2920.589,1773012600,2924.261,2916.257,2923.753
2921.003,1773013500,2921.904,2918.043,2920.601
2924.018,1773014400,2924.018,2921.01,2921.01
2925.116,1773015300,2926.424,2923.496,2924.022
2921.086,1773016200,2925.611,2918.273,2925.117
2926.299,1773017100,2926.299,2921.097,2921.097
2926.049,1773018000,2927.645,2924.082,2926.304
2914.332,1773018900,2928.539,2913.825,2926.059
2919.597,1773019800,2919.597,2914.339,2914.339
2925.157,1773020700,2925.157,2919.601,2919.601
2928.248,1773021600,2928.248,2923.603,2925.159
2930.887,1773022500,2931.373,2928.252,2928.252
2930.501,1773023400,2933.305,2929.2,2930.904
2930.305,1773024300,2931.289,2925.862,2930.502
2927.823,1773025200,2933.987,2927.291,2930.309
2927.989,1773026100,2928.244,2923.167,2927.829
2933.402,1773027000,2933.402,2928.005,2928.005
2926.588,1773027900,2935.522,2926.563,2933.408
2927.715,1773028800,2930.402,2926.199,2926.595
2933.068,1773029700,2933.068,2927.716,2927.716
2922.7,1773030600,2933.778,2921.257,2933.073
2927.819,1773031500,2927.819,2922.723,2922.723
2925.747,1773032400,2929.293,2924.512,2927.824
2931.164,1773033300,2931.164,2925.752,2925.752
2936.547,1773034200,2936.547,2931.171,2931.171
2933.193,1773035100,2938.026,2933.163,2936.547
2935.71,1773036000,2938.245,2933.201,2933.201
2941.023,1773036900,2941.023,2935.712,2935.712
2942.843,1773037800,2944.979,2941.024,2941.024
2941.496,1773038700,2944.657,2941.297,2942.845
2946.775,1773039600,2946.775,2941.5,2941.5
2952.198,1773040500,2952.198,2946.78,2946.78
2956.074,1773041400,2956.074,2951.385,2952.206
2952.955,1773042300,2958.147,2951.719,2956.079
2941.212,1773043200,2953.482,2941.212,2952.963
2946.579,1773044100,2946.579,2941.214,2941.214
2950.551,1773045000,2951.842,2946.581,2946.581
2956.031,1773045900,2956.031,2950.554,2950.554
2958.444,1773046800,2958.444,2955.099,2956.033
2959.559,1773047700,2959.559,2954.901,2958.445
2951.084,1773048600,2960.479,2950.18,2959.562
2956.016,1773049500,2956.016,2951.091,2951.091
2957.843,1773050400,2958.81,2955.109,2956.023
2942.025,1773051300,2959.756,2940.639,2957.855
2940.395,1773052200,2944.887,2937.924,2942.025
2942.678,1773053100,2943.432,2940.402,2940.402
2939.211,1773054000,2942.828,2936.787,2942.679
2939.993,1773054900,2940.077,2935.807,2939.215
2940.018,1773055800,2941.908,2937.969,2939.999
2942.342,1773056700,2942.342,2938.591,2940.035
2947.748,1773057600,2947.748,2942.35,2942.35
2949.585,1773058500,2950.18,2946.477,2947.754
2951.866,1773059400,2951.866,2946.591,2949.594
2947.353,1773060300,2954.276,2944.839,2951.87
2942.258,1773061200,2949.531,2941.994,2946.312
2937.559,1773062100,2942.333,2934.897,2942.261
2927.475,1773063000,2938.285,2926.023,2937.564
2929.465,1773063900,2931.122,2927.48,2927.48
2934.761,1773064800,2934.761,2929.469,2929.469
2930.588,1773065700,2936.257,2928.047,2934.769
2926.932,1773066600,2931.682,2924.515,2930.588
2922.825,1773067500,2928.712,2921.861,2926.933
2926.1,1773068400,2926.1,2922.828,2922.828
2923.634,1773069300,2927.359,2920.501,2926.101
2928.973,1773070200,2928.973,2923.639,2923.639
2934.213,1773071100,2934.213,2928.98,2928.98
2932.386,1773072000,2934.806,2928.687,2934.217
2937.804,1773072900,2937.804,2932.387,2932.387
2943.045,1773073800,2943.045,2937.809,2937.809
2943.718,1773074700,2947.377,2943.049,2943.049
2942.977,1773075600,2948.674,2942.713,2943.721
2948.185,1773076500,2948.185,2942.99,2942.99
2944.406,1773077400,2949.562,2941.984,2948.19
2943.585,1773078300,2947.109,2942.642,2944.413
2939.868,1773079200,2944.557,2937.588,2943.591
2943.137,1773080100,2943.141,2939.872,2939.872
2931.608,1773081000,2944.32,2930.518,2943.14
2930.848,1773081900,2932.317,2927.004,2931.614
2930.554,1773082800,2933.238,2930.057,2930.855
2930.287,1773083700,2932.605,2929.18,2930.564
2935.602,1773084600,2935.602,2930.298,2930.298
2938.93,1773085500,2938.93,2935.055,2935.611
2944.163,1773086400,2944.163,2938.933,2938.933
2945.961,1773087300,2947.007,2943.37,2944.164
2943.349,1773088200,2947.231,2939.229,2945.965
2947.56,1773089100,2947.787,2943.352,2943.352
2952.093,1773090000,2952.093,2947.563,2947.563
2948.285,1773090900,2953.063,2947.028,2952.093
2948.023,1773091800,2952.663,2947.046,2948.293
2949.579,1773092700,2952.53,2948.025,2948.025
2947.117,1773093600,2952.723,2946.089,2949.586
2941.783,1773094500,2949.007,2939.843,2947.117
2939.731,1773095400,2943.498,2937.921,2941.79
2945.089,1773096300,2945.089,2939.738,2939.738
2949.083,1773097200,2949.083,2945.092,2945.092
2954.051,1773098100,2954.051,2949.085,2949.085
2953.226,1773099000,2955.703,2949.482,2954.052
2940.402,1773099900,2953.492,2938.181,2953.229
2942.405,1773100800,2944.282,2940.404,2940.404
2944.214,1773101700,2945.707,2942.409,2942.409
2945.512,1773102600,2946.14,2943.99,2944.217
2950.609,1773103500,2950.609,2945.521,2945.521
2954.072,1773104400,2955.246,2950.61,2950.61
2942.246,1773105300,2955.711,2941.925,2954.076
2941.542,1773106200,2943.815,2937.68,2942.258
2934.986,1773107100,2941.84,2932.421,2941.543
2937.099,1773108000,2937.099,2933.653,2934.994
2939.18,1773108900,2941.856,2937.108,2937.108
2936.631,1773109800,2941.988,2934.82,2939.193
2941.424,1773110700,2941.424,2936.641,2936.641
2936.255,1773111600,2944.696,2935.137,2941.432
2939.615,1773112500,2939.615,2936.27,2936.27
2941.556,1773113400,2941.556,2937.366,2939.623
2942.506,1773114300,2945.317,2940.862,2941.556
2943.837,1773115200,2944.85,2940.961,2942.512
2946.307,1773116100,2946.633,2943.839,2943.839
2936.56,1773117000,2946.834,2936.384,2946.318
2934.549,1773117900,2938.676,2933.66,2936.56
2938.294,1773118800,2938.294,2934.56,2934.56
2932.199,1773119700,2940.376,2931.921,2938.295
2927.528,1773120600,2932.409,2924.25,2932.203
2928.522,1773121500,2928.522,2925.872,2927.529
2932.773,1773122400,2932.773,2928.535,2928.535
2935.544,1773123300,2935.544,2932.108,2932.789
2923.089,1773124200,2935.638,2922.983,2935.547
2927.767,1773125100,2928.337,2923.094,2923.094
2928.857,1773126000,2930.373,2926.045,2927.772
2921.878,1773126900,2931.39,2921.08,2928.862
2927.133,1773127800,2927.133,2921.88,2921.88
2917.558,1773128700,2931.071,2916.633,2927.141
2913.955,1773129600,2920.578,2913.506,2917.564
2918.363,1773130500,2918.363,2913.96,2913.96
2918.725,1773131400,2919.963,2915.226,2918.368
2911.903,1773132300,2921.781,2910.747,2918.731
2916.1,1773133200,2916.1,2911.314,2911.906
2919.267,1773134100,2919.267,2916.104,2916.104
2916.884,1773135000,2919.686,2913.279,2919.267
2915.866,1773135900,2919.427,2915.521,2916.9
2921.036,1773136800,2921.036,2915.87,2915.87
2914.704,1773137700,2921.932,2913.855,2921.037
2919.065,1773138600,2919.065,2914.708,2914.708
2920.764,1773139500,2923.136,2919.07,2919.07
2925.571,1773140400,2925.571,2920.765,2920.765
2928.597,1773141300,2929.368,2925.573,2925.573
2933.886,1773142200,2933.886,2928.607,2928.607
2933.88,1773143100,2934.66,2929.537,2933.886
2929.397,1773144000,2935.899,2926.875,2933.882
2928.349,1773144900,2931.296,2927.379,2929.406
2933.451,1773145800,2933.451,2928.36,2928.36
2931.772,1773146700,2936.279,2929.913,2933.451
2931.579,1773147600,2932.775,2929.977,2931.78
2932.577,1773148500,2934.307,2930.175,2931.581
2932.887,1773149400,2935.094,2932.58,2932.58
2932.473,1773150300,2936.293,2932.184,2932.887
2930.865,1773151200,2932.802,2928.771,2932.479
2929.964,1773152100,2931.986,2926.073,2930.874
2928.113,1773153000,2932.316,2925.805,2929.966
2933.373,1773153900,2933.373,2928.119,2928.119
2932.424,1773154800,2935.077,2928.664,2933.377
2935.93,1773155700,2935.93,2931.332,2932.429
2934.977,1773156600,2939.9,2933.69,2935.935
2940.367,1773157500,2940.367,2934.983,2934.983
2936.177,1773158400,2941.422,2935.4,2940.371
2927.25,1773159300,2936.986,2924.727,2936.183
2918.537,1773160200,2927.995,2917.726,2927.254
2916.418,1773161100,2921.304,2916.023,2918.542
2921.662,1773162000,2921.662,2916.421,2916.421
2920.225,1773162900,2922.882,2916.185,2921.664
2912.641,1773163800,2922.718,2910.751,2920.227
2915.629,1773164700,2915.629,2911.381,2912.641
2910.953,1773165600,2916.524,2910.953,2915.638
2915.984,1773166500,2915.984,2910.958,2910.958
2913.112,1773167400,2918.188,2910.121,2915.985
2912.609,1773168300,2915.657,2911.348,2913.122
2912.943,1773169200,2914.063,2908.965,2912.62
2917.915,1773170100,2917.915,2912.947,2912.947
2911.266,1773171000,2918.919,2910.627,2917.922
2916.404,1773171900,2916.404,2911.275,2911.275
2921.741,1773172800,2921.741,2916.408,2916.408
2913.396,1773173700,2922.368,2912.295,2921.741
2918.83,1773174600,2918.83,2913.402,2913.402
2915.637,1773175500,2921.236,2915.368,2918.835
2915.024,1773176400,2919.709,2914.941,2915.637
2920.411,1773177300,2920.411,2915.038,2915.038
2925.523,1773178200,2925.523,2920.427,2920.427
2920.952,1773179100,2925.815,2918.151,2925.527
2924.685,1773180000,2926.113,2920.955,2920.955
2929.968,1773180900,2929.968,2924.688,2924.688
2935.419,1773181800,2935.419,2929.98,2929.98
2929.821,1773182700,2937.045,2929.257,2935.428
2927.547,1773183600,2929.946,2923.058,2929.823
2925.908,1773184500,2929.948,2923.159,2927.547
2922.543,1773185400,2928.735,2922.155,2925.916
2924.953,1773186300,2924.953,2921.122,2922.552
2921.574,1773187200,2926.438,2921.062,2924.96
2926.621,1773188100,2926.621,2921.582,2921.582
2929.534,1773189000,2929.534,2926.626,2926.626
2925.286,1773189900,2931.407,2922.73,2929.537
2930.516,1773190800,2930.516,2925.289,2925.289
2935.177,1773191700,2935.177,2930.516,2930.516
2937.486,1773192600,2937.486,2933.588,2935.178
2938.748,1773193500,2940.597,2937.427,2937.496
2940.113,1773194400,2940.727,2936.647,2938.751
2945.386,1773195300,2945.386,2940.117,2940.117
2947.769,1773196200,2950.336,2945.397,2945.397
2950.195,1773197100,2950.195,2946.725,2947.773
2953.024,1773198000,2953.024,2949.942,2950.197
2951.188,1773198900,2953.804,2950.45,2953.036
2953.541,1773199800,2953.541,2951.195,2951.195
2958.764,1773200700,2958.764,2953.556,2953.556
2964.212,1773201600,2964.212,2958.766,2958.766
2965.632,1773202500,2966.403,2962.326,2964.218
2971.21,1773203400,2971.21,2965.635,2965.635
2974.48,1773204300,2974.788,2971.214,2971.214
2978.697,1773205200,2979.178,2974.49,2974.49
2983.389,1773206100,2983.389,2978.698,2978.698
2984.576,1773207000,2987.23,2983.129,2983.393
2985.598,1773207900,2988.946,2984.576,2984.576
2987.87,1773208800,2987.87,2983.019,2985.604
2990.514,1773209700,2992.396,2987.875,2987.875
2995.782,1773210600,2995.782,2990.514,2990.514
2981.904,1773211500,2996.647,2981.334,2995.783
2974.033,1773212400,2982.757,2973.919,2981.915
2978.465,1773213300,2978.465,2973.876,2974.034
2981.498,1773214200,2981.498,2976.405,2978.476
2986.824,1773215100,2986.824,2981.502,2981.502
2992.232,1773216000,2992.232,2986.83,2986.83
2987.851,1773216900,2994.686,2985.969,2992.242
2992.163,1773217800,2992.163,2987.295,2987.854
2997.443,1773218700,2997.443,2992.172,2992.172
2997.211,1773219600,3002.281,2996.878,2997.45
2995.997,1773220500,3000.428,2995.578,2997.214
2990.731,1773221400,2996.625,2988.701,2996.0
2990.844,1773222300,2991.31,2987.99,2990.738
2993.677,1773223200,2993.677,2988.98,2990.845
2982.357,1773224100,2993.819,2980.866,2993.678
2977.67,1773225000,2983.707,2975.554,2982.358
2983.039,1773225900,2983.039,2977.681,2977.681
2987.24,1773226800,2987.24,2982.546,2983.044
2985.759,1773227700,2987.414,2983.591,2987.245
2983.521,1773228600,2986.786,2982.199,2985.764
2974.798,1773229500,2983.909,2974.792,2983.526
2966.468,1773230400,2975.482,2965.637,2974.809
2969.361,1773231300,2969.361,2966.473,2966.473
2974.489,1773232200,2974.489,2969.366,2969.366
2979.842,1773233100,2979.842,2974.5,2974.5
2979.319,1773234000,2979.926,2974.184,2979.848
2981.523,1773234900,2983.268,2979.32,2979.32
2981.952,1773235800,2985.454,2980.664,2981.525
2977.252,1773236700,2982.629,2974.872,2981.954
2979.979,1773237600,2982.003,2977.26,2977.26
2982.712,1773238500,2982.712,2979.715,2979.986
2972.987,1773239400,2984.037,2972.612,2982.716
2977.41,1773240300,2977.41,2972.993,2972.993
2974.192,1773241200,2978.15,2971.357,2977.412
2972.563,1773242100,2974.442,2970.611,2974.201
2977.817,1773243000,2977.817,2972.575,2972.575
2976.795,1773243900,2979.746,2975.088,2977.819
2977.961,1773244800,2980.709,2976.812,2976.812
2981.896,1773245700,2981.896,2977.963,2977.963
2987.164,1773246600,2987.164,2981.898,2981.898
2992.302,1773247500,2992.302,2987.166,2987.166
2994.265,1773248400,2996.395,2992.314,2992.314
2998.145,1773249300,2998.145,2993.794,2994.268
2994.192,1773250200,3000.205,2993.871,2998.149
2997.568,1773251100,2997.568,2993.53,2994.193
3001.501,1773252000,3001.501,2997.468,2997.584
2993.514,1773252900,3003.364,2993.125,3001.503
2993.521,1773253800,2997.492,2992.305,2993.519
2995.522,1773254700,2996.582,2993.009,2993.526
2993.535,1773255600,2997.837,2993.307,2995.528
2998.855,1773256500,2998.855,2993.54,2993.54
2979.333,1773257400,2999.396,2979.137,2998.855
2984.731,1773258300,2984.731,2979.336,2979.336
2989.343,1773259200,2989.343,2984.548,2984.734
2984.43,1773260100,2990.76,2982.426,2989.346
2984.456,1773261000,2984.868,2980.735,2984.433
2988.997,1773261900,2988.997,2984.464,2984.464
2989.37,1773262800,2989.509,2986.484,2988.997
2988.183,1773263700,2989.705,2983.138,2989.38
2985.84,1773264600,2990.174,2983.052,2988.187
2984.748,1773265500,2987.827,2981.313,2985.849
2979.911,1773266400,2986.123,2978.618,2984.752
2985.257,1773267300,2985.257,2979.917,2979.917
2990.331,1773268200,2990.331,2985.262,2985.262
2993.313,1773269100,2994.748,2990.331,2990.331
2996.718,1773270000,2997.727,2993.319,2993.319
2993.232,1773270900,2999.671,2991.95,2996.722
2998.702,1773271800,2998.702,2993.241,2993.241
3004.095,1773272700,3004.095,2998.705,2998.705
2997.301,1773273600,3004.537,2997.099,3004.103
3002.755,1773274500,3002.755,2997.304,2997.304
2991.793,1773275400,3003.123,2990.373,3002.766
2989.44,1773276300,2995.621,2987.935,2991.802
2988.042,1773277200,2991.06,2985.824,2989.446
2978.631,1773278100,2991.185,2978.552,2988.046
2973.237,1773279000,2980.362,2971.211,2978.634
2969.079,1773279900,2973.973,2965.942,2973.246
2974.492,1773280800,2974.492,2969.097,2969.097
2979.708,1773281700,2979.708,2974.495,2974.495
2976.257,1773282600,2982.514,2975.975,2979.709
2975.708,1773283500,2980.338,2974.391,2976.265
2974.851,1773284400,2981.01,2974.587,2975.72
2980.213,1773285300,2980.213,2974.854,2974.854
2978.951,1773286200,2980.727,2975.188,2980.217
2983.366,1773287100,2983.366,2978.959,2978.959
2979.41,1773288000,2985.013,2978.563,2983.368
2973.409,1773288900,2980.224,2970.368,2979.413
2973.5,1773289800,2975.337,2970.01,2973.409
2967.673,1773290700,2973.99,2965.763,2973.507
2969.797,1773291600,2971.788,2967.689,2967.689
2975.033,1773292500,2975.033,2969.803,2969.803
2978.921,1773293400,2979.452,2975.039,2975.039
2977.745,1773294300,2980.37,2973.84,2978.931
2976.281,1773295200,2980.265,2973.411,2977.749
2978.982,1773296100,2979.606,2976.289,2976.289
2980.533,1773297000,2980.533,2975.088,2975.088
2974.525,1773297900,2980.769,2972.783,2980.539
2979.148,1773298800,2979.148,2974.529,2974.529
2984.089,1773299700,2984.089,2979.155,2979.155
2985.695,1773300600,2985.695,2980.931,2984.096
2985.39,1773301500,2987.802,2984.696,2985.699
2981.451,1773302400,2987.064,2980.822,2985.402
2976.137,1773303300,2981.711,2975.284,2981.46
2979.097,1773304200,2980.766,2976.14,2976.14
2975.752,1773305100,2980.779,2974.932,2979.105
2976.357,1773306000,2978.763,2975.754,2975.754
2980.562,1773306900,2980.586,2976.36,2976.36
2973.942,1773307800,2981.199,2970.731,2980.568
2979.488,1773308700,2979.488,2973.942,2973.942
2969.404,1773309600,2981.639,2966.471,2979.488
2967.735,1773310500,2969.86,2964.049,2969.411
2965.746,1773311400,2970.194,2964.406,2967.74
2964.887,1773312300,2968.258,2962.33,2965.749
2964.828,1773313200,2967.45,2962.001,2964.897
2968.703,1773314100,2968.703,2964.831,2964.831
2973.938,1773315000,2973.938,2968.709,2968.709
2979.582,1773315900,2979.582,2973.945,2973.945
2977.273,1773316800,2981.576,2976.831,2979.588
2982.639,1773317700,2982.639,2977.278,2977.278
2971.361,1773318600,2985.895,2970.794,2982.653
2973.122,1773319500,2974.002,2971.366,2971.366
2978.093,1773320400,2978.093,2973.123,2973.123
2974.703,1773321300,2980.477,2974.287,2978.099
2980.088,1773322200,2980.088,2974.713,2974.713
2983.749,1773323100,2983.749,2979.002,2980.094
2985.566,1773324000,2985.566,2981.835,2983.754
2986.151,1773324900,2986.231,2981.87,2985.576
2991.573,1773325800,2991.573,2986.157,2986.157
2988.453,1773326700,2993.15,2986.241,2991.582
2977.545,1773327600,2991.786,2977.161,2988.469
2982.098,1773328500,2982.098,2977.55,2977.55
2982.622,1773329400,2982.622,2979.368,2982.103
2975.995,1773330300,2984.573,2974.03,2982.632
2971.138,1773331200,2976.549,2968.142,2976.008
2972.941,1773332100,2973.974,2970.75,2971.141
2966.047,1773333000,2975.186,2965.084,2972.944
2964.661,1773333900,2969.212,2963.02,2966.053
2958.473,1773334800,2965.66,2956.697,2964.661
2962.05,1773335700,2962.05,2958.479,2958.479
2961.439,1773336600,2962.972,2958.704,2962.055
2957.86,1773337500,2961.881,2956.971,2961.439
2959.217,1773338400,2961.181,2957.83,2957.86
2955.523,1773339300,2960.186,2954.951,2959.227
2960.66,1773340200,2960.66,2955.533,2955.533
2963.385,1773341100,2963.385,2960.293,2960.663
2968.81,1773342000,2968.81,2963.387,2963.387
2972.062,1773342900,2972.543,2968.812,2968.812
2971.634,1773343800,2972.166,2968.127,2972.071
2976.673,1773344700,2976.673,2971.571,2971.642
2981.633,1773345600,2981.633,2976.677,2976.677
2980.857,1773346500,2982.656,2978.589,2981.637
2977.5,1773347400,2982.375,2976.454,2980.863
2977.773,1773348300,2981.149,2977.098,2977.506
2980.209,1773349200,2980.209,2976.958,2977.775
2980.284,1773350100,2981.977,2977.704,2980.216
2982.954,1773351000,2982.954,2978.233,2980.286
2986.825,1773351900,2986.96,2982.955,2982.955
2977.903,1773352800,2987.271,2976.601,2986.829
2973.89,1773353700,2978.43,2972.185,2977.906
2973.298,1773354600,2974.925,2970.965,2973.899
2969.596,1773355500,2973.826,2966.244,2973.3
2971.911,1773356400,2971.911,2967.177,2969.6
2967.747,1773357300,2976.747,2967.268,2971.913
2973.11,1773358200,2973.11,2967.749,2967.749
2972.599,1773359100,2977.937,2972.197,2973.115
2973.348,1773360000,2977.122,2972.609,2972.609
2976.621,1773360900,2976.621,2972.233,2973.351
2978.263,1773361800,2979.969,2975.977,2976.623
2975.59,1773362700,2982.006,2973.911,2978.264
2979.478,1773363600,2979.478,2975.599,2975.599
2976.713,1773364500,2980.727,2973.058,2979.481
2968.562,1773365400,2978.7,2967.055,2976.729
2969.104,1773366300,2972.32,2967.481,2968.565
2970.083,1773367200,2970.512,2967.087,2969.121
2971.18,1773368100,2972.218,2969.268,2970.089
2976.508,1773369000,2976.508,2971.187,2971.187
2976.136,1773369900,2978.406,2975.258,2976.515
2981.432,1773370800,2981.432,2976.14,2976.14
2983.02,1773371700,2984.835,2981.037,2981.433
2987.357,1773372600,2987.357,2983.022,2983.022
2991.48,1773373500,2991.48,2987.366,2987.366
2996.742,1773374400,2996.742,2991.485,2991.485
2996.775,1773375300,3000.516,2995.377,2996.746
3000.322,1773376200,3002.03,2996.787,2996.787
2998.117,1773377100,3004.672,2997.898,3000.325
3003.443,1773378000,3003.443,2998.125,2998.125
2999.172,1773378900,3004.15,2997.345,3003.451
2995.507,1773379800,3000.789,2994.424,2999.182
2992.649,1773380700,2999.073,2991.543,2995.509
2998.313,1773381600,2998.313,2992.655,2992.655
3000.587,1773382500,3000.587,2995.759,2998.322
2992.966,1773383400,3001.466,2991.089,3000.588
2988.49,1773384300,2994.598,2987.757,2992.97
2994.009,1773385200,2994.009,2988.494,2988.494
2993.691,1773386100,2996.4,2992.255,2994.014
2991.645,1773387000,2995.176,2989.982,2993.696
2991.018,1773387900,2991.994,2987.567,2991.652
2985.903,1773388800,2993.969,2985.349,2991.025
2986.839,1773389700,2990.083,2985.867,2985.906
2985.858,1773390600,2989.225,2983.267,2986.841
2990.296,1773391500,2990.296,2985.865,2985.865
2993.076,1773392400,2993.076,2988.693,2990.306
2987.773,1773393300,2993.913,2985.555,2993.089
2984.194,1773394200,2990.652,2982.198,2987.779
2984.572,1773395100,2986.543,2982.162,2984.203
2982.021,1773396000,2988.459,2980.718,2984.576
2986.636,1773396900,2986.636,2982.027,2982.027
2991.975,1773397800,2991.975,2986.638,2986.638
2997.619,1773398700,2997.619,2991.983,2991.983
3003.128,1773399600,3003.128,2997.619,2997.619
3006.87,1773400500,3006.87,3003.131,3003.131
3010.465,1773401400,3010.465,3006.431,3006.88
3014.243,1773402300,3014.359,3010.472,3010.472
3015.63,1773403200,3015.74,3011.719,3014.244
3009.348,1773404100,3019.609,3008.987,3015.642
3010.352,1773405000,3012.42,3008.412,3009.35
3002.28,1773405900,3011.563,3001.8,3010.352
3006.115,1773406800,3006.115,3001.521,3002.28
3005.766,1773407700,3008.261,3003.2,3006.121
3000.732,1773408600,3006.511,2999.667,3005.768
3004.154,1773409500,3004.154,3000.399,3000.733
3004.305,1773410400,3006.594,3003.446,3004.167
3004.652,1773411300,3006.316,3002.58,3004.306
3009.948,1773412200,3009.948,3004.66,3004.66
3005.557,1773413100,3013.521,3003.816,3009.954
3008.371,1773414000,3010.181,3005.562,3005.562
3013.929,1773414900,3013.929,3008.38,3008.38
3017.668,1773415800,3018.078,3013.93,3013.93
3018.103,1773416700,3020.03,3016.412,3017.676
3019.917,1773417600,3022.168,3018.11,3018.11
3021.762,1773418500,3021.762,3018.806,3019.92
3021.792,1773419400,3022.932,3019.085,3021.775
3027.43,1773420300,3027.43,3021.794,3021.794
3023.894,1773421200,3030.229,3021.802,3027.435
3023.818,1773422100,3026.984,3022.521,3023.902
3029.314,1773423000,3029.314,3023.818,3023.818
3024.42,1773423900,3030.4,3024.031,3029.326
3022.805,1773424800,3027.586,3022.205,3024.421
3019.77,1773425700,3023.97,3017.859,3022.811
3020.069,1773426600,3021.397,3018.211,3019.776
3020.325,1773427500,3022.018,3017.888,3020.071
3018.731,1773428400,3021.859,3016.647,3020.326
3015.04,1773429300,3018.81,3011.139,3018.732
3014.843,1773430200,3018.139,3014.169,3015.043
3012.638,1773431100,3013.904,3009.561,3011.791
3008.469,1773432000,3014.781,3008.38,3012.645
3013.933,1773432900,3013.933,3008.477,3008.477
3017.056,1773433800,3017.056,3013.939,3013.939
3017.013,1773434700,3019.271,3015.815,3017.065
3020.158,1773435600,3020.158,3015.545,3017.023
3024.586,1773436500,3024.622,3020.159,3020.159
3022.912,1773437400,3029.199,3021.891,3024.59
3028.0,1773438300,3028.0,3022.914,3022.914
3024.022,1773439200,3031.209,3023.473,3028.001
3024.423,1773440100,3027.135,3022.607,3024.037
3026.79,1773441000,3027.0,3023.963,3024.426
3024.953,1773441900,3030.417,3024.529,3026.798
3023.579,1773442800,3026.62,3021.336,3024.956
3012.358,1773443700,3026.002,3010.438,3023.589
3008.553,1773444600,3014.781,3007.843,3012.369
3004.099,1773445500,3009.172,3003.715,3008.554
3004.459,1773446400,3005.917,3001.472,3004.112
3008.602,1773447300,3008.602,3004.463,3004.463
3011.24,1773448200,3011.24,3006.669,3008.61
3005.969,1773449100,3012.368,3005.922,3011.258
3011.605,1773450000,3011.605,3005.975,3005.975
3013.051,1773450900,3013.836,3010.044,3011.609
3017.082,1773451800,3017.082,3012.331,3013.056
3014.767,1773452700,3017.884,3010.077,3017.087
3019.981,1773453600,3019.981,3014.771,3014.771
3023.085,1773454500,3023.577,3019.988,3019.988
3028.557,1773455400,3028.557,3023.103,3023.103
3034.041,1773456300,3034.041,3028.564,3028.564
3033.85,1773457200,3034.682,3028.938,3034.051
3034.696,1773458100,3036.004,3032.748,3033.853
3035.022,1773459000,3035.428,3030.699,3034.697
3036.511,1773459900,3038.646,3035.035,3035.035
3034.099,1773460800,3038.187,3030.46,3036.513
3034.04,1773461700,3034.675,3029.663,3034.109
3030.173,1773462600,3034.495,3029.652,3034.043
3033.698,1773463500,3035.45,3030.181,3030.181
3033.083,1773464400,3037.585,3031.538,3033.702
3038.296,1773465300,3038.296,3033.089,3033.089
3027.069,1773466200,3038.449,3025.566,3038.296
3026.861,1773467100,3029.044,3025.223,3027.079
3024.363,1773468000,3028.574,3023.29,3026.869
3028.264,1773468900,3029.657,3024.366,3024.366
3027.148,1773469800,3030.784,3026.495,3028.266
3019.512,1773470700,3029.309,3019.34,3027.152
3022.459,1773471600,3023.233,3019.515,3019.515
3027.393,1773472500,3027.393,3022.46,3022.46
3030.993,1773473400,3030.993,3026.446,3027.395
3033.829,1773474300,3033.829,3029.834,3030.997
3036.494,1773475200,3036.494,3032.748,3033.845
3041.774,1773476100,3041.774,3036.497,3036.497
3047.448,1773477000,3047.448,3041.784,3041.784
3046.386,1773477900,3048.481,3045.138,3047.456
3047.69,1773478800,3051.767,3046.397,3046.397
3049.138,1773479700,3049.191,3045.175,3047.694
3046.362,1773480600,3049.794,3045.588,3049.144
3051.919,1773481500,3051.919,3046.369,3046.369
3055.543,1773482400,3056.53,3051.927,3051.927
3056.212,1773483300,3056.439,3051.568,3055.554
3053.144,1773484200,3057.002,3051.206,3056.215
3055.886,1773485100,3056.875,3053.145,3053.145
3054.752,1773486000,3059.935,3053.74,3055.887
3058.419,1773486900,3058.419,3054.757,3054.757
3063.863,1773487800,3063.863,3058.425,3058.425
3062.034,1773488700,3066.526,3061.759,3063.868
3060.743,1773489600,3062.4,3056.914,3062.045
3066.387,1773490500,3066.387,3060.754,3060.754
3063.653,1773491400,3066.868,3059.972,3066.393
3069.326,1773492300,3069.326,3063.654,3063.654
3069.344,1773493200,3070.641,3067.987,3069.33
3056.368,1773494100,3073.051,3055.2,3069.35
3059.285,1773495000,3059.285,3054.8,3056.374
3054.405,1773495900,3062.813,3053.974,3059.295
3057.592,1773496800,3057.592,3053.476,3054.412
3052.901,1773497700,3059.856,3051.64,3057.599
3058.498,1773498600,3058.498,3052.905,3052.905
3043.221,1773499500,3061.658,3042.997,3058.508
3043.551,1773500400,3043.919,3040.332,3043.231
3048.874,1773501300,3048.874,3043.557,3043.557
3048.028,1773502200,3050.725,3045.105,3048.876
3052.345,1773503100,3052.892,3048.039,3048.039
3057.86,1773504000,3057.86,3052.347,3052.347
3054.437,1773504900,3058.455,3053.641,3057.874
3055.887,1773505800,3057.42,3054.417,3054.449
3060.029,1773506700,3060.029,3055.899,3055.899
3063.707,1773507600,3063.707,3060.032,3060.032
3068.387,1773508500,3069.049,3063.714,3063.714
3065.154,1773509400,3069.414,3062.355,3068.388
3070.817,1773510300,3070.817,3065.155,3065.155
3073.486,1773511200,3074.49,3070.827,3070.827
3075.249,1773512100,3078.773,3073.489,3073.489
3080.581,1773513000,3080.581,3075.258,3075.258
3085.512,1773513900,3085.512,3080.588,3080.588
3091.056,1773514800,3091.056,3085.513,3085.513
3095.594,1773515700,3095.594,3091.061,3091.061
3098.45,1773516600,3098.45,3095.601,3095.601
3102.027,1773517500,3102.027,3096.518,3098.454
3101.396,1773518400,3105.846,3101.117,3102.03
3097.401,1773519300,3101.911,3094.399,3101.407
3091.488,1773520200,3100.463,3091.355,3097.41
3095.384,1773521100,3095.384,3090.027,3091.492
3094.699,1773522000,3098.128,3093.568,3095.388
3096.837,1773522900,3098.418,3094.709,3094.709
3091.496,1773523800,3098.823,3088.181,3096.842
3084.047,1773524700,3091.899,3082.379,3091.499
3082.092,1773525600,3086.064,3078.546,3084.051
3085.741,1773526500,3085.741,3080.951,3082.096
3082.96,1773527400,3087.848,3082.524,3085.747
3076.772,1773528300,3083.046,3071.859,3082.963
3082.325,1773529200,3082.325,3076.78,3076.78
3075.987,1773530100,3082.481,3072.36,3082.332
3080.067,1773531000,3080.067,3075.989,3075.989
3076.42,1773531900,3082.596,3075.365,3080.082
3076.781,1773532800,3080.172,3076.098,3076.43
3059.288,1773533700,3077.852,3058.848,3076.783
3055.842,1773534600,3061.426,3053.658,3059.3
3053.395,1773535500,3060.059,3052.722,3055.852
3058.879,1773536400,3058.879,3053.406,3053.406
3050.349,1773537300,3060.339,3049.646,3058.884
3046.661,1773538200,3050.989,3044.543,3050.352
3049.392,1773539100,3049.392,3046.547,3046.665
3043.59,1773540000,3050.499,3040.812,3049.4
3047.378,1773540900,3048.04,3043.595,3043.595
3048.681,1773541800,3048.681,3044.78,3047.384
3047.76,1773542700,3050.124,3045.291,3048.683
3048.008,1773543600,3052.599,3047.501,3047.765
3053.314,1773544500,3053.314,3048.014,3048.014
3045.442,1773545400,3054.05,3043.037,3053.33
3050.977,1773546300,3050.977,3045.444,3045.444
3056.462,1773547200,3056.462,3050.982,3050.982
3041.609,1773548100,3058.492,3039.935,3056.463
3045.044,1773549000,3045.044,3041.624,3041.624
3041.494,1773549900,3045.479,3037.604,3045.052
3039.826,1773550800,3044.501,3037.32,3041.505
3042.937,1773551700,3042.937,3039.835,3039.835
3019.851,1773552600,3043.865,3019.607,3042.943
3023.892,1773553500,3023.892,3019.866,3019.866
3028.939,1773554400,3028.939,3023.893,3023.893
3030.228,1773555300,3030.228,3025.215,3028.945
3034.245,1773556200,3034.245,3029.368,3030.232
3035.564,1773557100,3038.127,3033.898,3034.261
3041.285,1773558000,3041.285,3035.574,3035.574
3046.758,1773558900,3046.758,3041.295,3041.295
3052.396,1773559800,3052.396,3046.762,3046.762
3057.26,1773560700,3057.26,3052.398,3052.398
3058.598,1773561600,3058.73,3054.516,3057.261
3045.516,1773562500,3059.037,3043.939,3058.614
3046.446,1773563400,3048.358,3044.668,3045.53
3047.389,1773564300,3048.428,3044.106,3046.446
3052.593,1773565200,3052.593,3047.392,3047.392
3050.155,1773566100,3053.818,3047.941,3052.601
3055.626,1773567000,3055.626,3050.174,3050.174
3052.127,1773567900,3055.769,3047.882,3055.635
3055.614,1773568800,3055.614,3052.132,3052.132
3060.874,1773569700,3060.874,3055.62,3055.62
3058.954,1773570600,3063.821,3057.984,3060.882
3059.638,1773571500,3060.435,3056.208,3058.955
3060.312,1773572400,3063.286,3059.649,3059.649
3061.167,1773573300,3064.496,3060.313,3060.313
3046.982,1773574200,3061.469,3046.516,3061.169
3046.604,1773575100,3047.192,3042.002,3046.989
3048.838,1773576000,3049.887,3046.606,3046.606
3046.708,1773576900,3051.594,3046.541,3048.838
3039.539,1773577800,3048.21,3037.371,3046.715
3036.064,1773578700,3041.44,3033.472,3039.543
3034.388,1773579600,3039.994,3033.103,3036.065
3038.942,1773580500,3038.942,3034.03,3034.39
3041.318,1773581400,3042.36,3038.946,3038.946
3044.528,1773582300,3044.528,3039.152,3041.321
3038.616,1773583200,3049.62,3038.587,3044.534
3039.328,1773584100,3039.328,3034.652,3038.628
3040.325,1773585000,3042.83,3039.048,3039.334
3038.411,1773585900,3041.272,3033.816,3040.328
3040.571,1773586800,3040.919,3036.855,3038.412
3044.42,1773587700,3044.42,3040.444,3040.573
3039.736,1773588600,3049.033,3039.207,3044.428
3039.514,1773589500,3044.593,3039.236,3039.739
3041.353,1773590400,3044.64,3039.521,3039.521
3046.557,1773591300,3046.688,3041.361,3041.361
3047.386,1773592200,3048.604,3044.065,3046.559
3047.702,1773593100,3051.674,3047.192,3047.387
3048.256,1773594000,3051.097,3046.778,3047.708
3053.997,1773594900,3053.997,3048.261,3048.261
3051.187,1773595800,3054.892,3048.997,3054.002
3038.455,1773596700,3051.448,3036.767,3051.198
3040.442,1773597600,3042.709,3038.464,3038.464
3045.998,1773598500,3045.998,3040.45,3040.45
3046.836,1773599400,3048.185,3044.21,3046.009
3049.354,1773600300,3049.354,3046.173,3046.845
3054.715,1773601200,3054.715,3049.365,3049.365
3047.145,1773602100,3056.826,3045.919,3054.716
3041.531,1773603000,3050.683,3041.303,3047.153
3040.474,1773603900,3043.97,3039.299,3041.547
3044.806,1773604800,3044.806,3040.485,3040.485
3050.395,1773605700,3050.395,3044.815,3044.815
3055.361,1773606600,3055.361,3050.406,3050.406
3053.032,1773607500,3055.752,3048.631,3055.363
3056.196,1773608400,3056.196,3053.035,3053.035
3061.749,1773609300,3061.749,3056.205,3056.205
3066.515,1773610200,3066.515,3061.764,3061.764
3071.889,1773611100,3071.889,3066.52,3066.52
3073.058,1773612000,3074.92,3071.324,3071.897
3072.74,1773612900,3076.722,3072.736,3073.064
3065.535,1773613800,3074.455,3065.33,3072.749
3060.826,1773614700,3066.135,3056.574,3065.535
3062.727,1773615600,3065.234,3060.828,3060.828
3066.208,1773616500,3066.208,3061.936,3062.731
3058.657,1773617400,3067.701,3058.614,3066.21
3053.912,1773618300,3059.901,3051.444,3058.659
3051.347,1773619200,3054.492,3047.692,3053.925
3056.913,1773620100,3056.913,3051.355,3051.355
3053.533,1773621000,3058.917,3052.681,3056.922
3054.991,1773621900,3055.812,3052.835,3053.534
3056.816,1773622800,3059.063,3054.993,3054.993
3050.775,1773623700,3057.668,3047.377,3056.818
3055.266,1773624600,3055.266,3050.783,3050.783
3055.847,1773625500,3057.491,3052.606,3055.269
3051.142,1773626400,3056.838,3049.389,3055.855
3048.734,1773627300,3055.395,3047.386,3051.145
3051.349,1773628200,3051.349,3046.239,3048.743
3056.87,1773629100,3056.87,3051.357,3051.357
3062.382,1773630000,3062.382,3056.875,3056.875
3065.574,1773630900,3065.99,3062.385,3062.385
3066.188,1773631800,3070.536,3065.575,3065.575
3069.273,1773632700,3071.33,3066.193,3066.193
3067.844,1773633600,3073.598,3066.919,3069.285
3064.043,1773634500,3068.615,3060.08,3067.86
3068.682,1773635400,3068.682,3064.049,3064.049
3065.827,1773636300,3069.507,3063.07,3068.685
3067.049,1773637200,3067.74,3063.886,3065.831
3072.375,1773638100,3072.375,3067.061,3067.061
3077.904,1773639000,3077.904,3072.377,3072.377
3083.446,1773639900,3083.446,3077.91,3077.91
3084.496,1773640800,3087.307,3082.858,3083.449
3076.531,1773641700,3086.114,3074.829,3084.507
3074.307,1773642600,3078.325,3072.616,3076.542
3073.612,1773643500,3074.433,3068.104,3074.311
3071.915,1773644400,3077.751,3070.679,3073.624
3074.545,1773645300,3074.545,3070.548,3071.918
3074.404,1773646200,3076.206,3072.601,3074.546
3079.813,1773647100,3079.813,3074.412,3074.412
3067.142,1773648000,3082.39,3066.557,3079.817
3061.651,1773648900,3071.377,3060.677,3067.147
3054.929,1773649800,3061.754,3054.756,3061.66
3050.995,1773650700,3056.87,3049.508,3054.936
3043.803,1773651600,3051.75,3041.546,3051.005
3046.491,1773652500,3046.565,3043.764,3043.814
3047.934,1773653400,3049.325,3045.11,3046.493
3049.927,1773654300,3049.927,3047.232,3047.935
3040.517,1773655200,3042.047,3038.092,3041.335
3041.787,1773656100,3041.787,3037.307,3040.521
3042.666,1773657000,3045.311,3040.781,3041.788
3048.039,1773657900,3048.039,3042.668,3042.668
3050.933,1773658800,3051.224,3048.04,3048.04
3044.873,1773659700,3052.283,3043.385,3050.934
3039.452,1773660600,3046.822,3037.385,3044.875
3040.979,1773661500,3040.979,3036.327,3039.453
3046.432,1773662400,3046.432,3040.985,3040.985
3046.734,1773663300,3048.233,3043.046,3046.439
3047.559,1773664200,3049.533,3044.975,3046.741
3048.71,1773665100,3050.945,3046.834,3047.562
3041.757,1773666000,3049.328,3040.016,3048.715
3044.42,1773666900,3044.42,3040.248,3041.77
3049.99,1773667800,3049.99,3044.44,3044.44
3047.209,1773668700,3050.78,3043.717,3050.0
3049.194,1773669600,3049.313,3045.731,3047.217
3050.227,1773670500,3050.227,3045.602,3049.201
3045.507,1773671400,3052.844,3044.449,3050.23
3043.843,1773672300,3048.998,3042.421,3045.51
3042.079,1773673200,3047.095,3040.02,3043.845
3044.869,1773674100,3044.869,3039.572,3042.088
3050.007,1773675000,3050.007,3044.877,3044.877
3055.635,1773675900,3055.635,3050.012,3050.012
3055.178,1773676800,3059.433,3053.565,3055.642
3050.357,1773677700,3058.311,3048.695,3055.185
3041.141,1773678600,3052.761,3038.701,3050.368
3046.701,1773679500,3046.701,3041.148,3041.148
3048.533,1773680400,3049.847,3046.104,3046.706
3046.797,1773681300,3050.098,3042.92,3048.534
3052.49,1773682200,3052.49,3046.808,3046.808
3055.802,1773683100,3055.802,3052.495,3052.495
3055.568,1773684000,3060.539,3054.756,3055.805
3048.046,1773684900,3055.922,3047.168,3055.574
3047.204,1773685800,3050.879,3044.464,3048.054
3048.3,1773686700,3048.982,3045.469,3047.205
3054.081,1773687600,3054.081,3048.302,3048.302
3059.662,1773688500,3059.662,3054.086,3054.086
3060.387,1773689400,3061.048,3056.214,3059.665
3050.924,1773690300,3062.589,3049.878,3060.387
3054.164,1773691200,3054.164,3050.487,3050.926
3053.746,1773692100,3057.718,3053.34,3054.168
3040.081,1773693000,3053.973,3039.378,3053.747
3045.554,1773693900,3045.554,3040.083,3040.083
3045.138,1773694800,3050.948,3045.051,3045.56
3050.598,1773695700,3050.598,3045.14,3045.14
3056.415,1773696600,3056.468,3050.599,3050.599
3053.325,1773697500,3057.215,3051.409,3056.427
3052.219,1773698400,3054.732,3048.897,3053.325
3042.628,1773699300,3052.88,3040.413,3052.225
3041.075,1773700200,3044.826,3040.332,3042.636
3036.041,1773701100,3042.293,3035.339,3041.085
3039.022,1773702000,3039.141,3036.048,3036.048
3041.315,1773702900,3041.315,3038.123,3039.026
3040.311,1773703800,3042.349,3036.04,3041.318
3036.001,1773704700,3043.719,3034.692,3040.319
3036.141,1773705600,3037.648,3032.488,3036.002
3032.91,1773706500,3037.026,3031.419,3036.157
3037.01,1773707400,3037.01,3032.915,3032.915
3042.498,1773708300,3042.498,3037.018,3037.018
3040.143,1773709200,3043.376,3036.886,3042.509
3045.81,1773710100,3045.81,3040.153,3040.153
3044.12,1773711000,3048.059,3042.261,3045.819
3046.764,1773711900,3046.764,3042.787,3044.127
3040.925,1773712800,3049.947,3040.439,3046.77
3046.336,1773713700,3046.336,3040.925,3040.925
3046.312,1773714600,3046.975,3044.054,3046.346
3050.126,1773715500,3050.126,3046.318,3046.318
3044.127,1773716400,3053.845,3042.629,3050.136
3027.909,1773717300,3045.476,3027.591,3044.13
3031.739,1773718200,3031.739,3027.526,3027.911
3037.332,1773719100,3037.332,3031.74,3031.74
3042.821,1773720000,3042.821,3037.334,3037.334
3042.779,1773720900,3043.837,3039.899,3042.834
3043.608,1773721800,3044.194,3039.988,3042.786
3047.775,1773722700,3047.775,3043.615,3043.615
3050.119,1773723600,3051.711,3047.782,3047.782
3049.533,1773724500,3051.154,3046.605,3050.127
3052.914,1773725400,3053.481,3049.537,3049.537
3052.714,1773726300,3053.279,3048.771,3052.915
3053.398,1773727200,3054.381,3051.172,3052.714
3047.544,1773728100,3054.362,3044.844,3053.399
3050.566,1773729000,3050.566,3047.301,3047.548
3056.069,1773729900,3056.069,3050.568,3050.568
3055.29,1773730800,3058.663,3053.182,3056.082
3051.717,1773731700,3059.629,3051.315,3055.293
3041.251,1773732600,3052.036,3037.966,3051.724
3045.934,1773733500,3045.934,3041.254,3041.254
3038.043,1773734400,3046.845,3035.594,3045.941
3041.565,1773735300,3041.565,3038.047,3038.047
3040.28,1773736200,3042.125,3036.869,3041.576
3029.267,1773737100,3041.569,3027.689,3040.286
3030.309,1773738000,3031.791,3027.283,3029.272
3035.836,1773738900,3035.836,3030.315,3030.315
3037.921,1773739800,3038.031,3034.594,3035.84
3033.568,1773740700,3040.851,3032.691,3037.925
3034.573,1773741600,3035.1,3030.737,3033.568
3036.119,1773742500,3038.462,3034.478,3034.577
3035.785,1773743400,3036.719,3032.694,3036.122
3035.262,1773744300,3036.48,3031.983,3035.795
3031.425,1773745200,3036.901,3028.04,3035.271
3035.501,1773746100,3036.532,3031.429,3031.429
3041.17,1773747000,3041.17,3035.505,3035.505
3036.28,1773747900,3043.246,3034.482,3041.179
3041.938,1773748800,3041.938,3036.282,3036.282
3047.521,1773749700,3047.521,3041.941,3041.941
3052.815,1773750600,3052.815,3047.531,3047.531
3052.991,1773751500,3053.173,3047.887,3052.816
3058.315,1773752400,3058.315,3053.003,3053.003
3059.536,1773753300,3061.917,3058.322,3058.322
3063.156,1773754200,3063.156,3059.544,3059.544
3067.869,1773755100,3068.33,3063.157,3063.157
3056.339,1773756000,3068.462,3055.132,3067.874
3057.466,1773756900,3059.725,3054.759,3056.35
3057.829,1773757800,3061.458,3056.697,3057.481
3053.812,1773758700,3059.885,3053.105,3057.831
3058.669,1773759600,3058.669,3053.821,3053.821
3062.981,1773760500,3063.535,3058.674,3058.674
3065.38,1773761400,3066.224,3062.989,3062.989
3070.472,1773762300,3070.472,3064.997,3065.389
3072.92,1773763200,3075.935,3070.475,3070.475
3070.402,1773764100,3073.627,3066.779,3072.927
3076.057,1773765000,3076.057,3070.408,3070.408
3078.845,1773765900,3081.43,3076.06,3076.06
3083.109,1773766800,3083.999,3078.853,3078.853
3087.696,1773767700,3088.608,3083.111,3083.111
3090.564,1773768600,3091.979,3087.7,3087.7
3083.754,1773769500,3091.093,3082.272,3090.57
3083.431,1773770400,3086.236,3080.279,3083.758
3085.435,1773771300,3087.73,3083.446,3083.446
3081.07,1773772200,3086.43,3079.769,3085.437
3083.527,1773773100,3084.461,3081.075,3081.075
3084.756,1773774000,3084.756,3080.455,3083.527
3087.999,1773774900,3089.053,3084.761,3084.761
3085.319,1773775800,3089.093,3084.842,3088.0
3089.978,1773776700,3091.025,3085.325,3085.325
3089.26,1773777600,3091.923,3088.418,3089.984
3092.391,1773778500,3092.391,3087.607,3089.266
3097.849,1773779400,3097.849,3092.401,3092.401
3095.575,1773780300,3098.655,3090.732,3097.858
3098.236,1773781200,3098.236,3095.577,3095.577
3098.739,1773782100,3099.048,3094.248,3098.246
3095.894,1773783000,3101.948,3094.086,3098.74
3101.347,1773783900,3101.347,3095.907,3095.907
3093.54,1773784800,3102.959,3091.771,3101.351
3095.768,1773785700,3095.768,3090.981,3093.547
3094.679,1773786600,3099.405,3092.718,3095.78
3082.648,1773787500,3095.3,3082.409,3094.688
3083.045,1773788400,3083.045,3077.523,3082.651
3081.896,1773789300,3083.346,3078.201,3083.054
3082.159,1773790200,3083.287,3078.99,3081.91
3073.051,1773791100,3086.154,3072.636,3082.166
3074.515,1773792000,3074.576,3072.108,3073.059
3072.736,1773792900,3074.906,3071.285,3074.521
3075.651,1773793800,3075.651,3070.891,3072.743
3079.724,1773794700,3079.724,3075.653,3075.653
3085.128,1773795600,3085.128,3079.731,3079.731
3085.83,1773796500,3087.412,3082.815,3085.132
3091.235,1773797400,3091.235,3085.83,3085.83
3085.789,1773798300,3091.648,3082.253,3091.236
3085.669,1773799200,3088.404,3084.463,3085.796
3080.964,1773800100,3086.829,3077.158,3085.675
3086.492,1773801000,3086.492,3080.976,3080.976
3086.034,1773801900,3090.578,3085.677,3086.499
3076.281,1773802800,3087.836,3074.837,3086.045
3078.88,1773803700,3081.206,3076.284,3076.284
3073.883,1773804600,3081.74,3071.598,3078.889
3070.172,1773805500,3074.972,3069.463,3073.891
3067.187,1773806400,3072.447,3063.946,3070.176
3072.289,1773807300,3072.586,3067.191,3067.191
3077.505,1773808200,3077.505,3072.295,3072.295
3079.378,1773809100,3079.708,3076.542,3077.509
3078.657,1773810000,3081.703,3076.621,3079.379
3084.098,1773810900,3084.098,3078.658,3078.658
3082.052,1773811800,3088.706,3081.082,3084.107
3083.15,1773812700,3084.858,3081.683,3082.055
3076.883,1773813600,3083.853,3076.042,3083.15
3075.154,1773814500,3081.637,3075.134,3076.884
3075.535,1773815400,3079.63,3074.644,3075.159
3077.541,1773816300,3078.202,3074.894,3075.542
3082.551,1773817200,3082.551,3077.449,3077.553
3080.368,1773818100,3084.891,3077.207,3082.554
3077.725,1773819000,3083.189,3076.566,3080.37
3076.18,1773819900,3077.859,3071.734,3077.729
3079.958,1773820800,3079.958,3074.491,3076.191
3074.017,1773821700,3080.796,3073.352,3079.97
3076.723,1773822600,3076.723,3073.404,3074.029
3075.782,1773823500,3078.538,3075.305,3076.732
3081.337,1773824400,3081.337,3075.782,3075.782
3083.617,1773825300,3083.635,3079.635,3081.341
3080.6,1773826200,3083.897,3078.149,3083.623
3083.864,1773827100,3085.127,3080.602,3080.602
3087.589,1773828000,3087.589,3083.866,3083.866
3074.528,1773828900,3087.662,3071.799,3087.594
3076.904,1773829800,3078.408,3074.532,3074.532
3075.144,1773830700,3081.162,3074.933,3076.917
3079.145,1773831600,3079.179,3075.159,3075.159
3064.552,1773832500,3079.527,3064.381,3079.162
3066.368,1773833400,3066.368,3061.165,3064.557
3063.241,1773834300,3066.395,3060.169,3066.378
3066.033,1773835200,3068.052,3063.248,3063.248
3071.706,1773836100,3071.706,3066.035,3066.035
3051.339,1773837000,3072.209,3049.911,3071.711
3046.524,1773837900,3052.748,3045.144,3051.342
3052.175,1773838800,3052.175,3046.526,3046.526
3052.625,1773839700,3055.305,3052.179,3052.179
3051.143,1773840600,3053.04,3048.684,3052.627
3052.777,1773841500,3052.777,3048.051,3051.152
3055.037,1773842400,3055.731,3052.475,3052.781
3059.87,1773843300,3059.87,3055.044,3055.044
3061.226,1773844200,3064.349,3059.876,3059.876
3060.816,1773845100,3061.681,3058.637,3061.228
3063.384,1773846000,3063.885,3060.818,3060.818
3068.934,1773846900,3068.934,3063.392,3063.392
3063.811,1773847800,3070.638,3061.567,3068.944
3058.955,1773848700,3066.699,3057.088,3063.823
3059.706,1773849600,3061.227,3056.401,3058.965
3059.902,1773850500,3063.794,3058.648,3059.715
3063.869,1773851400,3063.869,3059.912,3059.912
3067.249,1773852300,3067.596,3063.872,3063.872
3070.577,1773853200,3071.809,3067.249,3067.249
3072.916,1773854100,3075.619,3070.592,3070.592
3070.87,1773855000,3075.349,3070.564,3072.925
3060.509,1773855900,3071.289,3059.189,3070.879
3064.0,1773856800,3064.797,3060.509,3060.509
3062.388,1773857700,3065.896,3061.546,3064.001
3068.173,1773858600,3068.173,3062.388,3062.388
3073.835,1773859500,3073.835,3068.175,3068.175
3076.872,1773860400,3076.872,3073.437,3073.84
3072.155,1773861300,3081.504,3072.095,3076.875
3073.697,1773862200,3073.697,3069.424,3072.163
3079.471,1773863100,3079.471,3073.699,3073.699
3062.84,1773864000,3079.974,3060.526,3079.474
3051.083,1773864900,3064.49,3050.172,3062.847
3054.559,1773865800,3054.559,3051.095,3051.095
3044.671,1773866700,3054.72,3041.485,3054.573
3050.355,1773867600,3050.355,3044.676,3044.676
3043.314,1773868500,3052.201,3043.259,3050.362
3048.783,1773869400,3048.783,3043.324,3043.324
3049.624,1773870300,3049.624,3044.913,3048.788
3047.102,1773871200,3051.455,3045.359,3049.625
3048.943,1773872100,3049.337,3046.024,3047.106
3043.131,1773873000,3051.001,3040.901,3048.944
3046.458,1773873900,3046.458,3043.144,3043.144
3046.684,1773874800,3047.995,3042.727,3046.461
3051.979,1773875700,3051.979,3046.685,3046.685
3057.192,1773876600,3057.192,3051.982,3051.982
3057.192,1773877500,3062.325,3056.925,3057.201
3054.229,1773878400,3061.535,3053.062,3057.197
3055.211,1773879300,3056.431,3051.855,3054.23
3048.555,1773880200,3056.557,3046.869,3055.218
3051.244,1773881100,3051.244,3047.008,3048.566
3035.177,1773882000,3051.267,3034.414,3051.244
3036.987,1773882900,3037.821,3034.052,3035.186
3042.408,1773883800,3042.408,3036.997,3036.997
3037.128,1773884700,3043.146,3032.609,3042.422
3042.52,1773885600,3042.52,3037.137,3037.137
3043.12,1773886500,3046.715,3042.023,3042.534
3046.174,1773887400,3046.174,3041.051,3043.127
3051.697,1773888300,3051.697,3046.182,3046.182
3057.295,1773889200,3057.295,3051.704,3051.704
3060.368,1773890100,3060.368,3057.296,3057.296
3060.166,1773891000,3061.327,3058.502,3060.378
3061.648,1773891900,3063.773,3059.9,3060.17
3052.828,1773892800,3063.503,3051.611,3061.653
3044.914,1773893700,3052.943,3039.995,3052.83
3037.57,1773894600,3047.632,3036.16,3044.921
3041.138,1773895500,3041.838,3037.58,3037.58
3030.57,1773896400,3042.334,3030.292,3041.148
3026.27,1773897300,3033.715,3025.721,3030.575
3031.9,1773898200,3031.9,3026.279,3026.279
3030.732,1773899100,3035.078,3029.559,3031.901
3035.484,1773900000,3035.484,3030.735,3030.735
3030.383,1773900900,3037.424,3029.44,3035.489
3031.284,1773901800,3031.698,3027.095,3030.383
3031.136,1773902700,3034.217,3029.958,3031.288
3026.774,1773903600,3032.414,3025.978,3031.144
3029.642,1773904500,3031.297,3026.779,3026.779
3020.144,1773905400,3030.309,3019.958,3029.649
3021.46,1773906300,3022.35,3018.849,3020.145
3025.94,1773907200,3025.94,3021.469,3021.469
3017.527,1773908100,3028.011,3016.311,3025.95
3014.514,1773909000,3019.105,3012.483,3017.539
3017.637,1773909900,3017.637,3014.51,3014.523
3018.197,1773910800,3018.83,3015.216,3017.646
3020.166,1773911700,3020.166,3014.909,3018.202
3023.005,1773912600,3025.3,3020.171,3020.171
3019.968,1773913500,3023.081,3018.364,3023.006
3013.447,1773914400,3021.392,3012.521,3019.98
3003.326,1773915300,3014.08,3001.145,3013.453
3003.864,1773916200,3005.63,3002.145,3003.326
3007.724,1773917100,3007.724,3003.875,3003.875
3013.045,1773918000,3013.045,3007.733,3007.733
3004.593,1773918900,3013.461,3002.87,3013.052
3007.257,1773919800,3009.466,3004.599,3004.599
3005.237,1773920700,3011.703,3005.109,3007.265
3010.361,1773921600,3010.361,3005.245,3005.245
3001.405,1773922500,3012.078,2999.984,3010.367
2997.766,1773923400,3002.633,2996.179,3001.411
3002.453,1773924300,3002.453,2997.773,2997.773
2997.249,1773925200,3004.141,2996.421,3002.457
2992.007,1773926100,2998.216,2991.71,2997.252
2997.516,1773927000,2997.516,2992.012,2992.012
2993.451,1773927900,2998.561,2991.974,2997.523
2988.533,1773928800,2996.998,2987.437,2993.462
2985.225,1773929700,2992.878,2984.701,2988.539
2983.897,1773930600,2985.95,2981.826,2985.236
2978.984,1773931500,2985.008,2977.651,2983.902
2970.671,1773932400,2982.33,2970.526,2979.004
2971.536,1773933300,2972.51,2968.925,2970.675
2972.133,1773934200,2972.133,2967.192,2971.538
2969.06,1773935100,2972.996,2964.628,2972.135
2967.369,1773936000,2973.433,2966.451,2969.07
2968.873,1773936900,2970.613,2966.772,2967.369
2959.965,1773937800,2970.968,2959.151,2968.876
2964.782,1773938700,2964.782,2959.976,2959.976
2966.212,1773939600,2966.212,2961.671,2964.787
2970.162,1773940500,2970.162,2966.216,2966.216
2965.817,1773941400,2971.555,2963.54,2970.163
2963.755,1773942300,2966.489,2962.32,2965.821
2964.846,1773943200,2967.626,2963.497,2963.769
2970.353,1773944100,2970.353,2964.856,2964.856
2971.07,1773945000,2971.915,2968.17,2970.358
2970.875,1773945900,2972.316,2966.828,2971.073
2975.294,1773946800,2975.294,2970.881,2970.881
2977.95,1773947700,2978.284,2974.862,2975.303
2981.803,1773948600,2982.759,2977.952,2977.952
2982.427,1773949500,2983.619,2978.839,2981.81
2974.896,1773950400,2983.986,2971.517,2982.43
2968.459,1773951300,2975.047,2967.779,2974.905
2962.471,1773952200,2969.006,2959.741,2968.463
2960.573,1773953100,2962.984,2958.856,2962.474
2960.309,1773954000,2962.314,2959.03,2960.585
2950.176,1773954900,2960.893,2948.303,2960.311
2955.376,1773955800,2955.376,2950.183,2950.183
2953.922,1773956700,2955.669,2948.869,2955.378
2958.326,1773957600,2958.326,2953.926,2953.926
2945.931,1773958500,2959.407,2945.621,2958.337
2941.154,1773959400,2948.694,2941.025,2945.938
2941.506,1773960300,2943.355,2938.567,2941.16
2945.657,1773961200,2945.657,2941.508,2941.508
2944.069,1773962100,2946.254,2940.458,2945.663
2948.442,1773963000,2948.442,2944.073,2944.073
2947.477,1773963900,2951.215,2947.085,2948.444
2951.897,1773964800,2951.897,2947.477,2947.477
2957.263,1773965700,2957.263,2951.897,2951.897
2954.635,1773966600,2961.459,2953.576,2957.269
2956.594,1773967500,2956.594,2951.396,2954.635
2956.347,1773968400,2957.013,2953.287,2956.598
2959.945,1773969300,2959.945,2956.347,2956.347
2956.165,1773970200,2961.063,2955.022,2959.954
2956.511,1773971100,2960.361,2956.173,2956.173
2956.609,1773972000,2960.344,2956.455,2956.524
2955.572,1773972900,2958.86,2954.833,2956.615
2960.48,1773973800,2960.48,2955.575,2955.575
2958.179,1773974700,2962.113,2957.177,2960.49
2957.674,1773975600,2958.822,2952.857,2958.187
2960.148,1773976500,2960.148,2955.383,2957.686
2963.686,1773977400,2963.686,2960.15,2960.15
2959.86,1773978300,2964.394,2958.698,2963.699
2961.413,1773979200,2961.743,2959.873,2959.873
2964.48,1773980100,2964.48,2960.688,2961.418
2969.309,1773981000,2969.309,2964.042,2964.484
2972.391,1773981900,2972.391,2967.502,2969.32
2975.241,1773982800,2975.756,2972.393,2972.393
2979.932,1773983700,2979.932,2975.246,2975.246
2981.174,1773984600,2982.45,2978.267,2979.933
2985.983,1773985500,2985.983,2981.177,2981.177
