close,epoch,high,low,open
3049.03,1770059700,3049.03,3043.962,3044.863
3050.484,1770060600,3053.991,3049.031,3049.031
3054.096,1770061500,3055.32,3050.498,3050.498
3056.952,1770062400,3056.952,3053.296,3054.109
3056.456,1770063300,3059.52,3055.917,3056.953
3059.767,1770064200,3060.644,3056.459,3056.459
3052.186,1770065100,3060.53,3048.557,3059.768
3056.709,1770066000,3056.709,3052.188,3052.188
3048.618,1770066900,3057.936,3048.392,3056.72
3045.964,1770067800,3051.271,3043.17,3048.62
3051.459,1770068700,3051.459,3045.971,3045.971
3048.019,1770069600,3051.645,3044.249,3051.46
3053.433,1770070500,3053.433,3048.025,3048.025
3055.222,1770071400,3057.433,3053.433,3053.433
3048.347,1770072300,3057.922,3047.217,3055.227
3049.285,1770073200,3049.418,3045.882,3048.361
3052.29,1770074100,3053.505,3049.299,3049.299
3050.081,1770075000,3054.225,3047.088,3052.296
3055.584,1770075900,3055.584,3050.088,3050.088
3056.567,1770076800,3056.98,3054.635,3055.591
3051.293,1770077700,3059.26,3050.985,3056.577
3051.42,1770078600,3053.863,3050.55,3051.294
3052.538,1770079500,3056.369,3051.424,3051.424
3056.587,1770080400,3056.587,3052.543,3052.543
3042.483,1770081300,3056.795,3042.285,3056.592
3044.061,1770082200,3044.061,3041.08,3042.485
3042.514,1770083100,3046.105,3040.366,3044.065
3042.479,1770084000,3043.204,3037.714,3042.514
3043.286,1770084900,3045.688,3040.993,3042.485
3040.538,1770085800,3044.584,3038.051,3043.288
3045.944,1770086700,3045.944,3040.54,3040.54
3044.916,1770087600,3047.486,3043.021,3045.948
3048.083,1770088500,3050.36,3044.927,3044.927
3050.084,1770089400,3052.591,3048.096,3048.096
3055.525,1770090300,3055.525,3050.093,3050.093
3050.804,1770091200,3056.617,3048.504,3055.527
3056.452,1770092100,3056.452,3050.806,3050.806
3051.431,1770093000,3061.813,3051.366,3056.459
3052.474,1770093900,3052.779,3048.391,3051.438
3051.847,1770094800,3054.848,3049.278,3052.475
3051.153,1770095700,3052.51,3046.954,3051.849
3045.58,1770096600,3051.295,3045.312,3051.157
3050.513,1770097500,3050.513,3045.585,3045.585
3053.676,1770098400,3053.777,3050.515,3050.515
3055.232,1770099300,3057.374,3053.634,3053.681
3053.741,1770100200,3057.566,3051.012,3055.234
3053.649,1770101100,3056.051,3050.483,3053.742
3048.489,1770102000,3054.799,3046.446,3053.658
3049.508,1770102900,3050.024,3045.736,3048.49
3042.736,1770103800,3050.471,3040.153,3049.513
3047.378,1770104700,3047.378,3042.747,3042.747
3048.082,1770105600,3048.082,3043.123,3047.391
3053.414,1770106500,3053.414,3048.084,3048.084
3055.606,1770107400,3056.026,3052.81,3053.424
3051.455,1770108300,3055.853,3049.719,3055.62
3045.233,1770109200,3054.074,3043.711,3051.465
3050.86,1770110100,3050.86,3045.241,3045.241
3056.341,1770111000,3056.341,3050.867,3050.867
3058.304,1770111900,3058.576,3055.426,3056.348
3057.303,1770112800,3062.586,3056.847,3058.307
3062.714,1770113700,3062.714,3057.304,3057.304
3061.771,1770114600,3063.014,3057.713,3062.714
3049.559,1770115500,3063.721,3047.611,3061.777
3053.447,1770116400,3053.447,3048.233,3048.442
3049.16,1770117300,3053.543,3047.489,3053.452
3050.08,1770118200,3052.652,3048.079,3049.17
3055.684,1770119100,3055.684,3050.092,3050.092
3050.091,1770120000,3056.831,3048.613,3055.692
3053.81,1770120900,3054.003,3050.094,3050.094
3049.089,1770121800,3055.497,3045.283,3053.816
3054.665,1770122700,3054.665,3049.092,3049.092
3053.995,1770123600,3059.145,3053.521,3054.676
3056.264,1770124500,3057.203,3053.873,3053.999
3056.189,1770125400,3061.02,3055.399,3056.275
3051.505,1770126300,3060.963,3051.297,3056.201
3056.998,1770127200,3056.998,3051.506,3051.506
3055.781,1770128100,3060.626,3053.829,3057.012
3060.302,1770129000,3061.137,3055.788,3055.788
3065.87,1770129900,3065.87,3060.305,3060.305
3060.371,1770130800,3067.189,3059.682,3065.872
3061.466,1770131700,3062.191,3057.546,3060.372
3066.865,1770132600,3066.865,3061.471,3061.471
3065.66,1770133500,3068.029,3064.188,3066.877
3064.716,1770134400,3071.054,3064.456,3065.673
3064.52,1770135300,3066.318,3060.494,3064.72
3068.055,1770136200,3068.802,3064.522,3064.522
3065.47,1770137100,3070.334,3064.099,3068.058
3064.888,1770138000,3065.653,3061.972,3065.476
3070.307,1770138900,3070.307,3064.894,3064.894
3075.844,1770139800,3075.844,3070.32,3070.32
3071.083,1770140700,3077.357,3070.134,3075.846
3074.723,1770141600,3074.723,3070.908,3071.087
3073.363,1770142500,3075.225,3070.781,3074.735
3069.505,1770143400,3073.613,3068.815,3073.367
3074.923,1770144300,3074.923,3069.511,3069.511
3069.159,1770145200,3075.08,3066.724,3074.924
3072.749,1770146100,3072.749,3068.658,3069.161
3069.074,1770147000,3074.92,3067.003,3072.75
3066.518,1770147900,3070.356,3064.814,3069.082
3072.008,1770148800,3072.008,3066.524,3066.524
3077.446,1770149700,3077.446,3072.013,3072.013
3079.302,1770150600,3081.375,3077.451,3077.451
3084.912,1770151500,3084.912,3079.307,3079.307
3084.104,1770152400,3087.083,3081.748,3084.918
3087.15,1770153300,3087.202,3084.109,3084.109
3089.95,1770154200,3090.282,3087.154,3087.154
3092.976,1770155100,3092.976,3089.265,3089.957
3089.938,1770156000,3096.599,3088.316,3092.976
3095.548,1770156900,3095.548,3089.949,3089.949
3094.83,1770157800,3096.088,3089.793,3095.561
3100.446,1770158700,3100.446,3094.833,3094.833
3106.154,1770159600,3106.154,3100.454,3100.454
3103.999,1770160500,3110.325,3102.603,3106.159
3095.098,1770161400,3105.056,3093.407,3104.0
3094.984,1770162300,3096.961,3091.336,3095.108
3100.804,1770163200,3100.804,3094.985,3094.985
3093.612,1770164100,3101.903,3093.292,3100.811
3095.946,1770165000,3097.378,3093.616,3093.616
3094.918,1770165900,3098.406,3094.883,3095.949
3095.925,1770166800,3095.925,3091.457,3094.923
3101.685,1770167700,3101.685,3095.925,3095.925
3098.214,1770168600,3102.184,3093.854,3101.698
3098.265,1770169500,3100.547,3096.488,3098.218
3099.041,1770170400,3101.871,3097.27,3098.27
3097.442,1770171300,3100.061,3095.579,3099.047
3103.138,1770172200,3103.138,3097.455,3097.455
3101.638,1770173100,3105.912,3099.177,3103.146
3096.231,1770174000,3103.683,3095.411,3101.646
3095.601,1770174900,3098.725,3092.434,3096.238
3094.164,1770175800,3096.681,3090.27,3095.614
3099.624,1770176700,3099.624,3094.168,3094.168
3101.018,1770177600,3104.355,3099.641,3099.641
3100.303,1770178500,3103.894,3097.919,3101.027
3104.93,1770179400,3105.708,3100.308,3100.308
3110.543,1770180300,3110.543,3104.931,3104.931
3110.69,1770181200,3112.761,3107.615,3110.55
3115.227,1770182100,3116.23,3110.697,3110.697
3100.476,1770183000,3115.298,3098.385,3115.236
3106.165,1770183900,3106.165,3100.491,3100.491
3106.959,1770184800,3109.585,3106.119,3106.179
3096.785,1770185700,3107.018,3096.118,3106.964
3095.184,1770186600,3096.966,3092.496,3096.791
3096.205,1770187500,3096.205,3091.284,3095.193
3099.698,1770188400,3099.698,3096.209,3096.209
3103.921,1770189300,3103.921,3099.711,3099.711
3109.468,1770190200,3109.468,3103.932,3103.932
3107.08,1770191100,3112.939,3106.913,3109.469
3104.4,1770192000,3108.423,3101.907,3107.088
3102.19,1770192900,3106.366,3100.173,3104.402
3102.26,1770193800,3102.49,3098.595,3102.206
3103.875,1770194700,3103.875,3099.007,3102.262
3091.012,1770195600,3105.304,3090.92,3103.877
3081.255,1770196500,3091.449,3080.69,3091.015
3086.671,1770197400,3086.671,3081.265,3081.265
3077.841,1770198300,3086.763,3076.655,3086.678
3071.578,1770199200,3080.939,3070.364,3077.841
3075.112,1770200100,3076.917,3071.587,3071.587
3068.745,1770201000,3075.384,3065.834,3075.116
3069.304,1770201900,3069.304,3064.437,3068.748
3073.018,1770202800,3073.018,3068.345,3069.313
3077.771,1770203700,3077.771,3072.791,3073.02
3079.013,1770204600,3083.069,3077.776,3077.776
3081.335,1770205500,3081.335,3075.692,3079.014
3085.355,1770206400,3085.631,3081.337,3081.337
3086.634,1770207300,3086.634,3081.519,3085.364
3086.387,1770208200,3087.087,3082.669,3086.642
3082.085,1770209100,3086.999,3078.827,3086.399
3077.555,1770210000,3085.227,3077.522,3082.085
3069.459,1770210900,3078.763,3068.521,3077.561
3056.625,1770211800,3069.49,3054.887,3069.461
3056.657,1770212700,3058.964,3055.861,3056.628
3057.143,1770213600,3059.951,3056.465,3056.665
3047.227,1770214500,3057.679,3045.33,3057.146
3048.887,1770215400,3048.887,3045.206,3047.24
3046.573,1770216300,3049.737,3042.104,3048.893
3034.589,1770217200,3046.639,3034.21,3046.578
3025.27,1770218100,3034.919,3024.799,3034.599
3030.62,1770219000,3030.62,3025.28,3025.28
3026.321,1770219900,3031.577,3022.097,3030.627
3031.792,1770220800,3031.792,3026.33,3026.33
3025.975,1770221700,3034.202,3025.599,3031.793
3031.331,1770222600,3031.331,3025.977,3025.977
3033.566,1770223500,3034.342,3031.162,3031.339
3031.567,1770224400,3034.874,3029.453,3033.569
3037.093,1770225300,3037.093,3031.571,3031.571
3034.704,1770226200,3041.391,3034.16,3037.097
3036.2,1770227100,3039.143,3034.709,3034.709
3037.661,1770228000,3038.531,3034.676,3036.203
3042.948,1770228900,3042.948,3037.665,3037.665
3034.464,1770229800,3046.394,3033.339,3042.956
3036.623,1770230700,3038.587,3034.471,3034.471
3026.322,1770231600,3039.464,3025.561,3036.624
3025.412,1770232500,3027.484,3023.277,3026.328
3016.216,1770233400,3026.664,3014.71,3025.42
3012.321,1770234300,3018.738,3011.096,3016.231
3014.511,1770235200,3015.684,3012.326,3012.326
3013.835,1770236100,3016.746,3012.828,3014.516
3008.331,1770237000,3017.523,3007.674,3013.837
3013.987,1770237900,3013.987,3008.345,3008.345
3018.47,1770238800,3018.47,3013.994,3013.994
3023.82,1770239700,3023.82,3018.473,3018.473
3027.037,1770240600,3027.037,3023.822,3023.822
3024.077,1770241500,3028.253,3023.626,3027.041
3013.213,1770242400,3024.929,3011.117,3024.084
3010.83,1770243300,3017.441,3010.303,3013.217
3015.817,1770244200,3015.817,3010.837,3010.837
3017.117,1770245100,3018.003,3014.025,3015.821
3015.513,1770246000,3017.791,3011.99,3017.128
3020.019,1770246900,3020.019,3015.27,3015.517
3023.045,1770247800,3023.045,3018.167,3020.023
3018.35,1770248700,3023.447,3015.107,3023.047
3023.161,1770249600,3023.161,3018.329,3018.367
3028.551,1770250500,3028.551,3023.164,3023.164
3034.102,1770251400,3034.102,3028.562,3028.562
3034.854,1770252300,3035.437,3030.671,3034.107
3034.687,1770253200,3038.252,3033.576,3034.861
3031.28,1770254100,3034.933,3028.209,3034.688
3032.337,1770255000,3033.956,3031.108,3031.285
3032.223,1770255900,3032.791,3029.294,3032.344
3037.7,1770256800,3037.7,3032.23,3032.23
3036.534,1770257700,3040.672,3034.95,3037.712
3033.913,1770258600,3041.243,3033.511,3036.534
3029.753,1770259500,3035.365,3028.063,3033.915
3032.559,1770260400,3032.559,3027.55,3029.759
3037.62,1770261300,3037.62,3032.56,3032.56
3042.146,1770262200,3042.146,3037.623,3037.623
3040.845,1770263100,3044.885,3039.961,3042.146
3041.546,1770264000,3044.0,3039.371,3040.845
3047.072,1770264900,3047.072,3041.556,3041.556
3052.363,1770265800,3052.363,3047.077,3047.077
3056.532,1770266700,3056.889,3052.369,3052.369
3059.014,1770267600,3059.553,3056.362,3056.535
3060.792,1770268500,3060.792,3055.994,3059.021
3061.718,1770269400,3061.718,3056.397,3060.793
3065.834,1770270300,3065.834,3061.722,3061.722
3057.586,1770271200,3067.99,3056.724,3065.846
3054.052,1770272100,3058.572,3052.481,3057.598
3043.844,1770273000,3055.317,3042.732,3054.064
3045.478,1770273900,3045.482,3041.911,3043.845
3048.962,1770274800,3048.962,3045.205,3045.491
3054.431,1770275700,3054.431,3048.965,3048.965
3054.933,1770276600,3054.934,3050.008,3054.432
3060.145,1770277500,3060.145,3054.943,3054.943
3058.089,1770278400,3060.532,3055.11,3060.147
3053.712,1770279300,3059.061,3050.006,3058.097
3052.84,1770280200,3054.41,3049.418,3053.723
3049.523,1770281100,3057.462,3049.393,3052.843
3051.724,1770282000,3051.724,3049.207,3049.524
3048.326,1770282900,3053.394,3046.248,3051.73
3053.656,1770283800,3053.656,3048.339,3048.339
3048.749,1770284700,3053.699,3044.441,3053.66
3048.949,1770285600,3053.71,3048.454,3048.754
3053.756,1770286500,3053.756,3048.954,3048.954
3042.13,1770287400,3054.642,3040.208,3053.765
3040.374,1770288300,3042.413,3035.35,3042.135
3041.971,1770289200,3041.971,3038.871,3040.376
3041.821,1770290100,3044.15,3039.484,3041.985
3039.126,1770291000,3044.868,3039.017,3041.829
3034.998,1770291900,3041.022,3034.344,3039.135
3040.287,1770292800,3040.287,3035.005,3035.005
3045.043,1770293700,3045.043,3040.303,3040.303
3038.064,1770294600,3045.253,3035.556,3045.049
3043.493,1770295500,3043.493,3038.068,3038.068
3043.395,1770296400,3043.581,3040.305,3043.5
3045.633,1770297300,3048.13,3043.403,3043.403
3040.931,1770298200,3047.897,3040.392,3045.636
3039.695,1770299100,3042.964,3036.31,3040.94
3026.382,1770300000,3040.982,3023.882,3039.705
3030.98,1770300900,3031.499,3026.393,3026.393
3035.946,1770301800,3035.946,3030.98,3030.98
3034.436,1770302700,3036.938,3029.702,3035.948
3038.763,1770303600,3038.763,3034.446,3034.446
3041.406,1770304500,3043.098,3038.778,3038.778
3040.54,1770305400,3043.094,3037.754,3041.407
3046.239,1770306300,3046.239,3040.544,3040.544
3051.284,1770307200,3051.284,3046.244,3046.244
3051.031,1770308100,3055.592,3050.772,3051.293
3050.09,1770309000,3055.085,3049.051,3051.036
3040.839,1770309900,3050.803,3039.54,3050.1
3041.237,1770310800,3042.55,3038.874,3040.839
3045.874,1770311700,3045.874,3041.253,3041.253
3041.026,1770312600,3045.953,3037.252,3045.879
3041.786,1770313500,3045.249,3040.372,3041.028
3042.813,1770314400,3045.427,3041.79,3041.79
3043.451,1770315300,3046.423,3041.531,3042.817
3048.941,1770316200,3048.941,3043.466,3043.466
3050.424,1770317100,3051.249,3048.234,3048.944
3053.02,1770318000,3053.811,3050.425,3050.425
3053.974,1770318900,3054.859,3051.438,3053.03
3053.536,1770319800,3053.982,3049.558,3053.975
3051.846,1770320700,3057.218,3050.0,3053.543
3046.202,1770321600,3056.611,3046.111,3051.856
3042.906,1770322500,3047.914,3042.447,3046.209
3040.924,1770323400,3044.458,3038.673,3042.908
3040.146,1770324300,3044.138,3038.688,3040.924
3042.973,1770325200,3043.203,3040.146,3040.146
3044.291,1770326100,3046.277,3042.049,3042.977
3047.525,1770327000,3047.525,3043.996,3044.299
3029.253,1770327900,3047.855,3029.013,3047.538
3034.678,1770328800,3034.678,3029.254,3029.254
3040.161,1770329700,3040.161,3034.681,3034.681
3036.654,1770330600,3043.582,3035.981,3040.164
3042.013,1770331500,3042.013,3036.666,3036.666
3045.8,1770332400,3045.8,3041.101,3042.016
3050.889,1770333300,3050.889,3045.801,3045.801
3046.313,1770334200,3053.36,3044.276,3050.89
3047.549,1770335100,3048.162,3043.928,3046.313
3052.201,1770336000,3052.201,3047.55,3047.55
3053.035,1770336900,3054.717,3050.875,3052.208
3058.574,1770337800,3058.574,3053.037,3053.037
3063.902,1770338700,3063.902,3058.585,3058.585
3054.965,1770339600,3064.341,3052.61,3063.907
3060.382,1770340500,3060.382,3054.97,3054.97
3064.935,1770341400,3065.388,3060.39,3060.39
3070.42,1770342300,3070.42,3064.936,3064.936
3065.053,1770343200,3074.397,3063.906,3070.423
3067.911,1770344100,3070.066,3065.056,3065.056
3071.266,1770345000,3072.51,3067.911,3067.911
3074.901,1770345900,3074.901,3071.273,3071.273
3073.184,1770346800,3076.482,3070.048,3074.913
3063.011,1770347700,3074.672,3062.596,3073.196
3067.398,1770348600,3067.398,3062.182,3063.013
3067.68,1770349500,3068.556,3063.677,3067.413
3065.574,1770350400,3071.099,3064.966,3067.684
3063.473,1770351300,3068.07,3061.769,3065.575
3065.988,1770352200,3065.988,3063.474,3063.474
3052.169,1770353100,3066.041,3051.169,3065.99
3057.651,1770354000,3057.651,3052.183,3052.183
3059.954,1770354900,3060.38,3057.564,3057.66
3049.727,1770355800,3060.85,3048.317,3059.957
3052.766,1770356700,3052.766,3049.61,3049.731
3053.512,1770357600,3057.296,3052.551,3052.767
3051.756,1770358500,3055.464,3049.045,3053.515
3057.18,1770359400,3057.18,3051.771,3051.771
3059.667,1770360300,3059.667,3055.702,3057.182
3058.168,1770361200,3060.266,3054.452,3059.672
3061.387,1770362100,3061.387,3057.296,3058.17
3065.485,1770363000,3066.986,3061.388,3061.388
3070.514,1770363900,3070.514,3065.489,3065.489
3071.533,1770364800,3071.533,3067.11,3070.525
3070.694,1770365700,3074.153,3069.82,3071.541
3068.908,1770366600,3073.155,3068.08,3070.698
3069.788,1770367500,3070.321,3065.927,3068.912
3065.752,1770368400,3071.019,3064.022,3069.791
3062.456,1770369300,3067.377,3062.062,3065.758
3067.213,1770370200,3067.213,3062.46,3062.46
3071.222,1770371100,3071.222,3067.213,3067.213
3063.739,1770372000,3072.47,3063.215,3071.233
3064.191,1770372900,3068.961,3063.742,3063.749
3069.7,1770373800,3069.7,3064.202,3064.202
3063.725,1770374700,3071.343,3062.086,3069.707
3051.408,1770375600,3064.19,3051.16,3063.728
3055.487,1770376500,3055.7,3051.411,3051.411
3049.512,1770377400,3058.653,3047.926,3055.492
3047.135,1770378300,3050.468,3044.321,3049.513
3042.923,1770379200,3048.458,3040.766,3047.136
3045.06,1770380100,3046.346,3042.924,3042.924
3043.997,1770381000,3048.274,3042.869,3045.072
3044.068,1770381900,3046.634,3042.056,3044.005
3049.369,1770382800,3049.369,3044.073,3044.073
3049.273,1770383700,3050.965,3046.045,3049.369
3050.11,1770384600,3054.507,3049.279,3049.279
3054.264,1770385500,3054.537,3050.123,3050.123
3053.727,1770386400,3057.502,3051.52,3054.27
3057.098,1770387300,3057.098,3053.482,3053.73
3059.443,1770388200,3061.011,3057.109,3057.109
3056.349,1770389100,3059.476,3052.826,3059.446
3049.758,1770390000,3057.433,3048.025,3056.357
3048.466,1770390900,3054.332,3048.343,3049.762
3051.735,1770391800,3052.887,3048.473,3048.473
3054.745,1770392700,3054.745,3051.744,3051.744
3049.215,1770393600,3056.174,3045.451,3054.756
3051.318,1770394500,3052.415,3049.219,3049.219
3049.559,1770395400,3053.742,3048.826,3051.33
3050.081,1770396300,3053.248,3048.789,3049.561
3047.28,1770397200,3050.68,3042.589,3050.087
3050.79,1770398100,3051.713,3047.285,3047.285
3044.517,1770399000,3053.402,3042.534,3050.793
3038.094,1770399900,3044.693,3036.122,3044.517
3036.968,1770400800,3040.828,3034.522,3038.101
3034.083,1770401700,3039.94,3032.611,3036.977
3024.944,1770402600,3035.404,3024.792,3034.085
3029.295,1770403500,3029.295,3024.945,3024.953
3029.272,1770404400,3031.637,3026.506,3029.309
3031.626,1770405300,3031.626,3027.569,3029.275
3031.937,1770406200,3034.122,3030.481,3031.63
3037.417,1770407100,3037.417,3031.946,3031.946
3039.25,1770408000,3041.967,3037.417,3037.417
3031.343,1770408900,3041.656,3030.094,3039.257
3030.65,1770409800,3032.809,3027.702,3031.345
3034.198,1770410700,3034.198,3029.245,3030.65
3039.505,1770411600,3039.505,3034.205,3034.205
3041.157,1770412500,3043.685,3039.522,3039.522
3046.598,1770413400,3046.598,3041.161,3041.161
3050.457,1770414300,3050.457,3046.601,3046.601
3033.737,1770415200,3050.92,3032.372,3050.458
3028.177,1770416100,3034.147,3027.643,3033.738
3024.612,1770417000,3028.637,3022.235,3028.187
3030.093,1770417900,3030.093,3024.628,3024.628
3032.462,1770418800,3032.462,3027.212,3030.109
3024.12,1770419700,3033.126,3022.928,3032.468
3025.242,1770420600,3028.758,3024.128,3024.128
3020.633,1770421500,3025.307,3016.411,3025.248
3022.501,1770422400,3023.509,3020.649,3020.649
3017.266,1770423300,3023.994,3013.583,3022.501
3015.748,1770424200,3020.473,3015.494,3017.278
3017.184,1770425100,3018.735,3015.462,3015.764
3016.93,1770426000,3018.246,3012.696,3017.187
3008.491,1770426900,3017.492,3006.282,3016.936
2998.442,1770427800,3009.456,2997.882,3008.497
3003.774,1770428700,3003.774,2998.455,2998.455
3007.804,1770429600,3007.804,3002.495,3003.777
3011.629,1770430500,3012.128,3006.888,3007.807
3017.079,1770431400,3017.079,3011.64,3011.64
3022.424,1770432300,3022.424,3017.084,3017.084
3027.515,1770433200,3027.515,3022.43,3022.43
3030.288,1770434100,3030.934,3027.515,3027.515
3035.883,1770435000,3035.883,3030.29,3030.29
3027.536,1770435900,3036.116,3024.656,3035.887
3025.677,1770436800,3029.316,3025.149,3027.55
3022.414,1770437700,3027.991,3021.769,3025.691
3027.916,1770438600,3027.916,3022.416,3022.416
3027.448,1770439500,3028.354,3023.609,3027.927
3030.3,1770440400,3031.517,3027.461,3027.461
3035.867,1770441300,3035.867,3030.301,3030.301
3038.311,1770442200,3038.803,3035.798,3035.873
3043.458,1770443100,3043.458,3038.318,3038.318
3047.071,1770444000,3047.071,3043.46,3043.46
3048.675,1770444900,3051.773,3047.075,3047.075
3045.862,1770445800,3049.773,3044.864,3048.683
3046.711,1770446700,3046.903,3043.054,3045.871
3046.249,1770447600,3049.327,3043.276,3046.712
3050.235,1770448500,3050.235,3046.263,3046.263
3049.852,1770449400,3051.904,3047.983,3050.241
3053.962,1770450300,3054.234,3049.857,3049.857
3059.464,1770451200,3059.464,3053.977,3053.977
3065.024,1770452100,3065.024,3059.465,3059.465
3059.796,1770453000,3065.935,3057.218,3065.039
3058.518,1770453900,3061.155,3055.087,3059.802
3064.143,1770454800,3064.143,3058.519,3058.519
3066.358,1770455700,3066.358,3061.243,3064.148
3069.318,1770456600,3069.318,3064.989,3066.359
3067.312,1770457500,3072.93,3067.237,3069.327
3066.928,1770458400,3069.382,3066.614,3067.315
3072.516,1770459300,3072.516,3066.933,3066.933
3074.201,1770460200,3076.823,3072.524,3072.524
3074.693,1770461100,3074.693,3069.75,3074.214
3077.751,1770462000,3080.013,3074.703,3074.703
3078.648,1770462900,3078.753,3073.963,3077.763
3081.771,1770463800,3081.771,3078.421,3078.649
3082.406,1770464700,3082.457,3078.711,3081.774
3085.592,1770465600,3085.592,3080.601,3082.41
3084.21,1770466500,3088.632,3083.788,3085.603
3089.845,1770467400,3089.845,3084.217,3084.217
3089.966,1770468300,3094.31,3089.786,3089.848
3095.561,1770469200,3095.561,3089.973,3089.973
3088.417,1770470100,3096.282,3086.959,3095.563
3093.831,1770471000,3093.831,3088.421,3088.421
3092.124,1770471900,3097.402,3091.913,3093.831
3094.035,1770472800,3097.202,3092.127,3092.127
3097.454,1770473700,3098.007,3094.052,3094.052
3093.274,1770474600,3100.388,3092.807,3097.459
3095.505,1770475500,3096.213,3093.28,3093.28
3100.47,1770476400,3100.484,3095.519,3095.519
3088.127,1770477300,3100.79,3087.762,3100.479
3085.083,1770478200,3089.43,3082.929,3088.133
3087.075,1770479100,3087.08,3084.136,3085.085
3083.077,1770480000,3087.415,3080.169,3087.077
3075.854,1770480900,3086.112,3075.025,3083.089
3079.854,1770481800,3079.854,3075.859,3075.859
3083.574,1770482700,3083.63,3079.861,3079.861
3080.871,1770483600,3086.751,3079.855,3083.574
3086.43,1770484500,3086.43,3080.883,3080.883
3078.728,1770485400,3086.698,3075.356,3086.434
3078.346,1770486300,3080.531,3074.703,3078.736
3083.463,1770487200,3083.463,3078.351,3078.351
3087.718,1770488100,3088.516,3083.466,3083.466
3093.325,1770489000,3093.325,3087.722,3087.722
3098.758,1770489900,3098.758,3093.327,3093.327
3091.784,1770490800,3100.049,3090.345,3098.779
3087.482,1770491700,3092.218,3085.746,3091.797
3076.774,1770492600,3088.683,3075.617,3087.489
3070.193,1770493500,3078.951,3068.785,3076.774
3072.309,1770494400,3073.087,3069.526,3070.2
3076.018,1770495300,3076.018,3071.245,3072.31
3068.249,1770496200,3076.58,3066.311,3076.02
3070.014,1770497100,3072.205,3068.263,3068.263
3066.087,1770498000,3072.604,3065.755,3070.025
3065.287,1770498900,3067.243,3061.324,3066.091
3065.217,1770499800,3065.925,3062.936,3065.296
3069.93,1770500700,3069.93,3065.226,3065.226
3061.55,1770501600,3071.321,3059.794,3069.935
3062.274,1770502500,3066.449,3061.537,3061.553
3067.83,1770503400,3067.83,3062.274,3062.274
3073.498,1770504300,3073.498,3067.847,3067.847
3074.341,1770505200,3074.557,3070.55,3073.5
3074.351,1770506100,3075.051,3069.68,3074.342
3069.62,1770507000,3074.491,3066.49,3074.356
3074.943,1770507900,3074.943,3069.626,3069.626
3077.188,1770508800,3077.49,3074.721,3074.944
3074.791,1770509700,3080.087,3073.825,3077.191
3076.29,1770510600,3077.727,3073.523,3074.801
3075.112,1770511500,3077.403,3072.676,3076.293
3078.894,1770512400,3078.894,3074.733,3075.114
3077.95,1770513300,3079.91,3073.832,3078.9
3064.268,1770514200,3078.542,3062.107,3077.963
3067.23,1770515100,3067.376,3064.274,3064.274
3067.776,1770516000,3070.958,3066.855,3067.236
3073.341,1770516900,3073.341,3067.789,3067.789
3078.672,1770517800,3078.672,3073.348,3073.348
3084.314,1770518700,3084.314,3078.674,3078.674
3089.79,1770519600,3089.79,3084.316,3084.316
3088.845,1770520500,3091.448,3086.809,3089.801
3082.87,1770521400,3090.237,3080.631,3088.853
3082.61,1770522300,3085.742,3079.933,3082.88
3083.074,1770523200,3084.551,3080.416,3082.622
3086.126,1770524100,3088.388,3083.078,3083.078
3061.333,1770525000,3086.274,3060.944,3086.129
3061.158,1770525900,3065.354,3059.752,3061.344
3059.41,1770526800,3065.22,3058.083,3061.163
3052.794,1770527700,3059.67,3050.698,3057.384
3057.0,1770528600,3057.0,3052.795,3052.795
3060.842,1770529500,3061.17,3057.003,3057.003
3056.308,1770530400,3065.997,3056.262,3060.848
3056.947,1770531300,3061.094,3056.233,3056.32
3058.439,1770532200,3058.439,3054.356,3056.96
3057.713,1770533100,3059.193,3055.786,3058.443
3063.138,1770534000,3063.138,3057.714,3057.714
3065.144,1770534900,3066.164,3062.383,3063.139
3070.73,1770535800,3070.73,3065.151,3065.151
3070.521,1770536700,3071.696,3067.252,3070.738
3069.932,1770537600,3072.354,3068.58,3070.522
3075.344,1770538500,3075.344,3069.936,3069.936
3077.032,1770539400,3077.185,3073.189,3075.35
3069.281,1770540300,3077.055,3068.827,3077.035
3074.517,1770541200,3074.517,3069.293,3069.293
3064.098,1770542100,3074.769,3063.526,3074.526
3057.516,1770543000,3066.251,3056.893,3064.118
3058.27,1770543900,3058.841,3054.115,3057.527
3063.729,1770544800,3063.729,3058.273,3058.273
3062.682,1770545700,3066.107,3059.726,3063.729
3067.329,1770546600,3067.329,3062.43,3062.686
3070.092,1770547500,3070.092,3067.333,3067.333
3064.575,1770548400,3072.204,3063.062,3070.095
3070.044,1770549300,3070.044,3064.578,3064.578
3066.611,1770550200,3072.963,3065.022,3070.055
3070.35,1770551100,3070.701,3066.154,3066.625
3075.944,1770552000,3075.944,3070.36,3070.36
3075.671,1770552900,3076.75,3073.304,3075.949
3081.271,1770553800,3081.271,3075.681,3075.681
3076.642,1770554700,3082.771,3072.966,3081.274
3077.829,1770555600,3080.23,3076.653,3076.653
3080.934,1770556500,3083.409,3077.839,3077.839
3086.22,1770557400,3086.22,3080.937,3080.937
3086.219,1770558300,3088.21,3084.201,3086.233
3091.83,1770559200,3091.83,3086.219,3086.219
3088.635,1770560100,3091.923,3085.344,3091.835
3086.545,1770561000,3090.511,3083.819,3088.637
3089.614,1770561900,3089.614,3086.55,3086.55
3091.195,1770562800,3091.195,3087.104,3089.616
3096.922,1770563700,3096.922,3091.198,3091.198
3095.033,1770564600,3099.802,3093.859,3096.928
3098.006,1770565500,3100.282,3095.037,3095.037
3089.791,1770566400,3099.144,3087.722,3098.007
3086.852,1770567300,3090.987,3086.363,3089.795
3088.372,1770568200,3088.841,3085.925,3086.856
3077.353,1770569100,3089.852,3076.255,3088.375
3079.221,1770570000,3080.652,3076.896,3077.362
3072.317,1770570900,3080.332,3071.919,3079.225
3066.913,1770571800,3074.221,3065.261,3072.326
3072.469,1770572700,3072.469,3066.918,3066.918
3070.15,1770573600,3072.824,3068.337,3072.48
3064.568,1770574500,3072.735,3063.325,3070.159
3059.857,1770575400,3065.086,3058.278,3064.581
3054.442,1770576300,3060.447,3049.623,3059.86
3058.205,1770577200,3058.309,3053.324,3054.457
3055.939,1770578100,3060.41,3054.364,3058.209
3058.897,1770579000,3058.897,3054.599,3055.942
3057.475,1770579900,3061.773,3054.807,3058.899
3057.223,1770580800,3058.711,3052.769,3057.479
3062.578,1770581700,3062.578,3057.236,3057.236
3066.947,1770582600,3066.967,3062.58,3062.58
3070.376,1770583500,3070.376,3065.981,3066.951
3068.153,1770584400,3074.087,3067.147,3070.388
3057.987,1770585300,3070.008,3057.554,3068.16
3060.164,1770586200,3060.518,3056.933,3057.991
3057.149,1770587100,3061.203,3055.541,3060.17
3056.351,1770588000,3058.47,3053.922,3057.152
3058.321,1770588900,3058.321,3053.286,3056.358
3063.994,1770589800,3063.994,3058.323,3058.323
3061.523,1770590700,3064.576,3057.125,3063.995
3067.075,1770591600,3067.075,3061.537,3061.537
3072.575,1770592500,3072.575,3067.083,3067.083
3078.099,1770593400,3078.099,3072.585,3072.585
3083.885,1770594300,3083.885,3078.108,3078.108
3085.635,1770595200,3086.294,3082.762,3083.886
3078.654,1770596100,3086.198,3075.772,3085.638
3083.501,1770597000,3083.501,3078.659,3078.659
3084.205,1770597900,3084.524,3079.582,3083.508
3085.671,1770598800,3087.56,3084.035,3084.207
3090.256,1770599700,3090.256,3085.471,3085.671
3086.37,1770600600,3092.742,3085.838,3090.258
3086.227,1770601500,3090.573,3085.974,3086.372
3086.858,1770602400,3088.762,3084.159,3086.236
3088.785,1770603300,3091.264,3086.862,3086.862
3083.355,1770604200,3089.599,3082.546,3088.792
3088.691,1770605100,3088.691,3083.358,3083.358
3094.366,1770606000,3094.366,3088.697,3088.697
3095.855,1770606900,3097.724,3094.373,3094.373
3099.556,1770607800,3099.556,3095.861,3095.861
3103.933,1770608700,3103.933,3099.565,3099.565
3098.017,1770609600,3106.234,3097.188,3103.935
3102.475,1770610500,3102.475,3096.973,3098.028
3103.462,1770611400,3104.911,3102.483,3102.483
3109.056,1770612300,3109.056,3103.469,3103.469
3106.986,1770613200,3109.846,3104.167,3109.061
3098.889,1770614100,3106.999,3094.846,3106.987
3100.141,1770615000,3101.115,3096.415,3098.894
3100.266,1770615900,3100.36,3094.887,3100.148
3105.7,1770616800,3105.7,3100.269,3100.269
3106.045,1770617700,3106.704,3101.586,3105.707
3110.528,1770618600,3110.811,3106.063,3106.063
3113.622,1770619500,3113.622,3109.106,3110.532
3117.827,1770620400,3117.827,3113.625,3113.625
3110.69,1770621300,3120.354,3109.001,3117.838
3115.681,1770622200,3115.681,3110.697,3110.697
3108.148,1770623100,3119.334,3107.162,3115.698
3113.067,1770624000,3113.067,3108.15,3108.15
3118.733,1770624900,3118.733,3113.069,3113.069
3122.899,1770625800,3122.899,3118.736,3118.736
3125.226,1770626700,3126.337,3122.906,3122.906
3130.838,1770627600,3130.838,3125.235,3125.235
3136.451,1770628500,3136.451,3130.839,3130.839
3123.984,1770629400,3138.422,3123.018,3136.454
3128.615,1770630300,3128.615,3123.412,3123.991
3134.108,1770631200,3134.108,3128.619,3128.619
3139.701,1770632100,3139.701,3134.117,3134.117
3144.652,1770633000,3144.652,3139.703,3139.703
3149.559,1770633900,3149.559,3144.661,3144.661
3153.214,1770634800,3153.214,3149.157,3149.568
3155.992,1770635700,3157.026,3153.218,3153.218
3161.823,1770636600,3161.823,3156.004,3156.004
3165.408,1770637500,3165.908,3161.825,3161.825
3155.352,1770638400,3166.535,3151.625,3165.416
3158.697,1770639300,3158.697,3154.796,3155.36
3163.798,1770640200,3163.798,3158.704,3158.704
3155.994,1770641100,3167.517,3155.209,3163.799
3152.663,1770642000,3156.71,3150.284,3156.003
3155.627,1770642900,3155.871,3152.404,3152.676
3152.308,1770643800,3155.943,3147.541,3155.634
3158.125,1770644700,3158.125,3152.317,3152.317
3161.881,1770645600,3163.649,3158.126,3158.126
3167.726,1770646500,3167.726,3161.887,3161.887
3152.261,1770647400,3167.847,3150.643,3167.733
3157.945,1770648300,3157.945,3152.261,3152.261
3163.939,1770649200,3163.939,3157.951,3157.951
3163.123,1770650100,3168.72,3163.089,3163.949
3168.924,1770651000,3168.924,3163.137,3163.137
3169.105,1770651900,3172.005,3166.467,3168.926
3167.188,1770652800,3173.266,3166.423,3169.124
3169.248,1770653700,3169.248,3167.146,3167.196
3170.254,1770654600,3170.836,3166.759,3169.262
3176.179,1770655500,3176.179,3170.254,3170.254
3181.962,1770656400,3181.962,3176.18,3176.18
3185.723,1770657300,3185.723,3180.417,3181.966
3187.977,1770658200,3190.424,3185.736,3185.736
3192.036,1770659100,3193.256,3187.988,3187.988
3194.405,1770660000,3194.405,3190.947,3192.044
3175.307,1770660900,3192.5,3175.296,3192.291
3169.121,1770661800,3176.868,3167.6,3175.31
3174.836,1770662700,3174.836,3169.129,3169.129
3180.483,1770663600,3180.483,3174.852,3174.852
3186.232,1770664500,3186.232,3180.493,3180.493
3184.569,1770665400,3186.86,3181.723,3186.239
3183.22,1770666300,3189.957,3182.804,3184.569
3186.712,1770667200,3186.712,3183.223,3183.223
3192.454,1770668100,3192.454,3186.714,3186.714
3193.331,1770669000,3193.331,3188.811,3192.462
3188.448,1770669900,3196.888,3186.556,3193.353
3189.642,1770670800,3191.658,3188.343,3188.458
3186.353,1770671700,3190.947,3183.952,3189.656
3191.601,1770672600,3191.601,3186.126,3186.356
3187.05,1770673500,3195.421,3186.297,3191.608
3188.191,1770674400,3189.699,3187.055,3187.055
3194.15,1770675300,3194.15,3188.195,3188.195
3199.892,1770676200,3199.892,3194.153,3194.153
3196.445,1770677100,3202.569,3196.16,3199.898
3189.707,1770678000,3198.26,3188.07,3196.457
3178.74,1770678900,3190.079,3177.425,3189.72
3166.444,1770679800,3180.569,3163.99,3178.751
3166.279,1770680700,3170.983,3165.255,3166.451
3172.042,1770681600,3172.042,3166.283,3166.283
3163.363,1770682500,3176.065,3162.743,3172.046
3169.36,1770683400,3169.36,3163.368,3163.368
3167.291,1770684300,3171.329,3164.651,3169.37
3170.868,1770685200,3172.46,3167.299,3167.299
3160.922,1770686100,3174.55,3159.96,3170.871
3160.162,1770687000,3161.726,3155.542,3160.936
3162.553,1770687900,3162.553,3158.187,3160.165
3167.174,1770688800,3167.633,3162.561,3162.561
3172.047,1770689700,3172.047,3167.18,3167.18
3175.475,1770690600,3175.475,3172.056,3172.056
3180.858,1770691500,3180.858,3175.479,3175.479
3185.565,1770692400,3185.565,3180.861,3180.861
3182.68,1770693300,3187.005,3179.067,3185.566
3188.055,1770694200,3188.055,3182.684,3182.684
3185.236,1770695100,3188.556,3181.67,3188.063
3178.655,1770696000,3186.328,3176.116,3185.241
3177.464,1770696900,3180.893,3174.269,3178.658
3176.97,1770697800,3179.402,3173.208,3177.468
3173.127,1770698700,3177.597,3172.652,3176.975
3158.291,1770699600,3174.37,3156.618,3173.143
3157.368,1770700500,3162.317,3156.01,3158.293
3159.617,1770701400,3159.617,3153.77,3157.376
3159.799,1770702300,3162.761,3158.705,3159.624
3162.071,1770703200,3163.068,3159.804,3159.804
3167.508,1770704100,3167.508,3162.073,3162.073
3169.261,1770705000,3169.657,3166.954,3167.516
3168.246,1770705900,3171.433,3166.686,3169.27
3168.081,1770706800,3173.722,3167.827,3168.259
3157.028,1770707700,3168.107,3156.955,3168.085
3161.888,1770708600,3161.888,3157.042,3157.042
3161.796,1770709500,3164.326,3158.51,3161.897
3162.274,1770710400,3162.854,3157.711,3161.811
3152.329,1770711300,3163.823,3150.759,3162.275
3149.409,1770712200,3153.414,3148.064,3152.341
3153.47,1770713100,3153.47,3148.89,3149.413
3157.34,1770714000,3157.725,3153.477,3153.477
3160.175,1770714900,3160.175,3157.267,3157.343
3157.47,1770715800,3160.438,3154.272,3160.187
3160.402,1770716700,3160.402,3157.476,3157.476
3165.886,1770717600,3165.886,3160.409,3160.409
3168.961,1770718500,3168.961,3164.261,3165.886
3171.991,1770719400,3171.991,3167.57,3168.967
3164.445,1770720300,3172.633,3160.912,3171.992
3170.296,1770721200,3170.296,3164.45,3164.45
3168.442,1770722100,3171.182,3165.884,3170.299
3160.644,1770723000,3168.628,3159.039,3168.451
3157.06,1770723900,3163.796,3156.15,3160.653
3159.068,1770724800,3161.047,3157.07,3157.07
3157.877,1770725700,3160.61,3153.477,3159.083
3145.198,1770726600,3158.043,3145.198,3157.879
3142.506,1770727500,3149.858,3141.359,3145.2
3140.529,1770728400,3142.825,3135.677,3142.508
3146.314,1770729300,3146.314,3140.535,3140.535
3140.715,1770730200,3147.603,3140.151,3146.317
3138.303,1770731100,3145.295,3137.556,3140.726
3128.613,1770732000,3139.169,3127.152,3138.307
3130.626,1770732900,3130.739,3126.971,3128.613
3136.356,1770733800,3136.356,3130.634,3130.634
3136.975,1770734700,3140.941,3135.802,3136.361
3129.246,1770735600,3139.403,3128.486,3136.976
3118.816,1770736500,3133.109,3118.632,3129.248
3121.326,1770737400,3123.427,3118.819,3118.819
3124.56,1770738300,3126.828,3121.326,3121.326
3126.042,1770739200,3126.042,3122.865,3124.561
3121.636,1770740100,3127.296,3121.063,3126.056
3125.643,1770741000,3126.798,3121.64,3121.64
3113.877,1770741900,3127.143,3113.852,3125.654
3114.736,1770742800,3119.319,3113.888,3113.888
3113.207,1770743700,3115.222,3109.594,3114.746
3106.184,1770744600,3114.418,3105.292,3113.214
3090.745,1770745500,3107.254,3089.606,3106.191
3096.206,1770746400,3096.206,3090.748,3090.748
3095.858,1770747300,3097.129,3091.183,3096.209
3101.3,1770748200,3101.3,3095.87,3095.87
3099.503,1770749100,3101.392,3095.996,3101.304
3101.896,1770750000,3101.896,3096.71,3099.509
3103.078,1770750900,3103.796,3099.557,3101.908
3098.947,1770751800,3103.473,3094.909,3103.085
3101.971,1770752700,3101.971,3097.547,3098.961
3095.827,1770753600,3103.737,3095.316,3101.979
3097.128,1770754500,3100.658,3095.839,3095.839
3102.718,1770755400,3102.718,3097.132,3097.132
3104.9,1770756300,3104.9,3101.511,3102.722
3101.268,1770757200,3108.308,3099.16,3104.908
3101.052,1770758100,3102.449,3098.229,3101.273
3101.639,1770759000,3104.028,3099.034,3101.062
3106.237,1770759900,3106.237,3101.639,3101.639
3094.338,1770760800,3106.746,3093.768,3106.252
3094.119,1770761700,3097.264,3091.287,3094.344
3090.456,1770762600,3096.314,3089.868,3094.125
3079.759,1770763500,3092.613,3078.961,3090.457
3077.063,1770764400,3080.385,3072.146,3079.761
3080.081,1770765300,3080.935,3077.07,3077.07
3085.764,1770766200,3085.764,3080.09,3080.09
3087.92,1770767100,3087.92,3083.835,3085.767
3093.543,1770768000,3093.543,3087.925,3087.925
3097.502,1770768900,3097.502,3092.303,3093.547
3097.11,1770769800,3099.794,3093.956,3097.515
3097.916,1770770700,3100.33,3097.125,3097.125
3103.083,1770771600,3103.083,3097.923,3097.923
3091.782,1770772500,3107.891,3091.512,3103.096
3097.498,1770773400,3097.498,3091.791,3091.791
3102.884,1770774300,3102.884,3097.513,3097.513
3100.366,1770775200,3104.143,3097.747,3102.893
3098.605,1770776100,3103.914,3097.793,3100.367
3096.62,1770777000,3098.94,3092.605,3098.619
3091.245,1770777900,3100.779,3090.891,3096.623
3087.09,1770778800,3092.153,3086.284,3091.25
3090.915,1770779700,3090.948,3087.105,3087.105
3088.542,1770780600,3091.123,3085.509,3090.921
3081.479,1770781500,3089.531,3081.23,3088.552
3085.713,1770782400,3085.713,3081.032,3081.484
3087.515,1770783300,3088.625,3085.196,3085.721
3089.169,1770784200,3089.169,3084.906,3087.522
3092.132,1770785100,3092.53,3089.172,3089.172
3094.51,1770786000,3095.278,3092.113,3092.138
3097.784,1770786900,3097.784,3093.024,3094.512
3096.284,1770787800,3098.85,3091.866,3097.787
3094.302,1770788700,3101.203,3093.857,3096.295
3096.602,1770789600,3096.602,3092.417,3094.312
3095.1,1770790500,3098.069,3093.999,3096.611
3095.492,1770791400,3097.42,3093.403,3095.107
3094.687,1770792300,3097.861,3093.339,3095.494
3097.436,1770793200,3097.436,3093.777,3094.696
3097.027,1770794100,3099.495,3095.006,3097.444
3098.157,1770795000,3099.81,3095.433,3097.039
3101.781,1770795900,3101.781,3098.158,3098.158
3099.632,1770796800,3102.553,3094.941,3101.784
3102.626,1770797700,3102.626,3098.965,3099.633
3095.262,1770798600,3103.379,3092.681,3102.637
3094.999,1770799500,3097.91,3092.591,3095.264
3087.479,1770800400,3095.172,3083.057,3095.004
3081.965,1770801300,3087.955,3080.796,3087.484
3087.686,1770802200,3087.686,3081.97,3081.97
3093.354,1770803100,3093.354,3087.689,3087.689
3097.764,1770804000,3097.764,3093.359,3093.359
3102.836,1770804900,3102.836,3097.445,3097.77
3108.257,1770805800,3108.257,3102.841,3102.841
3093.839,1770806700,3110.661,3092.5,3108.263
3099.284,1770807600,3099.284,3093.845,3093.845
3098.463,1770808500,3103.193,3096.761,3099.303
3104.03,1770809400,3104.03,3098.475,3098.475
3105.39,1770810300,3107.478,3103.272,3104.032
3111.026,1770811200,3111.026,3105.396,3105.396
3110.21,1770812100,3115.427,3109.28,3111.033
3108.742,1770813000,3112.37,3107.057,3110.218
3103.955,1770813900,3112.594,3102.708,3108.748
3108.825,1770814800,3108.825,3103.927,3103.969
3110.204,1770815700,3112.929,3108.826,3108.826
3115.737,1770816600,3115.737,3110.204,3110.204
3118.746,1770817500,3118.937,3115.743,3115.743
3113.621,1770818400,3122.385,3113.317,3118.752
3116.46,1770819300,3117.499,3113.622,3113.622
3115.378,1770820200,3121.229,3114.992,3116.467
3121.113,1770821100,3121.113,3115.381,3115.381
3123.598,1770822000,3123.598,3120.002,3121.123
3120.96,1770822900,3124.836,3119.73,3123.602
3126.408,1770823800,3126.408,3120.96,3120.96
3122.023,1770824700,3126.515,3120.548,3126.411
3123.645,1770825600,3123.645,3118.717,3122.026
3122.864,1770826500,3126.82,3120.794,3123.651
3114.857,1770827400,3123.877,3113.512,3122.874
3106.703,1770828300,3115.32,3104.521,3114.861
3108.273,1770829200,3108.574,3106.275,3106.708
3102.859,1770830100,3110.432,3101.676,3108.275
3102.163,1770831000,3106.835,3101.364,3102.865
3106.242,1770831900,3106.242,3101.565,3102.163
3105.369,1770832800,3108.675,3104.435,3106.246
3109.444,1770833700,3109.444,3103.94,3105.372
3100.096,1770834600,3111.723,3099.517,3109.447
3105.457,1770835500,3105.457,3100.107,3100.107
3109.085,1770836400,3109.085,3105.327,3105.465
3113.768,1770837300,3113.768,3109.09,3109.09
3113.295,1770838200,3114.06,3108.835,3113.769
3118.786,1770839100,3118.786,3113.297,3113.297
3124.248,1770840000,3124.248,3118.792,3118.792
3118.413,1770840900,3125.163,3115.603,3124.256
3119.39,1770841800,3122.156,3117.44,3118.421
3114.488,1770842700,3123.333,3114.144,3119.397
3114.461,1770843600,3117.545,3111.983,3114.489
3114.487,1770844500,3114.487,3109.036,3114.478
3109.867,1770845400,3117.047,3109.622,3114.493
3110.623,1770846300,3110.998,3108.547,3109.868
3106.59,1770847200,3111.699,3104.447,3110.63
3108.656,1770848100,3108.656,3103.911,3106.597
3105.623,1770849000,3109.349,3100.875,3108.661
3098.569,1770849900,3108.457,3097.31,3105.625
3097.361,1770850800,3099.595,3095.32,3098.576
3079.545,1770851700,3098.89,3078.874,3097.364
3081.371,1770852600,3082.3,3078.544,3079.561
3080.751,1770853500,3081.767,3075.325,3081.372
3086.297,1770854400,3086.297,3080.762,3080.762
3091.756,1770855300,3091.756,3086.299,3086.299
3090.229,1770856200,3097.174,3089.943,3091.758
3095.83,1770857100,3095.83,3090.233,3090.233
3094.275,1770858000,3098.433,3093.776,3095.836
3097.068,1770858900,3097.068,3093.225,3094.295
3092.274,1770859800,3097.849,3089.593,3097.081
3092.923,1770860700,3093.616,3089.728,3092.284
3098.407,1770861600,3098.407,3092.935,3092.935
3098.428,1770862500,3102.77,3097.472,3098.417
3100.406,1770863400,3100.406,3096.48,3098.429
3105.941,1770864300,3105.941,3100.411,3100.411
3106.054,1770865200,3108.216,3103.892,3105.951
3099.712,1770866100,3108.042,3098.532,3106.058
3100.125,1770867000,3101.896,3096.814,3099.717
3105.977,1770867900,3105.977,3100.129,3100.129
3102.731,1770868800,3106.859,3101.439,3105.983
3108.24,1770869700,3108.24,3102.734,3102.734
3111.701,1770870600,3111.701,3108.252,3108.252
3115.749,1770871500,3115.749,3110.961,3111.707
3115.85,1770872400,3118.605,3114.824,3115.756
3116.728,1770873300,3117.472,3112.724,3115.852
3120.349,1770874200,3121.408,3116.729,3116.729
3114.28,1770875100,3122.158,3112.201,3120.359
3116.84,1770876000,3116.84,3113.473,3114.286
3112.028,1770876900,3116.975,3109.512,3116.843
3111.598,1770877800,3116.889,3111.57,3112.029
3115.769,1770878700,3116.264,3111.6,3111.6
3119.447,1770879600,3121.279,3115.77,3115.77
3113.645,1770880500,3121.385,3111.781,3119.452
3117.67,1770881400,3117.67,3112.273,3113.651
3119.841,1770882300,3122.309,3117.679,3117.679
3125.286,1770883200,3125.286,3119.845,3119.845
3128.928,1770884100,3128.987,3125.293,3125.293
3130.236,1770885000,3130.954,3127.439,3128.933
3132.626,1770885900,3132.626,3129.092,3130.248
3125.879,1770886800,3135.351,3125.138,3132.631
3127.0,1770887700,3127.0,3121.827,3125.882
3129.451,1770888600,3129.451,3124.814,3127.003
3130.437,1770889500,3133.568,3129.107,3129.462
3129.128,1770890400,3136.192,3129.096,3130.448
3118.232,1770891300,3129.335,3117.361,3129.129
3123.757,1770892200,3123.757,3118.233,3118.233
3129.488,1770893100,3129.488,3123.759,3123.759
3131.875,1770894000,3133.781,3129.496,3129.496
3132.388,1770894900,3134.246,3129.449,3131.876
3137.781,1770895800,3137.781,3132.391,3132.391
3141.676,1770896700,3141.676,3137.628,3137.786
3145.347,1770897600,3145.887,3141.678,3141.678
3148.112,1770898500,3149.925,3145.349,3145.349
3146.105,1770899400,3151.403,3145.991,3148.128
3145.981,1770900300,3148.731,3145.067,3146.115
3147.212,1770901200,3150.067,3145.481,3145.994
3146.149,1770902100,3147.605,3142.373,3147.221
3133.542,1770903000,3146.964,3133.442,3146.152
3139.278,1770903900,3139.278,3133.55,3133.55
3135.366,1770904800,3140.31,3132.51,3139.282
3138.857,1770905700,3140.943,3135.375,3135.375
3137.356,1770906600,3139.343,3133.911,3138.863
3132.852,1770907500,3139.518,3130.014,3137.366
3131.753,1770908400,3133.136,3126.615,3132.863
3125.415,1770909300,3133.381,3122.502,3131.754
3126.147,1770910200,3131.207,3125.422,3125.422
3131.735,1770911100,3131.735,3126.15,3126.15
3134.955,1770912000,3134.955,3130.601,3131.74
3139.77,1770912900,3140.053,3134.955,3134.955
3141.81,1770913800,3144.183,3139.776,3139.776
3136.64,1770914700,3141.946,3132.844,3141.815
3131.759,1770915600,3137.243,3130.874,3136.65
3134.236,1770916500,3135.617,3131.767,3131.767
3136.324,1770917400,3138.819,3134.238,3134.238
3139.131,1770918300,3139.131,3135.503,3136.341
3136.954,1770919200,3140.652,3135.621,3139.139
3135.1,1770920100,3138.228,3133.182,3136.964
3140.685,1770921000,3140.685,3135.105,3135.105
3140.702,1770921900,3145.184,3140.368,3140.689
3135.624,1770922800,3141.339,3135.291,3140.708
3132.533,1770923700,3138.792,3130.423,3135.629
3138.157,1770924600,3138.157,3132.537,3132.537
3134.941,1770925500,3140.627,3133.895,3138.165
3137.917,1770926400,3139.169,3134.944,3134.944
3133.738,1770927300,3138.026,3129.689,3137.933
3139.362,1770928200,3139.362,3133.742,3133.742
3134.654,1770929100,3140.507,3133.888,3139.372
3132.176,1770930000,3136.64,3130.964,3134.668
3135.024,1770930900,3135.024,3129.533,3132.178
3133.169,1770931800,3137.839,3132.933,3135.028
3135.584,1770932700,3137.918,3133.174,3133.174
3134.537,1770933600,3138.993,3133.298,3135.592
3138.36,1770934500,3138.36,3134.552,3134.552
3143.989,1770935400,3143.989,3138.362,3138.362
3149.619,1770936300,3149.619,3144.002,3144.002
3147.507,1770937200,3151.367,3147.249,3149.631
3149.896,1770938100,3149.896,3145.58,3147.511
3142.874,1770939000,3150.887,3142.053,3149.9
3142.13,1770939900,3146.576,3141.21,3142.883
3147.669,1770940800,3147.669,3142.133,3142.133
3152.349,1770941700,3152.808,3147.677,3147.677
3150.748,1770942600,3153.146,3148.036,3152.365
3152.205,1770943500,3155.487,3150.755,3150.755
3156.007,1770944400,3156.007,3151.117,3152.205
3157.44,1770945300,3157.44,3151.662,3156.021
3159.023,1770946200,3160.141,3155.959,3157.442
3164.615,1770947100,3164.615,3159.029,3159.029
3152.048,1770948000,3167.002,3150.98,3164.619
3151.686,1770948900,3152.81,3146.977,3152.058
3152.367,1770949800,3152.367,3148.452,3151.687
3146.308,1770950700,3153.956,3145.336,3152.372
3139.728,1770951600,3147.174,3136.931,3146.322
3130.293,1770952500,3141.008,3128.794,3139.732
3122.536,1770953400,3130.896,3119.911,3130.295
3121.491,1770954300,3126.757,3120.019,3122.547
3115.169,1770955200,3122.011,3112.851,3121.498
3118.44,1770956100,3118.44,3113.803,3115.175
3120.311,1770957000,3120.311,3115.696,3118.445
3125.451,1770957900,3125.451,3120.318,3120.318
3109.607,1770958800,3127.385,3109.443,3125.455
3113.698,1770959700,3113.698,3109.618,3109.618
3106.677,1770960600,3116.907,3105.232,3113.71
3108.494,1770961500,3111.302,3106.683,3106.683
3112.527,1770962400,3113.129,3108.497,3108.497
3107.893,1770963300,3113.467,3106.328,3112.53
3110.841,1770964200,3112.448,3107.907,3107.907
3108.416,1770965100,3115.592,3107.473,3110.856
3114.016,1770966000,3114.016,3108.425,3108.425
3118.893,1770966900,3118.893,3113.362,3114.029
3121.707,1770967800,3121.707,3117.67,3118.895
3124.494,1770968700,3124.494,3121.278,3121.716
3126.515,1770969600,3127.398,3124.093,3124.501
3128.972,1770970500,3128.972,3124.049,3126.527
3125.795,1770971400,3130.003,3125.494,3128.979
3120.763,1770972300,3128.614,3118.499,3125.799
3125.926,1770973200,3126.083,3120.773,3120.773
3125.453,1770974100,3129.451,3124.815,3125.931
3122.123,1770975000,3127.329,3120.031,3125.456
3127.041,1770975900,3127.041,3122.127,3122.127
3123.333,1770976800,3129.656,3120.798,3127.048
3124.138,1770977700,3124.138,3118.896,3123.34
3123.763,1770978600,3128.486,3122.672,3124.138
3123.509,1770979500,3128.864,3123.027,3123.777
3123.676,1770980400,3125.201,3121.223,3123.514
3129.224,1770981300,3129.224,3123.677,3123.677
3133.989,1770982200,3133.989,3129.226,3129.226
3139.682,1770983100,3139.682,3134.002,3134.002
3134.211,1770984000,3139.998,3133.201,3139.693
3132.026,1770984900,3136.316,3131.54,3134.215
3130.646,1770985800,3133.042,3126.451,3132.03
3110.234,1770986700,3130.733,3109.387,3130.651
3115.562,1770987600,3115.562,3110.245,3110.245
3117.805,1770988500,3118.058,3114.815,3115.563
3119.267,1770989400,3119.267,3115.713,3117.813
3118.662,1770990300,3122.093,3117.993,3119.275
3108.227,1770991200,3119.663,3108.025,3118.664
3112.123,1770992100,3113.563,3108.228,3108.228
3103.289,1770993000,3113.647,3100.601,3112.125
3103.925,1770993900,3104.05,3100.065,3103.303
3100.015,1770994800,3106.267,3098.197,3103.935
3104.572,1770995700,3104.572,3099.183,3100.021
3101.133,1770996600,3105.335,3097.377,3104.575
3098.77,1770997500,3105.472,3097.316,3101.139
3079.478,1770998400,3100.556,3079.075,3098.77
3068.487,1770999300,3080.201,3068.319,3079.492
3066.563,1771000200,3071.67,3065.566,3068.498
3060.876,1771001100,3068.114,3058.17,3066.566
3064.745,1771002000,3064.745,3060.502,3060.883
3070.478,1771002900,3070.478,3064.763,3064.763
3075.818,1771003800,3075.818,3070.48,3070.48
3079.879,1771004700,3079.879,3075.831,3075.831
3082.892,1771005600,3082.892,3079.875,3079.883
3078.089,1771006500,3084.648,3077.129,3082.897
3072.776,1771007400,3078.627,3070.346,3078.091
3066.063,1771008300,3074.487,3064.923,3072.779
3065.589,1771009200,3070.87,3064.886,3066.064
3071.002,1771010100,3071.002,3065.598,3065.598
3068.663,1771011000,3075.738,3068.504,3071.011
3073.286,1771011900,3073.286,3068.667,3068.667
3077.193,1771012800,3077.744,3073.297,3073.297
3074.461,1771013700,3078.755,3073.06,3077.197
3073.719,1771014600,3077.685,3072.242,3074.472
3074.915,1771015500,3075.183,3070.824,3073.735
3078.747,1771016400,3078.747,3074.327,3074.918
3075.622,1771017300,3079.588,3074.861,3078.757
3079.97,1771018200,3079.97,3075.627,3075.627
3080.029,1771019100,3085.172,3079.971,3079.971
3077.88,1771020000,3081.426,3075.237,3080.036
3075.597,1771020900,3080.395,3075.359,3077.882
3074.075,1771021800,3077.676,3073.575,3075.598
3076.66,1771022700,3079.574,3074.076,3074.076
3077.698,1771023600,3078.165,3073.729,3076.666
3074.331,1771024500,3077.991,3069.128,3077.707
3070.368,1771025400,3077.012,3069.704,3074.333
3074.767,1771026300,3074.767,3070.372,3070.372
3071.302,1771027200,3075.705,3069.453,3074.771
3075.813,1771028100,3075.813,3071.309,3071.309
3071.729,1771029000,3079.142,3070.498,3075.825
3073.536,1771029900,3073.536,3069.726,3071.734
3073.039,1771030800,3073.907,3067.799,3073.539
3066.339,1771031700,3073.444,3065.891,3073.046
3063.564,1771032600,3067.674,3060.108,3066.339
3058.698,1771033500,3063.926,3056.964,3063.574
3064.213,1771034400,3064.213,3058.708,3058.708
3069.697,1771035300,3069.697,3064.215,3064.215
3068.38,1771036200,3072.21,3066.348,3069.702
3070.516,1771037100,3071.175,3068.237,3068.381
3070.313,1771038000,3075.2,3069.621,3070.519
3053.655,1771038900,3070.471,3052.674,3070.316
3057.787,1771039800,3057.787,3053.655,3053.655
3063.252,1771040700,3063.252,3057.789,3057.789
3066.135,1771041600,3068.416,3063.253,3063.253
3067.852,1771042500,3068.12,3064.304,3066.145
3066.722,1771043400,3073.111,3066.646,3067.856
3066.386,1771044300,3067.045,3061.829,3066.727
3069.99,1771045200,3071.527,3066.393,3066.393
3063.745,1771046100,3070.865,3063.745,3069.992
3058.503,1771047000,3066.631,3055.893,3063.749
3059.826,1771047900,3060.043,3056.071,3058.515
3052.449,1771048800,3063.494,3051.937,3059.827
3051.997,1771049700,3053.356,3047.477,3052.45
3053.192,1771050600,3055.357,3051.261,3052.002
3058.926,1771051500,3058.926,3053.211,3053.211
3057.956,1771052400,3060.893,3055.237,3058.936
3056.317,1771053300,3061.221,3054.253,3057.958
3062.007,1771054200,3062.007,3056.326,3056.326
3059.749,1771055100,3062.73,3056.114,3062.025
3055.487,1771056000,3060.787,3054.752,3059.753
3054.422,1771056900,3057.202,3051.74,3055.49
3054.829,1771057800,3059.118,3053.913,3054.435
3060.329,1771058700,3060.329,3054.83,3054.83
3066.036,1771059600,3066.036,3060.334,3060.334
3071.042,1771060500,3071.042,3066.048,3066.048
3076.518,1771061400,3076.518,3071.049,3071.049
3076.413,1771062300,3076.761,3071.133,3076.522
3069.291,1771063200,3074.927,3069.151,3073.287
3064.467,1771064100,3070.347,3063.097,3069.296
3060.763,1771065000,3068.621,3060.671,3064.475
3063.027,1771065900,3063.027,3059.549,3060.769
3068.488,1771066800,3068.488,3063.036,3063.036
3067.943,1771067700,3072.182,3066.078,3068.496
3051.998,1771068600,3068.621,3051.068,3067.948
3052.969,1771069500,3052.969,3049.979,3052.006
3058.626,1771070400,3058.626,3052.972,3052.972
3048.547,1771071300,3058.748,3047.715,3058.63
3054.009,1771072200,3054.009,3048.549,3048.549
3051.52,1771073100,3054.979,3047.637,3054.012
3042.982,1771074000,3055.801,3042.889,3051.525
3048.375,1771074900,3048.375,3042.983,3042.983
3052.293,1771075800,3053.413,3048.378,3048.378
3057.717,1771076700,3057.717,3052.304,3052.304
3056.802,1771077600,3061.945,3055.753,3057.723
3062.396,1771078500,3062.396,3056.803,3056.803
3064.228,1771079400,3065.329,3061.731,3062.399
3054.99,1771080300,3065.268,3054.378,3064.229
3060.556,1771081200,3060.556,3054.997,3054.997
3052.277,1771082100,3063.168,3052.244,3060.566
3054.797,1771083000,3054.797,3051.571,3052.278
3054.334,1771083900,3055.012,3049.478,3054.797
3054.219,1771084800,3054.855,3049.648,3054.354
3058.261,1771085700,3058.261,3054.183,3054.237
3054.006,1771086600,3060.436,3052.769,3058.264
3055.201,1771087500,3059.506,3054.009,3054.009
3060.233,1771088400,3060.233,3055.215,3055.215
3062.707,1771089300,3065.284,3060.25,3060.25
3053.885,1771090200,3062.92,3050.326,3062.717
3059.364,1771091100,3059.364,3053.886,3053.886
3059.353,1771092000,3062.73,3057.089,3059.365
3054.562,1771092900,3060.877,3052.71,3059.355
3060.128,1771093800,3060.128,3054.562,3054.562
3062.137,1771094700,3062.137,3058.732,3060.131
3062.242,1771095600,3064.931,3061.887,3062.147
3060.615,1771096500,3063.33,3056.337,3062.251
3062.576,1771097400,3065.034,3060.621,3060.621
3058.999,1771098300,3064.514,3057.985,3062.58
3058.583,1771099200,3062.217,3058.327,3059.001
3061.267,1771100100,3062.377,3058.594,3058.594
3063.441,1771101000,3064.98,3061.277,3061.277
3056.323,1771101900,3066.258,3055.753,3063.447
3058.615,1771102800,3058.615,3054.757,3056.338
3055.011,1771103700,3060.453,3054.239,3058.622
3057.225,1771104600,3057.9,3055.015,3055.015
3055.968,1771105500,3057.582,3051.675,3057.236
3053.846,1771106400,3060.738,3053.544,3055.975
3053.974,1771107300,3057.139,3051.835,3053.85
3059.66,1771108200,3059.66,3053.982,3053.982
3064.497,1771109100,3064.497,3059.661,3059.661
3069.818,1771110000,3069.818,3064.498,3064.498
3068.501,1771110900,3070.293,3064.53,3069.821
3064.732,1771111800,3070.072,3061.446,3068.508
3059.235,1771112700,3065.027,3055.572,3064.738
3061.017,1771113600,3064.05,3059.037,3059.242
3065.893,1771114500,3065.893,3061.026,3061.026
3065.631,1771115400,3068.08,3063.882,3065.902
3063.513,1771116300,3068.111,3062.349,3065.64
3058.383,1771117200,3064.521,3056.718,3063.519
3060.08,1771118100,3062.969,3058.399,3058.399
3062.007,1771119000,3065.419,3060.08,3060.08
3061.814,1771119900,3063.516,3058.211,3062.011
3061.368,1771120800,3066.349,3060.497,3061.827
3062.301,1771121700,3064.893,3060.867,3061.372
3052.404,1771122600,3064.67,3051.542,3062.304
3057.892,1771123500,3057.892,3052.418,3052.418
3056.71,1771124400,3060.382,3055.326,3057.904
3049.49,1771125300,3059.03,3049.263,3056.71
3048.613,1771126200,3052.393,3047.677,3049.493
3042.878,1771127100,3051.487,3042.823,3048.619
3039.942,1771128000,3043.749,3039.197,3042.879
3045.455,1771128900,3045.455,3039.948,3039.948
3044.007,1771129800,3045.725,3039.822,3045.465
3047.545,1771130700,3047.545,3043.579,3044.009
3051.044,1771131600,3051.755,3047.555,3047.555
3056.673,1771132500,3056.673,3051.054,3051.054
3053.979,1771133400,3059.22,3051.456,3056.678
3051.17,1771134300,3054.745,3048.949,3053.986
3054.99,1771135200,3054.99,3051.176,3051.176
3052.153,1771136100,3058.282,3051.78,3054.992
3046.718,1771137000,3053.412,3045.069,3052.159
3052.215,1771137900,3052.215,3046.729,3046.729
3048.139,1771138800,3055.742,3047.862,3052.225
3048.78,1771139700,3049.224,3045.19,3048.143
3043.426,1771140600,3049.829,3042.61,3048.784
3046.718,1771141500,3046.718,3043.429,3043.429
3042.172,1771142400,3048.131,3040.254,3046.722
3044.836,1771143300,3046.161,3042.174,3042.174
3045.487,1771144200,3049.615,3044.726,3044.84
3041.573,1771145100,3046.89,3037.995,3045.49
3046.941,1771146000,3046.941,3041.58,3041.58
3044.325,1771146900,3050.825,3043.09,3046.946
3049.941,1771147800,3049.941,3044.33,3044.33
3041.938,1771148700,3050.921,3039.951,3049.951
3041.375,1771149600,3042.054,3037.162,3041.94
3046.811,1771150500,3046.811,3041.378,3041.378
3043.081,1771151400,3049.137,3042.722,3046.812
3048.632,1771152300,3048.632,3043.085,3043.085
3053.005,1771153200,3053.005,3048.642,3048.642
3047.047,1771154100,3057.273,3046.687,3053.01
3043.27,1771155000,3047.948,3040.584,3047.059
3038.007,1771155900,3044.094,3035.826,3043.278
3043.457,1771156800,3043.457,3038.021,3038.021
3041.158,1771157700,3046.56,3039.064,3043.462
3046.634,1771158600,3046.634,3041.159,3041.159
3039.519,1771159500,3047.909,3038.811,3046.64
3045.081,1771160400,3045.081,3039.531,3039.531
3047.513,1771161300,3049.144,3045.083,3045.083
3047.686,1771162200,3048.378,3043.264,3047.514
3050.277,1771163100,3050.277,3047.365,3047.696
3045.402,1771164000,3051.464,3043.083,3050.278
3050.758,1771164900,3050.758,3045.411,3045.411
3056.505,1771165800,3056.505,3050.76,3050.76
3061.918,1771166700,3061.918,3056.514,3056.514
3067.245,1771167600,3067.245,3061.918,3061.918
3067.449,1771168500,3068.572,3064.341,3067.246
3067.545,1771169400,3071.823,3066.566,3067.467
3070.335,1771170300,3070.335,3066.186,3067.556
3066.551,1771171200,3071.771,3066.222,3070.343
3072.053,1771172100,3072.053,3066.562,3066.562
3072.935,1771173000,3073.109,3069.176,3072.054
3076.068,1771173900,3077.587,3072.937,3072.937
3070.572,1771174800,3076.718,3067.989,3076.069
3068.206,1771175700,3071.022,3064.919,3070.575
3071.755,1771176600,3071.755,3067.936,3068.213
3068.995,1771177500,3072.336,3066.657,3071.758
3074.205,1771178400,3074.205,3068.996,3068.996
3069.557,1771179300,3076.697,3069.476,3074.206
3072.632,1771180200,3072.632,3068.159,3069.561
3078.216,1771181100,3078.216,3072.633,3072.633
3083.897,1771182000,3083.897,3078.217,3078.217
3085.261,1771182900,3085.667,3081.366,3083.904
3082.37,1771183800,3085.494,3077.325,3085.27
3082.112,1771184700,3085.415,3080.318,3082.374
3079.84,1771185600,3083.944,3077.693,3082.118
3081.105,1771186500,3081.349,3077.221,3079.847
3084.39,1771187400,3084.39,3079.302,3081.119
3088.078,1771188300,3089.494,3084.396,3084.396
3093.514,1771189200,3093.514,3088.08,3088.08
3092.764,1771190100,3097.862,3092.668,3093.52
3098.709,1771191000,3098.709,3092.774,3092.774
3099.749,1771191900,3100.228,3097.009,3098.715
3104.978,1771192800,3104.978,3099.762,3099.762
3110.52,1771193700,3110.52,3104.981,3104.981
3108.4,1771194600,3114.274,3107.409,3110.52
3111.394,1771195500,3111.985,3108.409,3108.409
3115.825,1771196400,3115.825,3111.397,3111.397
3117.784,1771197300,3119.831,3115.831,3115.831
3117.528,1771198200,3122.152,3116.138,3117.785
3116.041,1771199100,3119.158,3115.667,3117.535
3110.276,1771200000,3117.606,3109.264,3116.045
3113.687,1771200900,3113.687,3110.284,3110.284
3102.804,1771201800,3113.882,3101.898,3113.692
3091.969,1771202700,3104.629,3091.852,3102.815
3097.522,1771203600,3097.522,3091.974,3091.974
3100.625,1771204500,3100.625,3097.524,3097.524
3106.188,1771205400,3106.188,3100.626,3100.626
3097.85,1771206300,3108.786,3096.775,3106.201
3094.399,1771207200,3099.118,3091.677,3097.858
3097.766,1771208100,3099.253,3094.402,3094.402
3089.064,1771209000,3098.153,3087.697,3097.773
3085.771,1771209900,3089.917,3084.143,3089.067
3082.531,1771210800,3088.305,3082.052,3085.774
3085.22,1771211700,3085.22,3080.165,3082.541
3088.206,1771212600,3089.097,3085.225,3085.225
3093.79,1771213500,3093.79,3088.209,3088.209
3089.715,1771214400,3094.168,3089.692,3093.793
3088.418,1771215300,3094.04,3087.228,3089.716
3092.098,1771216200,3092.886,3088.425,3088.425
3084.916,1771217100,3092.632,3083.041,3092.109
3090.622,1771218000,3090.622,3084.918,3084.918
3087.872,1771218900,3092.208,3086.009,3090.627
3093.386,1771219800,3093.386,3087.874,3087.874
3097.886,1771220700,3097.886,3093.39,3093.39
3102.822,1771221600,3102.822,3097.891,3097.891
3108.157,1771222500,3108.157,3102.828,3102.828
3112.239,1771223400,3112.479,3108.158,3108.158
3113.894,1771224300,3115.104,3112.245,3112.245
3112.158,1771225200,3115.51,3109.595,3113.902
3107.623,1771226100,3112.71,3105.406,3112.167
3112.472,1771227000,3112.788,3107.632,3107.632
3115.415,1771227900,3115.415,3111.858,3112.475
3105.789,1771228800,3115.709,3103.846,3115.422
3107.065,1771229700,3108.521,3104.352,3105.797
3105.707,1771230600,3111.85,3104.942,3107.071
3111.24,1771231500,3111.24,3105.719,3105.719
3117.009,1771232400,3117.009,3111.246,3111.246
3109.192,1771233300,3120.235,3108.511,3117.009
3112.075,1771234200,3113.884,3109.195,3109.195
3117.848,1771235100,3117.848,3112.077,3112.077
3114.732,1771236000,3121.039,3113.618,3117.853
3119.071,1771236900,3119.071,3114.738,3114.738
3121.993,1771237800,3121.993,3117.943,3119.083
3119.799,1771238700,3125.728,3118.672,3122.007
3121.945,1771239600,3124.495,3119.8,3119.8
3120.524,1771240500,3122.989,3118.44,3121.953
3113.363,1771241400,3124.203,3112.557,3120.525
3113.424,1771242300,3114.26,3109.274,3113.367
3107.935,1771243200,3115.77,3107.029,3113.434
3113.007,1771244100,3113.007,3107.937,3107.937
3110.343,1771245000,3116.836,3109.216,3113.014
3114.51,1771245900,3114.765,3110.351,3110.351
3111.547,1771246800,3117.387,3109.81,3114.516
3115.291,1771247700,3115.291,3110.137,3111.561
3114.042,1771248600,3115.348,3109.172,3115.295
3105.686,1771249500,3114.728,3105.297,3114.052
3111.137,1771250400,3111.137,3105.686,3105.686
3108.972,1771251300,3112.529,3107.867,3111.139
3106.241,1771252200,3110.268,3105.102,3108.981
3101.325,1771253100,3109.156,3101.05,3106.246
3105.725,1771254000,3105.725,3100.671,3101.328
3104.439,1771254900,3108.911,3102.881,3105.727
3109.798,1771255800,3109.798,3104.45,3104.45
3111.632,1771256700,3113.175,3109.24,3109.815
3106.048,1771257600,3112.584,3105.763,3111.636
3108.797,1771258500,3108.797,3103.556,3106.058
3106.462,1771259400,3110.327,3104.792,3108.806
3104.627,1771260300,3106.548,3102.683,3106.472
3110.09,1771261200,3110.09,3104.635,3104.635
3107.341,1771262100,3113.954,3105.659,3110.092
3112.757,1771263000,3112.757,3107.341,3107.341
3108.777,1771263900,3115.889,3106.484,3112.769
3105.947,1771264800,3109.226,3102.045,3108.783
3106.784,1771265700,3108.758,3104.401,3105.965
3104.083,1771266600,3107.404,3103.925,3106.795
3090.997,1771267500,3107.427,3090.32,3104.1
3094.719,1771268400,3094.719,3090.589,3091.003
3091.667,1771269300,3099.378,3091.61,3094.72
3096.736,1771270200,3096.736,3091.675,3091.675
3090.87,1771271100,3098.293,3090.163,3096.742
3095.968,1771272000,3095.968,3090.876,3090.876
3083.919,1771272900,3095.986,3080.201,3095.986
3085.038,1771273800,3088.08,3083.927,3083.927
3090.63,1771274700,3090.63,3085.043,3085.043
3083.359,1771275600,3092.003,3082.783,3090.634
3088.863,1771276500,3088.863,3083.361,3083.361
3084.976,1771277400,3093.32,3084.933,3088.866
3090.473,1771278300,3090.473,3084.981,3084.981
3088.476,1771279200,3093.075,3086.681,3090.481
3076.22,1771280100,3089.236,3075.865,3088.483
3079.146,1771281000,3079.146,3073.742,3076.227
3076.539,1771281900,3083.823,3075.51,3079.149
3080.069,1771282800,3080.988,3076.548,3076.548
3078.728,1771283700,3080.422,3075.736,3080.074
3083.454,1771284600,3083.943,3078.732,3078.732
3075.101,1771285500,3085.108,3074.384,3083.463
3068.311,1771286400,3075.243,3066.621,3075.119
3070.156,1771287300,3072.932,3068.315,3068.315
3075.744,1771288200,3075.744,3070.159,3070.159
3079.026,1771289100,3079.026,3075.744,3075.744
3078.761,1771290000,3079.617,3073.782,3079.034
3081.253,1771290900,3081.253,3077.393,3078.767
3082.67,1771291800,3082.763,3078.698,3081.259
3083.399,1771292700,3083.399,3078.098,3082.677
3082.237,1771293600,3084.202,3077.906,3083.41
3087.6,1771294500,3087.6,3082.24,3082.24
3083.744,1771295400,3088.571,3081.167,3087.6
3073.015,1771296300,3085.483,3072.203,3083.761
3078.367,1771297200,3078.367,3073.02,3073.02
3083.84,1771298100,3083.84,3078.369,3078.369
3082.576,1771299000,3084.99,3080.032,3083.846
3081.942,1771299900,3083.195,3077.685,3082.588
3085.582,1771300800,3085.582,3081.948,3081.948
3081.4,1771301700,3086.161,3079.685,3085.596
3078.403,1771302600,3086.726,3078.05,3081.411
3073.789,1771303500,3079.151,3069.152,3078.416
3077.378,1771304400,3077.378,3073.791,3073.791
3081.503,1771305300,3081.503,3077.389,3077.389
3085.295,1771306200,3085.295,3081.505,3081.505
3075.771,1771307100,3086.669,3075.471,3085.296
3062.581,1771308000,3076.352,3061.921,3075.775
3056.047,1771308900,3062.658,3055.341,3062.589
3058.068,1771309800,3058.068,3053.914,3056.048
3052.868,1771310700,3063.018,3052.291,3058.07
3042.921,1771311600,3053.032,3039.811,3052.878
3048.636,1771312500,3048.636,3042.93,3042.93
3045.766,1771313400,3050.592,3042.61,3048.637
3048.752,1771314300,3049.901,3045.767,3045.767
3048.131,1771315200,3051.524,3047.672,3048.755
3048.898,1771316100,3049.999,3045.422,3048.139
3045.07,1771317000,3049.677,3044.101,3048.9
3050.448,1771317900,3050.448,3045.08,3045.08
3050.308,1771318800,3052.09,3046.663,3050.453
3046.72,1771319700,3052.501,3045.335,3050.31
3052.132,1771320600,3052.132,3046.726,3046.726
3051.824,1771321500,3052.401,3048.755,3052.135
3042.125,1771322400,3054.214,3041.459,3051.83
3037.711,1771323300,3042.509,3034.134,3042.135
3043.173,1771324200,3043.173,3037.72,3037.72
3045.513,1771325100,3046.307,3043.175,3043.175
3037.264,1771326000,3045.602,3037.089,3045.52
3037.107,1771326900,3038.898,3034.178,3037.28
3033.313,1771327800,3038.882,3033.226,3037.116
3038.731,1771328700,3038.731,3033.325,3033.325
3044.171,1771329600,3044.171,3038.736,3038.736
3044.359,1771330500,3047.098,3043.084,3044.173
3044.199,1771331400,3045.795,3041.339,3044.361
3039.373,1771332300,3044.282,3034.868,3044.2
3044.819,1771333200,3044.819,3039.385,3039.385
3037.926,1771334100,3046.111,3036.151,3044.822
3043.388,1771335000,3043.388,3037.931,3037.931
3035.828,1771335900,3044.183,3034.91,3043.397
3030.048,1771336800,3036.351,3026.664,3035.835
3030.83,1771337700,3032.982,3030.049,3030.049
3036.386,1771338600,3036.386,3030.844,3030.844
3039.822,1771339500,3041.584,3036.389,3036.389
3036.058,1771340400,3040.201,3034.579,3039.824
3036.719,1771341300,3039.696,3034.574,3036.073
3042.172,1771342200,3042.172,3036.723,3036.723
3032.708,1771343100,3042.366,3029.484,3042.182
3019.987,1771344000,3033.591,3016.959,3032.718
3021.668,1771344900,3021.668,3017.174,3019.997
3021.553,1771345800,3023.785,3018.687,3021.672
3027.107,1771346700,3027.107,3021.558,3021.558
3027.049,1771347600,3029.235,3026.294,3027.115
3026.7,1771348500,3027.598,3021.749,3027.061
3020.035,1771349400,3028.704,3018.712,3026.706
3025.244,1771350300,3025.244,3020.039,3020.039
3026.655,1771351200,3026.695,3022.718,3025.244
3025.789,1771352100,3028.368,3022.743,3026.659
3023.961,1771353000,3029.321,3023.366,3025.797
3027.344,1771353900,3027.344,3023.516,3023.974
3012.807,1771354800,3028.276,3012.508,3027.349
3007.754,1771355700,3015.427,3007.602,3012.823
3010.132,1771356600,3010.132,3005.425,3007.758
3008.844,1771357500,3010.577,3003.884,3010.132
3014.132,1771358400,3014.132,3008.852,3008.852
3016.577,1771359300,3019.415,3014.142,3014.142
3016.405,1771360200,3017.588,3013.939,3016.587
3018.721,1771361100,3019.26,3016.174,3016.414
3021.07,1771362000,3023.727,3018.724,3018.724
3019.991,1771362900,3022.249,3018.316,3021.071
3023.567,1771363800,3023.567,3019.537,3019.997
3028.845,1771364700,3028.845,3023.571,3023.571
3021.918,1771365600,3029.056,3021.209,3028.848
3010.236,1771366500,3022.286,3006.966,3021.926
3012.458,1771367400,3012.797,3009.642,3010.243
3010.974,1771368300,3013.055,3006.284,3012.459
3007.084,1771369200,3013.168,3005.036,3010.982
3007.004,1771370100,3011.54,3006.89,3007.091
3011.501,1771371000,3011.501,3007.011,3007.011
3002.291,1771371900,3013.372,2998.9,3011.512
3002.993,1771372800,3006.027,3002.302,3002.302
3008.542,1771373700,3008.542,3003.007,3003.007
3005.115,1771374600,3010.112,3002.855,3008.557
3004.788,1771375500,3007.175,3003.017,3005.13
3005.021,1771376400,3007.527,3003.345,3004.797
3006.386,1771377300,3006.96,3002.909,3005.03
3005.854,1771378200,3007.055,3003.577,3006.399
3004.232,1771379100,3009.691,3002.843,3005.856
2998.64,1771380000,3006.08,2995.072,3004.233
3003.106,1771380900,3003.106,2998.651,2998.651
2998.809,1771381800,3004.419,2995.815,3003.119
2999.445,1771382700,3001.423,2996.578,2998.81
2995.606,1771383600,3003.859,2994.588,2999.454
2994.634,1771384500,2997.989,2992.4,2995.607
2996.787,1771385400,2997.553,2994.643,2994.643
2998.037,1771386300,2998.037,2993.581,2996.794
2994.339,1771387200,3002.811,2994.106,2998.05
2990.381,1771388100,2996.108,2990.053,2994.341
2991.772,1771389000,2992.288,2989.778,2990.391
2994.998,1771389900,2997.098,2991.778,2991.778
2997.647,1771390800,2997.647,2993.316,2995.003
2998.165,1771391700,3002.353,2997.584,2997.648
3001.925,1771392600,3002.182,2998.174,2998.174
3000.15,1771393500,3004.508,2998.426,3001.929
2993.937,1771394400,3002.645,2992.809,3000.156
2996.958,1771395300,2996.958,2993.163,2993.94
2999.295,1771396200,3002.108,2996.962,2996.962
3001.473,1771397100,3001.473,2997.986,2999.309
3006.976,1771398000,3006.976,3001.473,3001.473
3010.957,1771398900,3010.957,3006.481,3006.979
3010.958,1771399800,3015.743,3010.533,3010.961
3010.395,1771400700,3012.987,3006.946,3010.96
3013.469,1771401600,3013.469,3008.247,3010.404
3018.741,1771402500,3018.741,3013.478,3013.478
3017.656,1771403400,3023.361,3017.611,3018.748
3020.022,1771404300,3020.022,3016.499,3017.661
3019.508,1771405200,3022.337,3018.028,3020.026
3021.538,1771406100,3021.538,3016.267,3019.509
3026.89,1771407000,3026.89,3021.549,3021.549
3031.386,1771407900,3031.386,3026.007,3026.007
3033.287,1771408800,3034.405,3030.616,3031.393
3032.189,1771409700,3036.513,3029.87,3033.293
3030.365,1771410600,3034.397,3027.109,3032.197
3035.761,1771411500,3035.761,3030.369,3030.369
3041.448,1771412400,3041.448,3035.767,3035.767
3041.577,1771413300,3045.5,3040.259,3041.456
3043.71,1771414200,3045.752,3041.584,3041.584
3049.358,1771415100,3049.358,3043.726,3043.726
3043.712,1771416000,3050.925,3040.607,3049.363
3049.22,1771416900,3049.22,3043.714,3043.714
3048.098,1771417800,3050.809,3045.319,3049.221
3040.946,1771418700,3052.267,3040.9,3048.101
3046.293,1771419600,3046.293,3040.956,3040.956
3051.62,1771420500,3051.62,3046.296,3046.296
3053.16,1771421400,3055.4,3051.626,3051.626
3049.921,1771422300,3055.116,3048.01,3053.168
3052.429,1771423200,3052.429,3046.948,3049.923
3047.233,1771424100,3053.988,3044.646,3052.434
3043.051,1771425000,3052.094,3042.536,3047.247
3039.366,1771425900,3045.794,3039.288,3043.065
3039.204,1771426800,3043.305,3037.713,3039.367
3044.433,1771427700,3044.433,3039.21,3039.21
3044.528,1771428600,3045.191,3039.781,3044.433
3030.222,1771429500,3044.883,3029.634,3044.538
3035.606,1771430400,3035.606,3030.223,3030.223
3041.083,1771431300,3041.083,3035.611,3035.611
3042.819,1771432200,3046.566,3041.098,3041.098
3048.312,1771433100,3048.312,3042.828,3042.828
3050.223,1771434000,3050.223,3046.057,3048.312
3049.914,1771434900,3052.082,3048.351,3050.225
3055.338,1771435800,3055.338,3049.922,3049.922
3060.742,1771436700,3060.742,3055.346,3055.346
3057.577,1771437600,3062.439,3056.586,3060.742
3053.932,1771438500,3058.435,3052.571,3057.582
3052.768,1771439400,3054.572,3050.548,3053.95
3055.582,1771440300,3055.826,3052.785,3052.785
3061.093,1771441200,3061.093,3055.592,3055.592
3065.847,1771442100,3066.187,3061.096,3061.096
3071.593,1771443000,3071.593,3065.848,3065.848
3072.097,1771443900,3075.773,3070.685,3071.599
3065.523,1771444800,3074.423,3064.319,3072.097
3067.378,1771445700,3070.012,3065.524,3065.524
3072.853,1771446600,3072.853,3067.379,3067.379
3076.831,1771447500,3077.164,3072.865,3072.865
3077.592,1771448400,3078.738,3074.988,3076.836
3078.606,1771449300,3079.944,3076.002,3077.592
3069.685,1771450200,3078.615,3068.94,3078.612
3073.195,1771451100,3074.397,3069.693,3069.693
3075.728,1771452000,3076.531,3073.208,3073.208
3077.011,1771452900,3080.062,3075.731,3075.731
3076.67,1771453800,3080.786,3075.378,3077.021
3082.344,1771454700,3082.344,3076.676,3076.676
3088.031,1771455600,3088.031,3082.344,3082.344
3088.465,1771456500,3090.958,3086.043,3088.04
3093.919,1771457400,3093.919,3088.476,3088.476
3095.312,1771458300,3098.828,3093.921,3093.921
3100.274,1771459200,3100.274,3095.321,3095.321
3098.845,1771460100,3101.329,3097.227,3100.283
3099.453,1771461000,3102.578,3097.643,3098.846
3100.913,1771461900,3100.913,3097.769,3099.464
3103.543,1771462800,3103.543,3099.048,3100.914
3109.133,1771463700,3109.133,3103.554,3103.554
3114.785,1771464600,3114.785,3109.135,3109.135
3111.534,1771465500,3117.462,3110.743,3114.789
3110.214,1771466400,3111.543,3105.855,3111.538
3111.231,1771467300,3114.131,3109.647,3110.231
3111.973,1771468200,3116.036,3111.241,3111.241
3110.609,1771469100,3112.695,3107.863,3111.985
3104.623,1771470000,3113.765,3103.361,3110.613
3108.95,1771470900,3108.95,3103.781,3104.633
3108.457,1771471800,3112.477,3107.017,3108.959
3106.163,1771472700,3110.14,3104.219,3108.467
3109.362,1771473600,3109.999,3106.164,3106.164
3109.181,1771474500,3109.786,3105.195,3109.363
3114.724,1771475400,3114.724,3109.182,3109.182
3103.963,1771476300,3114.756,3103.798,3114.737
3108.334,1771477200,3108.334,3103.964,3103.964
3112.411,1771478100,3112.411,3108.338,3108.338
3109.092,1771479000,3113.298,3105.769,3112.423
3101.649,1771479900,3111.821,3100.654,3109.097
3100.277,1771480800,3103.211,3096.571,3101.649
3105.052,1771481700,3105.052,3100.279,3100.279
3106.298,1771482600,3106.955,3104.237,3105.06
3100.66,1771483500,3107.248,3100.084,3106.3
3106.052,1771484400,3106.052,3100.666,3100.666
3095.528,1771485300,3108.091,3094.897,3106.056
3099.353,1771486200,3099.353,3095.533,3095.533
3098.047,1771487100,3100.959,3096.047,3099.356
3103.742,1771488000,3103.742,3098.054,3098.054
3103.402,1771488900,3104.112,3099.803,3103.744
3099.387,1771489800,3104.182,3098.213,3103.41
3086.959,1771490700,3099.881,3084.456,3099.391
3092.345,1771491600,3092.345,3086.96,3086.96
3094.941,1771492500,3094.941,3090.34,3092.356
3088.884,1771493400,3097.001,3087.09,3094.945
3094.525,1771494300,3094.525,3088.89,3088.89
3100.004,1771495200,3100.004,3094.545,3094.545
3102.717,1771496100,3103.235,3100.007,3100.007
3098.138,1771497000,3105.267,3097.733,3102.729
3103.68,1771497900,3103.68,3098.148,3098.148
3108.241,1771498800,3108.241,3103.686,3103.686
3113.154,1771499700,3113.154,3107.549,3108.244
3117.301,1771500600,3117.301,3113.162,3113.162
3115.481,1771501500,3117.813,3111.484,3117.307
3115.331,1771502400,3115.74,3110.099,3115.483
3118.277,1771503300,3118.526,3114.794,3115.332
3120.627,1771504200,3120.627,3116.385,3118.287
3126.055,1771505100,3126.055,3120.636,3120.636
3124.421,1771506000,3126.138,3121.138,3126.055
3120.592,1771506900,3126.055,3119.903,3124.427
3117.423,1771507800,3120.826,3113.001,3120.608
3114.943,1771508700,3120.057,3113.144,3117.432
3117.151,1771509600,3117.151,3112.177,3114.952
3119.112,1771510500,3121.05,3117.155,3117.155
3114.024,1771511400,3122.185,3113.527,3119.114
3114.888,1771512300,3115.077,3111.221,3114.029
3110.938,1771513200,3116.808,3107.744,3114.898
3112.21,1771514100,3113.495,3109.054,3110.946
3109.089,1771515000,3113.33,3105.521,3112.211
3114.627,1771515900,3114.627,3109.099,3109.099
3106.003,1771516800,3117.81,3105.115,3114.635
3111.763,1771517700,3111.763,3106.015,3106.015
3103.508,1771518600,3113.427,3103.219,3111.769
3106.376,1771519500,3106.376,3102.308,3103.51
3104.583,1771520400,3109.058,3104.317,3106.39
3108.659,1771521300,3108.659,3104.132,3104.592
3101.107,1771522200,3108.88,3097.282,3108.667
3094.478,1771523100,3101.365,3089.091,3101.11
3100.069,1771524000,3100.069,3094.479,3094.479
3103.914,1771524900,3103.914,3100.076,3100.076
3109.487,1771525800,3109.487,3103.916,3103.916
3104.683,1771526700,3110.299,3101.753,3109.495
3110.194,1771527600,3110.194,3104.686,3104.686
3104.75,1771528500,3111.993,3103.861,3110.2
3103.553,1771529400,3108.214,3102.432,3104.757
3103.28,1771530300,3106.188,3100.211,3103.561
3099.155,1771531200,3106.097,3097.959,3103.282
3097.653,1771532100,3101.329,3095.624,3099.156
3102.884,1771533000,3102.884,3097.657,3097.657
3104.184,1771533900,3105.352,3101.89,3102.888
3102.663,1771534800,3104.591,3099.152,3104.188
3103.332,1771535700,3106.049,3101.033,3102.668
3107.628,1771536600,3108.291,3103.338,3103.338
3106.573,1771537500,3111.274,3105.121,3107.636
3112.157,1771538400,3112.157,3106.581,3106.581
3117.659,1771539300,3117.659,3112.158,3112.158
3112.454,1771540200,3118.459,3111.566,3117.668
3118.009,1771541100,3118.009,3112.46,3112.46
3118.815,1771542000,3121.593,3116.915,3118.021
3113.456,1771542900,3119.61,3112.576,3118.835
3119.262,1771543800,3119.262,3113.469,3113.469
3121.799,1771544700,3123.662,3119.267,3119.267
3126.609,1771545600,3126.609,3121.811,3121.811
3126.602,1771546500,3127.421,3123.829,3126.611
3123.135,1771547400,3128.285,3120.534,3126.603
3120.048,1771548300,3123.756,3115.803,3123.136
3119.655,1771549200,3120.719,3115.663,3120.056
3107.147,1771550100,3120.269,3106.708,3119.658
3099.452,1771551000,3107.944,3097.426,3107.152
3100.381,1771551900,3100.381,3097.201,3099.463
3102.633,1771552800,3102.911,3099.701,3100.382
3104.696,1771553700,3107.036,3102.648,3102.648
3107.898,1771554600,3107.898,3102.66,3104.7
3111.375,1771555500,3113.654,3107.905,3107.905
3115.663,1771556400,3117.075,3111.376,3111.376
3112.519,1771557300,3115.781,3107.835,3115.668
3107.853,1771558200,3114.118,3105.702,3112.525
3113.694,1771559100,3113.694,3107.854,3107.854
3119.218,1771560000,3119.218,3113.7,3113.7
3116.015,1771560900,3121.823,3114.128,3119.224
3112.414,1771561800,3117.8,3111.133,3116.017
3117.955,1771562700,3117.955,3112.419,3112.419
3115.482,1771563600,3120.408,3113.605,3117.957
3118.912,1771564500,3118.912,3114.042,3115.489
3117.748,1771565400,3120.531,3114.254,3118.917
3123.285,1771566300,3123.285,3117.755,3117.755
3129.063,1771567200,3129.063,3123.288,3123.288
3124.51,1771568100,3129.371,3121.777,3129.071
3124.332,1771569000,3126.414,3121.95,3124.516
3114.288,1771569900,3125.236,3113.833,3124.337
3097.163,1771570800,3115.145,3096.259,3114.297
3094.041,1771571700,3097.537,3092.157,3097.164
3097.604,1771572600,3099.333,3094.047,3094.047
3091.471,1771573500,3101.274,3090.238,3097.617
3094.661,1771574400,3096.239,3091.484,3091.484
3093.261,1771575300,3097.691,3090.913,3094.674
3091.487,1771576200,3094.87,3087.606,3093.265
3089.901,1771577100,3093.942,3089.245,3091.491
3092.249,1771578000,3092.249,3087.561,3089.913
3097.9,1771578900,3097.9,3092.25,3092.25
3098.825,1771579800,3100.676,3095.954,3097.909
3101.495,1771580700,3103.155,3098.84,3098.84
3103.443,1771581600,3104.241,3100.448,3101.505
3098.797,1771582500,3106.827,3097.875,3103.444
3093.622,1771583400,3101.556,3091.166,3098.798
3092.63,1771584300,3094.926,3089.925,3093.626
3092.714,1771585200,3094.703,3089.185,3092.642
3092.969,1771586100,3094.026,3090.183,3092.719
3088.62,1771587000,3093.828,3084.889,3092.972
3086.119,1771587900,3092.945,3085.753,3088.636
3075.169,1771588800,3086.653,3074.582,3086.12
3074.468,1771589700,3076.598,3070.532,3075.17
3080.117,1771590600,3080.117,3074.475,3074.475
3079.577,1771591500,3081.709,3076.993,3080.124
3074.783,1771592400,3080.627,3071.331,3079.583
3072.776,1771593300,3079.572,3072.7,3074.789
3071.773,1771594200,3075.489,3071.045,3072.781
3076.429,1771595100,3076.429,3071.783,3071.783
3070.865,1771596000,3078.059,3069.317,3076.433
3072.176,1771596900,3073.885,3070.44,3070.874
3072.421,1771597800,3075.583,3070.344,3072.178
3078.113,1771598700,3078.113,3072.438,3072.438
3081.144,1771599600,3081.144,3075.858,3078.129
3086.596,1771600500,3086.596,3081.146,3081.146
3084.729,1771601400,3086.626,3079.919,3086.605
3090.128,1771602300,3090.128,3084.74,3084.74
3094.971,1771603200,3094.971,3090.136,3090.136
3098.227,1771604100,3098.982,3094.974,3094.974
3096.905,1771605000,3099.81,3094.011,3098.231
3101.449,1771605900,3101.449,3096.906,3096.906
3107.082,1771606800,3107.082,3101.452,3101.452
3112.702,1771607700,3112.702,3107.085,3107.085
3112.33,1771608600,3115.443,3109.59,3112.707
3100.486,1771609500,3115.146,3100.434,3112.35
3103.595,1771610400,3103.595,3100.489,3100.489
3101.725,1771611300,3104.711,3100.007,3103.608
3100.747,1771612200,3102.003,3095.638,3101.728
3104.435,1771613100,3105.649,3100.748,3100.748
3095.778,1771614000,3107.026,3094.666,3104.45
3101.163,1771614900,3101.163,3095.784,3095.784
3101.191,1771615800,3105.088,3099.951,3101.169
3106.716,1771616700,3106.716,3101.197,3101.197
3105.814,1771617600,3110.853,3104.132,3106.722
3111.53,1771618500,3111.53,3105.819,3105.819
3112.995,1771619400,3112.995,3109.798,3111.53
3106.304,1771620300,3116.066,3106.18,3113.0
3103.497,1771621200,3106.395,3099.018,3106.319
3104.505,1771622100,3104.776,3101.95,3103.5
3108.146,1771623000,3108.146,3104.416,3104.515
3111.083,1771623900,3111.083,3107.993,3108.146
3116.725,1771624800,3116.725,3111.086,3111.086
3122.045,1771625700,3122.045,3116.732,3116.732
3117.32,1771626600,3123.97,3117.002,3122.047
3123.002,1771627500,3123.002,3117.322,3117.322
3115.77,1771628400,3127.502,3115.599,3123.008
3121.333,1771629300,3121.333,3115.774,3115.774
3123.665,1771630200,3126.275,3121.337,3121.337
3129.43,1771631100,3129.43,3123.672,3123.672
3127.07,1771632000,3133.014,3126.096,3129.435
3119.9,1771632900,3127.12,3118.852,3127.07
3124.611,1771633800,3124.611,3119.911,3119.911
3129.698,1771634700,3129.698,3124.612,3124.612
3130.923,1771635600,3135.173,3129.705,3129.705
3135.204,1771636500,3135.903,3130.936,3130.936
3136.955,1771637400,3138.93,3135.208,3135.208
3131.736,1771638300,3138.704,3131.594,3136.959
3132.776,1771639200,3135.742,3131.218,3131.743
3135.795,1771640100,3135.795,3131.39,3132.777
3132.835,1771641000,3137.613,3128.985,3135.807
3122.841,1771641900,3134.625,3122.243,3132.847
3128.437,1771642800,3128.437,3122.851,3122.851
3120.203,1771643700,3129.767,3119.903,3128.449
3113.124,1771644600,3120.598,3111.473,3120.211
3118.432,1771645500,3118.432,3113.128,3113.128
3124.19,1771646400,3124.19,3118.44,3118.44
3119.959,1771647300,3127.388,3119.357,3124.2
3116.996,1771648200,3121.16,3115.597,3119.969
3116.638,1771649100,3118.973,3113.643,3116.998
3116.025,1771650000,3121.435,3115.744,3116.638
3117.644,1771650900,3120.088,3115.923,3116.034
3106.097,1771651800,3120.908,3105.072,3117.648
3104.999,1771652700,3108.404,3101.754,3106.099
3098.614,1771653600,3106.337,3095.805,3105.002
3091.869,1771654500,3102.871,3091.702,3098.614
3097.417,1771655400,3097.417,3091.873,3091.873
3103.108,1771656300,3103.108,3097.426,3097.426
3098.498,1771657200,3105.049,3097.874,3103.116
3094.543,1771658100,3101.888,3093.768,3098.51
3090.556,1771659000,3094.818,3086.357,3094.544
3081.956,1771659900,3090.59,3080.87,3090.56
3073.736,1771660800,3084.839,3073.425,3081.962
3074.153,1771661700,3075.506,3071.293,3073.738
3077.588,1771662600,3077.714,3074.155,3074.155
3078.014,1771663500,3080.461,3075.24,3077.588
3077.379,1771664400,3080.45,3075.939,3078.019
3081.653,1771665300,3081.653,3077.386,3077.386
3087.353,1771666200,3087.353,3081.658,3081.658
3090.386,1771667100,3090.386,3087.03,3087.361
3088.274,1771668000,3090.748,3085.216,3090.388
3092.403,1771668900,3092.403,3088.276,3088.276
3096.793,1771669800,3096.793,3092.404,3092.404
3097.005,1771670700,3099.204,3094.86,3096.797
3090.697,1771671600,3097.71,3089.74,3097.007
3093.608,1771672500,3093.608,3090.68,3090.7
3097.865,1771673400,3098.714,3093.611,3093.611
3097.641,1771674300,3098.01,3092.509,3097.874
3096.087,1771675200,3098.537,3094.877,3097.647
3096.286,1771676100,3099.545,3096.093,3096.093
3088.705,1771677000,3099.472,3088.691,3096.292
3094.347,1771677900,3094.347,3088.713,3088.713
3095.649,1771678800,3095.649,3090.714,3094.354
3088.204,1771679700,3097.86,3086.733,3095.655
3093.587,1771680600,3093.587,3088.205,3088.205
3079.618,1771681500,3094.306,3077.038,3093.589
3077.842,1771682400,3081.02,3076.43,3079.631
3078.209,1771683300,3079.013,3074.537,3077.847
3083.999,1771684200,3083.999,3078.216,3078.216
3087.078,1771685100,3088.351,3084.0,3084.0
3092.078,1771686000,3092.078,3087.078,3087.078
3096.32,1771686900,3096.912,3092.085,3092.085
3084.198,1771687800,3097.857,3083.024,3096.341
3085.619,1771688700,3086.894,3082.873,3084.2
3091.254,1771689600,3091.254,3085.624,3085.624
3091.435,1771690500,3092.323,3086.889,3091.258
3095.468,1771691400,3095.468,3090.489,3091.439
3100.872,1771692300,3100.872,3095.471,3095.471
3102.187,1771693200,3105.643,3100.879,3100.879
3106.98,1771694100,3107.605,3102.189,3102.189
3100.841,1771695000,3108.132,3098.397,3106.983
3099.341,1771695900,3103.969,3097.958,3100.853
3104.533,1771696800,3104.533,3099.341,3099.341
3107.298,1771697700,3108.999,3104.413,3104.536
3112.844,1771698600,3112.844,3107.308,3107.308
3109.886,1771699500,3116.55,3109.73,3112.848
3109.612,1771700400,3112.094,3106.275,3109.892
3110.446,1771701300,3110.495,3107.099,3109.62
3114.188,1771702200,3114.188,3109.288,3110.452
3105.013,1771703100,3116.542,3104.135,3114.188
3095.048,1771704000,3105.431,3094.523,3105.015
3099.494,1771704900,3099.494,3095.054,3095.054
3104.595,1771705800,3104.595,3099.495,3099.495
3105.267,1771706700,3107.591,3103.712,3104.605
3102.52,1771707600,3106.789,3099.72,3105.269
3108.118,1771708500,3108.118,3102.522,3102.522
3113.116,1771709400,3113.116,3108.122,3108.122
3118.8,1771710300,3118.8,3113.124,3113.124
3084.969,1771711200,3119.199,3084.865,3118.802
3086.119,1771712100,3086.299,3083.203,3084.971
3091.446,1771713000,3091.446,3086.123,3086.123
3096.932,1771713900,3096.932,3091.451,3091.451
3102.541,1771714800,3102.541,3096.94,3096.94
3101.371,1771715700,3105.775,3099.199,3102.544
3106.914,1771716600,3106.914,3101.373,3101.373
3112.115,1771717500,3112.115,3106.919,3106.919
3117.75,1771718400,3117.75,3112.119,3112.119
3117.237,1771719300,3118.267,3114.261,3117.754
3122.785,1771720200,3122.785,3117.241,3117.241
3128.375,1771721100,3128.375,3122.794,3122.794
3127.98,1771722000,3130.232,3124.083,3128.377
3130.73,1771722900,3131.207,3127.984,3127.984
3136.394,1771723800,3136.394,3130.736,3130.736
3133.543,1771724700,3141.519,3132.901,3136.395
3138.676,1771725600,3138.676,3133.549,3133.549
3131.796,1771726500,3142.136,3130.057,3138.679
3124.743,1771727400,3132.883,3123.564,3131.802
3117.134,1771728300,3124.991,3114.009,3124.748
3122.889,1771729200,3122.889,3117.147,3117.147
3114.639,1771730100,3123.609,3112.89,3122.889
3120.402,1771731000,3120.402,3114.641,3114.641
3111.985,1771731900,3122.576,3111.604,3120.404
3117.775,1771732800,3117.775,3111.993,3111.993
3122.606,1771733700,3122.606,3117.777,3117.777
3121.479,1771734600,3125.828,3120.612,3122.613
3124.151,1771735500,3124.917,3121.482,3121.482
3130.01,1771736400,3130.01,3124.155,3124.155
3127.12,1771737300,3130.603,3124.71,3130.016
3129.43,1771738200,3129.43,3124.286,3127.13
3135.037,1771739100,3135.037,3129.439,3129.439
3140.255,1771740000,3140.255,3135.04,3135.04
3136.086,1771740900,3144.266,3134.975,3140.257
3133.933,1771741800,3137.578,3131.292,3136.104
3130.066,1771742700,3134.511,3127.597,3133.937
3135.539,1771743600,3135.539,3130.079,3130.079
3128.042,1771744500,3137.054,3127.574,3135.547
3126.484,1771745400,3128.12,3123.612,3128.051
3130.36,1771746300,3130.36,3125.905,3126.484
3120.392,1771747200,3131.637,3119.383,3130.363
3126.012,1771748100,3126.012,3120.398,3120.398
3128.281,1771749000,3128.281,3123.442,3126.016
3133.254,1771749900,3133.254,3128.289,3128.289
3124.451,1771750800,3134.907,3124.379,3133.27
3115.003,1771751700,3126.451,3113.914,3124.452
3109.879,1771752600,3116.871,3107.64,3115.007
3104.739,1771753500,3111.206,3102.806,3109.888
3105.935,1771754400,3107.079,3104.245,3104.744
3104.406,1771755300,3107.911,3102.026,3105.942
3106.819,1771756200,3107.888,3104.407,3104.407
3112.367,1771757100,3112.367,3106.826,3106.826
3115.468,1771758000,3117.912,3112.38,3112.38
3121.106,1771758900,3121.106,3115.475,3115.475
3126.662,1771759800,3126.662,3121.121,3121.121
3129.257,1771760700,3129.257,3125.407,3126.667
3125.386,1771761600,3132.258,3123.681,3129.263
3126.959,1771762500,3129.446,3125.391,3125.391
3126.864,1771763400,3129.078,3123.166,3126.961
3119.008,1771764300,3129.34,3118.62,3126.874
3122.205,1771765200,3122.205,3119.015,3119.015
3122.156,1771766100,3122.459,3117.452,3122.207
3116.596,1771767000,3123.403,3113.902,3122.165
3108.337,1771767900,3118.936,3108.004,3116.616
3107.441,1771768800,3112.821,3106.243,3108.343
3102.568,1771769700,3107.995,3098.838,3107.443
3101.115,1771770600,3104.992,3100.275,3102.577
3106.53,1771771500,3106.53,3101.123,3101.123
3112.026,1771772400,3112.026,3106.534,3106.534
3115.351,1771773300,3115.351,3110.965,3112.035
3112.025,1771774200,3117.061,3112.014,3115.363
3117.879,1771775100,3117.879,3112.033,3112.033
3117.084,1771776000,3120.156,3113.786,3117.88
3118.389,1771776900,3122.06,3117.089,3117.089
3100.45,1771777800,3119.762,3098.947,3118.392
3102.753,1771778700,3106.11,3100.456,3100.456
3097.366,1771779600,3102.804,3095.63,3102.755
3099.797,1771780500,3102.481,3097.368,3097.368
3102.477,1771781400,3102.477,3099.81,3099.81
3100.404,1771782300,3103.032,3097.179,3102.485
3098.205,1771783200,3103.115,3097.468,3100.413
3100.266,1771784100,3100.869,3098.034,3098.208
3098.417,1771785000,3103.52,3097.688,3100.275
3090.754,1771785900,3099.457,3089.48,3098.422
3091.765,1771786800,3091.765,3086.378,3090.755
3097.601,1771787700,3097.601,3091.769,3091.769
3082.687,1771788600,3100.285,3081.217,3097.604
3080.193,1771789500,3086.923,3079.401,3082.694
3082.485,1771790400,3083.355,3080.011,3080.197
3082.434,1771791300,3084.912,3079.413,3082.487
3088.025,1771792200,3088.025,3082.445,3082.445
3089.067,1771793100,3090.619,3087.319,3088.03
3094.468,1771794000,3094.468,3089.074,3089.074
3097.504,1771794900,3097.504,3093.556,3094.477
3098.007,1771795800,3098.007,3094.267,3097.52
3086.888,1771796700,3101.564,3086.125,3098.014
3092.649,1771797600,3092.649,3086.894,3086.894
3098.31,1771798500,3098.31,3092.652,3092.652
3103.869,1771799400,3103.869,3098.324,3098.324
3106.176,1771800300,3107.413,3103.87,3103.87
3109.393,1771801200,3109.393,3103.94,3106.176
3110.108,1771802100,3111.264,3106.681,3109.405
3115.493,1771803000,3115.493,3110.122,3110.122
3115.429,1771803900,3116.582,3112.889,3115.497
3118.456,1771804800,3118.456,3115.435,3115.435
3113.091,1771805700,3121.702,3112.51,3118.457
3118.669,1771806600,3118.669,3113.1,3113.1
3117.104,1771807500,3119.017,3114.538,3118.679
3122.623,1771808400,3122.623,3117.113,3117.113
3128.006,1771809300,3128.006,3122.644,3122.644
3126.173,1771810200,3131.641,3124.425,3128.011
3123.387,1771811100,3128.209,3121.94,3126.183
3129.229,1771812000,3129.229,3123.391,3123.391
3133.588,1771812900,3133.588,3128.107,3129.233
3135.402,1771813800,3135.402,3131.437,3133.592
3122.964,1771814700,3135.912,3122.41,3135.406
3125.88,1771815600,3125.88,3120.472,3122.965
3125.202,1771816500,3126.166,3119.827,3125.885
3125.776,1771817400,3127.321,3121.957,3125.204
3122.555,1771818300,3126.004,3119.981,3125.779
3125.373,1771819200,3126.289,3122.566,3122.566
3107.629,1771820100,3125.667,3107.174,3125.373
3113.277,1771821000,3113.277,3107.631,3107.631
3109.27,1771821900,3114.649,3107.206,3113.29
3111.005,1771822800,3111.783,3108.564,3109.276
3114.855,1771823700,3116.334,3111.016,3111.016
3105.66,1771824600,3116.242,3104.563,3114.857
3101.15,1771825500,3106.759,3100.016,3105.663
3102.233,1771826400,3102.233,3098.283,3101.155
3095.421,1771827300,3103.023,3095.376,3102.241
3089.581,1771828200,3097.984,3089.13,3095.427
3092.995,1771829100,3092.995,3087.866,3089.589
3094.865,1771830000,3094.865,3090.433,3092.996
3100.532,1771830900,3100.532,3094.871,3094.871
3105.956,1771831800,3105.956,3100.537,3100.537
3104.837,1771832700,3111.024,3104.49,3105.959
3110.351,1771833600,3110.351,3104.845,3104.845
3115.965,1771834500,3115.965,3110.357,3110.357
3110.589,1771835400,3116.789,3109.04,3115.97
3096.05,1771836300,3112.298,3093.51,3110.597
3097.936,1771837200,3098.486,3094.735,3096.061
3099.317,1771838100,3101.176,3096.952,3097.941
3090.337,1771839000,3100.492,3089.276,3099.323
3087.927,1771839900,3091.763,3085.806,3090.34
3079.369,1771840800,3090.538,3077.573,3087.93
3080.119,1771841700,3084.804,3079.371,3079.371
3077.764,1771842600,3080.66,3076.349,3080.125
3081.367,1771843500,3082.207,3077.765,3077.765
3087.137,1771844400,3087.137,3081.37,3081.37
3083.722,1771845300,3089.514,3081.985,3087.143
3089.203,1771846200,3089.203,3083.727,3083.727
3083.81,1771847100,3089.853,3081.566,3089.203
3070.347,1771848000,3084.142,3070.276,3083.825
3069.642,1771848900,3071.269,3067.2,3070.353
3072.928,1771849800,3073.806,3069.651,3069.651
3073.328,1771850700,3077.136,3072.052,3072.945
3061.89,1771851600,3074.234,3058.076,3073.329
3062.365,1771852500,3065.471,3061.686,3061.898
3065.586,1771853400,3065.586,3061.528,3062.369
3071.005,1771854300,3071.005,3065.595,3065.595
3072.763,1771855200,3074.332,3070.561,3071.013
3072.651,1771856100,3074.501,3070.168,3072.772
3064.073,1771857000,3073.556,3060.532,3072.655
3069.744,1771857900,3069.744,3064.076,3064.076
3073.766,1771858800,3073.766,3069.745,3069.745
3073.974,1771859700,3077.243,3072.841,3073.769
3073.632,1771860600,3079.286,3073.329,3073.982
3069.186,1771861500,3074.693,3068.255,3073.635
3069.992,1771862400,3071.049,3066.497,3069.195
3060.58,1771863300,3070.82,3059.428,3069.995
3054.23,1771864200,3062.731,3051.228,3060.582
3059.463,1771865100,3059.463,3054.231,3054.231
3060.261,1771866000,3061.344,3058.151,3059.471
3060.537,1771866900,3062.363,3057.316,3060.264
3063.049,1771867800,3063.049,3058.465,3060.541
3067.79,1771868700,3068.466,3063.05,3063.05
3070.368,1771869600,3070.778,3067.791,3067.791
3055.184,1771870500,3071.206,3053.892,3070.37
3055.51,1771871400,3056.736,3053.168,3055.191
3057.817,1771872300,3059.058,3055.516,3055.516
3056.182,1771873200,3060.551,3055.005,3057.826
3054.582,1771874100,3058.095,3052.684,3056.189
3054.661,1771875000,3055.715,3050.345,3054.586
3060.099,1771875900,3060.099,3054.666,3054.666
3058.658,1771876800,3064.993,3058.13,3060.104
3064.398,1771877700,3064.398,3058.659,3058.659
3063.426,1771878600,3066.725,3061.005,3064.398
3066.117,1771879500,3067.676,3063.434,3063.434
3071.68,1771880400,3071.68,3066.125,3066.125
3070.479,1771881300,3073.042,3067.919,3071.685
3075.875,1771882200,3075.875,3070.484,3070.484
3074.487,1771883100,3078.356,3072.041,3075.884
3080.042,1771884000,3080.042,3074.49,3074.49
3085.806,1771884900,3085.806,3080.053,3080.053
3091.554,1771885800,3091.554,3085.806,3085.806
3092.032,1771886700,3092.721,3087.431,3091.56
3096.706,1771887600,3096.706,3092.041,3092.041
3093.949,1771888500,3097.133,3091.396,3096.711
3096.236,1771889400,3096.236,3091.455,3093.953
3090.652,1771890300,3097.701,3087.365,3096.236
3083.441,1771891200,3090.703,3082.178,3090.654
3079.086,1771892100,3088.215,3078.491,3083.448
3082.319,1771893000,3083.001,3079.096,3079.096
3084.549,1771893900,3087.131,3082.324,3082.324
3089.923,1771894800,3089.923,3084.555,3084.555
3090.967,1771895700,3093.162,3089.507,3089.928
3078.97,1771896600,3092.3,3077.239,3090.968
3083.399,1771897500,3083.399,3078.012,3078.971
3087.334,1771898400,3087.334,3083.399,3083.399
3085.187,1771899300,3089.103,3083.122,3087.341
3087.181,1771900200,3087.181,3082.346,3085.197
3091.699,1771901100,3091.699,3087.181,3087.181
3097.275,1771902000,3097.275,3091.7,3091.7
3103.024,1771902900,3103.024,3097.278,3097.278
3107.105,1771903800,3107.413,3103.027,3103.027
3112.586,1771904700,3112.586,3107.122,3107.122
3118.1,1771905600,3118.1,3112.599,3112.599
3122.764,1771906500,3122.764,3118.101,3118.101
3121.591,1771907400,3124.811,3118.35,3122.771
3118.506,1771908300,3124.17,3117.258,3121.592
3117.936,1771909200,3119.121,3116.337,3118.511
3121.578,1771910100,3121.578,3117.95,3117.95
3108.65,1771911000,3122.036,3104.617,3121.59
3106.746,1771911900,3110.431,3105.011,3108.656
3109.777,1771912800,3110.879,3106.756,3106.756
3105.652,1771913700,3110.982,3105.18,3109.782
3102.922,1771914600,3108.365,3102.784,3105.661
3108.526,1771915500,3108.526,3102.931,3102.931
3102.599,1771916400,3110.101,3100.79,3108.531
3100.576,1771917300,3106.439,3098.917,3102.607
3097.256,1771918200,3100.952,3097.232,3100.585
3094.568,1771919100,3100.275,3094.127,3097.259
3094.794,1771920000,3094.794,3089.303,3094.575
3091.053,1771920900,3095.702,3089.344,3094.797
3092.138,1771921800,3092.306,3089.179,3091.07
3090.616,1771922700,3094.671,3089.928,3092.143
3096.146,1771923600,3096.146,3090.625,3090.625
3101.888,1771924500,3101.888,3096.15,3096.15
3102.165,1771925400,3102.95,3099.988,3101.904
3107.487,1771926300,3107.487,3102.176,3102.176
3113.149,1771927200,3113.149,3107.498,3107.498
3114.278,1771928100,3117.751,3113.153,3113.153
3108.281,1771929000,3115.347,3108.189,3114.29
3112.112,1771929900,3112.112,3107.494,3108.289
3116.902,1771930800,3116.902,3112.12,3112.12
3122.544,1771931700,3122.544,3116.91,3116.91
3128.28,1771932600,3128.28,3122.553,3122.553
3133.99,1771933500,3133.99,3128.294,3128.294
3135.617,1771934400,3135.723,3131.72,3133.995
3141.399,1771935300,3141.399,3135.625,3135.625
3139.911,1771936200,3142.957,3137.452,3141.405
3142.08,1771937100,3142.08,3137.472,3139.911
3141.265,1771938000,3144.547,3140.292,3142.09
3135.203,1771938900,3141.285,3135.132,3141.275
3129.327,1771939800,3136.754,3126.384,3135.212
3135.058,1771940700,3135.058,3129.329,3129.329
3128.191,1771941600,3136.515,3127.236,3135.063
3133.939,1771942500,3133.939,3128.195,3128.195
3135.599,1771943400,3135.599,3131.616,3133.942
3135.211,1771944300,3139.026,3133.718,3135.613
3136.572,1771945200,3140.621,3135.216,3135.216
3140.393,1771946100,3140.393,3136.574,3136.574
3139.568,1771947000,3142.745,3136.688,3140.403
3138.965,1771947900,3141.08,3136.19,3139.575
3136.433,1771948800,3139.987,3135.672,3138.972
3124.533,1771949700,3137.93,3124.502,3136.453
3120.025,1771950600,3126.139,3116.68,3124.537
3125.519,1771951500,3125.519,3120.026,3120.026
3122.366,1771952400,3127.101,3119.017,3125.532
3118.116,1771953300,3122.57,3114.542,3122.375
3123.023,1771954200,3123.29,3118.117,3118.117
3128.504,1771955100,3128.504,3123.037,3123.037
3134.344,1771956000,3134.344,3128.512,3128.512
3137.773,1771956900,3137.773,3134.352,3134.352
3143.673,1771957800,3143.673,3137.788,3137.788
3141.616,1771958700,3145.819,3137.83,3143.682
3147.227,1771959600,3147.227,3141.629,3141.629
3146.735,1771960500,3152.469,3146.358,3147.242
3133.288,1771961400,3147.408,3131.026,3146.738
3138.69,1771962300,3138.69,3133.298,3133.298
3144.329,1771963200,3144.329,3138.702,3138.702
3150.04,1771964100,3150.04,3144.334,3144.334
3142.319,1771965000,3150.982,3138.584,3150.054
3145.107,1771965900,3145.107,3140.765,3142.32
3150.816,1771966800,3150.816,3145.108,3145.108
3151.451,1771967700,3153.503,3148.565,3150.819
3154.806,1771968600,3156.765,3151.455,3151.455
3160.478,1771969500,3160.478,3154.818,3154.818
3163.072,1771970400,3163.072,3157.585,3160.481
3161.497,1771971300,3165.507,3158.633,3163.084
3158.024,1771972200,3162.952,3156.307,3161.498
3145.178,1771973100,3158.537,3144.13,3158.029
3146.535,1771974000,3146.535,3142.16,3145.181
3148.544,1771974900,3148.544,3145.078,3146.542
3149.275,1771975800,3149.903,3144.986,3148.55
3152.75,1771976700,3153.605,3148.264,3149.286
3155.128,1771977600,3155.128,3149.993,3152.756
3157.659,1771978500,3157.659,3152.749,3155.133
3157.067,1771979400,3158.774,3152.538,3157.662
3158.999,1771980300,3158.999,3153.825,3157.067
3159.092,1771981200,3161.939,3156.222,3159.001
3152.051,1771982100,3161.662,3151.906,3159.092
3153.328,1771983000,3155.411,3150.811,3152.06
3133.59,1771983900,3153.555,3132.964,3153.338
3132.56,1771984800,3134.64,3129.045,3133.601
3125.722,1771985700,3132.761,3125.448,3132.568
3123.334,1771986600,3126.735,3121.359,3125.728
3123.349,1771987500,3123.55,3119.66,3123.335
3128.675,1771988400,3128.675,3123.355,3123.355
3128.182,1771989300,3131.103,3124.939,3128.675
3119.081,1771990200,3129.624,3118.528,3128.182
3115.406,1771991100,3119.953,3112.513,3119.082
3113.103,1771992000,3118.676,3110.957,3115.408
3112.976,1771992900,3114.888,3110.108,3113.108
3115.887,1771993800,3118.299,3112.982,3112.982
3105.135,1771994700,3116.538,3104.795,3115.893
3109.04,1771995600,3109.04,3104.54,3105.138
3113.29,1771996500,3113.5,3109.051,3109.051
3112.167,1771997400,3113.425,3108.541,3113.29
3107.565,1771998300,3112.387,3105.079,3112.175
3109.861,1771999200,3112.825,3107.568,3107.568
3111.759,1772000100,3112.115,3109.537,3109.867
3114.999,1772001000,3115.617,3111.769,3111.769
3115.529,1772001900,3117.753,3112.687,3115.0
3120.357,1772002800,3120.357,3115.539,3115.539
3118.386,1772003700,3125.074,3117.403,3120.365
3119.096,1772004600,3119.751,3115.941,3118.392
3120.343,1772005500,3123.427,3119.104,3119.104
3114.034,1772006400,3121.622,3113.378,3120.347
3111.546,1772007300,3116.221,3108.608,3114.042
3112.689,1772008200,3114.364,3110.141,3111.555
3095.833,1772009100,3113.479,3095.152,3112.693
3100.041,1772010000,3100.779,3095.839,3095.839
3104.649,1772010900,3104.649,3099.855,3100.041
3110.486,1772011800,3110.486,3104.658,3104.658
3109.626,1772012700,3111.697,3107.461,3110.498
3104.865,1772013600,3111.908,3102.615,3109.63
3105.144,1772014500,3108.888,3103.556,3104.876
3103.49,1772015400,3107.268,3103.41,3105.146
3109.171,1772016300,3109.171,3103.494,3103.494
3113.868,1772017200,3113.868,3108.264,3109.175
3112.194,1772018100,3117.138,3110.009,3113.873
3117.102,1772019000,3117.102,3112.2,3112.2
3116.364,1772019900,3118.313,3111.906,3117.111
3114.695,1772020800,3116.401,3109.996,3116.373
3107.176,1772021700,3115.216,3104.8,3114.702
3100.46,1772022600,3108.097,3097.212,3107.184
3102.956,1772023500,3102.956,3099.177,3100.462
3102.58,1772024400,3105.981,3101.964,3102.957
3108.265,1772025300,3108.265,3102.584,3102.584
3111.786,1772026200,3111.786,3108.27,3108.27
3114.452,1772027100,3114.452,3111.279,3111.798
3119.998,1772028000,3119.998,3114.459,3114.459
3116.238,1772028900,3123.793,3115.793,3120.009
3121.658,1772029800,3121.658,3116.245,3116.245
3126.615,1772030700,3126.615,3121.659,3121.659
3124.833,1772031600,3127.107,3122.001,3126.617
3121.129,1772032500,3127.197,3121.056,3124.845
3125.037,1772033400,3125.037,3119.552,3121.134
3102.505,1772034300,3127.808,3102.33,3125.044
3103.226,1772035200,3104.972,3100.145,3102.506
3107.124,1772036100,3107.124,3102.524,3103.232
3102.344,1772037000,3109.29,3101.036,3107.129
3092.696,1772037900,3104.924,3090.643,3102.348
3088.283,1772038800,3093.606,3084.794,3092.701
3084.646,1772039700,3088.429,3083.044,3088.284
3083.495,1772040600,3089.473,3082.905,3084.651
3078.456,1772041500,3083.826,3076.196,3083.499
3081.621,1772042400,3083.041,3078.461,3078.461
3082.951,1772043300,3084.418,3080.09,3081.629
3080.588,1772044200,3083.292,3078.657,3082.954
3083.098,1772045100,3083.098,3078.62,3080.598
3082.479,1772046000,3085.746,3081.477,3083.104
3088.018,1772046900,3088.018,3082.487,3082.487
3087.156,1772047800,3088.725,3082.174,3088.032
3089.455,1772048700,3089.455,3086.984,3087.165
3090.127,1772049600,3094.841,3089.467,3089.467
3089.618,1772050500,3091.833,3087.013,3090.132
3089.077,1772051400,3091.619,3087.4,3089.618
3093.047,1772052300,3093.047,3089.09,3089.09
3096.407,1772053200,3097.309,3093.051,3093.051
3099.574,1772054100,3099.574,3096.408,3096.408
3101.354,1772055000,3101.547,3098.156,3099.575
3102.69,1772055900,3103.141,3099.346,3101.369
3106.071,1772056800,3106.874,3102.698,3102.698
3109.815,1772057700,3109.815,3106.075,3106.075
3108.43,1772058600,3113.706,3108.41,3109.832
3114.04,1772059500,3114.04,3108.432,3108.432
3118.684,1772060400,3118.684,3114.043,3114.043
3121.43,1772061300,3121.43,3118.106,3118.686
3127.018,1772062200,3127.018,3121.435,3121.435
3131.237,1772063100,3131.237,3127.023,3127.023
3126.858,1772064000,3134.94,3126.677,3131.24
3132.591,1772064900,3132.591,3126.86,3126.86
3132.525,1772065800,3134.059,3128.753,3132.599
3136.943,1772066700,3136.943,3132.537,3132.537
3137.804,1772067600,3137.804,3132.22,3132.22
3123.239,1772068500,3138.567,3122.211,3137.806
3120.978,1772069400,3126.518,3118.709,3123.25
3114.478,1772070300,3121.107,3109.801,3120.987
3111.536,1772071200,3118.503,3111.313,3114.48
3113.157,1772072100,3113.157,3108.764,3111.536
3118.4,1772073000,3118.4,3113.16,3113.16
3123.919,1772073900,3123.919,3118.4,3118.4
3127.211,1772074800,3127.211,3122.423,3123.921
3132.628,1772075700,3132.628,3127.215,3127.215
3131.472,1772076600,3133.143,3128.283,3132.637
3137.116,1772077500,3137.116,3131.474,3131.474
3135.436,1772078400,3142.111,3135.384,3137.125
3128.932,1772079300,3137.271,3128.607,3135.443
3132.254,1772080200,3132.254,3126.659,3128.935
3135.434,1772081100,3135.434,3130.924,3132.255
3141.145,1772082000,3141.145,3135.447,3135.447
3141.346,1772082900,3141.585,3137.291,3141.16
3133.897,1772083800,3142.56,3133.759,3141.35
3130.114,1772084700,3138.166,3129.829,3133.899
3123.873,1772085600,3132.295,3123.807,3130.127
3125.469,1772086500,3128.483,3123.873,3123.873
3123.387,1772087400,3128.563,3120.75,3125.471
3129.033,1772088300,3129.033,3123.398,3123.398
3123.031,1772089200,3129.237,3120.984,3129.047
3128.562,1772090100,3128.562,3123.042,3123.042
3133.956,1772091000,3133.956,3128.569,3128.569
3134.645,1772091900,3136.363,3131.494,3133.959
3127.964,1772092800,3135.896,3125.866,3134.648
3115.908,1772093700,3131.36,3115.758,3127.964
3111.292,1772094600,3116.904,3110.512,3115.914
3117.099,1772095500,3117.099,3111.294,3111.294
3119.849,1772096400,3119.849,3116.53,3117.106
3113.206,1772097300,3122.583,3111.987,3119.854
3114.98,1772098200,3117.337,3112.257,3113.216
3120.267,1772099100,3120.267,3114.983,3114.983
3119.762,1772100000,3122.728,3117.296,3120.268
3116.409,1772100900,3119.918,3112.786,3119.764
3121.872,1772101800,3121.872,3116.411,3116.411
3114.602,1772102700,3121.975,3113.202,3121.874
3107.743,1772103600,3115.526,3104.538,3114.605
3111.622,1772104500,3112.452,3107.751,3107.751
3111.223,1772105400,3116.864,3110.892,3111.635
3114.205,1772106300,3114.205,3109.974,3111.224
3117.143,1772107200,3117.143,3113.02,3114.208
3116.657,1772108100,3117.798,3114.68,3117.147
3120.999,1772109000,3120.999,3116.668,3116.668
3119.183,1772109900,3121.75,3117.981,3121.007
3121.08,1772110800,3121.209,3117.704,3119.197
3126.669,1772111700,3126.669,3121.084,3121.084
3110.118,1772112600,3129.626,3108.609,3126.675
3099.331,1772113500,3111.78,3097.907,3110.13
3097.774,1772114400,3099.634,3094.681,3099.343
3098.867,1772115300,3100.046,3097.089,3097.776
3104.617,1772116200,3104.617,3098.873,3098.873
3110.304,1772117100,3110.304,3104.619,3104.619
3102.476,1772118000,3111.77,3101.333,3110.309
3108.07,1772118900,3108.07,3102.482,3102.482
3107.997,1772119800,3109.009,3103.452,3108.071
3103.569,1772120700,3110.759,3102.257,3108.0
3109.202,1772121600,3109.202,3103.574,3103.574
3111.249,1772122500,3111.249,3107.338,3109.209
3112.928,1772123400,3112.928,3107.441,3111.256
3107.574,1772124300,3115.698,3105.821,3112.929
3113.312,1772125200,3113.312,3107.585,3107.585
3103.34,1772126100,3113.353,3102.715,3113.314
3109.048,1772127000,3109.048,3103.341,3103.341
3114.848,1772127900,3114.848,3109.054,3109.054
3116.457,1772128800,3118.314,3114.224,3114.857
3108.852,1772129700,3118.236,3107.391,3116.46
3105.224,1772130600,3109.926,3103.93,3108.852
3099.722,1772131500,3105.53,3098.72,3105.236
3093.148,1772132400,3102.013,3091.408,3099.727
3081.46,1772133300,3094.224,3081.266,3093.149
3081.53,1772134200,3084.342,3078.65,3081.461
3067.297,1772135100,3081.948,3064.632,3081.537
3072.628,1772136000,3072.628,3067.307,3067.307
3073.824,1772136900,3075.795,3072.635,3072.635
3075.768,1772137800,3076.558,3071.756,3073.829
3076.142,1772138700,3076.226,3072.895,3075.771
3077.003,1772139600,3079.246,3074.546,3076.147
3081.287,1772140500,3081.287,3076.895,3077.006
3086.636,1772141400,3086.636,3081.296,3081.296
3088.296,1772142300,3090.253,3086.196,3086.645
3075.994,1772143200,3093.132,3075.371,3088.301
3073.946,1772144100,3078.782,3073.308,3075.994
3071.33,1772145000,3074.475,3066.525,3073.957
3063.435,1772145900,3071.856,3063.084,3071.334
3067.979,1772146800,3067.979,3063.447,3063.447
3063.386,1772147700,3068.657,3061.887,3067.992
3069.02,1772148600,3069.036,3063.388,3063.388
3074.441,1772149500,3074.441,3069.03,3069.03
3077.783,1772150400,3077.783,3074.445,3074.445
3082.196,1772151300,3082.196,3077.035,3077.786
3086.013,1772152200,3086.013,3081.487,3082.201
3083.161,1772153100,3087.878,3082.641,3086.027
3075.279,1772154000,3085.2,3073.812,3083.164
3073.977,1772154900,3075.999,3070.279,3075.287
3077.755,1772155800,3077.755,3073.982,3073.982
3077.698,1772156700,3079.795,3074.234,3077.76
3072.868,1772157600,3077.9,3072.407,3077.709
3078.463,1772158500,3078.463,3072.872,3072.872
3083.917,1772159400,3083.917,3078.477,3078.477
3087.311,1772160300,3087.311,3082.083,3083.919
3087.233,1772161200,3089.66,3084.737,3087.316
3084.172,1772162100,3088.971,3082.884,3087.245
3087.657,1772163000,3088.492,3084.176,3084.176
3093.204,1772163900,3093.204,3087.661,3087.661
3098.638,1772164800,3098.638,3093.209,3093.209
3082.119,1772165700,3099.002,3081.631,3098.642
3079.635,1772166600,3084.271,3078.36,3082.13
3085.182,1772167500,3085.182,3079.646,3079.646
3080.928,1772168400,3085.189,3079.493,3085.185
3081.76,1772169300,3082.161,3077.524,3080.928
3074.319,1772170200,3083.557,3074.246,3081.771
3075.72,1772171100,3077.928,3073.664,3074.324
3078.271,1772172000,3078.271,3074.195,3075.731
3079.593,1772172900,3080.195,3076.765,3078.274
3084.883,1772173800,3084.883,3079.598,3079.598
3086.498,1772174700,3086.498,3081.622,3084.888
3084.322,1772175600,3090.424,3083.91,3086.505
3080.006,1772176500,3084.702,3077.52,3084.33
3073.713,1772177400,3082.52,3071.884,3080.02
3072.491,1772178300,3076.411,3070.565,3073.72
3063.814,1772179200,3077.513,3063.579,3072.496
3062.526,1772180100,3069.229,3062.316,3063.819
3067.811,1772181000,3067.942,3062.541,3062.541
3063.747,1772181900,3069.484,3061.815,3067.811
3062.164,1772182800,3065.303,3058.236,3063.759
3066.894,1772183700,3066.894,3062.168,3062.168
3072.332,1772184600,3072.332,3066.901,3066.901
3064.957,1772185500,3075.257,3064.303,3072.34
3066.847,1772186400,3066.847,3063.892,3064.957
3063.446,1772187300,3067.815,3060.052,3066.859
3066.033,1772188200,3067.767,3063.448,3063.448
3071.826,1772189100,3071.826,3066.043,3066.043
3056.242,1772190000,3073.396,3054.797,3071.83
3054.039,1772190900,3061.146,3053.521,3056.246
3056.358,1772191800,3058.734,3054.044,3054.044
3061.764,1772192700,3061.764,3056.366,3056.366
3049.613,1772193600,3062.848,3048.797,3061.769
3045.996,1772194500,3050.549,3042.427,3049.614
3044.448,1772195400,3048.409,3041.794,3046.01
3048.651,1772196300,3048.651,3043.677,3044.459
3052.546,1772197200,3052.546,3048.656,3048.656
3050.54,1772198100,3053.02,3048.123,3052.556
3049.091,1772199000,3051.206,3046.263,3050.543
3045.961,1772199900,3049.278,3045.256,3049.099
3049.828,1772200800,3049.828,3044.591,3045.969
3045.882,1772201700,3051.937,3044.018,3049.838
3046.22,1772202600,3047.057,3042.037,3045.891
3051.741,1772203500,3051.741,3046.234,3046.234
3036.874,1772204400,3053.256,3035.326,3051.742
3031.837,1772205300,3039.17,3030.622,3036.88
3031.089,1772206200,3033.968,3027.798,3031.845
3026.453,1772207100,3031.907,3025.066,3031.102
3032.12,1772208000,3032.12,3026.454,3026.454
3036.217,1772208900,3036.217,3031.167,3032.126
3038.111,1772209800,3038.111,3035.893,3036.222
3033.865,1772210700,3040.738,3031.306,3038.118
3035.67,1772211600,3035.67,3031.8,3033.867
3040.115,1772212500,3040.115,3035.673,3035.673
3045.675,1772213400,3045.675,3040.116,3040.116
3050.993,1772214300,3050.993,3045.677,3045.677
3050.136,1772215200,3053.624,3047.255,3050.998
3046.65,1772216100,3050.169,3043.688,3050.144
3045.918,1772217000,3048.789,3042.528,3046.658
3042.105,1772217900,3047.553,3039.398,3045.927
3047.727,1772218800,3047.727,3042.113,3042.113
3049.673,1772219700,3050.474,3046.847,3047.732
3048.788,1772220600,3051.382,3046.537,3049.674
3047.588,1772221500,3049.923,3044.018,3048.795
3051.591,1772222400,3051.591,3047.603,3047.603
3057.255,1772223300,3057.255,3051.601,3051.601
3060.754,1772224200,3062.213,3057.26,3057.26
3062.997,1772225100,3065.689,3060.757,3060.757
3060.702,1772226000,3064.067,3060.021,3063.004
3059.914,1772226900,3061.426,3055.408,3060.703
3061.809,1772227800,3064.237,3059.923,3059.923
3049.771,1772228700,3062.576,3049.498,3061.809
3040.448,1772229600,3049.845,3039.323,3049.785
3038.985,1772230500,3040.51,3036.414,3040.462
3036.149,1772231400,3042.818,3035.876,3038.994
3041.362,1772232300,3041.362,3036.158,3036.158
3046.957,1772233200,3046.957,3041.366,3041.366
3042.058,1772234100,3047.753,3041.145,3046.963
3044.862,1772235000,3044.862,3040.239,3042.067
3037.959,1772235900,3045.64,3036.294,3044.873
3041.572,1772236800,3041.572,3037.963,3037.963
3047.082,1772237700,3047.082,3041.574,3041.574
3044.397,1772238600,3048.976,3042.276,3047.087
3049.876,1772239500,3049.876,3044.399,3044.399
3051.46,1772240400,3053.255,3049.437,3049.884
3054.299,1772241300,3054.299,3051.298,3051.467
3053.836,1772242200,3057.128,3053.594,3054.316
3049.379,1772243100,3056.068,3048.748,3053.838
3053.202,1772244000,3053.202,3048.397,3049.385
3058.799,1772244900,3058.799,3053.204,3053.204
3059.499,1772245800,3059.747,3055.862,3058.81
3058.268,1772246700,3061.478,3055.304,3059.51
3050.159,1772247600,3061.405,3049.026,3058.276
3053.478,1772248500,3053.478,3050.167,3050.167
3057.016,1772249400,3057.016,3052.356,3053.478
3055.302,1772250300,3061.692,3055.093,3057.017
3055.067,1772251200,3056.818,3052.672,3055.304
3055.627,1772252100,3057.073,3052.131,3055.073
3059.999,1772253000,3059.999,3055.322,3055.641
3064.059,1772253900,3064.273,3060.003,3060.003
3061.09,1772254800,3064.996,3057.501,3064.062
3066.647,1772255700,3066.647,3061.091,3061.091
3067.728,1772256600,3070.655,3066.649,3066.649
3065.244,1772257500,3071.209,3064.666,3067.734
3059.664,1772258400,3065.778,3055.904,3065.251
3047.412,1772259300,3060.541,3047.244,3059.668
3046.523,1772260200,3047.818,3042.022,3047.415
3048.412,1772261100,3049.734,3046.405,3046.528
3044.815,1772262000,3052.793,3043.948,3048.42
3037.017,1772262900,3045.063,3036.54,3044.821
3041.127,1772263800,3041.127,3035.822,3037.028
3038.956,1772264700,3043.908,3038.813,3041.128
3043.104,1772265600,3043.104,3038.956,3038.956
3021.993,1772266500,3043.737,3021.893,3043.111
3024.859,1772267400,3024.859,3020.936,3022.002
3021.815,1772268300,3029.177,3020.979,3024.861
3023.355,1772269200,3023.355,3018.048,3021.819
3013.399,1772270100,3024.603,3009.616,3023.365
3009.412,1772271000,3014.65,3005.393,3013.404
3011.028,1772271900,3011.661,3007.74,3009.413
3006.1,1772272800,3013.928,3004.823,3011.029
3011.415,1772273700,3011.415,3006.106,3006.106
3009.799,1772274600,3012.834,3006.569,3011.421
3013.749,1772275500,3013.749,3009.802,3009.802
3018.502,1772276400,3018.502,3013.757,3013.757
3023.919,1772277300,3023.919,3018.504,3018.504
3024.955,1772278200,3026.685,3022.005,3023.931
3025.745,1772279100,3026.82,3022.207,3024.965
3026.226,1772280000,3028.745,3024.708,3025.75
3016.987,1772280900,3026.425,3015.77,3026.227
3010.406,1772281800,3017.98,3008.57,3016.995
3013.699,1772282700,3015.643,3010.417,3010.417
3018.55,1772283600,3018.614,3013.712,3013.712
3023.934,1772284500,3023.934,3018.557,3018.557
3023.388,1772285400,3024.761,3020.541,3023.947
3019.901,1772286300,3026.81,3018.094,3023.394
3017.929,1772287200,3021.964,3014.619,3019.911
3014.597,1772288100,3019.382,3014.441,3017.932
3020.004,1772289000,3020.004,3014.604,3014.604
3023.262,1772289900,3024.316,3020.008,3020.008
3024.851,1772290800,3026.345,3022.556,3023.262
3024.02,1772291700,3027.462,3023.366,3024.853
3020.279,1772292600,3026.557,3018.857,3024.034
3017.51,1772293500,3022.983,3016.763,3020.28
3013.823,1772294400,3020.739,3013.617,3017.516
3011.613,1772295300,3013.992,3009.332,3013.826
3015.596,1772296200,3015.596,3011.482,3011.621
3017.574,1772297100,3018.068,3015.458,3015.602
3018.874,1772298000,3021.278,3017.293,3017.574
3019.552,1772298900,3019.552,3014.704,3018.875
3012.429,1772299800,3020.266,3011.447,3019.561
3014.612,1772300700,3014.612,3010.575,3012.435
2999.974,1772301600,3014.787,2997.252,3014.619
2998.859,1772302500,3003.324,2996.925,2999.977
2997.233,1772303400,3003.22,2996.781,2998.861
3002.683,1772304300,3002.683,2997.242,2997.242
3008.303,1772305200,3008.303,3002.696,3002.696
3013.834,1772306100,3013.834,3008.31,3008.31
3012.097,1772307000,3014.202,3009.078,3013.837
3016.101,1772307900,3016.101,3011.793,3012.107
3020.09,1772308800,3020.09,3016.109,3016.109
3020.855,1772309700,3024.984,3020.091,3020.091
3021.7,1772310600,3023.878,3019.261,3020.866
3019.908,1772311500,3022.357,3015.153,3021.707
3025.366,1772312400,3025.366,3019.917,3019.917
3026.51,1772313300,3027.25,3022.987,3025.373
3019.386,1772314200,3027.689,3016.376,3026.513
3021.379,1772315100,3023.569,3019.387,3019.387
3023.116,1772316000,3023.116,3019.265,3021.384
3020.518,1772316900,3024.037,3018.513,3023.127
3023.498,1772317800,3025.39,3020.521,3020.521
3029.094,1772318700,3029.094,3023.501,3023.501
3028.805,1772319600,3033.812,3028.22,3029.096
3028.935,1772320500,3029.066,3023.731,3028.809
3034.389,1772321400,3034.389,3028.943,3028.943
3037.197,1772322300,3038.503,3034.391,3034.391
3039.859,1772323200,3039.859,3035.802,3037.201
3029.663,1772324100,3040.566,3029.205,3039.86
3027.404,1772325000,3031.135,3024.693,3029.664
3020.798,1772325900,3029.562,3020.183,3027.408
3014.377,1772326800,3022.64,3013.624,3020.799
3011.22,1772327700,3014.853,3008.32,3014.378
3009.656,1772328600,3013.595,3007.767,3011.236
3015.046,1772329500,3015.046,3009.668,3009.668
3020.388,1772330400,3020.388,3015.06,3015.06
3025.728,1772331300,3025.728,3020.401,3020.401
3021.483,1772332200,3029.145,3021.364,3025.732
3020.163,1772333100,3023.549,3016.744,3021.488
3025.598,1772334000,3025.598,3020.17,3020.17
3025.494,1772334900,3025.965,3020.454,3025.6
3027.295,1772335800,3028.914,3024.893,3025.498
3027.624,1772336700,3029.954,3024.748,3027.305
3016.769,1772337600,3028.599,3014.543,3027.635
3018.997,1772338500,3020.312,3016.773,3016.773
3022.829,1772339400,3022.829,3017.928,3019.013
3022.986,1772340300,3027.004,3021.892,3022.832
3015.791,1772341200,3023.907,3015.573,3022.997
3016.491,1772342100,3018.025,3014.609,3015.796
3008.411,1772343000,3017.616,3008.011,3016.497
3009.682,1772343900,3009.682,3005.37,3008.417
3002.75,1772344800,3011.521,3002.113,3009.692
3007.905,1772345700,3007.905,3002.751,3002.751
3010.251,1772346600,3011.322,3007.905,3007.905
3003.979,1772347500,3012.242,3001.432,3010.254
2993.399,1772348400,3007.801,2993.176,3003.981
2991.807,1772349300,2996.227,2991.535,2993.413
2996.162,1772350200,2996.162,2991.814,2991.814
2993.553,1772351100,2996.313,2991.393,2996.174
2991.916,1772352000,2993.995,2989.616,2993.557
2995.201,1772352900,2995.201,2990.202,2991.917
3000.386,1772353800,3000.386,2995.21,2995.21
2998.589,1772354700,3002.569,2997.982,3000.398
2997.097,1772355600,3002.533,2995.538,2998.593
3002.278,1772356500,3002.278,2997.1,2997.1
2995.162,1772357400,3003.837,2992.926,3002.281
2997.794,1772358300,2999.204,2995.165,2995.165
3001.77,1772359200,3001.77,2997.797,2997.797
3007.022,1772360100,3007.022,3001.78,3001.78
3000.549,1772361000,3008.547,2998.522,3007.024
2991.225,1772361900,3001.908,2989.536,3000.557
2988.348,1772362800,2991.622,2985.417,2991.229
2986.197,1772363700,2990.57,2983.609,2988.353
2979.403,1772364600,2988.932,2977.983,2986.21
2983.212,1772365500,2983.212,2979.403,2979.403
2988.737,1772366400,2988.737,2983.214,2983.214
2988.831,1772367300,2990.572,2985.649,2988.742
2990.568,1772368200,2990.568,2985.914,2988.839
2991.649,1772369100,2994.224,2989.971,2990.572
2989.488,1772370000,2996.234,2989.386,2991.652
2992.466,1772370900,2992.466,2989.498,2989.498
2994.268,1772371800,2996.69,2992.474,2992.474
2999.636,1772372700,2999.636,2994.28,2994.28
3005.146,1772373600,3005.146,2999.64,2999.64
3010.551,1772374500,3010.551,3005.149,3005.149
3015.276,1772375400,3015.276,3010.553,3010.553
3017.917,1772376300,3017.917,3012.888,3015.283
3022.044,1772377200,3022.044,3017.919,3017.919
3024.337,1772378100,3027.277,3022.051,3022.051
3020.862,1772379000,3028.643,3020.678,3024.345
3026.449,1772379900,3026.449,3020.867,3020.867
3029.793,1772380800,3029.793,3026.434,3026.45
3029.823,1772381700,3031.239,3027.443,3029.793
3030.677,1772382600,3032.635,3028.161,3029.834
3028.087,1772383500,3035.884,3027.808,3030.682
3016.556,1772384400,3030.292,3016.161,3028.105
3014.966,1772385300,3016.825,3010.598,3016.556
3014.989,1772386200,3017.319,3012.809,3014.973
3020.751,1772387100,3020.751,3014.997,3014.997
3022.814,1772388000,3025.64,3020.753,3020.753
3027.11,1772388900,3027.11,3022.182,3022.821
3029.845,1772389800,3029.845,3025.108,3027.117
3032.977,1772390700,3033.959,3029.847,3029.847
3036.604,1772391600,3036.604,3031.808,3032.987
3034.269,1772392500,3036.808,3030.417,3036.617
3032.897,1772393400,3036.445,3032.752,3034.27
3038.221,1772394300,3038.221,3032.901,3032.901
3038.149,1772395200,3040.518,3036.975,3038.233
3030.627,1772396100,3040.558,3028.921,3038.152
3035.604,1772397000,3035.604,3030.631,3030.631
3034.517,1772397900,3036.672,3030.738,3035.615
3039.236,1772398800,3039.236,3034.525,3034.525
3044.565,1772399700,3044.565,3039.249,3039.249
3050.19,1772400600,3050.19,3044.566,3044.566
3050.006,1772401500,3051.189,3045.589,3050.191
3043.682,1772402400,3053.458,3042.686,3050.01
3036.111,1772403300,3045.986,3035.552,3043.69
3037.006,1772404200,3037.708,3033.092,3036.122
3034.579,1772405100,3039.312,3033.223,3037.006
3035.552,1772406000,3035.552,3032.52,3034.58
3038.921,1772406900,3038.921,3035.559,3035.559
3038.971,1772407800,3040.463,3035.199,3038.93
3039.797,1772408700,3041.11,3037.484,3038.982
3033.575,1772409600,3040.743,3029.765,3039.805
3035.666,1772410500,3035.713,3032.48,3033.577
3041.026,1772411400,3041.026,3035.673,3035.673
3034.642,1772412300,3041.763,3034.512,3041.039
3036.95,1772413200,3036.95,3033.413,3034.647
3032.043,1772414100,3038.609,3031.407,3036.954
3026.673,1772415000,3032.604,3024.21,3032.047
3029.282,1772415900,3029.61,3026.681,3026.681
3029.318,1772416800,3031.739,3028.117,3029.285
3034.761,1772417700,3034.761,3029.327,3029.327
3036.573,1772418600,3040.219,3034.762,3034.762
3038.342,1772419500,3038.342,3034.078,3036.581
3036.276,1772420400,3039.753,3034.372,3038.354
3041.311,1772421300,3041.608,3036.285,3036.285
3035.203,1772422200,3044.338,3033.749,3041.319
3040.734,1772423100,3040.734,3035.208,3035.208
3046.391,1772424000,3046.391,3040.734,3040.734
3029.172,1772424900,3047.801,3029.079,3046.398
3017.449,1772425800,3030.111,3016.859,3029.184
3017.562,1772426700,3019.275,3013.898,3017.452
3022.893,1772427600,3022.893,3017.578,3017.578
3027.273,1772428500,3027.273,3022.322,3022.902
3032.86,1772429400,3032.86,3027.273,3027.273
3033.701,1772430300,3037.644,3032.871,3032.871
3037.355,1772431200,3037.355,3033.707,3033.707
3036.316,1772432100,3037.456,3034.074,3037.358
3040.985,1772433000,3040.985,3036.323,3036.323
3040.062,1772433900,3044.09,3038.514,3040.991
3037.432,1772434800,3042.332,3037.223,3040.075
3036.849,1772435700,3040.553,3035.29,3037.437
3038.696,1772436600,3039.732,3036.097,3036.852
3035.864,1772437500,3039.058,3032.851,3038.7
3039.619,1772438400,3039.619,3035.578,3035.867
3040.037,1772439300,3042.187,3037.924,3039.632
3035.362,1772440200,3043.511,3034.925,3040.049
3026.204,1772441100,3036.207,3023.789,3035.372
3031.597,1772442000,3031.597,3026.212,3026.212
3026.008,1772442900,3033.626,3025.927,3031.598
3025.392,1772443800,3026.396,3022.978,3026.015
3016.838,1772444700,3025.534,3015.899,3025.401
3014.213,1772445600,3017.039,3009.41,3016.839
3018.664,1772446500,3018.864,3014.225,3014.225
3016.45,1772447400,3019.648,3012.146,3018.672
3015.31,1772448300,3017.208,3012.711,3016.451
3020.722,1772449200,3020.722,3015.315,3015.315
3024.063,1772450100,3024.063,3020.615,3020.734
3024.185,1772451000,3024.185,3019.786,3024.069
3019.045,1772451900,3024.203,3016.765,3024.196
3024.518,1772452800,3024.518,3019.049,3019.049
3030.01,1772453700,3030.01,3024.525,3024.525
3035.455,1772454600,3035.455,3030.023,3030.023
3030.616,1772455500,3038.4,3030.55,3035.457
3023.413,1772456400,3030.838,3018.305,3030.618
3025.374,1772457300,3025.374,3021.687,3023.421
3027.92,1772458200,3029.692,3025.377,3025.377
3030.419,1772459100,3033.102,3027.938,3027.938
3032.798,1772460000,3033.288,3030.42,3030.42
3033.696,1772460900,3035.893,3031.427,3032.802
3035.214,1772461800,3035.256,3030.792,3033.7
3037.168,1772462700,3037.168,3033.456,3035.224
3036.704,1772463600,3040.79,3034.882,3037.169
3034.854,1772464500,3038.831,3034.367,3036.707
3040.417,1772465400,3040.417,3034.86,3034.86
3024.551,1772466300,3041.14,3023.685,3040.419
3025.726,1772467200,3027.717,3023.54,3024.569
3025.622,1772468100,3027.909,3024.31,3025.734
3031.176,1772469000,3031.176,3025.634,3025.634
3029.4,1772469900,3034.329,3027.748,3031.188
3032.294,1772470800,3033.78,3029.401,3029.401
3037.779,1772471700,3037.779,3032.297,3032.297
3037.435,1772472600,3041.426,3035.695,3037.782
3042.687,1772473500,3042.687,3037.44,3037.44
3041.081,1772474400,3047.378,3040.567,3042.696
3039.072,1772475300,3043.57,3035.865,3041.085
3039.908,1772476200,3039.908,3034.724,3039.073
3042.174,1772477100,3042.174,3039.377,3039.916
3043.126,1772478000,3046.083,3041.948,3042.174
3040.659,1772478900,3047.01,3038.895,3043.132
3037.891,1772479800,3040.899,3035.523,3040.669
3037.04,1772480700,3040.414,3035.708,3037.896
3042.728,1772481600,3042.728,3037.051,3037.051
3047.144,1772482500,3047.252,3042.742,3042.742
3035.823,1772483400,3047.332,3035.706,3047.155
3041.203,1772484300,3041.203,3035.828,3035.828
3041.314,1772485200,3044.203,3038.807,3041.205
3040.39,1772486100,3043.232,3039.143,3041.315
3043.089,1772487000,3043.702,3040.399,3040.399
3046.215,1772487900,3046.215,3040.754,3043.091
3043.41,1772488800,3046.24,3038.366,3046.221
3026.731,1772489700,3043.443,3026.046,3043.412
3028.562,1772490600,3028.562,3023.376,3026.742
3027.51,1772491500,3032.216,3027.046,3028.569
3029.188,1772492400,3030.215,3027.518,3027.518
3029.258,1772493300,3029.97,3026.766,3029.201
3020.891,1772494200,3031.488,3019.28,3029.274
3026.245,1772495100,3026.245,3020.891,3020.891
3031.551,1772496000,3031.551,3026.249,3026.249
3020.392,1772496900,3031.635,3015.199,3031.559
3011.244,1772497800,3020.479,3009.931,3020.398
3011.158,1772498700,3016.462,3011.082,3011.248
3013.436,1772499600,3015.072,3011.174,3011.174
3016.535,1772500500,3018.071,3013.453,3013.453
3014.342,1772501400,3017.363,3012.985,3016.545
3014.383,1772502300,3017.668,3013.25,3014.346
3008.785,1772503200,3015.183,3007.994,3014.386
2999.831,1772504100,3009.148,2996.811,3008.785
2995.029,1772505000,3002.017,2992.697,2999.839
2994.331,1772505900,2995.739,2991.751,2995.033
2996.331,1772506800,2996.353,2994.34,2994.34
3000.833,1772507700,3000.833,2996.335,2996.335
3006.202,1772508600,3006.202,3000.842,3000.842
3011.476,1772509500,3011.476,3006.209,3006.209
3007.886,1772510400,3012.829,3004.966,3011.481
3009.224,1772511300,3010.615,3007.624,3007.896
3009.469,1772512200,3010.19,3004.924,3009.227
3002.482,1772513100,3012.411,3001.459,3009.475
3000.389,1772514000,3004.789,2999.223,3002.488
3005.128,1772514900,3005.128,3000.404,3000.404
3010.402,1772515800,3010.402,3005.138,3005.138
3010.966,1772516700,3011.338,3006.533,3010.405
3016.137,1772517600,3016.137,3010.971,3010.971
3019.041,1772518500,3019.041,3016.14,3016.14
3018.439,1772519400,3019.186,3013.0,3019.044
3022.487,1772520300,3022.487,3018.44,3018.44
3023.953,1772521200,3027.594,3022.49,3022.49
3027.294,1772522100,3027.294,3023.359,3023.96
3028.771,1772523000,3029.668,3026.569,3027.296
3034.141,1772523900,3034.141,3028.788,3028.788
3031.653,1772524800,3036.362,3030.911,3034.144
3035.579,1772525700,3035.579,3031.658,3031.658
3033.905,1772526600,3036.046,3031.196,3035.586
3039.558,1772527500,3039.558,3033.914,3033.914
3043.931,1772528400,3043.931,3039.565,3039.565
3044.288,1772529300,3045.358,3042.219,3043.933
3048.738,1772530200,3048.738,3044.288,3044.288
3054.254,1772531100,3054.254,3048.745,3048.745
3043.749,1772532000,3054.301,3040.206,3054.255
3049.049,1772532900,3049.049,3043.751,3043.751
3054.372,1772533800,3054.372,3049.05,3049.05
3057.858,1772534700,3057.858,3054.288,3054.376
3059.535,1772535600,3061.916,3057.86,3057.86
3062.421,1772536500,3062.421,3057.136,3057.136
3056.54,1772537400,3063.952,3054.023,3062.426
3062.134,1772538300,3062.134,3056.54,3056.54
3064.105,1772539200,3067.388,3062.138,3062.138
3067.319,1772540100,3067.319,3063.176,3064.106
3072.834,1772541000,3072.834,3067.334,3067.334
3060.093,1772541900,3074.442,3059.11,3072.838
3065.627,1772542800,3065.627,3060.098,3060.098
3058.885,1772543700,3067.411,3057.928,3065.633
3053.357,1772544600,3060.648,3053.269,3058.887
3053.573,1772545500,3054.524,3049.434,3053.365
3045.48,1772546400,3055.504,3043.793,3053.579
3040.71,1772547300,3045.538,3040.506,3045.482
3037.217,1772548200,3041.138,3034.177,3040.711
3029.041,1772549100,3037.737,3025.277,3037.22
3031.798,1772550000,3031.975,3029.05,3029.05
3036.16,1772550900,3036.16,3031.805,3031.805
3041.352,1772551800,3041.352,3036.164,3036.164
3046.853,1772552700,3046.853,3041.354,3041.354
3052.234,1772553600,3052.234,3046.864,3046.864
3047.122,1772554500,3054.213,3044.948,3052.242
3045.814,1772555400,3049.014,3042.058,3047.128
3039.825,1772556300,3048.724,3038.241,3045.82
3037.261,1772557200,3042.093,3035.914,3039.831
3042.732,1772558100,3042.732,3037.263,3037.263
3047.529,1772559000,3048.179,3042.738,3042.738
3049.832,1772559900,3049.832,3045.589,3047.543
3055.222,1772560800,3055.222,3049.836,3049.836
3048.436,1772561700,3056.197,3046.674,3055.23
3054.031,1772562600,3054.031,3048.444,3048.444
3056.972,1772563500,3057.181,3054.034,3054.034
3057.722,1772564400,3059.016,3055.449,3056.979
3038.776,1772565300,3058.124,3038.125,3057.734
3036.499,1772566200,3041.637,3036.446,3038.782
3041.771,1772567100,3041.771,3036.501,3036.501
3041.665,1772568000,3043.08,3038.857,3041.779
3042.692,1772568900,3044.336,3040.859,3041.665
3048.044,1772569800,3048.044,3042.702,3042.702
3047.49,1772570700,3050.31,3046.434,3048.053
3045.07,1772571600,3047.566,3042.095,3047.498
3050.626,1772572500,3050.626,3045.074,3045.074
3042.046,1772573400,3052.933,3041.071,3050.63
3040.195,1772574300,3045.613,3038.286,3042.048
3045.705,1772575200,3045.705,3040.203,3040.203
3051.095,1772576100,3051.095,3045.715,3045.715
3048.444,1772577000,3053.663,3045.904,3051.105
3052.019,1772577900,3052.019,3046.61,3048.447
3052.482,1772578800,3055.246,3050.236,3052.024
3058.039,1772579700,3058.039,3052.491,3052.491
3063.31,1772580600,3063.31,3058.043,3058.043
3066.666,1772581500,3066.666,3063.322,3063.322
3067.178,1772582400,3067.178,3061.998,3066.685
3072.605,1772583300,3072.605,3067.179,3067.179
3078.301,1772584200,3078.301,3072.61,3072.61
3078.622,1772585100,3078.732,3075.346,3078.301
3084.27,1772586000,3084.27,3078.627,3078.627
3089.583,1772586900,3089.583,3084.28,3084.28
3086.702,1772587800,3089.698,3083.643,3089.584
3092.206,1772588700,3092.206,3086.715,3086.715
3097.422,1772589600,3097.422,3092.21,3092.21
3099.528,1772590500,3101.87,3097.424,3097.424
3087.267,1772591400,3099.816,3086.24,3099.541
3084.744,1772592300,3090.094,3084.042,3087.276
3087.122,1772593200,3088.179,3084.753,3084.753
3083.64,1772594100,3088.744,3080.475,3087.128
3083.6,1772595000,3087.218,3081.721,3083.647
3089.068,1772595900,3089.068,3083.609,3083.609
3094.613,1772596800,3094.613,3089.077,3089.077
3086.786,1772597700,3096.676,3084.321,3094.62
3076.227,1772598600,3087.993,3074.211,3086.791
3073.295,1772599500,3076.463,3072.137,3076.234
3076.137,1772600400,3077.881,3073.304,3073.304
3076.366,1772601300,3078.266,3074.908,3076.139
3076.188,1772602200,3077.479,3073.682,3076.376
3078.499,1772603100,3079.064,3075.829,3076.198
3081.794,1772604000,3081.794,3078.516,3078.516
3077.42,1772604900,3083.164,3076.948,3081.798
3078.824,1772605800,3079.52,3075.353,3077.427
3080.239,1772606700,3080.359,3077.064,3078.838
3073.708,1772607600,3083.205,3071.991,3080.241
3075.208,1772608500,3075.522,3071.509,3073.708
3080.746,1772609400,3080.746,3075.225,3075.225
3082.346,1772610300,3084.364,3080.758,3080.758
3087.564,1772611200,3087.564,3082.347,3082.347
3080.513,1772612100,3088.289,3080.204,3087.578
3078.755,1772613000,3083.001,3075.894,3080.517
3081.114,1772613900,3081.194,3077.931,3078.756
3086.544,1772614800,3086.544,3081.115,3081.115
3089.091,1772615700,3089.091,3084.361,3086.552
3087.841,1772616600,3089.885,3084.649,3089.099
3093.427,1772617500,3093.427,3087.85,3087.85
3097.514,1772618400,3097.514,3093.436,3093.436
3094.667,1772619300,3097.8,3093.676,3097.516
3083.619,1772620200,3096.384,3082.585,3094.677
3087.275,1772621100,3087.275,3082.57,3083.622
3079.05,1772622000,3089.825,3078.589,3087.284
3084.501,1772622900,3084.501,3079.051,3079.051
3089.239,1772623800,3089.239,3084.43,3084.509
3082.982,1772624700,3090.943,3081.844,3089.254
3083.204,1772625600,3083.428,3079.643,3082.986
3088.79,1772626500,3088.79,3083.215,3083.215
3083.057,1772627400,3089.395,3080.787,3088.795
3088.622,1772628300,3088.622,3083.063,3083.063
3079.003,1772629200,3089.593,3077.082,3088.625
3075.224,1772630100,3080.908,3073.996,3079.012
3074.654,1772631000,3076.142,3072.793,3075.227
3074.809,1772631900,3080.239,3074.66,3074.66
3080.541,1772632800,3080.541,3074.814,3074.814
3070.025,1772633700,3082.346,3067.905,3080.556
3072.248,1772634600,3072.248,3068.138,3070.026
3077.161,1772635500,3077.719,3072.26,3072.26
3079.773,1772636400,3079.773,3076.797,3077.162
3078.988,1772637300,3081.99,3077.018,3079.776
3071.321,1772638200,3080.491,3068.778,3078.991
3067.18,1772639100,3072.699,3064.912,3071.325
3071.901,1772640000,3071.901,3067.185,3067.185
3071.702,1772640900,3072.366,3069.531,3071.904
3077.36,1772641800,3077.36,3071.711,3071.711
3079.913,1772642700,3082.661,3077.371,3077.371
3080.993,1772643600,3080.993,3078.439,3079.918
3080.603,1772644500,3081.398,3077.505,3081.009
3084.747,1772645400,3084.816,3080.609,3080.609
3077.431,1772646300,3088.683,3076.659,3084.756
3082.941,1772647200,3082.941,3077.444,3077.444
3079.969,1772648100,3083.57,3078.992,3082.951
3081.487,1772649000,3081.487,3076.6,3079.973
3074.408,1772649900,3083.677,3073.448,3081.489
3077.983,1772650800,3078.358,3074.409,3074.409
3083.397,1772651700,3083.397,3077.992,3077.992
3069.719,1772652600,3083.89,3067.901,3083.406
3074.623,1772653500,3074.623,3069.72,3069.72
3074.907,1772654400,3075.669,3071.662,3074.63
3080.384,1772655300,3080.384,3074.909,3074.909
3078.949,1772656200,3085.545,3078.7,3080.388
3084.35,1772657100,3084.35,3078.951,3078.951
3076.798,1772658000,3088.135,3074.934,3084.354
3074.492,1772658900,3078.012,3072.599,3076.806
3076.336,1772659800,3077.094,3073.368,3074.499
3076.085,1772660700,3080.894,3075.081,3076.341
3073.281,1772661600,3077.967,3071.957,3076.087
3075.915,1772662500,3077.296,3073.294,3073.294
3071.221,1772663400,3077.672,3067.381,3075.92
3067.95,1772664300,3072.181,3067.341,3071.229
3073.482,1772665200,3073.482,3067.953,3067.953
3065.274,1772666100,3078.392,3065.274,3073.488
3070.457,1772667000,3070.457,3065.28,3065.28
3073.009,1772667900,3075.106,3070.459,3070.459
3062.622,1772668800,3074.168,3062.034,3073.012
3060.881,1772669700,3065.654,3059.931,3062.624
3061.765,1772670600,3065.167,3060.887,3060.887
3067.261,1772671500,3067.261,3061.765,3061.765
3066.033,1772672400,3069.913,3065.123,3067.266
3068.126,1772673300,3070.588,3066.036,3066.036
3061.34,1772674200,3069.871,3060.948,3068.127
3066.703,1772675100,3066.703,3061.347,3061.347
3071.23,1772676000,3071.23,3066.705,3066.705
3071.265,1772676900,3071.905,3067.411,3071.235
3072.33,1772677800,3072.33,3066.874,3071.276
3068.342,1772678700,3075.237,3066.541,3072.336
3070.717,1772679600,3072.263,3068.35,3068.35
3071.895,1772680500,3076.221,3070.734,3070.734
3076.805,1772681400,3076.805,3071.411,3071.904
3066.12,1772682300,3077.723,3065.861,3076.809
3061.745,1772683200,3067.532,3059.841,3066.128
3064.346,1772684100,3064.346,3060.982,3061.758
3064.253,1772685000,3065.697,3063.023,3064.349
3063.517,1772685900,3064.847,3059.839,3064.262
3052.468,1772686800,3064.076,3051.904,3063.52
3042.15,1772687700,3053.346,3040.257,3052.479
3042.941,1772688600,3044.46,3041.503,3042.161
3048.519,1772689500,3048.519,3042.945,3042.945
3040.45,1772690400,3051.753,3040.004,3048.523
3043.791,1772691300,3043.791,3039.274,3040.455
3039.07,1772692200,3045.097,3037.12,3043.794
3036.781,1772693100,3040.515,3035.492,3039.077
3042.247,1772694000,3042.247,3036.781,3036.781
3039.787,1772694900,3043.958,3036.854,3042.262
3043.414,1772695800,3043.414,3039.794,3039.794
3040.98,1772696700,3047.691,3040.102,3043.417
3036.882,1772697600,3044.024,3035.309,3040.985
3042.23,1772698500,3042.23,3036.894,3036.894
3046.389,1772699400,3046.389,3042.238,3042.238
3029.959,1772700300,3046.83,3028.368,3046.397
3031.978,1772701200,3033.889,3029.964,3029.964
3031.979,1772702100,3035.649,3030.074,3031.992
3029.199,1772703000,3033.047,3029.144,3031.98
3028.006,1772703900,3031.382,3027.111,3029.203
3027.328,1772704800,3029.147,3024.418,3028.012
3030.886,1772705700,3030.886,3026.214,3027.335
3028.779,1772706600,3033.422,3028.009,3030.892
3020.117,1772707500,3029.869,3016.288,3028.784
3019.352,1772708400,3021.619,3017.584,3020.118
3024.75,1772709300,3024.75,3019.356,3019.356
3022.075,1772710200,3025.925,3020.379,3024.75
3019.504,1772711100,3023.8,3016.93,3022.087
3013.022,1772712000,3022.084,3012.61,3019.511
3017.191,1772712900,3017.191,3013.026,3013.026
3022.469,1772713800,3022.469,3017.194,3017.194
3027.877,1772714700,3027.877,3022.478,3022.478
3024.463,1772715600,3031.357,3023.428,3027.884
3024.457,1772716500,3026.945,3021.95,3024.465
3029.969,1772717400,3029.969,3024.463,3024.463
3025.505,1772718300,3031.146,3021.633,3029.974
3026.151,1772719200,3026.315,3021.518,3025.511
3029.05,1772720100,3029.05,3025.844,3026.158
3030.996,1772721000,3030.996,3026.81,3029.057
3030.427,1772721900,3031.546,3026.595,3031.012
3036.034,1772722800,3036.034,3030.44,3030.44
3031.466,1772723700,3036.041,3027.148,3036.041
3032.77,1772724600,3035.96,3031.471,3031.471
3038.241,1772725500,3038.241,3032.773,3032.773
3030.158,1772726400,3040.42,3028.807,3038.243
3026.624,1772727300,3032.272,3023.335,3030.158
3032.042,1772728200,3032.042,3026.635,3026.635
3030.627,1772729100,3034.58,3030.133,3032.049
3029.991,1772730000,3030.777,3025.308,3030.639
3028.822,1772730900,3032.233,3027.438,3029.996
3018.25,1772731800,3029.31,3017.817,3028.823
3022.099,1772732700,3022.099,3018.258,3018.258
3023.423,1772733600,3024.487,3021.548,3022.106
3021.958,1772734500,3026.055,3020.021,3023.429
3023.231,1772735400,3026.666,3021.966,3021.966
3017.371,1772736300,3025.333,3016.647,3023.243
3020.547,1772737200,3020.547,3017.257,3017.384
3023.606,1772738100,3023.606,3020.431,3020.556
3025.638,1772739000,3028.134,3023.611,3023.611
3027.845,1772739900,3029.135,3025.644,3025.644
3017.637,1772740800,3029.082,3017.535,3027.846
3021.09,1772741700,3022.063,3017.643,3017.643
3007.645,1772742600,3021.212,3006.623,3021.101
3013.258,1772743500,3013.258,3007.655,3007.655
3001.008,1772744400,3014.344,2998.04,3013.263
2996.032,1772745300,3004.538,2994.735,3001.017
3001.255,1772746200,3001.255,2996.043,2996.043
3006.849,1772747100,3006.849,3001.258,3001.258
3005.357,1772748000,3009.487,3004.424,3006.857
3008.225,1772748900,3009.381,3005.364,3005.364
3008.298,1772749800,3012.993,3007.672,3008.234
2993.875,1772750700,3009.687,2993.623,3008.302
2999.124,1772751600,2999.124,2993.881,2993.881
3002.242,1772752500,3002.26,2999.131,2999.131
3003.221,1772753400,3003.221,2998.25,3002.243
3002.03,1772754300,3004.851,3001.502,3003.221
3005.149,1772755200,3005.149,3001.216,3002.037
3010.666,1772756100,3010.666,3005.163,3005.163
3009.989,1772757000,3011.452,3006.689,3010.674
3011.608,1772757900,3011.624,3007.31,3010.003
3016.695,1772758800,3016.695,3011.608,3011.608
3017.385,1772759700,3017.385,3013.645,3016.704
3022.749,1772760600,3022.749,3017.397,3017.397
3014.052,1772761500,3024.754,3013.441,3022.753
3015.519,1772762400,3016.783,3012.845,3014.064
3008.504,1772763300,3016.359,3006.269,3015.531
3006.893,1772764200,3010.591,3004.955,3008.51
2997.887,1772765100,3007.697,2997.669,3006.9
3003.196,1772766000,3003.196,2997.896,2997.896
3005.77,1772766900,3005.77,3002.368,3003.199
3003.354,1772767800,3007.916,3001.734,3005.771
2999.726,1772768700,3004.224,2999.608,3003.356
3003.009,1772769600,3003.009,2997.711,2999.733
3008.407,1772770500,3008.407,3003.01,3003.01
3013.768,1772771400,3013.768,3008.41,3008.41
3007.845,1772772300,3017.112,3006.658,3013.775
3007.22,1772773200,3008.97,3003.223,3007.847
3001.154,1772774100,3007.59,2999.399,3007.234
3004.561,1772775000,3005.259,3001.154,3001.154
3004.606,1772775900,3006.529,3002.949,3004.567
3007.576,1772776800,3007.895,3004.608,3004.608
3003.061,1772777700,3009.373,3002.813,3007.578
3001.815,1772778600,3003.713,2997.408,3002.812
3007.046,1772779500,3007.046,3001.824,3001.824
3010.927,1772780400,3010.927,3007.053,3007.053
3001.885,1772781300,3011.287,3001.406,3010.93
3004.785,1772782200,3005.742,3001.166,3001.896
3007.493,1772783100,3009.97,3004.785,3004.785
3011.198,1772784000,3011.198,3007.497,3007.497
3011.17,1772784900,3013.031,3008.874,3011.202
3012.206,1772785800,3015.488,3011.18,3011.18
3005.642,1772786700,3013.769,3003.649,3012.214
3002.804,1772787600,3006.149,3001.645,3005.652
2986.872,1772788500,3004.447,2986.371,3002.805
2987.833,1772789400,2991.365,2986.813,2986.874
2989.781,1772790300,2992.699,2987.839,2987.839
2990.781,1772791200,2990.781,2986.168,2989.783
2995.889,1772792100,2995.889,2990.786,2990.786
3001.161,1772793000,3001.161,2995.893,2995.893
3000.724,1772793900,3001.439,2997.057,3001.165
3003.213,1772794800,3003.213,2999.892,3000.735
3007.906,1772795700,3007.906,3003.225,3003.225
3007.753,1772796600,3008.529,3003.234,3007.911
3009.115,1772797500,3010.584,3006.436,3007.762
3009.365,1772798400,3010.235,3005.279,3009.118
3008.221,1772799300,3010.31,3004.18,3009.38
3013.476,1772800200,3013.476,3008.223,3008.223
3002.576,1772801100,3014.03,3001.764,3013.48
2994.167,1772802000,3004.571,2993.16,3002.589
2991.59,1772802900,2995.857,2988.657,2994.168
2996.944,1772803800,2996.944,2991.592,2991.592
3000.947,1772804700,3000.947,2996.949,2996.949
3000.567,1772805600,3004.671,3000.297,3000.958
3006.146,1772806500,3006.146,3000.572,3000.572
3002.883,1772807400,3008.218,3001.228,3006.157
3006.644,1772808300,3006.644,3002.885,3002.885
2998.97,1772809200,3007.505,2998.535,3006.654
2998.165,1772810100,3000.41,2994.312,2998.971
2996.916,1772811000,2999.014,2994.255,2998.167
3002.411,1772811900,3002.411,2996.924,2996.924
3003.783,1772812800,3003.783,2999.766,3002.418
2999.368,1772813700,3006.296,2996.672,3003.785
3004.692,1772814600,3004.692,2999.38,2999.38
3004.595,1772815500,3009.093,3003.933,3004.695
3009.973,1772816400,3009.973,3004.606,3004.606
3007.764,1772817300,3013.511,3007.125,3009.978
3006.802,1772818200,3009.689,3003.863,3007.776
3008.317,1772819100,3008.317,3003.851,3006.808
3013.979,1772820000,3013.979,3008.323,3008.323
3017.279,1772820900,3017.309,3013.987,3013.987
3020.206,1772821800,3020.206,3016.175,3017.286
3013.023,1772822700,3022.761,3012.746,3020.213
3014.266,1772823600,3015.436,3011.263,3013.026
3012.679,1772824500,3015.847,3008.833,3014.275
3010.331,1772825400,3016.279,3008.596,3012.69
3010.09,1772826300,3014.086,3008.679,3010.335
3010.034,1772827200,3010.259,3004.901,3010.096
3005.117,1772828100,3010.991,3003.963,3010.044
3010.076,1772829000,3010.076,3004.781,3005.123
3015.602,1772829900,3015.602,3010.077,3010.077
3012.252,1772830800,3016.963,3011.165,3015.609
3008.681,1772831700,3013.393,3005.095,3012.254
3014.124,1772832600,3014.124,3008.686,3008.686
3011.138,1772833500,3015.467,3008.791,3014.129
3011.239,1772834400,3012.03,3006.699,3011.141
3009.848,1772835300,3012.07,3007.777,3011.257
3008.402,1772836200,3010.281,3003.593,3009.849
3013.279,1772837100,3013.279,3008.403,3008.403
3013.271,1772838000,3016.473,3011.103,3013.289
3009.403,1772838900,3017.018,3009.109,3013.273
3013.361,1772839800,3013.361,3008.007,3009.413
3015.818,1772840700,3015.818,3013.057,3013.367
3016.903,1772841600,3016.903,3011.642,3015.826
3022.324,1772842500,3022.324,3016.907,3016.907
3021.516,1772843400,3025.949,3019.771,3022.329
3024.893,1772844300,3024.893,3021.519,3021.519
3017.032,1772845200,3026.563,3015.242,3024.895
3007.023,1772846100,3017.362,3005.476,3017.034
3006.674,1772847000,3009.763,3005.235,3007.036
3010.674,1772847900,3010.674,3005.372,3006.677
3015.314,1772848800,3015.607,3010.681,3010.681
3016.077,1772849700,3016.69,3012.751,3015.321
3015.447,1772850600,3019.156,3013.862,3016.083
3010.156,1772851500,3018.552,3009.507,3015.448
3014.072,1772852400,3014.072,3010.163,3010.163
3012.591,1772853300,3017.392,3012.504,3014.076
2988.173,1772854200,3013.182,2987.833,3012.592
2988.099,1772855100,2992.451,2987.193,2988.181
2986.587,1772856000,2989.057,2983.833,2988.101
2991.896,1772856900,2991.896,2986.595,2986.595
2997.158,1772857800,2997.158,2991.898,2991.898
2984.556,1772858700,2997.941,2983.25,2997.163
2988.445,1772859600,2988.445,2984.167,2984.567
2978.372,1772860500,2989.067,2978.184,2988.447
2976.859,1772861400,2980.831,2976.449,2978.373
2981.461,1772862300,2981.642,2976.862,2976.862
2977.913,1772863200,2982.749,2977.737,2981.476
2975.443,1772864100,2979.279,2974.146,2977.921
2978.44,1772865000,2979.155,2975.444,2975.444
2974.585,1772865900,2983.044,2974.475,2978.441
2973.711,1772866800,2977.522,2971.32,2974.585
2974.301,1772867700,2975.647,2972.301,2973.724
2953.769,1772868600,2975.427,2952.202,2974.302
2952.235,1772869500,2958.105,2951.987,2953.77
2955.763,1772870400,2955.763,2952.239,2952.239
2960.464,1772871300,2961.099,2955.774,2955.774
2965.055,1772872200,2965.055,2960.469,2960.469
2966.805,1772873100,2967.002,2964.121,2965.061
2969.464,1772874000,2972.1,2966.819,2966.819
2974.871,1772874900,2974.871,2969.465,2969.465
2979.322,1772875800,2979.322,2974.876,2974.876
2980.238,1772876700,2983.186,2978.696,2979.328
2978.991,1772877600,2981.07,2976.699,2980.245
2980.266,1772878500,2981.965,2978.012,2978.995
2974.614,1772879400,2981.241,2971.35,2980.271
2979.686,1772880300,2979.686,2974.627,2974.627
2977.531,1772881200,2980.743,2975.367,2979.693
2981.454,1772882100,2981.454,2977.533,2977.533
2979.029,1772883000,2982.509,2977.052,2981.457
2978.402,1772883900,2981.904,2975.94,2979.037
2978.405,1772884800,2979.56,2976.091,2978.411
2978.906,1772885700,2980.758,2976.426,2978.407
2980.771,1772886600,2983.013,2978.92,2978.92
2985.089,1772887500,2985.089,2980.778,2980.778
2985.906,1772888400,2985.988,2981.495,2985.09
2982.026,1772889300,2987.602,2981.758,2985.917
2975.666,1772890200,2983.882,2975.438,2982.03
2972.068,1772891100,2978.364,2969.545,2975.668
2969.254,1772892000,2973.268,2968.68,2972.073
2972.788,1772892900,2972.788,2967.566,2969.263
2973.155,1772893800,2973.155,2967.938,2972.8
2978.282,1772894700,2978.282,2973.157,2973.157
2980.883,1772895600,2980.883,2977.359,2978.282
2972.475,1772896500,2981.265,2971.146,2980.89
2975.406,1772897400,2977.45,2972.482,2972.482
2972.769,1772898300,2977.943,2971.654,2975.412
2976.539,1772899200,2976.539,2972.77,2972.77
2981.791,1772900100,2981.791,2976.548,2976.548
2981.358,1772901000,2984.882,2981.206,2981.797
2977.057,1772901900,2984.543,2976.389,2981.364
2982.514,1772902800,2982.514,2977.069,2977.069
2985.741,1772903700,2985.741,2982.514,2982.514
2985.928,1772904600,2986.24,2982.582,2985.749
2991.269,1772905500,2991.269,2985.937,2985.937
2989.981,1772906400,2992.288,2988.298,2991.28
2989.794,1772907300,2995.302,2989.74,2989.986
2985.959,1772908200,2991.335,2984.305,2989.799
2990.308,1772909100,2990.308,2985.964,2985.964
2985.966,1772910000,2992.727,2983.864,2990.312
2979.508,1772910900,2986.391,2976.927,2985.973
2978.864,1772911800,2983.435,2978.557,2979.523
2984.093,1772912700,2984.093,2978.864,2978.864
2984.335,1772913600,2984.392,2979.593,2984.101
2978.764,1772914500,2986.916,2977.387,2984.346
2980.019,1772915400,2980.693,2977.565,2978.778
2974.777,1772916300,2984.405,2974.559,2980.027
2977.425,1772917200,2979.502,2974.787,2974.787
2977.448,1772918100,2979.496,2975.982,2977.431
2982.052,1772919000,2982.052,2977.46,2977.46
2972.489,1772919900,2983.366,2970.912,2982.055
2965.863,1772920800,2974.174,2965.437,2972.493
2969.165,1772921700,2969.165,2965.868,2965.868
2967.175,1772922600,2970.081,2963.686,2969.172
2955.086,1772923500,2967.85,2952.6,2967.182
2947.55,1772924400,2955.441,2947.184,2955.087
2930.567,1772925300,2948.559,2929.16,2947.568
2930.159,1772926200,2933.575,2929.56,2930.576
2935.478,1772927100,2935.478,2930.166,2930.166
2932.514,1772928000,2936.404,2930.469,2935.482
2935.171,1772928900,2935.171,2932.522,2932.522
2934.643,1772929800,2938.061,2933.004,2935.174
2938.389,1772930700,2938.389,2934.648,2934.648
2941.174,1772931600,2941.174,2937.702,2938.398
2942.364,1772932500,2942.364,2938.074,2941.18
2933.687,1772933400,2942.768,2932.044,2942.375
2926.127,1772934300,2935.191,2924.543,2933.7
2923.322,1772935200,2926.429,2921.725,2926.13
2928.434,1772936100,2928.434,2923.326,2923.326
2933.648,1772937000,2933.648,2928.437,2928.437
2932.425,1772937900,2935.07,2929.476,2933.659
2928.397,1772938800,2933.925,2926.269,2932.428
2923.944,1772939700,2928.653,2921.544,2928.4
2920.412,1772940600,2926.822,2920.099,2923.948
2920.805,1772941500,2923.42,2919.675,2920.413
2924.95,1772942400,2924.95,2920.268,2920.808
2930.186,1772943300,2930.186,2924.951,2924.951
2919.22,1772944200,2931.737,2919.136,2930.188
2917.523,1772945100,2919.995,2916.125,2919.227
2918.131,1772946000,2918.218,2914.429,2917.537
2915.493,1772946900,2919.972,2913.465,2918.144
2897.455,1772947800,2915.566,2894.53,2915.5
2886.735,1772948700,2898.291,2886.158,2897.457
2880.599,1772949600,2887.965,2878.425,2886.737
2885.494,1772950500,2885.494,2880.603,2880.603
2885.303,1772951400,2889.101,2884.814,2885.507
2879.867,1772952300,2885.892,2879.312,2885.307
2883.448,1772953200,2883.448,2879.879,2879.879
2885.503,1772954100,2885.995,2882.867,2883.465
2880.999,1772955000,2887.486,2878.496,2885.504
2881.941,1772955900,2882.77,2880.019,2881.006
2880.561,1772956800,2884.65,2877.916,2881.946
2885.914,1772957700,2885.914,2880.564,2880.564
2891.143,1772958600,2891.143,2885.922,2885.922
2896.546,1772959500,2896.546,2891.153,2891.153
2896.889,1772960400,2897.511,2895.283,2896.555
2899.096,1772961300,2899.096,2895.473,2896.898
2896.3,1772962200,2899.816,2895.424,2899.104
2889.739,1772963100,2896.438,2887.599,2896.31
2889.294,1772964000,2892.114,2887.281,2889.741
2885.944,1772964900,2889.638,2884.06,2889.306
2889.788,1772965800,2889.788,2885.949,2885.949
2894.963,1772966700,2894.963,2889.794,2889.794
2888.813,1772967600,2896.053,2888.722,2894.972
2894.085,1772968500,2894.085,2888.815,2888.815
2895.839,1772969400,2898.906,2894.092,2894.092
2900.352,1772970300,2900.352,2895.85,2895.85
2901.966,1772971200,2903.804,2900.361,2900.361
2898.737,1772972100,2903.213,2895.835,2901.969
2897.976,1772973000,2901.111,2895.362,2898.744
2903.339,1772973900,2903.339,2897.979,2897.979
2904.015,1772974800,2908.578,2903.345,2903.345
2909.076,1772975700,2909.076,2904.025,2904.025
2907.922,1772976600,2910.348,2905.894,2909.077
2908.088,1772977500,2909.33,2905.115,2907.934
2903.057,1772978400,2911.262,2902.919,2908.094
2901.216,1772979300,2904.072,2899.381,2903.069
2901.913,1772980200,2905.223,2900.389,2901.223
2893.543,1772981100,2904.319,2892.833,2901.92
2895.808,1772982000,2895.808,2891.039,2893.549
2895.232,1772982900,2897.564,2891.865,2895.81
2891.506,1772983800,2895.501,2889.142,2895.244
2896.898,1772984700,2896.898,2891.512,2891.512
2899.177,1772985600,2899.508,2896.639,2896.899
2893.307,1772986500,2900.023,2891.313,2899.189
2896.275,1772987400,2897.17,2893.316,2893.316
2898.847,1772988300,2900.059,2896.282,2896.282
2904.253,1772989200,2904.253,2898.849,2898.849
2903.236,1772990100,2904.821,2898.501,2904.262
2904.931,1772991000,2907.173,2903.245,2903.245
2910.085,1772991900,2910.085,2904.932,2904.932
2915.386,1772992800,2915.386,2910.088,2910.088
2911.69,1772993700,2917.067,2910.625,2915.392
2916.845,1772994600,2916.845,2911.692,2911.692
2916.78,1772995500,2918.523,2913.667,2916.845
2914.233,1772996400,2917.538,2910.104,2916.78
2919.768,1772997300,2919.768,2914.239,2914.239
2919.059,1772998200,2922.77,2917.7,2919.771
2924.274,1772999100,2924.274,2919.062,2919.062
2916.346,1773000000,2925.062,2912.204,2924.28
2921.527,1773000900,2921.527,2916.35,2916.35
2925.303,1773001800,2925.303,2920.551,2921.53
2924.964,1773002700,2929.885,2924.171,2925.304
2930.326,1773003600,2930.326,2924.973,2924.973
2926.786,1773004500,2930.537,2921.977,2930.333
2931.233,1773005400,2931.233,2926.637,2926.792
2935.393,1773006300,2935.393,2931.236,2931.236
2938.429,1773007200,2938.429,2933.345,2935.407
2935.862,1773008100,2939.798,2933.618,2938.445
2919.801,1773009000,2936.874,2919.801,2935.865
2915.163,1773009900,2920.302,2912.902,2919.803
2918.275,1773010800,2918.275,2913.482,2915.168
2923.752,1773011700,2923.752,2918.29,2918.29
2920.589,1773012600,2924.261,2916.257,2923.753
2921.003,1773013500,2921.904,2918.043,2920.601
2924.018,1773014400,2924.018,2921.01,2921.01
2925.116,1773015300,2926.424,2923.496,2924.022
2921.086,1773016200,2925.611,2918.273,2925.117
2926.299,1773017100,2926.299,2921.097,2921.097
2926.049,1773018000,2927.645,2924.082,2926.304
2914.332,1773018900,2928.539,2913.825,2926.059
2919.597,1773019800,2919.597,2914.339,2914.339
2925.157,1773020700,2925.157,2919.601,2919.601
2928.248,1773021600,2928.248,2923.603,2925.159
2930.887,1773022500,2931.373,2928.252,2928.252
2930.501,1773023400,2933.305,2929.2,2930.904
2930.305,1773024300,2931.289,2925.862,2930.502
2927.823,1773025200,2933.987,2927.291,2930.309
2927.989,1773026100,2928.244,2923.167,2927.829
2933.402,1773027000,2933.402,2928.005,2928.005
2926.588,1773027900,2935.522,2926.563,2933.408
2927.715,1773028800,2930.402,2926.199,2926.595
2933.068,1773029700,2933.068,2927.716,2927.716
2922.7,1773030600,2933.778,2921.257,2933.073
2927.819,1773031500,2927.819,2922.723,2922.723
2925.747,1773032400,2929.293,2924.512,2927.824
2931.164,1773033300,2931.164,2925.752,2925.752
2936.547,1773034200,2936.547,2931.171,2931.171
2933.193,1773035100,2938.026,2933.163,2936.547
2935.71,1773036000,2938.245,2933.201,2933.201
2941.023,1773036900,2941.023,2935.712,2935.712
2942.843,1773037800,2944.979,2941.024,2941.024
2941.496,1773038700,2944.657,2941.297,2942.845
2946.775,1773039600,2946.775,2941.5,2941.5
2952.198,1773040500,2952.198,2946.78,2946.78
2956.074,1773041400,2956.074,2951.385,2952.206
2952.955,1773042300,2958.147,2951.719,2956.079
2941.212,1773043200,2953.482,2941.212,2952.963
2946.579,1773044100,2946.579,2941.214,2941.214
2950.551,1773045000,2951.842,2946.581,2946.581
2956.031,1773045900,2956.031,2950.554,2950.554
2958.444,1773046800,2958.444,2955.099,2956.033
2959.559,1773047700,2959.559,2954.901,2958.445
2951.084,1773048600,2960.479,2950.18,2959.562
2956.016,1773049500,2956.016,2951.091,2951.091
2957.843,1773050400,2958.81,2955.109,2956.023
2942.025,1773051300,2959.756,2940.639,2957.855
2940.395,1773052200,2944.887,2937.924,2942.025
2942.678,1773053100,2943.432,2940.402,2940.402
2939.211,1773054000,2942.828,2936.787,2942.679
2939.993,1773054900,2940.077,2935.807,2939.215
2940.018,1773055800,2941.908,2937.969,2939.999
2942.342,1773056700,2942.342,2938.591,2940.035
2947.748,1773057600,2947.748,2942.35,2942.35
2949.585,1773058500,2950.18,2946.477,2947.754
2951.866,1773059400,2951.866,2946.591,2949.594
2947.353,1773060300,2954.276,2944.839,2951.87
2942.258,1773061200,2949.531,2941.994,2946.312
2937.559,1773062100,2942.333,2934.897,2942.261
2927.475,1773063000,2938.285,2926.023,2937.564
2929.465,1773063900,2931.122,2927.48,2927.48
2934.761,1773064800,2934.761,2929.469,2929.469
2930.588,1773065700,2936.257,2928.047,2934.769
2926.932,1773066600,2931.682,2924.515,2930.588
2922.825,1773067500,2928.712,2921.861,2926.933
2926.1,1773068400,2926.1,2922.828,2922.828
2923.634,1773069300,2927.359,2920.501,2926.101
2928.973,1773070200,2928.973,2923.639,2923.639
2934.213,1773071100,2934.213,2928.98,2928.98
2932.386,1773072000,2934.806,2928.687,2934.217
2937.804,1773072900,2937.804,2932.387,2932.387
2943.045,1773073800,2943.045,2937.809,2937.809
2943.718,1773074700,2947.377,2943.049,2943.049
2942.977,1773075600,2948.674,2942.713,2943.721
2948.185,1773076500,2948.185,2942.99,2942.99
2944.406,1773077400,2949.562,2941.984,2948.19
2943.585,1773078300,2947.109,2942.642,2944.413
2939.868,1773079200,2944.557,2937.588,2943.591
2943.137,1773080100,2943.141,2939.872,2939.872
2931.608,1773081000,2944.32,2930.518,2943.14
2930.848,1773081900,2932.317,2927.004,2931.614
2930.554,1773082800,2933.238,2930.057,2930.855
2930.287,1773083700,2932.605,2929.18,2930.564
2935.602,1773084600,2935.602,2930.298,2930.298
2938.93,1773085500,2938.93,2935.055,2935.611
2944.163,1773086400,2944.163,2938.933,2938.933
2945.961,1773087300,2947.007,2943.37,2944.164
2943.349,1773088200,2947.231,2939.229,2945.965
2947.56,1773089100,2947.787,2943.352,2943.352
2952.093,1773090000,2952.093,2947.563,2947.563
2948.285,1773090900,2953.063,2947.028,2952.093
2948.023,1773091800,2952.663,2947.046,2948.293
2949.579,1773092700,2952.53,2948.025,2948.025
2947.117,1773093600,2952.723,2946.089,2949.586
2941.783,1773094500,2949.007,2939.843,2947.117
2939.731,1773095400,2943.498,2937.921,2941.79
2945.089,1773096300,2945.089,2939.738,2939.738
2949.083,1773097200,2949.083,2945.092,2945.092
2954.051,1773098100,2954.051,2949.085,2949.085
2953.226,1773099000,2955.703,2949.482,2954.052
2940.402,1773099900,2953.492,2938.181,2953.229
2942.405,1773100800,2944.282,2940.404,2940.404
2944.214,1773101700,2945.707,2942.409,2942.409
2945.512,1773102600,2946.14,2943.99,2944.217
2950.609,1773103500,2950.609,2945.521,2945.521
2954.072,1773104400,2955.246,2950.61,2950.61
2942.246,1773105300,2955.711,2941.925,2954.076
2941.542,1773106200,2943.815,2937.68,2942.258
2934.986,1773107100,2941.84,2932.421,2941.543
2937.099,1773108000,2937.099,2933.653,2934.994
2939.18,1773108900,2941.856,2937.108,2937.108
2936.631,1773109800,2941.988,2934.82,2939.193
2941.424,1773110700,2941.424,2936.641,2936.641
2936.255,1773111600,2944.696,2935.137,2941.432
2939.615,1773112500,2939.615,2936.27,2936.27
2941.556,1773113400,2941.556,2937.366,2939.623
2942.506,1773114300,2945.317,2940.862,2941.556
2943.837,1773115200,2944.85,2940.961,2942.512
2946.307,1773116100,2946.633,2943.839,2943.839
2936.56,1773117000,2946.834,2936.384,2946.318
2934.549,1773117900,2938.676,2933.66,2936.56
2938.294,1773118800,2938.294,2934.56,2934.56
2932.199,1773119700,2940.376,2931.921,2938.295
2927.528,1773120600,2932.409,2924.25,2932.203
2928.522,1773121500,2928.522,2925.872,2927.529
2932.773,1773122400,2932.773,2928.535,2928.535
2935.544,1773123300,2935.544,2932.108,2932.789
2923.089,1773124200,2935.638,2922.983,2935.547
2927.767,1773125100,2928.337,2923.094,2923.094
2928.857,1773126000,2930.373,2926.045,2927.772
2921.878,1773126900,2931.39,2921.08,2928.862
2927.133,1773127800,2927.133,2921.88,2921.88
2917.558,1773128700,2931.071,2916.633,2927.141
2913.955,1773129600,2920.578,2913.506,2917.564
2918.363,1773130500,2918.363,2913.96,2913.96
2918.725,1773131400,2919.963,2915.226,2918.368
2911.903,1773132300,2921.781,2910.747,2918.731
2916.1,1773133200,2916.1,2911.314,2911.906
2919.267,1773134100,2919.267,2916.104,2916.104
2916.884,1773135000,2919.686,2913.279,2919.267
2915.866,1773135900,2919.427,2915.521,2916.9
2921.036,1773136800,2921.036,2915.87,2915.87
2914.704,1773137700,2921.932,2913.855,2921.037
2919.065,1773138600,2919.065,2914.708,2914.708
2920.764,1773139500,2923.136,2919.07,2919.07
2925.571,1773140400,2925.571,2920.765,2920.765
2928.597,1773141300,2929.368,2925.573,2925.573
2933.886,1773142200,2933.886,2928.607,2928.607
2933.88,1773143100,2934.66,2929.537,2933.886
2929.397,1773144000,2935.899,2926.875,2933.882
2928.349,1773144900,2931.296,2927.379,2929.406
2933.451,1773145800,2933.451,2928.36,2928.36
2931.772,1773146700,2936.279,2929.913,2933.451
2931.579,1773147600,2932.775,2929.977,2931.78
2932.577,1773148500,2934.307,2930.175,2931.581
2932.887,1773149400,2935.094,2932.58,2932.58
2932.473,1773150300,2936.293,2932.184,2932.887
2930.865,1773151200,2932.802,2928.771,2932.479
2929.964,1773152100,2931.986,2926.073,2930.874
2928.113,1773153000,2932.316,2925.805,2929.966
2933.373,1773153900,2933.373,2928.119,2928.119
2932.424,1773154800,2935.077,2928.664,2933.377
2935.93,1773155700,2935.93,2931.332,2932.429
2934.977,1773156600,2939.9,2933.69,2935.935
2940.367,1773157500,2940.367,2934.983,2934.983
2936.177,1773158400,2941.422,2935.4,2940.371
2927.25,1773159300,2936.986,2924.727,2936.183
2918.537,1773160200,2927.995,2917.726,2927.254
2916.418,1773161100,2921.304,2916.023,2918.542
2921.662,1773162000,2921.662,2916.421,2916.421
2920.225,1773162900,2922.882,2916.185,2921.664
2912.641,1773163800,2922.718,2910.751,2920.227
2915.629,1773164700,2915.629,2911.381,2912.641
2910.953,1773165600,2916.524,2910.953,2915.638
2915.984,1773166500,2915.984,2910.958,2910.958
2913.112,1773167400,2918.188,2910.121,2915.985
2912.609,1773168300,2915.657,2911.348,2913.122
2912.943,1773169200,2914.063,2908.965,2912.62
2917.915,1773170100,2917.915,2912.947,2912.947
2911.266,1773171000,2918.919,2910.627,2917.922
2916.404,1773171900,2916.404,2911.275,2911.275
2921.741,1773172800,2921.741,2916.408,2916.408
2913.396,1773173700,2922.368,2912.295,2921.741
2918.83,1773174600,2918.83,2913.402,2913.402
2915.637,1773175500,2921.236,2915.368,2918.835
2915.024,1773176400,2919.709,2914.941,2915.637
2920.411,1773177300,2920.411,2915.038,2915.038
2925.523,1773178200,2925.523,2920.427,2920.427
2920.952,1773179100,2925.815,2918.151,2925.527
2924.685,1773180000,2926.113,2920.955,2920.955
2929.968,1773180900,2929.968,2924.688,2924.688
2935.419,1773181800,2935.419,2929.98,2929.98
2929.821,1773182700,2937.045,2929.257,2935.428
2927.547,1773183600,2929.946,2923.058,2929.823
2925.908,1773184500,2929.948,2923.159,2927.547
2922.543,1773185400,2928.735,2922.155,2925.916
2924.953,1773186300,2924.953,2921.122,2922.552
2921.574,1773187200,2926.438,2921.062,2924.96
2926.621,1773188100,2926.621,2921.582,2921.582
2929.534,1773189000,2929.534,2926.626,2926.626
2925.286,1773189900,2931.407,2922.73,2929.537
2930.516,1773190800,2930.516,2925.289,2925.289
2935.177,1773191700,2935.177,2930.516,2930.516
2937.486,1773192600,2937.486,2933.588,2935.178
2938.748,1773193500,2940.597,2937.427,2937.496
2940.113,1773194400,2940.727,2936.647,2938.751
2945.386,1773195300,2945.386,2940.117,2940.117
2947.769,1773196200,2950.336,2945.397,2945.397
2950.195,1773197100,2950.195,2946.725,2947.773
2953.024,1773198000,2953.024,2949.942,2950.197
2951.188,1773198900,2953.804,2950.45,2953.036
2953.541,1773199800,2953.541,2951.195,2951.195
2958.764,1773200700,2958.764,2953.556,2953.556
2964.212,1773201600,2964.212,2958.766,2958.766
2965.632,1773202500,2966.403,2962.326,2964.218
2971.21,1773203400,2971.21,2965.635,2965.635
2974.48,1773204300,2974.788,2971.214,2971.214
2978.697,1773205200,2979.178,2974.49,2974.49
2983.389,1773206100,2983.389,2978.698,2978.698
2984.576,1773207000,2987.23,2983.129,2983.393
2985.598,1773207900,2988.946,2984.576,2984.576
2987.87,1773208800,2987.87,2983.019,2985.604
2990.514,1773209700,2992.396,2987.875,2987.875
2995.782,1773210600,2995.782,2990.514,2990.514
2981.904,1773211500,2996.647,2981.334,2995.783
2974.033,1773212400,2982.757,2973.919,2981.915
2978.465,1773213300,2978.465,2973.876,2974.034
2981.498,1773214200,2981.498,2976.405,2978.476
2986.824,1773215100,2986.824,2981.502,2981.502
2992.232,1773216000,2992.232,2986.83,2986.83
2987.851,1773216900,2994.686,2985.969,2992.242
2992.163,1773217800,2992.163,2987.295,2987.854
2997.443,1773218700,2997.443,2992.172,2992.172
2997.211,1773219600,3002.281,2996.878,2997.45
2995.997,1773220500,3000.428,2995.578,2997.214
2990.731,1773221400,2996.625,2988.701,2996.0
2990.844,1773222300,2991.31,2987.99,2990.738
2993.677,1773223200,2993.677,2988.98,2990.845
2982.357,1773224100,2993.819,2980.866,2993.678
2977.67,1773225000,2983.707,2975.554,2982.358
2983.039,1773225900,2983.039,2977.681,2977.681
2987.24,1773226800,2987.24,2982.546,2983.044
2985.759,1773227700,2987.414,2983.591,2987.245
2983.521,1773228600,2986.786,2982.199,2985.764
2974.798,1773229500,2983.909,2974.792,2983.526
2966.468,1773230400,2975.482,2965.637,2974.809
2969.361,1773231300,2969.361,2966.473,2966.473
2974.489,1773232200,2974.489,2969.366,2969.366
2979.842,1773233100,2979.842,2974.5,2974.5
2979.319,1773234000,2979.926,2974.184,2979.848
2981.523,1773234900,2983.268,2979.32,2979.32
2981.952,1773235800,2985.454,2980.664,2981.525
2977.252,1773236700,2982.629,2974.872,2981.954
2979.979,1773237600,2982.003,2977.26,2977.26
2982.712,1773238500,2982.712,2979.715,2979.986
2972.987,1773239400,2984.037,2972.612,2982.716
2977.41,1773240300,2977.41,2972.993,2972.993
2974.192,1773241200,2978.15,2971.357,2977.412
2972.563,1773242100,2974.442,2970.611,2974.201
2977.817,1773243000,2977.817,2972.575,2972.575
2976.795,1773243900,2979.746,2975.088,2977.819
2977.961,1773244800,2980.709,2976.812,2976.812
2981.896,1773245700,2981.896,2977.963,2977.963
2987.164,1773246600,2987.164,2981.898,2981.898
2992.302,1773247500,2992.302,2987.166,2987.166
2994.265,1773248400,2996.395,2992.314,2992.314
2998.145,1773249300,2998.145,2993.794,2994.268
2994.192,1773250200,3000.205,2993.871,2998.149
2997.568,1773251100,2997.568,2993.53,2994.193
3001.501,1773252000,3001.501,2997.468,2997.584
2993.514,1773252900,3003.364,2993.125,3001.503
2993.521,1773253800,2997.492,2992.305,2993.519
2995.522,1773254700,2996.582,2993.009,2993.526
2993.535,1773255600,2997.837,2993.307,2995.528
2998.855,1773256500,2998.855,2993.54,2993.54
2979.333,1773257400,2999.396,2979.137,2998.855
2984.731,1773258300,2984.731,2979.336,2979.336
2989.343,1773259200,2989.343,2984.548,2984.734
2984.43,1773260100,2990.76,2982.426,2989.346
2984.456,1773261000,2984.868,2980.735,2984.433
2988.997,1773261900,2988.997,2984.464,2984.464
2989.37,1773262800,2989.509,2986.484,2988.997
2988.183,1773263700,2989.705,2983.138,2989.38
2985.84,1773264600,2990.174,2983.052,2988.187
2984.748,1773265500,2987.827,2981.313,2985.849
2979.911,1773266400,2986.123,2978.618,2984.752
2985.257,1773267300,2985.257,2979.917,2979.917
2990.331,1773268200,2990.331,2985.262,2985.262
2993.313,1773269100,2994.748,2990.331,2990.331
2996.718,1773270000,2997.727,2993.319,2993.319
2993.232,1773270900,2999.671,2991.95,2996.722
2998.702,1773271800,2998.702,2993.241,2993.241
3004.095,1773272700,3004.095,2998.705,2998.705
2997.301,1773273600,3004.537,2997.099,3004.103
3002.755,1773274500,3002.755,2997.304,2997.304
2991.793,1773275400,3003.123,2990.373,3002.766
2989.44,1773276300,2995.621,2987.935,2991.802
2988.042,1773277200,2991.06,2985.824,2989.446
2978.631,1773278100,2991.185,2978.552,2988.046
2973.237,1773279000,2980.362,2971.211,2978.634
2969.079,1773279900,2973.973,2965.942,2973.246
2974.492,1773280800,2974.492,2969.097,2969.097
2979.708,1773281700,2979.708,2974.495,2974.495
2976.257,1773282600,2982.514,2975.975,2979.709
2975.708,1773283500,2980.338,2974.391,2976.265
2974.851,1773284400,2981.01,2974.587,2975.72
2980.213,1773285300,2980.213,2974.854,2974.854
2978.951,1773286200,2980.727,2975.188,2980.217
2983.366,1773287100,2983.366,2978.959,2978.959
2979.41,1773288000,2985.013,2978.563,2983.368
2973.409,1773288900,2980.224,2970.368,2979.413
2973.5,1773289800,2975.337,2970.01,2973.409
2967.673,1773290700,2973.99,2965.763,2973.507
2969.797,1773291600,2971.788,2967.689,2967.689
2975.033,1773292500,2975.033,2969.803,2969.803
2978.921,1773293400,2979.452,2975.039,2975.039
2977.745,1773294300,2980.37,2973.84,2978.931
2976.281,1773295200,2980.265,2973.411,2977.749
2978.982,1773296100,2979.606,2976.289,2976.289
2980.533,1773297000,2980.533,2975.088,2975.088
2974.525,1773297900,2980.769,2972.783,2980.539
2979.148,1773298800,2979.148,2974.529,2974.529
2984.089,1773299700,2984.089,2979.155,2979.155
2985.695,1773300600,2985.695,2980.931,2984.096
2985.39,1773301500,2987.802,2984.696,2985.699
2981.451,1773302400,2987.064,2980.822,2985.402
2976.137,1773303300,2981.711,2975.284,2981.46
2979.097,1773304200,2980.766,2976.14,2976.14
2975.752,1773305100,2980.779,2974.932,2979.105
2976.357,1773306000,2978.763,2975.754,2975.754
2980.562,1773306900,2980.586,2976.36,2976.36
2973.942,1773307800,2981.199,2970.731,2980.568
2979.488,1773308700,2979.488,2973.942,2973.942
2969.404,1773309600,2981.639,2966.471,2979.488
2967.735,1773310500,2969.86,2964.049,2969.411
2965.746,1773311400,2970.194,2964.406,2967.74
2964.887,1773312300,2968.258,2962.33,2965.749
2964.828,1773313200,2967.45,2962.001,2964.897
2968.703,1773314100,2968.703,2964.831,2964.831
2973.938,1773315000,2973.938,2968.709,2968.709
2979.582,1773315900,2979.582,2973.945,2973.945
2977.273,1773316800,2981.576,2976.831,2979.588
2982.639,1773317700,2982.639,2977.278,2977.278
2971.361,1773318600,2985.895,2970.794,2982.653
2973.122,1773319500,2974.002,2971.366,2971.366
2978.093,1773320400,2978.093,2973.123,2973.123
2974.703,1773321300,2980.477,2974.287,2978.099
2980.088,1773322200,2980.088,2974.713,2974.713
2983.749,1773323100,2983.749,2979.002,2980.094
2985.566,1773324000,2985.566,2981.835,2983.754
2986.151,1773324900,2986.231,2981.87,2985.576
2991.573,1773325800,2991.573,2986.157,2986.157
2988.453,1773326700,2993.15,2986.241,2991.582
2977.545,1773327600,2991.786,2977.161,2988.469
2982.098,1773328500,2982.098,2977.55,2977.55
2982.622,1773329400,2982.622,2979.368,2982.103
2975.995,1773330300,2984.573,2974.03,2982.632
2971.138,1773331200,2976.549,2968.142,2976.008
2972.941,1773332100,2973.974,2970.75,2971.141
2966.047,1773333000,2975.186,2965.084,2972.944
2964.661,1773333900,2969.212,2963.02,2966.053
2958.473,1773334800,2965.66,2956.697,2964.661
2962.05,1773335700,2962.05,2958.479,2958.479
2961.439,1773336600,2962.972,2958.704,2962.055
2957.86,1773337500,2961.881,2956.971,2961.439
2959.217,1773338400,2961.181,2957.83,2957.86
2955.523,1773339300,2960.186,2954.951,2959.227
2960.66,1773340200,2960.66,2955.533,2955.533
2963.385,1773341100,2963.385,2960.293,2960.663
2968.81,1773342000,2968.81,2963.387,2963.387
2972.062,1773342900,2972.543,2968.812,2968.812
2971.634,1773343800,2972.166,2968.127,2972.071
2976.673,1773344700,2976.673,2971.571,2971.642
2981.633,1773345600,2981.633,2976.677,2976.677
2980.857,1773346500,2982.656,2978.589,2981.637
2977.5,1773347400,2982.375,2976.454,2980.863
2977.773,1773348300,2981.149,2977.098,2977.506
2980.209,1773349200,2980.209,2976.958,2977.775
2980.284,1773350100,2981.977,2977.704,2980.216
2982.954,1773351000,2982.954,2978.233,2980.286
2986.825,1773351900,2986.96,2982.955,2982.955
2977.903,1773352800,2987.271,2976.601,2986.829
2973.89,1773353700,2978.43,2972.185,2977.906
2973.298,1773354600,2974.925,2970.965,2973.899
2969.596,1773355500,2973.826,2966.244,2973.3
2971.911,1773356400,2971.911,2967.177,2969.6
2967.747,1773357300,2976.747,2967.268,2971.913
2973.11,1773358200,2973.11,2967.749,2967.749
2972.599,1773359100,2977.937,2972.197,2973.115
2973.348,1773360000,2977.122,2972.609,2972.609
2976.621,1773360900,2976.621,2972.233,2973.351
2978.263,1773361800,2979.969,2975.977,2976.623
2975.59,1773362700,2982.006,2973.911,2978.264
2979.478,1773363600,2979.478,2975.599,2975.599
2976.713,1773364500,2980.727,2973.058,2979.481
2968.562,1773365400,2978.7,2967.055,2976.729
2969.104,1773366300,2972.32,2967.481,2968.565
2970.083,1773367200,2970.512,2967.087,2969.121
2971.18,1773368100,2972.218,2969.268,2970.089
2976.508,1773369000,2976.508,2971.187,2971.187
2976.136,1773369900,2978.406,2975.258,2976.515
2981.432,1773370800,2981.432,2976.14,2976.14
2983.02,1773371700,2984.835,2981.037,2981.433
2987.357,1773372600,2987.357,2983.022,2983.022
2991.48,1773373500,2991.48,2987.366,2987.366
2996.742,1773374400,2996.742,2991.485,2991.485
2996.775,1773375300,3000.516,2995.377,2996.746
3000.322,1773376200,3002.03,2996.787,2996.787
2998.117,1773377100,3004.672,2997.898,3000.325
3003.443,1773378000,3003.443,2998.125,2998.125
2999.172,1773378900,3004.15,2997.345,3003.451
2995.507,1773379800,3000.789,2994.424,2999.182
2992.649,1773380700,2999.073,2991.543,2995.509
2998.313,1773381600,2998.313,2992.655,2992.655
3000.587,1773382500,3000.587,2995.759,2998.322
2992.966,1773383400,3001.466,2991.089,3000.588
2988.49,1773384300,2994.598,2987.757,2992.97
2994.009,1773385200,2994.009,2988.494,2988.494
2993.691,1773386100,2996.4,2992.255,2994.014
2991.645,1773387000,2995.176,2989.982,2993.696
2991.018,1773387900,2991.994,2987.567,2991.652
2985.903,1773388800,2993.969,2985.349,2991.025
2986.839,1773389700,2990.083,2985.867,2985.906
2985.858,1773390600,2989.225,2983.267,2986.841
2990.296,1773391500,2990.296,2985.865,2985.865
2993.076,1773392400,2993.076,2988.693,2990.306
2987.773,1773393300,2993.913,2985.555,2993.089
2984.194,1773394200,2990.652,2982.198,2987.779
2984.572,1773395100,2986.543,2982.162,2984.203
2982.021,1773396000,2988.459,2980.718,2984.576
2986.636,1773396900,2986.636,2982.027,2982.027
2991.975,1773397800,2991.975,2986.638,2986.638
2997.619,1773398700,2997.619,2991.983,2991.983
3003.128,1773399600,3003.128,2997.619,2997.619
3006.87,1773400500,3006.87,3003.131,3003.131
3010.465,1773401400,3010.465,3006.431,3006.88
3014.243,1773402300,3014.359,3010.472,3010.472
3015.63,1773403200,3015.74,3011.719,3014.244
3009.348,1773404100,3019.609,3008.987,3015.642
3010.352,1773405000,3012.42,3008.412,3009.35
3002.28,1773405900,3011.563,3001.8,3010.352
3006.115,1773406800,3006.115,3001.521,3002.28
3005.766,1773407700,3008.261,3003.2,3006.121
3000.732,1773408600,3006.511,2999.667,3005.768
3004.154,1773409500,3004.154,3000.399,3000.733
3004.305,1773410400,3006.594,3003.446,3004.167
3004.652,1773411300,3006.316,3002.58,3004.306
3009.948,1773412200,3009.948,3004.66,3004.66
3005.557,1773413100,3013.521,3003.816,3009.954
3008.371,1773414000,3010.181,3005.562,3005.562
3013.929,1773414900,3013.929,3008.38,3008.38
3017.668,1773415800,3018.078,3013.93,3013.93
3018.103,1773416700,3020.03,3016.412,3017.676
3019.917,1773417600,3022.168,3018.11,3018.11
3021.762,1773418500,3021.762,3018.806,3019.92
3021.792,1773419400,3022.932,3019.085,3021.775
3027.43,1773420300,3027.43,3021.794,3021.794
3023.894,1773421200,3030.229,3021.802,3027.435
3023.818,1773422100,3026.984,3022.521,3023.902
3029.314,1773423000,3029.314,3023.818,3023.818
3024.42,1773423900,3030.4,3024.031,3029.326
3022.805,1773424800,3027.586,3022.205,3024.421
3019.77,1773425700,3023.97,3017.859,3022.811
3020.069,1773426600,3021.397,3018.211,3019.776
3020.325,1773427500,3022.018,3017.888,3020.071
3018.731,1773428400,3021.859,3016.647,3020.326
3015.04,1773429300,3018.81,3011.139,3018.732
3014.843,1773430200,3018.139,3014.169,3015.043
3012.638,1773431100,3013.904,3009.561,3011.791
3008.469,1773432000,3014.781,3008.38,3012.645
3013.933,1773432900,3013.933,3008.477,3008.477
3017.056,1773433800,3017.056,3013.939,3013.939
3017.013,1773434700,3019.271,3015.815,3017.065
3020.158,1773435600,3020.158,3015.545,3017.023
3024.586,1773436500,3024.622,3020.159,3020.159
3022.912,1773437400,3029.199,3021.891,3024.59
3028.0,1773438300,3028.0,3022.914,3022.914
3024.022,1773439200,3031.209,3023.473,3028.001
3024.423,1773440100,3027.135,3022.607,3024.037
3026.79,1773441000,3027.0,3023.963,3024.426
3024.953,1773441900,3030.417,3024.529,3026.798
3023.579,1773442800,3026.62,3021.336,3024.956
3012.358,1773443700,3026.002,3010.438,3023.589
3008.553,1773444600,3014.781,3007.843,3012.369
3004.099,1773445500,3009.172,3003.715,3008.554
3004.459,1773446400,3005.917,3001.472,3004.112
3008.602,1773447300,3008.602,3004.463,3004.463
3011.24,1773448200,3011.24,3006.669,3008.61
3005.969,1773449100,3012.368,3005.922,3011.258
3011.605,1773450000,3011.605,3005.975,3005.975
3013.051,1773450900,3013.836,3010.044,3011.609
3017.082,1773451800,3017.082,3012.331,3013.056
3014.767,1773452700,3017.884,3010.077,3017.087
3019.981,1773453600,3019.981,3014.771,3014.771
3023.085,1773454500,3023.577,3019.988,3019.988
3028.557,1773455400,3028.557,3023.103,3023.103
3034.041,1773456300,3034.041,3028.564,3028.564
3033.85,1773457200,3034.682,3028.938,3034.051
3034.696,1773458100,3036.004,3032.748,3033.853
3035.022,1773459000,3035.428,3030.699,3034.697
3036.511,1773459900,3038.646,3035.035,3035.035
3034.099,1773460800,3038.187,3030.46,3036.513
3034.04,1773461700,3034.675,3029.663,3034.109
3030.173,1773462600,3034.495,3029.652,3034.043
3033.698,1773463500,3035.45,3030.181,3030.181
3033.083,1773464400,3037.585,3031.538,3033.702
3038.296,1773465300,3038.296,3033.089,3033.089
3027.069,1773466200,3038.449,3025.566,3038.296
3026.861,1773467100,3029.044,3025.223,3027.079
3024.363,1773468000,3028.574,3023.29,3026.869
3028.264,1773468900,3029.657,3024.366,3024.366
3027.148,1773469800,3030.784,3026.495,3028.266
3019.512,1773470700,3029.309,3019.34,3027.152
3022.459,1773471600,3023.233,3019.515,3019.515
3027.393,1773472500,3027.393,3022.46,3022.46
3030.993,1773473400,3030.993,3026.446,3027.395
3033.829,1773474300,3033.829,3029.834,3030.997
3036.494,1773475200,3036.494,3032.748,3033.845
3041.774,1773476100,3041.774,3036.497,3036.497
3047.448,1773477000,3047.448,3041.784,3041.784
3046.386,1773477900,3048.481,3045.138,3047.456
3047.69,1773478800,3051.767,3046.397,3046.397
3049.138,1773479700,3049.191,3045.175,3047.694
3046.362,1773480600,3049.794,3045.588,3049.144
3051.919,1773481500,3051.919,3046.369,3046.369
3055.543,1773482400,3056.53,3051.927,3051.927
3056.212,1773483300,3056.439,3051.568,3055.554
3053.144,1773484200,3057.002,3051.206,3056.215
3055.886,1773485100,3056.875,3053.145,3053.145
3054.752,1773486000,3059.935,3053.74,3055.887
3058.419,1773486900,3058.419,3054.757,3054.757
3063.863,1773487800,3063.863,3058.425,3058.425
3062.034,1773488700,3066.526,3061.759,3063.868
3060.743,1773489600,3062.4,3056.914,3062.045
3066.387,1773490500,3066.387,3060.754,3060.754
3063.653,1773491400,3066.868,3059.972,3066.393
3069.326,1773492300,3069.326,3063.654,3063.654
3069.344,1773493200,3070.641,3067.987,3069.33
3056.368,1773494100,3073.051,3055.2,3069.35
3059.285,1773495000,3059.285,3054.8,3056.374
3054.405,1773495900,3062.813,3053.974,3059.295
3057.592,1773496800,3057.592,3053.476,3054.412
3052.901,1773497700,3059.856,3051.64,3057.599
3058.498,1773498600,3058.498,3052.905,3052.905
3043.221,1773499500,3061.658,3042.997,3058.508
3043.551,1773500400,3043.919,3040.332,3043.231
3048.874,1773501300,3048.874,3043.557,3043.557
3048.028,1773502200,3050.725,3045.105,3048.876
3052.345,1773503100,3052.892,3048.039,3048.039
3057.86,1773504000,3057.86,3052.347,3052.347
3054.437,1773504900,3058.455,3053.641,3057.874
3055.887,1773505800,3057.42,3054.417,3054.449
3060.029,1773506700,3060.029,3055.899,3055.899
3063.707,1773507600,3063.707,3060.032,3060.032
3068.387,1773508500,3069.049,3063.714,3063.714
3065.154,1773509400,3069.414,3062.355,3068.388
3070.817,1773510300,3070.817,3065.155,3065.155
3073.486,1773511200,3074.49,3070.827,3070.827
3075.249,1773512100,3078.773,3073.489,3073.489
3080.581,1773513000,3080.581,3075.258,3075.258
3085.512,1773513900,3085.512,3080.588,3080.588
3091.056,1773514800,3091.056,3085.513,3085.513
3095.594,1773515700,3095.594,3091.061,3091.061
3098.45,1773516600,3098.45,3095.601,3095.601
3102.027,1773517500,3102.027,3096.518,3098.454
3101.396,1773518400,3105.846,3101.117,3102.03
3097.401,1773519300,3101.911,3094.399,3101.407
3091.488,1773520200,3100.463,3091.355,3097.41
3095.384,1773521100,3095.384,3090.027,3091.492
3094.699,1773522000,3098.128,3093.568,3095.388
3096.837,1773522900,3098.418,3094.709,3094.709
3091.496,1773523800,3098.823,3088.181,3096.842
3084.047,1773524700,3091.899,3082.379,3091.499
3082.092,1773525600,3086.064,3078.546,3084.051
3085.741,1773526500,3085.741,3080.951,3082.096
3082.96,1773527400,3087.848,3082.524,3085.747
3076.772,1773528300,3083.046,3071.859,3082.963
3082.325,1773529200,3082.325,3076.78,3076.78
3075.987,1773530100,3082.481,3072.36,3082.332
3080.067,1773531000,3080.067,3075.989,3075.989
3076.42,1773531900,3082.596,3075.365,3080.082
3076.781,1773532800,3080.172,3076.098,3076.43
3059.288,1773533700,3077.852,3058.848,3076.783
3055.842,1773534600,3061.426,3053.658,3059.3
3053.395,1773535500,3060.059,3052.722,3055.852
3058.879,1773536400,3058.879,3053.406,3053.406
3050.349,1773537300,3060.339,3049.646,3058.884
3046.661,1773538200,3050.989,3044.543,3050.352
3049.392,1773539100,3049.392,3046.547,3046.665
3043.59,1773540000,3050.499,3040.812,3049.4
3047.378,1773540900,3048.04,3043.595,3043.595
3048.681,1773541800,3048.681,3044.78,3047.384
3047.76,1773542700,3050.124,3045.291,3048.683
3048.008,1773543600,3052.599,3047.501,3047.765
3053.314,1773544500,3053.314,3048.014,3048.014
3045.442,1773545400,3054.05,3043.037,3053.33
3050.977,1773546300,3050.977,3045.444,3045.444
3056.462,1773547200,3056.462,3050.982,3050.982
3041.609,1773548100,3058.492,3039.935,3056.463
3045.044,1773549000,3045.044,3041.624,3041.624
3041.494,1773549900,3045.479,3037.604,3045.052
3039.826,1773550800,3044.501,3037.32,3041.505
3042.937,1773551700,3042.937,3039.835,3039.835
3019.851,1773552600,3043.865,3019.607,3042.943
3023.892,1773553500,3023.892,3019.866,3019.866
3028.939,1773554400,3028.939,3023.893,3023.893
3030.228,1773555300,3030.228,3025.215,3028.945
3034.245,1773556200,3034.245,3029.368,3030.232
3035.564,1773557100,3038.127,3033.898,3034.261
3041.285,1773558000,3041.285,3035.574,3035.574
3046.758,1773558900,3046.758,3041.295,3041.295
3052.396,1773559800,3052.396,3046.762,3046.762
3057.26,1773560700,3057.26,3052.398,3052.398
3058.598,1773561600,3058.73,3054.516,3057.261
3045.516,1773562500,3059.037,3043.939,3058.614
3046.446,1773563400,3048.358,3044.668,3045.53
3047.389,1773564300,3048.428,3044.106,3046.446
3052.593,1773565200,3052.593,3047.392,3047.392
3050.155,1773566100,3053.818,3047.941,3052.601
3055.626,1773567000,3055.626,3050.174,3050.174
3052.127,1773567900,3055.769,3047.882,3055.635
3055.614,1773568800,3055.614,3052.132,3052.132
3060.874,1773569700,3060.874,3055.62,3055.62
3058.954,1773570600,3063.821,3057.984,3060.882
3059.638,1773571500,3060.435,3056.208,3058.955
3060.312,1773572400,3063.286,3059.649,3059.649
3061.167,1773573300,3064.496,3060.313,3060.313
3046.982,1773574200,3061.469,3046.516,3061.169
3046.604,1773575100,3047.192,3042.002,3046.989
3048.838,1773576000,3049.887,3046.606,3046.606
3046.708,1773576900,3051.594,3046.541,3048.838
3039.539,1773577800,3048.21,3037.371,3046.715
3036.064,1773578700,3041.44,3033.472,3039.543
3034.388,1773579600,3039.994,3033.103,3036.065
3038.942,1773580500,3038.942,3034.03,3034.39
3041.318,1773581400,3042.36,3038.946,3038.946
3044.528,1773582300,3044.528,3039.152,3041.321
3038.616,1773583200,3049.62,3038.587,3044.534
3039.328,1773584100,3039.328,3034.652,3038.628
3040.325,1773585000,3042.83,3039.048,3039.334
3038.411,1773585900,3041.272,3033.816,3040.328
3040.571,1773586800,3040.919,3036.855,3038.412
3044.42,1773587700,3044.42,3040.444,3040.573
3039.736,1773588600,3049.033,3039.207,3044.428
3039.514,1773589500,3044.593,3039.236,3039.739
3041.353,1773590400,3044.64,3039.521,3039.521
3046.557,1773591300,3046.688,3041.361,3041.361
3047.386,1773592200,3048.604,3044.065,3046.559
3047.702,1773593100,3051.674,3047.192,3047.387
3048.256,1773594000,3051.097,3046.778,3047.708
3053.997,1773594900,3053.997,3048.261,3048.261
3051.187,1773595800,3054.892,3048.997,3054.002
3038.455,1773596700,3051.448,3036.767,3051.198
3040.442,1773597600,3042.709,3038.464,3038.464
3045.998,1773598500,3045.998,3040.45,3040.45
3046.836,1773599400,3048.185,3044.21,3046.009
3049.354,1773600300,3049.354,3046.173,3046.845
3054.715,1773601200,3054.715,3049.365,3049.365
3047.145,1773602100,3056.826,3045.919,3054.716
3041.531,1773603000,3050.683,3041.303,3047.153
3040.474,1773603900,3043.97,3039.299,3041.547
3044.806,1773604800,3044.806,3040.485,3040.485
3050.395,1773605700,3050.395,3044.815,3044.815
3055.361,1773606600,3055.361,3050.406,3050.406
3053.032,1773607500,3055.752,3048.631,3055.363
3056.196,1773608400,3056.196,3053.035,3053.035
3061.749,1773609300,3061.749,3056.205,3056.205
3066.515,1773610200,3066.515,3061.764,3061.764
3071.889,1773611100,3071.889,3066.52,3066.52
3073.058,1773612000,3074.92,3071.324,3071.897
3072.74,1773612900,3076.722,3072.736,3073.064
3065.535,1773613800,3074.455,3065.33,3072.749
3060.826,1773614700,3066.135,3056.574,3065.535
3062.727,1773615600,3065.234,3060.828,3060.828
3066.208,1773616500,3066.208,3061.936,3062.731
3058.657,1773617400,3067.701,3058.614,3066.21
3053.912,1773618300,3059.901,3051.444,3058.659
3051.347,1773619200,3054.492,3047.692,3053.925
3056.913,1773620100,3056.913,3051.355,3051.355
3053.533,1773621000,3058.917,3052.681,3056.922
3054.991,1773621900,3055.812,3052.835,3053.534
3056.816,1773622800,3059.063,3054.993,3054.993
3050.775,1773623700,3057.668,3047.377,3056.818
3055.266,1773624600,3055.266,3050.783,3050.783
3055.847,1773625500,3057.491,3052.606,3055.269
3051.142,1773626400,3056.838,3049.389,3055.855
3048.734,1773627300,3055.395,3047.386,3051.145
3051.349,1773628200,3051.349,3046.239,3048.743
3056.87,1773629100,3056.87,3051.357,3051.357
3062.382,1773630000,3062.382,3056.875,3056.875
3065.574,1773630900,3065.99,3062.385,3062.385
3066.188,1773631800,3070.536,3065.575,3065.575
3069.273,1773632700,3071.33,3066.193,3066.193
3067.844,1773633600,3073.598,3066.919,3069.285
3064.043,1773634500,3068.615,3060.08,3067.86
3068.682,1773635400,3068.682,3064.049,3064.049
3065.827,1773636300,3069.507,3063.07,3068.685
3067.049,1773637200,3067.74,3063.886,3065.831
3072.375,1773638100,3072.375,3067.061,3067.061
3077.904,1773639000,3077.904,3072.377,3072.377
3083.446,1773639900,3083.446,3077.91,3077.91
3084.496,1773640800,3087.307,3082.858,3083.449
3076.531,1773641700,3086.114,3074.829,3084.507
3074.307,1773642600,3078.325,3072.616,3076.542
3073.612,1773643500,3074.433,3068.104,3074.311
3071.915,1773644400,3077.751,3070.679,3073.624
3074.545,1773645300,3074.545,3070.548,3071.918
3074.404,1773646200,3076.206,3072.601,3074.546
3079.813,1773647100,3079.813,3074.412,3074.412
3067.142,1773648000,3082.39,3066.557,3079.817
3061.651,1773648900,3071.377,3060.677,3067.147
3054.929,1773649800,3061.754,3054.756,3061.66
3050.995,1773650700,3056.87,3049.508,3054.936
3043.803,1773651600,3051.75,3041.546,3051.005
3046.491,1773652500,3046.565,3043.764,3043.814
3047.934,1773653400,3049.325,3045.11,3046.493
3049.927,1773654300,3049.927,3047.232,3047.935
3040.517,1773655200,3042.047,3038.092,3041.335
3041.787,1773656100,3041.787,3037.307,3040.521
3042.666,1773657000,3045.311,3040.781,3041.788
3048.039,1773657900,3048.039,3042.668,3042.668
3050.933,1773658800,3051.224,3048.04,3048.04
3044.873,1773659700,3052.283,3043.385,3050.934
3039.452,1773660600,3046.822,3037.385,3044.875
3040.979,1773661500,3040.979,3036.327,3039.453
3046.432,1773662400,3046.432,3040.985,3040.985
3046.734,1773663300,3048.233,3043.046,3046.439
3047.559,1773664200,3049.533,3044.975,3046.741
3048.71,1773665100,3050.945,3046.834,3047.562
3041.757,1773666000,3049.328,3040.016,3048.715
3044.42,1773666900,3044.42,3040.248,3041.77
3049.99,1773667800,3049.99,3044.44,3044.44
3047.209,1773668700,3050.78,3043.717,3050.0
3049.194,1773669600,3049.313,3045.731,3047.217
3050.227,1773670500,3050.227,3045.602,3049.201
3045.507,1773671400,3052.844,3044.449,3050.23
3043.843,1773672300,3048.998,3042.421,3045.51
3042.079,1773673200,3047.095,3040.02,3043.845
3044.869,1773674100,3044.869,3039.572,3042.088
3050.007,1773675000,3050.007,3044.877,3044.877
3055.635,1773675900,3055.635,3050.012,3050.012
3055.178,1773676800,3059.433,3053.565,3055.642
3050.357,1773677700,3058.311,3048.695,3055.185
3041.141,1773678600,3052.761,3038.701,3050.368
3046.701,1773679500,3046.701,3041.148,3041.148
3048.533,1773680400,3049.847,3046.104,3046.706
3046.797,1773681300,3050.098,3042.92,3048.534
3052.49,1773682200,3052.49,3046.808,3046.808
3055.802,1773683100,3055.802,3052.495,3052.495
3055.568,1773684000,3060.539,3054.756,3055.805
3048.046,1773684900,3055.922,3047.168,3055.574
3047.204,1773685800,3050.879,3044.464,3048.054
3048.3,1773686700,3048.982,3045.469,3047.205
3054.081,1773687600,3054.081,3048.302,3048.302
3059.662,1773688500,3059.662,3054.086,3054.086
3060.387,1773689400,3061.048,3056.214,3059.665
3050.924,1773690300,3062.589,3049.878,3060.387
3054.164,1773691200,3054.164,3050.487,3050.926
3053.746,1773692100,3057.718,3053.34,3054.168
3040.081,1773693000,3053.973,3039.378,3053.747
3045.554,1773693900,3045.554,3040.083,3040.083
3045.138,1773694800,3050.948,3045.051,3045.56
3050.598,1773695700,3050.598,3045.14,3045.14
3056.415,1773696600,3056.468,3050.599,3050.599
3053.325,1773697500,3057.215,3051.409,3056.427
3052.219,1773698400,3054.732,3048.897,3053.325
3042.628,1773699300,3052.88,3040.413,3052.225
3041.075,1773700200,3044.826,3040.332,3042.636
3036.041,1773701100,3042.293,3035.339,3041.085
3039.022,1773702000,3039.141,3036.048,3036.048
3041.315,1773702900,3041.315,3038.123,3039.026
3040.311,1773703800,3042.349,3036.04,3041.318
3036.001,1773704700,3043.719,3034.692,3040.319
3036.141,1773705600,3037.648,3032.488,3036.002
3032.91,1773706500,3037.026,3031.419,3036.157
3037.01,1773707400,3037.01,3032.915,3032.915
3042.498,1773708300,3042.498,3037.018,3037.018
3040.143,1773709200,3043.376,3036.886,3042.509
3045.81,1773710100,3045.81,3040.153,3040.153
3044.12,1773711000,3048.059,3042.261,3045.819
3046.764,1773711900,3046.764,3042.787,3044.127
3040.925,1773712800,3049.947,3040.439,3046.77
3046.336,1773713700,3046.336,3040.925,3040.925
3046.312,1773714600,3046.975,3044.054,3046.346
3050.126,1773715500,3050.126,3046.318,3046.318
3044.127,1773716400,3053.845,3042.629,3050.136
3027.909,1773717300,3045.476,3027.591,3044.13
3031.739,1773718200,3031.739,3027.526,3027.911
3037.332,1773719100,3037.332,3031.74,3031.74
3042.821,1773720000,3042.821,3037.334,3037.334
3042.779,1773720900,3043.837,3039.899,3042.834
3043.608,1773721800,3044.194,3039.988,3042.786
3047.775,1773722700,3047.775,3043.615,3043.615
3050.119,1773723600,3051.711,3047.782,3047.782
3049.533,1773724500,3051.154,3046.605,3050.127
3052.914,1773725400,3053.481,3049.537,3049.537
3052.714,1773726300,3053.279,3048.771,3052.915
3053.398,1773727200,3054.381,3051.172,3052.714
3047.544,1773728100,3054.362,3044.844,3053.399
3050.566,1773729000,3050.566,3047.301,3047.548
3056.069,1773729900,3056.069,3050.568,3050.568
3055.29,1773730800,3058.663,3053.182,3056.082
3051.717,1773731700,3059.629,3051.315,3055.293
3041.251,1773732600,3052.036,3037.966,3051.724
3045.934,1773733500,3045.934,3041.254,3041.254
3038.043,1773734400,3046.845,3035.594,3045.941
3041.565,1773735300,3041.565,3038.047,3038.047
3040.28,1773736200,3042.125,3036.869,3041.576
3029.267,1773737100,3041.569,3027.689,3040.286
3030.309,1773738000,3031.791,3027.283,3029.272
3035.836,1773738900,3035.836,3030.315,3030.315
3037.921,1773739800,3038.031,3034.594,3035.84
3033.568,1773740700,3040.851,3032.691,3037.925
3034.573,1773741600,3035.1,3030.737,3033.568
3036.119,1773742500,3038.462,3034.478,3034.577
3035.785,1773743400,3036.719,3032.694,3036.122
3035.262,1773744300,3036.48,3031.983,3035.795
3031.425,1773745200,3036.901,3028.04,3035.271
3035.501,1773746100,3036.532,3031.429,3031.429
3041.17,1773747000,3041.17,3035.505,3035.505
3036.28,1773747900,3043.246,3034.482,3041.179
3041.938,1773748800,3041.938,3036.282,3036.282
3047.521,1773749700,3047.521,3041.941,3041.941
3052.815,1773750600,3052.815,3047.531,3047.531
3052.991,1773751500,3053.173,3047.887,3052.816
3058.315,1773752400,3058.315,3053.003,3053.003
3059.536,1773753300,3061.917,3058.322,3058.322
3063.156,1773754200,3063.156,3059.544,3059.544
3067.869,1773755100,3068.33,3063.157,3063.157
3056.339,1773756000,3068.462,3055.132,3067.874
3057.466,1773756900,3059.725,3054.759,3056.35
3057.829,1773757800,3061.458,3056.697,3057.481
3053.812,1773758700,3059.885,3053.105,3057.831
3058.669,1773759600,3058.669,3053.821,3053.821
3062.981,1773760500,3063.535,3058.674,3058.674
3065.38,1773761400,3066.224,3062.989,3062.989
3070.472,1773762300,3070.472,3064.997,3065.389
3072.92,1773763200,3075.935,3070.475,3070.475
3070.402,1773764100,3073.627,3066.779,3072.927
3076.057,1773765000,3076.057,3070.408,3070.408
3078.845,1773765900,3081.43,3076.06,3076.06
3083.109,1773766800,3083.999,3078.853,3078.853
3087.696,1773767700,3088.608,3083.111,3083.111
3090.564,1773768600,3091.979,3087.7,3087.7
3083.754,1773769500,3091.093,3082.272,3090.57
3083.431,1773770400,3086.236,3080.279,3083.758
3085.435,1773771300,3087.73,3083.446,3083.446
3081.07,1773772200,3086.43,3079.769,3085.437
3083.527,1773773100,3084.461,3081.075,3081.075
3084.756,1773774000,3084.756,3080.455,3083.527
3087.999,1773774900,3089.053,3084.761,3084.761
3085.319,1773775800,3089.093,3084.842,3088.0
3089.978,1773776700,3091.025,3085.325,3085.325
3089.26,1773777600,3091.923,3088.418,3089.984
3092.391,1773778500,3092.391,3087.607,3089.266
3097.849,1773779400,3097.849,3092.401,3092.401
3095.575,1773780300,3098.655,3090.732,3097.858
3098.236,1773781200,3098.236,3095.577,3095.577
3098.739,1773782100,3099.048,3094.248,3098.246
3095.894,1773783000,3101.948,3094.086,3098.74
3101.347,1773783900,3101.347,3095.907,3095.907
3093.54,1773784800,3102.959,3091.771,3101.351
3095.768,1773785700,3095.768,3090.981,3093.547
3094.679,1773786600,3099.405,3092.718,3095.78
3082.648,1773787500,3095.3,3082.409,3094.688
3083.045,1773788400,3083.045,3077.523,3082.651
3081.896,1773789300,3083.346,3078.201,3083.054
3082.159,1773790200,3083.287,3078.99,3081.91
3073.051,1773791100,3086.154,3072.636,3082.166
3074.515,1773792000,3074.576,3072.108,3073.059
3072.736,1773792900,3074.906,3071.285,3074.521
3075.651,1773793800,3075.651,3070.891,3072.743
3079.724,1773794700,3079.724,3075.653,3075.653
3085.128,1773795600,3085.128,3079.731,3079.731
3085.83,1773796500,3087.412,3082.815,3085.132
3091.235,1773797400,3091.235,3085.83,3085.83
3085.789,1773798300,3091.648,3082.253,3091.236
3085.669,1773799200,3088.404,3084.463,3085.796
3080.964,1773800100,3086.829,3077.158,3085.675
3086.492,1773801000,3086.492,3080.976,3080.976
3086.034,1773801900,3090.578,3085.677,3086.499
3076.281,1773802800,3087.836,3074.837,3086.045
3078.88,1773803700,3081.206,3076.284,3076.284
3073.883,1773804600,3081.74,3071.598,3078.889
3070.172,1773805500,3074.972,3069.463,3073.891
3067.187,1773806400,3072.447,3063.946,3070.176
3072.289,1773807300,3072.586,3067.191,3067.191
3077.505,1773808200,3077.505,3072.295,3072.295
3079.378,1773809100,3079.708,3076.542,3077.509
3078.657,1773810000,3081.703,3076.621,3079.379
3084.098,1773810900,3084.098,3078.658,3078.658
3082.052,1773811800,3088.706,3081.082,3084.107
3083.15,1773812700,3084.858,3081.683,3082.055
3076.883,1773813600,3083.853,3076.042,3083.15
3075.154,1773814500,3081.637,3075.134,3076.884
3075.535,1773815400,3079.63,3074.644,3075.159
3077.541,1773816300,3078.202,3074.894,3075.542
3082.551,1773817200,3082.551,3077.449,3077.553
3080.368,1773818100,3084.891,3077.207,3082.554
3077.725,1773819000,3083.189,3076.566,3080.37
3076.18,1773819900,3077.859,3071.734,3077.729
3079.958,1773820800,3079.958,3074.491,3076.191
3074.017,1773821700,3080.796,3073.352,3079.97
3076.723,1773822600,3076.723,3073.404,3074.029
3075.782,1773823500,3078.538,3075.305,3076.732
3081.337,1773824400,3081.337,3075.782,3075.782
3083.617,1773825300,3083.635,3079.635,3081.341
3080.6,1773826200,3083.897,3078.149,3083.623
3083.864,1773827100,3085.127,3080.602,3080.602
3087.589,1773828000,3087.589,3083.866,3083.866
3074.528,1773828900,3087.662,3071.799,3087.594
3076.904,1773829800,3078.408,3074.532,3074.532
3075.144,1773830700,3081.162,3074.933,3076.917
3079.145,1773831600,3079.179,3075.159,3075.159
3064.552,1773832500,3079.527,3064.381,3079.162
3066.368,1773833400,3066.368,3061.165,3064.557
3063.241,1773834300,3066.395,3060.169,3066.378
3066.033,1773835200,3068.052,3063.248,3063.248
3071.706,1773836100,3071.706,3066.035,3066.035
3051.339,1773837000,3072.209,3049.911,3071.711
3046.524,1773837900,3052.748,3045.144,3051.342
3052.175,1773838800,3052.175,3046.526,3046.526
3052.625,1773839700,3055.305,3052.179,3052.179
3051.143,1773840600,3053.04,3048.684,3052.627
3052.777,1773841500,3052.777,3048.051,3051.152
3055.037,1773842400,3055.731,3052.475,3052.781
3059.87,1773843300,3059.87,3055.044,3055.044
3061.226,1773844200,3064.349,3059.876,3059.876
3060.816,1773845100,3061.681,3058.637,3061.228
3063.384,1773846000,3063.885,3060.818,3060.818
3068.934,1773846900,3068.934,3063.392,3063.392
3063.811,1773847800,3070.638,3061.567,3068.944
3058.955,1773848700,3066.699,3057.088,3063.823
3059.706,1773849600,3061.227,3056.401,3058.965
3059.902,1773850500,3063.794,3058.648,3059.715
3063.869,1773851400,3063.869,3059.912,3059.912
3067.249,1773852300,3067.596,3063.872,3063.872
3070.577,1773853200,3071.809,3067.249,3067.249
3072.916,1773854100,3075.619,3070.592,3070.592
3070.87,1773855000,3075.349,3070.564,3072.925
3060.509,1773855900,3071.289,3059.189,3070.879
3064.0,1773856800,3064.797,3060.509,3060.509
3062.388,1773857700,3065.896,3061.546,3064.001
3068.173,1773858600,3068.173,3062.388,3062.388
3073.835,1773859500,3073.835,3068.175,3068.175
3076.872,1773860400,3076.872,3073.437,3073.84
3072.155,1773861300,3081.504,3072.095,3076.875
3073.697,1773862200,3073.697,3069.424,3072.163
3079.471,1773863100,3079.471,3073.699,3073.699
3062.84,1773864000,3079.974,3060.526,3079.474
3051.083,1773864900,3064.49,3050.172,3062.847
3054.559,1773865800,3054.559,3051.095,3051.095
3044.671,1773866700,3054.72,3041.485,3054.573
3050.355,1773867600,3050.355,3044.676,3044.676
3043.314,1773868500,3052.201,3043.259,3050.362
3048.783,1773869400,3048.783,3043.324,3043.324
3049.624,1773870300,3049.624,3044.913,3048.788
3047.102,1773871200,3051.455,3045.359,3049.625
3048.943,1773872100,3049.337,3046.024,3047.106
3043.131,1773873000,3051.001,3040.901,3048.944
3046.458,1773873900,3046.458,3043.144,3043.144
3046.684,1773874800,3047.995,3042.727,3046.461
3051.979,1773875700,3051.979,3046.685,3046.685
3057.192,1773876600,3057.192,3051.982,3051.982
3057.192,1773877500,3062.325,3056.925,3057.201
3054.229,1773878400,3061.535,3053.062,3057.197
3055.211,1773879300,3056.431,3051.855,3054.23
3048.555,1773880200,3056.557,3046.869,3055.218
3051.244,1773881100,3051.244,3047.008,3048.566
3035.177,1773882000,3051.267,3034.414,3051.244
3036.987,1773882900,3037.821,3034.052,3035.186
3042.408,1773883800,3042.408,3036.997,3036.997
3037.128,1773884700,3043.146,3032.609,3042.422
3042.52,1773885600,3042.52,3037.137,3037.137
3043.12,1773886500,3046.715,3042.023,3042.534
3046.174,1773887400,3046.174,3041.051,3043.127
3051.697,1773888300,3051.697,3046.182,3046.182
3057.295,1773889200,3057.295,3051.704,3051.704
3060.368,1773890100,3060.368,3057.296,3057.296
3060.166,1773891000,3061.327,3058.502,3060.378
3061.648,1773891900,3063.773,3059.9,3060.17
3052.828,1773892800,3063.503,3051.611,3061.653
3044.914,1773893700,3052.943,3039.995,3052.83
3037.57,1773894600,3047.632,3036.16,3044.921
3041.138,1773895500,3041.838,3037.58,3037.58
3030.57,1773896400,3042.334,3030.292,3041.148
3026.27,1773897300,3033.715,3025.721,3030.575
3031.9,1773898200,3031.9,3026.279,3026.279
3030.732,1773899100,3035.078,3029.559,3031.901
3035.484,1773900000,3035.484,3030.735,3030.735
3030.383,1773900900,3037.424,3029.44,3035.489
3031.284,1773901800,3031.698,3027.095,3030.383
3031.136,1773902700,3034.217,3029.958,3031.288
3026.774,1773903600,3032.414,3025.978,3031.144
3029.642,1773904500,3031.297,3026.779,3026.779
3020.144,1773905400,3030.309,3019.958,3029.649
3021.46,1773906300,3022.35,3018.849,3020.145
3025.94,1773907200,3025.94,3021.469,3021.469
3017.527,1773908100,3028.011,3016.311,3025.95
3014.514,1773909000,3019.105,3012.483,3017.539
3017.637,1773909900,3017.637,3014.51,3014.523
3018.197,1773910800,3018.83,3015.216,3017.646
3020.166,1773911700,3020.166,3014.909,3018.202
3023.005,1773912600,3025.3,3020.171,3020.171
3019.968,1773913500,3023.081,3018.364,3023.006
3013.447,1773914400,3021.392,3012.521,3019.98
3003.326,1773915300,3014.08,3001.145,3013.453
3003.864,1773916200,3005.63,3002.145,3003.326
3007.724,1773917100,3007.724,3003.875,3003.875
3013.045,1773918000,3013.045,3007.733,3007.733
3004.593,1773918900,3013.461,3002.87,3013.052
3007.257,1773919800,3009.466,3004.599,3004.599
3005.237,1773920700,3011.703,3005.109,3007.265
3010.361,1773921600,3010.361,3005.245,3005.245
3001.405,1773922500,3012.078,2999.984,3010.367
2997.766,1773923400,3002.633,2996.179,3001.411
3002.453,1773924300,3002.453,2997.773,2997.773
2997.249,1773925200,3004.141,2996.421,3002.457
2992.007,1773926100,2998.216,2991.71,2997.252
2997.516,1773927000,2997.516,2992.012,2992.012
2993.451,1773927900,2998.561,2991.974,2997.523
2988.533,1773928800,2996.998,2987.437,2993.462
2985.225,1773929700,2992.878,2984.701,2988.539
2983.897,1773930600,2985.95,2981.826,2985.236
2978.984,1773931500,2985.008,2977.651,2983.902
2970.671,1773932400,2982.33,2970.526,2979.004
2971.536,1773933300,2972.51,2968.925,2970.675
2972.133,1773934200,2972.133,2967.192,2971.538
2969.06,1773935100,2972.996,2964.628,2972.135
2967.369,1773936000,2973.433,2966.451,2969.07
2968.873,1773936900,2970.613,2966.772,2967.369
2959.965,1773937800,2970.968,2959.151,2968.876
2964.782,1773938700,2964.782,2959.976,2959.976
2966.212,1773939600,2966.212,2961.671,2964.787
2970.162,1773940500,2970.162,2966.216,2966.216
2965.817,1773941400,2971.555,2963.54,2970.163
2963.755,1773942300,2966.489,2962.32,2965.821
2964.846,1773943200,2967.626,2963.497,2963.769
2970.353,1773944100,2970.353,2964.856,2964.856
2971.07,1773945000,2971.915,2968.17,2970.358
2970.875,1773945900,2972.316,2966.828,2971.073
2975.294,1773946800,2975.294,2970.881,2970.881
2977.95,1773947700,2978.284,2974.862,2975.303
2981.803,1773948600,2982.759,2977.952,2977.952
2982.427,1773949500,2983.619,2978.839,2981.81
2974.896,1773950400,2983.986,2971.517,2982.43
2968.459,1773951300,2975.047,2967.779,2974.905
2962.471,1773952200,2969.006,2959.741,2968.463
2960.573,1773953100,2962.984,2958.856,2962.474
2960.309,1773954000,2962.314,2959.03,2960.585
2950.176,1773954900,2960.893,2948.303,2960.311
2955.376,1773955800,2955.376,2950.183,2950.183
2953.922,1773956700,2955.669,2948.869,2955.378
2958.326,1773957600,2958.326,2953.926,2953.926
2945.931,1773958500,2959.407,2945.621,2958.337
2941.154,1773959400,2948.694,2941.025,2945.938
2941.506,1773960300,2943.355,2938.567,2941.16
2945.657,1773961200,2945.657,2941.508,2941.508
2944.069,1773962100,2946.254,2940.458,2945.663
2948.442,1773963000,2948.442,2944.073,2944.073
2947.477,1773963900,2951.215,2947.085,2948.444
2951.897,1773964800,2951.897,2947.477,2947.477
2957.263,1773965700,2957.263,2951.897,2951.897
2954.635,1773966600,2961.459,2953.576,2957.269
2956.594,1773967500,2956.594,2951.396,2954.635
2956.347,1773968400,2957.013,2953.287,2956.598
2959.945,1773969300,2959.945,2956.347,2956.347
2956.165,1773970200,2961.063,2955.022,2959.954
2956.511,1773971100,2960.361,2956.173,2956.173
2956.609,1773972000,2960.344,2956.455,2956.524
2955.572,1773972900,2958.86,2954.833,2956.615
2960.48,1773973800,2960.48,2955.575,2955.575
2958.179,1773974700,2962.113,2957.177,2960.49
2957.674,1773975600,2958.822,2952.857,2958.187
2960.148,1773976500,2960.148,2955.383,2957.686
2963.686,1773977400,2963.686,2960.15,2960.15
2959.86,1773978300,2964.394,2958.698,2963.699
2961.413,1773979200,2961.743,2959.873,2959.873
2964.48,1773980100,2964.48,2960.688,2961.418
2969.309,1773981000,2969.309,2964.042,2964.484
2972.391,1773981900,2972.391,2967.502,2969.32
2975.241,1773982800,2975.756,2972.393,2972.393
2979.932,1773983700,2979.932,2975.246,2975.246
2981.174,1773984600,2982.45,2978.267,2979.933
2983.002,1773985500,2986.076,2981.177,2981.177
2969.911,1773986400,2983.912,2967.173,2983.012
2957.341,1773987300,2972.804,2956.11,2969.924
2955.895,1773988200,2961.017,2955.296,2957.353
2957.508,1773989100,2957.508,2954.003,2955.898
2962.714,1773990000,2962.714,2957.51,2957.51
2965.01,1773990900,2967.402,2962.726,2962.726
2968.352,1773991800,2968.352,2963.197,2965.013
2973.861,1773992700,2973.861,2968.355,2968.355
2961.873,1773993600,2975.497,2961.425,2973.872
2964.283,1773994500,2966.657,2961.874,2961.874
2957.574,1773995400,2964.483,2955.277,2964.291
2962.794,1773996300,2962.794,2957.586,2957.586
2961.598,1773997200,2965.611,2961.372,2962.799
2959.81,1773998100,2963.491,2956.928,2961.614
2961.216,1773999000,2961.216,2957.135,2959.81
2961.297,1773999900,2964.007,2958.718,2961.225
2962.67,1774000800,2962.67,2958.208,2961.3
2963.979,1774001700,2965.323,2961.115,2962.671
2963.345,1774002600,2966.14,2961.321,2963.983
2968.808,1774003500,2968.808,2963.347,2963.347
2968.144,1774004400,2972.201,2966.907,2968.81
2963.026,1774005300,2968.444,2961.122,2968.147
2957.122,1774006200,2964.167,2956.919,2963.032
2951.289,1774007100,2961.025,2951.075,2957.126
2956.349,1774008000,2956.349,2951.296,2951.296
2958.143,1774008900,2958.143,2955.261,2956.354
2953.272,1774009800,2958.711,2949.825,2958.144
2951.298,1774010700,2955.603,2951.189,2953.277
2956.497,1774011600,2956.497,2951.303,2951.303
2944.743,1774012500,2956.907,2942.373,2956.504
2939.713,1774013400,2946.298,2938.018,2944.749
2940.66,1774014300,2941.557,2937.348,2939.713
2945.988,1774015200,2945.988,2940.678,2940.678
2946.865,1774016100,2947.009,2944.033,2945.989
2952.173,1774017000,2952.173,2946.875,2946.875
2943.31,1774017900,2955.621,2942.851,2952.179
2947.281,1774018800,2947.281,2942.607,2943.311
2952.584,1774019700,2952.584,2947.287,2947.287
2954.366,1774020600,2954.366,2949.763,2952.587
2957.594,1774021500,2959.244,2954.366,2954.366
2960.755,1774022400,2960.755,2957.598,2957.598
2965.202,1774023300,2965.202,2960.761,2960.761
2963.522,1774024200,2967.097,2960.345,2965.21
2966.417,1774025100,2968.54,2963.527,2963.527
2969.198,1774026000,2969.198,2965.765,2966.424
2965.05,1774026900,2970.308,2962.334,2969.2
2966.14,1774027800,2969.582,2965.052,2965.052
2971.202,1774028700,2971.202,2966.149,2966.149
2969.939,1774029600,2971.569,2965.674,2971.204
2968.346,1774030500,2970.575,2964.819,2969.939
2962.078,1774031400,2971.089,2961.578,2968.35
2961.705,1774032300,2962.162,2958.811,2962.082
2955.567,1774033200,2961.832,2952.146,2961.708
2960.755,1774034100,2960.755,2955.574,2955.574
2966.09,1774035000,2966.09,2960.763,2960.763
2966.926,1774035900,2970.534,2965.842,2966.091
2961.108,1774036800,2968.119,2958.795,2966.94
2959.887,1774037700,2963.592,2957.026,2961.112
2962.635,1774038600,2962.635,2959.109,2959.888
2963.168,1774039500,2965.541,2962.065,2962.636
2968.439,1774040400,2968.439,2963.171,2963.171
2960.284,1774041300,2969.864,2959.027,2968.44
2958.017,1774042200,2965.266,2957.759,2960.294
2959.136,1774043100,2959.136,2954.908,2958.019
2948.659,1774044000,2959.814,2948.167,2959.14
2950.949,1774044900,2950.949,2947.1,2948.662
2955.02,1774045800,2955.02,2950.96,2950.96
2954.743,1774046700,2958.745,2953.097,2955.022
2958.986,1774047600,2959.687,2954.748,2954.748
2963.421,1774048500,2963.421,2958.99,2958.99
2958.36,1774049400,2965.383,2957.543,2963.423
2959.79,1774050300,2961.638,2958.052,2958.363
2963.357,1774051200,2963.357,2959.791,2959.791
2960.63,1774052100,2966.484,2958.79,2963.377
2962.547,1774053000,2962.547,2957.828,2960.637
2967.836,1774053900,2967.836,2962.551,2962.551
2970.555,1774054800,2970.555,2967.284,2967.836
2968.425,1774055700,2973.662,2967.243,2970.566
2969.974,1774056600,2969.974,2966.144,2968.428
2968.036,1774057500,2974.137,2967.932,2969.986
2962.946,1774058400,2969.047,2961.741,2968.048
2966.887,1774059300,2966.887,2962.95,2962.95
2971.384,1774060200,2971.384,2966.765,2966.894
2961.357,1774061100,2972.325,2961.107,2971.385
2966.002,1774062000,2966.308,2961.367,2961.367
2969.656,1774062900,2969.656,2964.9,2966.013
2969.09,1774063800,2969.872,2964.303,2969.669
2974.377,1774064700,2974.377,2969.092,2969.092
2973.656,1774065600,2977.286,2971.343,2974.384
2974.893,1774066500,2977.495,2973.656,2973.656
2974.227,1774067400,2974.966,2968.934,2974.904
2973.928,1774068300,2975.725,2970.363,2974.233
2972.572,1774069200,2975.423,2972.224,2973.929
2975.423,1774070100,2975.423,2970.766,2972.573
2980.755,1774071000,2980.755,2975.425,2975.425
2983.707,1774071900,2983.707,2978.429,2980.76
2987.79,1774072800,2987.79,2983.713,2983.713
2988.915,1774073700,2990.94,2986.801,2987.796
2994.408,1774074600,2994.408,2988.92,2988.92
2995.077,1774075500,2998.083,2993.171,2994.411
2999.43,1774076400,2999.719,2995.078,2995.078
2995.649,1774077300,2999.965,2992.805,2999.437
2991.415,1774078200,2997.686,2988.313,2995.658
2993.94,1774079100,2993.94,2989.783,2991.421
2994.778,1774080000,2997.276,2993.354,2993.945
2989.934,1774080900,2997.436,2989.398,2994.787
2994.315,1774081800,2994.315,2989.938,2989.938
2999.714,1774082700,2999.714,2994.33,2994.33
2998.717,1774083600,3000.375,2996.659,2999.72
2998.104,1774084500,3000.273,2994.256,2998.721
3002.358,1774085400,3002.949,2998.11,2998.11
3005.325,1774086300,3005.325,3000.741,3002.358
2998.406,1774087200,3006.162,2995.205,3005.332
3002.101,1774088100,3002.101,2997.505,2998.418
3007.556,1774089000,3007.556,3002.105,3002.105
2995.236,1774089900,3007.887,2992.912,3007.558
2991.002,1774090800,2997.745,2988.334,2995.24
2993.965,1774091700,2995.531,2991.003,2991.003
2999.419,1774092600,2999.419,2993.973,2993.973
3003.321,1774093500,3003.321,2998.881,2999.422
3008.702,1774094400,3008.702,3003.332,3003.332
3014.219,1774095300,3014.219,3008.707,3008.707
3000.618,1774096200,3018.235,2999.921,3014.227
3006.184,1774097100,3006.184,3000.621,3000.621
3005.183,1774098000,3007.013,3000.716,3006.184
3006.269,1774098900,3010.298,3005.186,3005.186
3007.544,1774099800,3007.544,3003.682,3006.276
3008.402,1774100700,3009.483,3006.763,3007.545
3008.908,1774101600,3008.908,3005.689,3008.42
3014.187,1774102500,3014.187,3008.917,3008.917
3019.601,1774103400,3019.601,3014.189,3014.189
3015.1,1774104300,3020.802,3013.005,3019.61
3018.84,1774105200,3019.81,3015.109,3015.109
3021.364,1774106100,3021.364,3017.613,3018.84
3017.309,1774107000,3021.586,3017.226,3021.378
3018.544,1774107900,3021.37,3017.317,3017.317
3019.22,1774108800,3021.911,3017.103,3018.548
3022.647,1774109700,3023.643,3019.22,3019.22
3020.471,1774110600,3026.219,3020.125,3022.649
3020.829,1774111500,3023.668,3018.617,3020.473
3017.982,1774112400,3021.001,3012.606,3020.831
3023.384,1774113300,3023.384,3017.989,3017.989
3019.904,1774114200,3024.285,3016.859,3023.39
3025.338,1774115100,3025.338,3019.912,3019.912
3018.718,1774116000,3028.401,3016.876,3025.339
3021.403,1774116900,3022.554,3018.725,3018.725
3026.652,1774117800,3026.652,3021.409,3021.409
3025.239,1774118700,3028.001,3022.54,3026.657
3030.73,1774119600,3030.73,3025.242,3025.242
3023.357,1774120500,3033.842,3022.688,3030.73
3026.819,1774121400,3028.286,3023.358,3023.358
3018.786,1774122300,3028.72,3018.568,3026.82
3017.576,1774123200,3020.409,3015.778,3018.79
3022.155,1774124100,3022.155,3017.585,3017.585
3020.16,1774125000,3024.633,3017.688,3022.163
3024.199,1774125900,3024.199,3020.165,3020.165
3029.587,1774126800,3029.587,3024.205,3024.205
3034.981,1774127700,3034.981,3029.595,3029.595
3040.473,1774128600,3040.473,3034.988,3034.988
3026.904,1774129500,3041.285,3025.613,3040.483
3030.905,1774130400,3030.905,3026.288,3026.908
3033.529,1774131300,3033.529,3029.465,3030.905
3025.338,1774132200,3034.72,3025.172,3033.531
3030.547,1774133100,3030.547,3025.346,3025.346
3035.897,1774134000,3035.897,3030.548,3030.548
3041.391,1774134900,3041.391,3035.9,3035.9
3046.985,1774135800,3046.985,3041.408,3041.408
3051.157,1774136700,3051.258,3046.999,3046.999
3056.773,1774137600,3056.773,3051.163,3051.163
3055.079,1774138500,3057.116,3052.287,3056.776
3058.166,1774139400,3060.327,3055.084,3055.084
3063.659,1774140300,3063.659,3058.171,3058.171
3051.975,1774141200,3063.967,3051.104,3063.66
3057.533,1774142100,3057.533,3051.975,3051.975
3057.975,1774143000,3058.54,3054.427,3057.537
3063.62,1774143900,3063.62,3057.98,3057.98
3065.966,1774144800,3065.966,3061.426,3063.626
3066.266,1774145700,3067.417,3062.576,3065.967
3071.692,1774146600,3071.692,3066.268,3066.268
3067.89,1774147500,3073.884,3064.582,3071.701
3051.638,1774148400,3069.328,3050.703,3067.901
3051.007,1774149300,3054.15,3050.987,3051.642
3052.952,1774150200,3052.952,3050.413,3051.007
3058.559,1774151100,3058.559,3052.954,3052.954
3064.214,1774152000,3064.214,3058.566,3058.566
3069.851,1774152900,3069.851,3064.217,3064.217
3074.023,1774153800,3074.074,3069.868,3069.868
3072.712,1774154700,3077.312,3071.243,3074.024
3072.399,1774155600,3077.649,3071.606,3072.716
3069.945,1774156500,3074.725,3067.392,3072.407
3073.299,1774157400,3073.299,3069.315,3069.953
3073.144,1774158300,3075.011,3069.958,3073.302
3073.784,1774159200,3076.738,3072.345,3073.159
3078.953,1774160100,3079.347,3073.793,3073.793
3084.046,1774161000,3084.046,3078.954,3078.954
3080.572,1774161900,3086.44,3078.371,3084.053
3073.64,1774162800,3080.717,3071.903,3080.575
3070.151,1774163700,3075.172,3067.233,3073.651
3075.639,1774164600,3075.639,3070.156,3070.156
3080.213,1774165500,3080.213,3075.647,3075.647
3083.143,1774166400,3084.192,3080.215,3080.215
3087.116,1774167300,3087.116,3082.164,3083.148
3088.508,1774168200,3088.508,3085.109,3087.13
3089.029,1774169100,3089.514,3085.287,3088.512
3092.897,1774170000,3093.376,3089.037,3089.037
3097.091,1774170900,3097.091,3092.897,3092.897
3102.459,1774171800,3102.459,3097.1,3097.1
3107.977,1774172700,3107.977,3102.469,3102.469
3104.837,1774173600,3109.924,3103.459,3107.991
3110.423,1774174500,3110.423,3104.838,3104.838
3113.164,1774175400,3113.164,3110.128,3110.439
3108.402,1774176300,3116.153,3105.995,3113.164
3102.961,1774177200,3111.45,3100.715,3108.41
3106.938,1774178100,3106.938,3102.718,3102.965
3106.795,1774179000,3108.2,3102.552,3106.944
3110.762,1774179900,3110.762,3105.752,3106.802
3114.953,1774180800,3114.953,3110.133,3110.768
3120.511,1774181700,3120.511,3114.961,3114.961
3111.605,1774182600,3121.509,3109.006,3120.517
3109.432,1774183500,3114.121,3108.616,3111.61
3109.791,1774184400,3112.259,3106.977,3109.445
3113.836,1774185300,3115.037,3109.798,3109.798
3119.516,1774186200,3119.516,3113.843,3113.843
3123.551,1774187100,3123.551,3118.235,3119.528
3127.574,1774188000,3127.574,3122.997,3123.564
3126.859,1774188900,3129.006,3124.037,3127.575
3115.185,1774189800,3127.539,3112.824,3126.865
3115.016,1774190700,3116.863,3113.487,3115.199
3107.598,1774191600,3118.591,3106.328,3115.026
3112.549,1774192500,3112.549,3107.606,3107.606
3117.315,1774193400,3117.315,3112.554,3112.554
3119.943,1774194300,3119.943,3115.583,3117.319
3123.156,1774195200,3123.156,3119.953,3119.953
3123.99,1774196100,3124.231,3121.517,3123.16
3128.578,1774197000,3128.578,3123.999,3123.999
3134.022,1774197900,3134.022,3128.586,3128.586
3139.544,1774198800,3139.544,3134.041,3134.041
3145.138,1774199700,3145.138,3139.544,3139.544
3146.597,1774200600,3149.537,3145.153,3145.153
3152.4,1774201500,3152.4,3146.597,3146.597
3154.429,1774202400,3154.429,3150.317,3152.404
3154.554,1774203300,3157.963,3152.51,3154.445
3152.444,1774204200,3158.273,3150.941,3154.566
3158.099,1774205100,3158.099,3152.45,3152.45
3160.253,1774206000,3161.349,3158.107,3158.107
3162.532,1774206900,3162.532,3158.845,3160.254
3160.273,1774207800,3164.432,3157.618,3162.537
3154.906,1774208700,3162.541,3154.727,3160.278
3149.08,1774209600,3157.256,3149.05,3154.912
3146.94,1774210500,3149.562,3143.834,3149.091
3148.935,1774211400,3148.935,3144.356,3146.949
3148.622,1774212300,3150.941,3147.509,3148.941
3137.133,1774213200,3150.744,3135.297,3148.623
3136.357,1774214100,3139.632,3136.229,3137.136
3137.177,1774215000,3138.773,3135.181,3136.361
3139.771,1774215900,3139.771,3135.558,3137.186
3140.615,1774216800,3140.615,3136.562,3139.783
3146.393,1774217700,3146.393,3140.617,3140.617
3149.971,1774218600,3149.971,3146.398,3146.398
3151.732,1774219500,3151.732,3147.525,3149.972
3149.055,1774220400,3154.403,3147.205,3151.737
3148.463,1774221300,3149.22,3144.734,3149.056
3151.028,1774222200,3151.028,3147.643,3148.467
3143.659,1774223100,3155.328,3143.159,3151.031
3147.53,1774224000,3147.53,3143.672,3143.672
3150.066,1774224900,3151.447,3147.532,3147.532
3155.703,1774225800,3155.703,3150.067,3150.067
3159.462,1774226700,3159.462,3155.651,3155.708
3165.157,1774227600,3165.157,3159.466,3159.466
3160.625,1774228500,3165.989,3158.033,3165.164
3161.951,1774229400,3162.196,3159.199,3160.632
3160.711,1774230300,3166.334,3159.505,3161.959
3159.078,1774231200,3164.29,3158.414,3160.716
3164.427,1774232100,3164.427,3159.083,3159.083
3164.323,1774233000,3168.984,3163.204,3164.44
3169.718,1774233900,3169.718,3164.336,3164.336
3173.605,1774234800,3174.005,3169.722,3169.722
3172.342,1774235700,3178.196,3171.203,3173.613
3176.34,1774236600,3176.34,3172.081,3172.347
3181.917,1774237500,3181.917,3176.347,3176.347
3187.771,1774238400,3187.771,3181.918,3181.918
3183.34,1774239300,3189.958,3183.195,3187.774
3183.763,1774240200,3183.763,3178.755,3183.346
3189.59,1774241100,3189.59,3183.768,3183.768
3192.915,1774242000,3194.576,3189.597,3189.597
3186.644,1774242900,3193.212,3186.512,3192.924
3184.842,1774243800,3188.083,3183.162,3186.649
3183.576,1774244700,3185.252,3178.421,3184.851
3181.81,1774245600,3183.648,3179.523,3183.584
3186.65,1774246500,3186.65,3181.823,3181.823
3187.515,1774247400,3190.441,3185.913,3186.663
3189.346,1774248300,3190.388,3186.394,3187.516
3186.158,1774249200,3191.351,3184.373,3189.351
3191.851,1774250100,3191.851,3186.159,3186.159
3197.377,1774251000,3197.377,3191.854,3191.854
3203.228,1774251900,3203.228,3197.379,3197.379
3202.175,1774252800,3203.417,3199.839,3203.242
3196.063,1774253700,3202.425,3193.812,3202.18
3198.508,1774254600,3200.209,3195.996,3196.07
3201.198,1774255500,3201.198,3197.929,3198.52
3206.364,1774256400,3206.364,3201.2,3201.2
3209.586,1774257300,3211.335,3206.366,3206.366
3210.329,1774258200,3211.836,3208.909,3209.587
3196.784,1774259100,3211.549,3196.584,3210.332
3197.002,1774260000,3201.004,3195.557,3196.79
3199.338,1774260900,3199.338,3193.668,3197.006
3197.53,1774261800,3201.869,3197.088,3199.342
3193.053,1774262700,3198.705,3191.623,3197.538
3197.518,1774263600,3198.332,3193.06,3193.06
3186.491,1774264500,3198.223,3185.704,3197.53
3189.057,1774265400,3189.057,3184.573,3186.495
3193.531,1774266300,3193.531,3188.646,3189.07
3194.174,1774267200,3194.278,3190.6,3193.532
3199.4,1774268100,3199.4,3194.188,3194.188
3194.44,1774269000,3199.656,3190.732,3199.4
3197.573,1774269900,3198.767,3194.447,3194.447
3201.33,1774270800,3201.33,3197.368,3197.574
3196.346,1774271700,3202.18,3193.011,3201.331
3201.893,1774272600,3201.893,3196.354,3196.354
3207.38,1774273500,3207.38,3201.896,3201.896
3198.656,1774274400,3207.602,3196.24,3207.383
3202.66,1774275300,3202.699,3198.453,3198.656
3204.081,1774276200,3206.943,3202.606,3202.668
3207.345,1774277100,3207.345,3204.095,3204.095
3208.303,1774278000,3208.345,3204.083,3207.353
3211.59,1774278900,3211.59,3208.253,3208.312
3209.435,1774279800,3213.475,3206.664,3211.593
3215.055,1774280700,3215.055,3209.442,3209.442
3212.152,1774281600,3216.12,3208.786,3215.07
3215.571,1774282500,3215.571,3210.7,3212.153
3217.875,1774283400,3217.875,3213.469,3215.589
3222.646,1774284300,3222.646,3217.882,3217.882
3225.687,1774285200,3225.687,3221.347,3222.656
3230.153,1774286100,3230.153,3225.692,3225.692
3233.102,1774287000,3235.164,3230.161,3230.161
3235.456,1774287900,3237.654,3233.103,3233.103
3229.873,1774288800,3235.49,3228.809,3235.458
3230.098,1774289700,3235.57,3229.768,3229.888
3228.842,1774290600,3235.322,3228.34,3230.1
3234.704,1774291500,3234.704,3228.846,3228.846
3233.899,1774292400,3235.244,3228.416,3234.708
3231.915,1774293300,3237.765,3231.817,3233.9
3225.752,1774294200,3232.607,3222.873,3231.922
3222.008,1774295100,3226.518,3220.38,3225.755
3222.169,1774296000,3222.256,3216.675,3222.017
3223.315,1774296900,3224.487,3220.091,3222.172
3228.57,1774297800,3228.57,3223.316,3223.316
3206.241,1774298700,3230.92,3205.604,3228.574
3202.233,1774299600,3207.151,3201.061,3206.245
3206.649,1774300500,3206.649,3202.243,3202.243
3193.095,1774301400,3209.432,3191.62,3206.653
3198.817,1774302300,3198.817,3193.098,3193.098
3204.451,1774303200,3204.451,3198.818,3198.818
3204.073,1774304100,3204.612,3198.637,3204.452
3209.979,1774305000,3209.979,3204.076,3204.076
3215.763,1774305900,3215.763,3209.981,3209.981
3211.969,1774306800,3217.423,3210.219,3215.769
3216.681,1774307700,3216.681,3211.974,3211.974
3212.989,1774308600,3221.272,3212.051,3216.684
3201.048,1774309500,3213.583,3200.501,3212.989
3203.975,1774310400,3206.199,3201.056,3201.056
3201.615,1774311300,3206.267,3199.4,3203.981
3207.515,1774312200,3207.515,3201.625,3201.625
3213.502,1774313100,3213.502,3207.52,3207.52
3214.118,1774314000,3215.654,3212.224,3213.51
3218.841,1774314900,3218.841,3214.119,3214.119
3216.278,1774315800,3220.122,3212.903,3218.853
3213.497,1774316700,3216.776,3208.597,3216.28
3216.452,1774317600,3216.452,3212.304,3213.503
3212.824,1774318500,3216.929,3211.227,3216.457
3211.304,1774319400,3213.599,3209.343,3212.826
3207.196,1774320300,3213.896,3207.06,3211.307
3211.264,1774321200,3211.264,3207.208,3207.208
3214.52,1774322100,3216.948,3211.279,3211.279
3213.525,1774323000,3216.182,3212.19,3214.524
3219.296,1774323900,3219.296,3213.533,3213.533
3217.375,1774324800,3220.883,3213.909,3219.3
3218.474,1774325700,3218.474,3213.635,3217.384
3224.307,1774326600,3224.307,3218.491,3218.491
3223.922,1774327500,3227.246,3221.809,3224.315
3229.01,1774328400,3229.01,3223.937,3223.937
3215.891,1774329300,3232.448,3215.621,3229.016
3221.135,1774330200,3221.135,3215.898,3215.898
3215.381,1774331100,3221.375,3213.797,3221.141
3218.15,1774332000,3218.15,3213.484,3215.393
3212.959,1774332900,3218.626,3209.564,3218.154
3209.29,1774333800,3214.428,3208.59,3212.96
3206.67,1774334700,3210.837,3202.63,3209.295
3194.274,1774335600,3209.91,3193.993,3206.684
3199.979,1774336500,3199.979,3194.282,3194.282
3197.802,1774337400,3202.993,3197.014,3199.979
3196.112,1774338300,3198.475,3192.762,3197.804
3193.921,1774339200,3199.048,3193.669,3196.117
3199.415,1774340100,3199.415,3193.922,3193.922
3199.598,1774341000,3201.97,3198.315,3199.416
3195.555,1774341900,3200.298,3193.366,3199.608
3200.35,1774342800,3200.35,3194.952,3195.558
3202.366,1774343700,3202.366,3196.869,3200.365
3199.641,1774344600,3203.351,3196.161,3202.37
3201.389,1774345500,3203.604,3199.463,3199.65
3207.033,1774346400,3207.033,3201.395,3201.395
3212.336,1774347300,3212.336,3207.036,3207.036
3218.007,1774348200,3218.007,3212.337,3212.337
3219.774,1774349100,3222.836,3218.007,3218.007
3208.757,1774350000,3221.32,3206.977,3219.783
3206.699,1774350900,3213.226,3206.36,3208.759
3208.581,1774351800,3211.405,3206.703,3206.703
3210.644,1774352700,3211.502,3208.274,3208.588
3213.148,1774353600,3216.373,3210.645,3210.645
3203.846,1774354500,3214.481,3203.053,3213.15
3201.824,1774355400,3205.188,3200.713,3203.852
3204.227,1774356300,3204.905,3201.634,3201.828
3202.461,1774357200,3206.034,3200.787,3204.23
3195.404,1774358100,3205.221,3193.718,3202.473
3192.383,1774359000,3198.367,3192.13,3195.409
3179.827,1774359900,3193.246,3178.752,3192.384
3179.91,1774360800,3183.375,3177.794,3179.84
3182.815,1774361700,3184.755,3179.914,3179.914
3185.06,1774362600,3186.578,3182.823,3182.823
3191.054,1774363500,3191.054,3185.078,3185.078
3190.403,1774364400,3192.86,3186.357,3191.064
3189.885,1774365300,3195.44,3189.131,3190.408
3187.568,1774366200,3190.312,3184.459,3189.899
3193.203,1774367100,3193.203,3187.581,3187.581
3192.426,1774368000,3195.258,3191.681,3193.211
3194.357,1774368900,3194.357,3189.649,3192.436
3190.151,1774369800,3196.664,3188.851,3194.362
3195.856,1774370700,3195.856,3190.163,3190.163
3192.357,1774371600,3199.567,3192.153,3195.867
3197.229,1774372500,3197.978,3192.367,3192.367
3200.913,1774373400,3200.913,3197.235,3197.235
3206.867,1774374300,3206.867,3200.92,3200.92
3206.363,1774375200,3209.017,3203.469,3206.869
3205.627,1774376100,3208.942,3202.411,3206.365
3206.334,1774377000,3209.943,3205.619,3205.635
3203.34,1774377900,3207.281,3200.603,3206.344
3205.971,1774378800,3208.761,3203.34,3203.34
3206.325,1774379700,3208.499,3205.215,3205.973
3201.446,1774380600,3206.841,3201.147,3206.332
3207.456,1774381500,3207.456,3201.45,3201.45
3213.723,1774382400,3213.723,3207.464,3207.464
3208.947,1774383300,3216.402,3206.202,3213.742
3210.47,1774384200,3213.052,3208.954,3208.954
3205.47,1774385100,3211.496,3201.925,3210.47
3211.442,1774386000,3211.442,3205.478,3205.478
3217.088,1774386900,3217.088,3211.444,3211.444
3212.643,1774387800,3218.812,3212.475,3217.093
3213.62,1774388700,3217.374,3212.6,3212.644
3215.641,1774389600,3217.309,3213.317,3213.621
3220.272,1774390500,3220.272,3215.643,3215.643
3216.496,1774391400,3221.094,3211.346,3220.284
3216.334,1774392300,3218.458,3215.386,3216.496
3217.253,1774393200,3220.018,3215.253,3216.34
3208.033,1774394100,3221.38,3207.669,3217.254
3196.785,1774395000,3208.172,3194.355,3208.049
3202.485,1774395900,3202.485,3196.79,3196.79
3202.79,1774396800,3202.794,3200.411,3202.495
3203.993,1774397700,3203.993,3198.837,3202.791
3205.022,1774398600,3205.847,3201.26,3203.998
3195.573,1774399500,3206.004,3195.072,3205.025
3185.311,1774400400,3197.144,3183.402,3195.577
3187.991,1774401300,3187.991,3183.068,3185.316
3188.394,1774402200,3190.205,3185.913,3187.993
3187.025,1774403100,3193.049,3186.337,3188.406
3185.391,1774404000,3189.084,3182.613,3187.027
3179.145,1774404900,3185.596,3178.764,3185.412
3183.398,1774405800,3183.398,3179.152,3179.152
3181.896,1774406700,3186.881,3180.475,3183.408
3187.565,1774407600,3187.565,3181.902,3181.902
3193.281,1774408500,3193.281,3187.572,3187.572
3199.051,1774409400,3199.051,3193.284,3193.284
3201.755,1774410300,3201.803,3199.066,3199.066
3203.017,1774411200,3206.078,3201.699,3201.758
3206.976,1774412100,3206.976,3203.02,3203.02
3212.604,1774413000,3212.604,3206.978,3206.978
3216.257,1774413900,3216.257,3212.4,3212.611
3216.84,1774414800,3217.956,3212.632,3216.258
3218.389,1774415700,3218.389,3212.809,3216.841
3219.265,1774416600,3222.175,3217.193,3218.403
3215.761,1774417500,3223.096,3214.562,3219.271
3212.298,1774418400,3216.942,3211.166,3215.77
3209.401,1774419300,3216.473,3209.241,3212.301
3214.277,1774420200,3214.277,3209.405,3209.405
3215.094,1774421100,3217.359,3212.648,3214.283
3220.79,1774422000,3220.79,3215.098,3215.098
3224.189,1774422900,3224.231,3220.8,3220.8
3223.573,1774423800,3226.23,3220.017,3224.189
3221.99,1774424700,3224.992,3217.481,3223.576
3212.396,1774425600,3222.157,3211.632,3221.997
3217.107,1774426500,3217.107,3212.41,3212.41
3217.098,1774427400,3220.125,3214.654,3217.109
3216.086,1774428300,3217.788,3212.768,3217.102
3222.0,1774429200,3222.0,3216.103,3216.103
3220.542,1774430100,3225.387,3218.132,3222.005
3221.935,1774431000,3223.445,3220.394,3220.547
3213.005,1774431900,3222.378,3210.655,3221.935
3217.86,1774432800,3217.86,3212.409,3213.018
3221.618,1774433700,3221.618,3217.145,3217.869
3226.186,1774434600,3226.186,3221.639,3221.639
3221.358,1774435500,3226.824,3221.135,3226.186
3225.641,1774436400,3225.641,3221.368,3221.368
3226.249,1774437300,3226.249,3221.062,3225.654
3230.998,1774438200,3230.998,3226.255,3226.255
3214.172,1774439100,3231.436,3213.849,3231.008
3217.821,1774440000,3217.821,3212.496,3214.177
3210.918,1774440900,3219.48,3207.225,3217.821
3214.756,1774441800,3214.756,3210.923,3210.923
3195.949,1774442700,3214.902,3195.675,3214.763
3197.159,1774443600,3197.159,3192.094,3195.96
3202.74,1774444500,3202.74,3197.17,3197.17
3193.173,1774445400,3204.366,3191.507,3202.745
3195.945,1774446300,3196.106,3193.176,3193.176
3197.157,1774447200,3199.442,3195.955,3195.955
3203.084,1774448100,3203.084,3197.168,3197.168
3208.796,1774449000,3208.796,3203.085,3203.085
3204.766,1774449900,3209.535,3199.781,3208.805
3204.025,1774450800,3208.672,3203.069,3204.771
3205.378,1774451700,3205.378,3200.475,3204.032
3201.587,1774452600,3210.056,3200.786,3205.378
3207.575,1774453500,3207.575,3201.592,3201.592
3202.605,1774454400,3208.402,3200.88,3207.593
3205.043,1774455300,3206.709,3202.617,3202.617
3210.928,1774456200,3210.928,3205.048,3205.048
3214.687,1774457100,3215.588,3210.93,3210.93
3193.843,1774458000,3215.526,3191.981,3214.689
3195.035,1774458900,3195.035,3189.897,3193.848
3200.826,1774459800,3200.826,3195.042,3195.042
3192.105,1774460700,3201.092,3191.351,3200.829
3190.305,1774461600,3192.463,3185.094,3192.113
3191.491,1774462500,3191.692,3187.016,3190.319
3196.031,1774463400,3196.84,3191.497,3191.497
3199.527,1774464300,3199.527,3194.366,3196.04
3205.495,1774465200,3205.495,3199.534,3199.534
3188.391,1774466100,3205.552,3187.019,3205.5
3189.309,1774467000,3189.745,3184.846,3188.401
3190.58,1774467900,3191.581,3187.526,3189.325
3194.362,1774468800,3194.362,3190.541,3190.585
3195.848,1774469700,3197.529,3194.369,3194.369
3198.52,1774470600,3200.587,3195.851,3195.851
3204.132,1774471500,3204.132,3198.524,3198.524
3207.125,1774472400,3207.168,3204.134,3204.144
3208.818,1774473300,3208.818,3203.601,3207.14
3210.772,1774474200,3213.797,3208.832,3208.832
3214.429,1774475100,3214.429,3210.776,3210.776
3219.768,1774476000,3219.768,3214.437,3214.437
3211.597,1774476900,3223.156,3211.597,3219.777
3217.094,1774477800,3217.094,3211.599,3211.599
3222.944,1774478700,3222.944,3217.107,3217.107
3228.746,1774479600,3228.746,3222.949,3222.949
3225.383,1774480500,3229.977,3221.742,3228.758
3229.901,1774481400,3229.901,3225.385,3225.385
3231.599,1774482300,3233.258,3229.583,3229.911
3232.816,1774483200,3236.198,3231.605,3231.605
3238.328,1774484100,3238.328,3232.824,3232.824
3236.909,1774485000,3240.646,3236.453,3238.329
3239.128,1774485900,3239.128,3234.466,3236.92
3234.597,1774486800,3241.078,3233.265,3239.143
3240.17,1774487700,3240.17,3234.603,3234.603
3227.917,1774488600,3242.137,3227.222,3240.185
3224.847,1774489500,3229.202,3224.301,3227.925
3227.387,1774490400,3228.559,3224.853,3224.853
3224.3,1774491300,3230.384,3222.253,3227.388
3229.983,1774492200,3229.983,3224.306,3224.306
3235.731,1774493100,3235.731,3229.995,3229.995
3229.405,1774494000,3237.981,3228.338,3235.733
3230.718,1774494900,3231.307,3226.681,3229.414
3236.53,1774495800,3236.53,3230.726,3230.726
3231.201,1774496700,3237.964,3231.192,3236.535
3232.423,1774497600,3232.423,3227.445,3231.205
3230.904,1774498500,3232.624,3225.856,3232.432
3236.649,1774499400,3236.649,3230.906,3230.906
3239.389,1774500300,3241.486,3236.656,3236.656
3242.083,1774501200,3242.814,3239.401,3239.401
3247.748,1774502100,3247.748,3242.092,3242.092
3253.606,1774503000,3253.606,3247.761,3247.761
3246.61,1774503900,3255.43,3245.902,3253.61
3243.062,1774504800,3247.743,3242.661,3246.617
3243.378,1774505700,3246.387,3241.797,3243.069
3247.77,1774506600,3247.77,3243.391,3243.391
3253.493,1774507500,3253.493,3247.775,3247.775
3254.679,1774508400,3254.679,3248.962,3253.508
3253.547,1774509300,3255.552,3251.701,3254.687
3254.907,1774510200,3256.443,3253.103,3253.558
3252.647,1774511100,3257.149,3249.785,3254.916
3243.97,1774512000,3254.018,3241.411,3252.661
3245.557,1774512900,3246.408,3243.687,3243.976
3251.343,1774513800,3251.343,3245.558,3245.558
3253.75,1774514700,3253.75,3250.735,3251.344
3256.289,1774515600,3256.289,3252.607,3253.761
3250.257,1774516500,3257.175,3249.478,3256.293
3253.081,1774517400,3253.332,3250.265,3250.265
3251.293,1774518300,3253.1,3246.897,3253.081
3253.815,1774519200,3253.815,3249.271,3251.295
3247.772,1774520100,3258.229,3247.684,3253.826
3253.756,1774521000,3253.756,3247.784,3247.784
3248.366,1774521900,3254.121,3244.881,3253.759
3254.137,1774522800,3254.137,3248.368,3248.368
3253.641,1774523700,3256.165,3250.675,3254.139
3245.989,1774524600,3254.477,3244.486,3253.644
3252.154,1774525500,3252.154,3246.0,3246.0
3251.759,1774526400,3252.61,3250.6,3252.155
3257.203,1774527300,3257.203,3251.77,3251.77
3261.943,1774528200,3262.441,3257.224,3257.224
3263.319,1774529100,3265.619,3261.274,3261.946
3264.43,1774530000,3267.085,3263.114,3263.331
3268.118,1774530900,3268.118,3263.099,3264.432
3270.398,1774531800,3272.39,3268.122,3268.122
3269.231,1774532700,3274.595,3268.902,3270.399
3274.972,1774533600,3274.972,3269.235,3269.235
3268.616,1774534500,3275.825,3266.97,3274.972
3269.124,1774535400,3273.665,3268.626,3268.626
3248.059,1774536300,3269.142,3247.078,3269.125
3248.965,1774537200,3252.264,3247.4,3248.067
3242.119,1774538100,3249.794,3239.042,3248.967
3247.746,1774539000,3247.746,3242.123,3242.123
3235.001,1774539900,3247.804,3234.404,3247.755
3236.408,1774540800,3236.408,3232.226,3235.01
3237.933,1774541700,3239.945,3236.31,3236.411
3242.455,1774542600,3242.455,3237.944,3237.944
3236.84,1774543500,3242.821,3236.376,3242.463
3231.187,1774544400,3237.985,3228.193,3236.849
3235.075,1774545300,3235.383,3231.203,3231.203
3240.682,1774546200,3240.682,3235.089,3235.089
3246.466,1774547100,3246.466,3240.696,3240.696
3246.039,1774548000,3251.097,3246.005,3246.472
3241.099,1774548900,3247.72,3239.494,3246.048
3245.387,1774549800,3245.617,3241.105,3241.105
3243.583,1774550700,3248.758,3242.31,3245.391
3249.413,1774551600,3249.413,3243.589,3243.589
3255.161,1774552500,3255.161,3249.415,3249.415
3252.021,1774553400,3258.988,3251.37,3255.167
3257.974,1774554300,3257.974,3252.025,3252.025
3252.492,1774555200,3261.084,3251.495,3257.979
3249.748,1774556100,3256.268,3247.704,3252.493
3252.054,1774557000,3252.054,3247.661,3249.754
3241.66,1774557900,3253.213,3241.039,3252.055
3247.052,1774558800,3247.052,3241.674,3241.674
3247.407,1774559700,3247.788,3242.826,3247.062
3239.634,1774560600,3247.557,3238.828,3247.416
3234.533,1774561500,3240.496,3232.724,3239.635
3233.969,1774562400,3239.068,3232.776,3234.542
3231.126,1774563300,3235.777,3229.517,3233.976
3236.299,1774564200,3236.299,3231.13,3231.13
3236.88,1774565100,3239.771,3235.009,3236.309
3240.191,1774566000,3240.655,3236.887,3236.887
3245.318,1774566900,3245.318,3239.839,3240.2
3244.832,1774567800,3249.283,3243.522,3245.319
3242.841,1774568700,3246.47,3241.699,3244.841
3242.981,1774569600,3245.049,3239.734,3242.852
3236.568,1774570500,3244.815,3233.883,3242.99
3233.768,1774571400,3236.746,3229.131,3236.576
3236.895,1774572300,3236.895,3232.908,3233.771
3239.687,1774573200,3239.687,3236.6,3236.902
3245.486,1774574100,3245.486,3239.698,3239.698
3251.347,1774575000,3251.347,3245.493,3245.493
3246.684,1774575900,3253.706,3246.609,3251.356
3252.375,1774576800,3252.375,3246.687,3246.687
3250.315,1774577700,3257.418,3249.506,3252.387
3245.896,1774578600,3251.461,3241.108,3250.324
3244.377,1774579500,3248.145,3242.117,3245.903
3249.713,1774580400,3249.713,3244.389,3244.389
3251.075,1774581300,3254.062,3249.471,3249.714
3256.808,1774582200,3256.808,3251.078,3251.078
3251.308,1774583100,3257.21,3249.799,3256.815
3250.547,1774584000,3254.536,3249.304,3251.318
3256.37,1774584900,3256.37,3250.559,3250.559
3258.972,1774585800,3260.114,3255.188,3256.375
3260.969,1774586700,3264.17,3258.976,3258.976
3266.718,1774587600,3266.718,3260.972,3260.972
3270.979,1774588500,3270.979,3266.72,3266.72
3258.485,1774589400,3271.581,3256.997,3270.989
3253.411,1774590300,3261.841,3252.355,3258.501
3259.168,1774591200,3259.168,3253.419,3253.419
3264.955,1774592100,3264.955,3259.181,3259.181
3264.554,1774593000,3268.122,3263.796,3264.962
3263.851,1774593900,3265.822,3260.525,3264.557
3269.586,1774594800,3269.586,3263.856,3263.856
3271.403,1774595700,3275.34,3269.595,3269.595
3273.224,1774596600,3277.092,3271.407,3271.407
3267.698,1774597500,3277.84,3266.704,3273.228
3269.424,1774598400,3270.246,3265.684,3267.701
3262.74,1774599300,3272.352,3262.226,3269.428
3260.609,1774600200,3265.232,3259.396,3262.745
3266.034,1774601100,3266.365,3260.61,3260.61
3256.99,1774602000,3268.728,3254.812,3266.037
3259.415,1774602900,3260.54,3256.994,3256.994
3258.266,1774603800,3261.395,3257.32,3259.42
3254.95,1774604700,3261.237,3254.95,3258.274
3251.689,1774605600,3255.175,3248.735,3254.967
3256.927,1774606500,3257.448,3251.69,3251.69
3262.889,1774607400,3262.889,3256.935,3256.935
3266.581,1774608300,3266.581,3262.258,3262.897
3272.41,1774609200,3272.41,3266.595,3266.595
3278.314,1774610100,3278.314,3272.418,3272.418
3279.909,1774611000,3279.909,3276.504,3278.323
3286.031,1774611900,3286.031,3279.915,3279.915
3288.629,1774612800,3288.629,3285.806,3286.037
3294.415,1774613700,3294.415,3288.634,3288.634
3291.558,1774614600,3296.36,3291.496,3294.425
3295.331,1774615500,3295.331,3290.637,3291.566
3300.283,1774616400,3300.518,3295.342,3295.342
3303.967,1774617300,3304.369,3300.287,3300.287
3297.515,1774618200,3304.908,3296.164,3303.973
3297.561,1774619100,3298.658,3292.693,3297.521
3303.394,1774620000,3303.394,3297.561,3297.561
3294.257,1774620900,3308.706,3294.02,3303.4
3299.004,1774621800,3299.004,3294.269,3294.269
3293.918,1774622700,3299.784,3293.432,3299.019
3299.568,1774623600,3299.568,3293.923,3293.923
3302.89,1774624500,3303.573,3299.568,3299.568
3306.531,1774625400,3306.531,3302.464,3302.903
3306.776,1774626300,3311.893,3306.279,3306.533
3308.587,1774627200,3308.587,3303.982,3306.785
3306.88,1774628100,3309.86,3302.215,3308.599
3311.843,1774629000,3311.843,3305.929,3305.929
3308.174,1774629900,3312.1,3305.08,3311.843
3302.793,1774630800,3309.474,3302.479,3308.183
3304.057,1774631700,3306.782,3302.15,3302.811
3309.16,1774632600,3309.16,3304.061,3304.061
3315.206,1774633500,3315.206,3309.16,3309.16
3313.5,1774634400,3318.373,3312.958,3315.215
3310.354,1774635300,3317.026,3309.329,3313.506
3316.467,1774636200,3316.467,3310.366,3310.366
3315.753,1774637100,3320.827,3313.967,3316.472
3307.364,1774638000,3317.224,3305.72,3315.768
3303.803,1774638900,3310.681,3303.376,3307.365
3303.145,1774639800,3309.002,3302.54,3303.815
3309.288,1774640700,3309.288,3303.154,3303.154
3315.211,1774641600,3315.211,3309.293,3309.293
3321.415,1774642500,3321.415,3315.214,3315.214
3322.776,1774643400,3325.902,3321.222,3321.426
3324.227,1774644300,3325.202,3321.363,3322.778
3306.13,1774645200,3325.491,3306.041,3324.24
3305.95,1774646100,3306.783,3303.575,3306.133
3301.251,1774647000,3306.21,3297.258,3305.954
3300.844,1774647900,3304.137,3297.909,3301.259
3306.726,1774648800,3306.726,3300.846,3300.846
3307.624,1774649700,3311.04,3305.927,3306.731
3306.43,1774650600,3310.691,3305.962,3307.632
3310.248,1774651500,3310.248,3304.801,3306.436
3309.317,1774652400,3311.857,3307.368,3310.259
3315.223,1774653300,3315.223,3309.322,3309.322
3314.68,1774654200,3315.888,3311.781,3315.228
3320.726,1774655100,3320.726,3314.683,3314.683
3322.058,1774656000,3324.751,3320.731,3320.731
3319.61,1774656900,3322.481,3316.787,3322.067
3324.444,1774657800,3324.444,3319.627,3319.627
3321.005,1774658700,3326.585,3320.388,3324.445
3327.14,1774659600,3327.14,3321.008,3321.008
3329.346,1774660500,3329.869,3326.036,3327.144
3334.649,1774661400,3334.649,3329.358,3329.358
3334.335,1774662300,3335.784,3331.993,3334.658
3337.097,1774663200,3338.619,3334.346,3334.346
3343.048,1774664100,3343.048,3337.099,3337.099
3345.626,1774665000,3345.809,3341.558,3343.056
3351.563,1774665900,3351.563,3345.642,3345.642
3349.551,1774666800,3351.895,3344.188,3351.568
3355.474,1774667700,3355.474,3349.56,3349.56
3353.876,1774668600,3356.962,3349.906,3355.481
3354.0,1774669500,3355.059,3349.19,3353.893
3352.691,1774670400,3358.157,3352.186,3354.001
3358.425,1774671300,3358.425,3352.696,3352.696
3357.647,1774672200,3360.606,3356.553,3358.432
3356.924,1774673100,3362.474,3355.908,3357.659
3354.414,1774674000,3358.91,3351.11,3356.931
3360.624,1774674900,3360.624,3354.419,3354.419
3358.909,1774675800,3364.046,3356.789,3360.627
3353.507,1774676700,3360.44,3350.827,3358.928
3359.535,1774677600,3359.535,3353.511,3353.511
3359.72,1774678500,3360.652,3354.738,3359.549
3353.235,1774679400,3360.661,3352.045,3359.734
3337.89,1774680300,3354.107,3337.509,3353.238
3329.33,1774681200,3340.052,3329.285,3337.892
3335.097,1774682100,3335.097,3329.335,3329.335
3336.589,1774683000,3338.405,3334.693,3335.11
3339.292,1774683900,3339.292,3336.001,3336.596
3345.261,1774684800,3345.261,3339.296,3339.296
3347.845,1774685700,3348.221,3342.695,3345.269
3345.905,1774686600,3350.957,3343.143,3347.846
3351.843,1774687500,3351.843,3345.92,3345.92
3356.562,1774688400,3356.562,3350.826,3351.845
3362.648,1774689300,3362.648,3356.566,3356.566
3365.13,1774690200,3367.989,3362.654,3362.654
3367.014,1774691100,3367.876,3364.54,3365.136
3356.1,1774692000,3369.866,3355.581,3367.023
3356.777,1774692900,3360.307,3355.606,3356.108
3359.276,1774693800,3362.712,3356.788,3356.788
3351.56,1774694700,3361.839,3350.108,3359.281
3356.166,1774695600,3356.166,3350.819,3351.561
3359.541,1774696500,3361.52,3356.169,3356.169
3355.271,1774697400,3362.228,3353.876,3359.551
3354.136,1774698300,3360.451,3353.307,3355.272
3352.503,1774699200,3358.19,3351.299,3354.143
3353.051,1774700100,3353.78,3348.317,3352.507
3358.089,1774701000,3358.089,3353.055,3353.055
3360.764,1774701900,3361.944,3358.089,3358.089
3364.889,1774702800,3365.152,3360.775,3360.775
3359.074,1774703700,3367.404,3357.368,3364.893
3362.216,1774704600,3362.216,3359.052,3359.08
3368.283,1774705500,3368.283,3362.218,3362.218
3369.044,1774706400,3371.258,3366.086,3368.285
3363.159,1774707300,3369.445,3363.03,3369.046
3369.433,1774708200,3369.433,3363.165,3363.165
3375.383,1774709100,3375.383,3369.435,3369.435
3374.004,1774710000,3376.913,3372.885,3375.389
3355.632,1774710900,3375.085,3354.672,3374.004
3354.493,1774711800,3358.982,3353.566,3355.636
3360.41,1774712700,3360.41,3354.494,3354.494
3364.482,1774713600,3364.482,3360.045,3360.413
3363.577,1774714500,3366.515,3360.011,3364.488
3362.681,1774715400,3365.235,3360.583,3363.583
3368.49,1774716300,3368.49,3362.687,3362.687
3362.918,1774717200,3370.776,3360.596,3368.493
3364.677,1774718100,3366.385,3362.922,3362.922
3365.835,1774719000,3368.066,3364.685,3364.685
3367.37,1774719900,3367.37,3362.357,3365.843
3365.607,1774720800,3368.238,3362.301,3367.38
3371.836,1774721700,3371.836,3365.622,3365.622
3369.653,1774722600,3375.264,3367.22,3371.846
3376.004,1774723500,3376.004,3369.656,3369.656
3381.973,1774724400,3381.973,3376.015,3376.015
3386.085,1774725300,3386.2,3381.984,3381.984
3374.652,1774726200,3387.75,3374.056,3386.093
3371.9,1774727100,3375.239,3368.537,3374.658
3377.825,1774728000,3377.825,3371.907,3371.907
3383.703,1774728900,3383.703,3377.826,3377.826
3379.564,1774729800,3384.854,3378.9,3383.703
3375.252,1774730700,3381.458,3371.779,3379.572
3372.398,1774731600,3375.278,3366.46,3375.259
3359.223,1774732500,3372.923,3358.352,3372.408
3365.191,1774733400,3365.191,3359.224,3359.224
3367.738,1774734300,3367.738,3362.854,3365.204
3368.683,1774735200,3371.479,3366.265,3367.743
3372.297,1774736100,3372.297,3368.296,3368.7
3375.173,1774737000,3378.326,3372.304,3372.304
3365.495,1774737900,3377.571,3364.206,3375.184
3362.655,1774738800,3367.636,3361.91,3365.496
3367.137,1774739700,3367.137,3361.517,3362.663
3373.088,1774740600,3373.088,3367.141,3367.141
3379.111,1774741500,3379.111,3373.093,3373.093
3369.446,1774742400,3381.783,3368.099,3379.123
3370.862,1774743300,3370.862,3367.855,3369.449
3364.017,1774744200,3371.289,3362.439,3370.871
3369.9,1774745100,3369.9,3364.017,3364.017
3366.888,1774746000,3374.456,3366.557,3369.908
3359.839,1774746900,3368.85,3358.233,3366.905
3362.001,1774747800,3364.247,3359.839,3359.839
3368.188,1774748700,3368.188,3362.006,3362.006
3367.996,1774749600,3371.605,3366.594,3368.206
3373.242,1774750500,3373.242,3368.008,3368.008
3379.327,1774751400,3379.327,3373.243,3373.243
3378.323,1774752300,3379.523,3375.387,3379.331
3376.622,1774753200,3381.49,3374.517,3378.334
3378.714,1774754100,3378.714,3374.648,3376.627
3380.639,1774755000,3381.134,3377.604,3378.724
3375.838,1774755900,3381.212,3372.367,3380.646
3374.353,1774756800,3378.483,3370.867,3375.846
3372.554,1774757700,3378.054,3370.716,3374.355
3373.454,1774758600,3374.888,3370.645,3372.564
3377.639,1774759500,3377.639,3372.211,3373.458
3377.599,1774760400,3378.372,3372.714,3377.646
3383.553,1774761300,3383.553,3377.6,3377.6
3389.811,1774762200,3389.811,3383.569,3383.569
3396.014,1774763100,3396.014,3389.818,3389.818
3398.767,1774764000,3398.767,3394.736,3396.018
3398.991,1774764900,3399.471,3394.207,3398.786
3402.874,1774765800,3403.89,3399.006,3399.006
3409.211,1774766700,3409.211,3402.875,3402.875
3413.337,1774767600,3413.337,3408.611,3409.217
3401.782,1774768500,3413.735,3400.067,3413.35
3407.572,1774769400,3407.572,3401.783,3401.783
3413.757,1774770300,3413.757,3407.577,3407.577
3420.165,1774771200,3420.165,3413.771,3413.771
3426.46,1774772100,3426.46,3420.179,3420.179
3418.27,1774773000,3427.025,3418.018,3426.473
3413.795,1774773900,3421.861,3413.071,3418.281
3408.475,1774774800,3417.549,3408.032,3413.804
3399.629,1774775700,3412.56,3399.4,3408.494
3382.536,1774776600,3400.092,3381.927,3399.629
3385.577,1774777500,3385.577,3380.479,3382.54
3388.403,1774778400,3391.417,3385.588,3385.588
3394.299,1774779300,3394.299,3388.411,3388.411
3395.59,1774780200,3396.467,3391.603,3394.311
3401.725,1774781100,3401.725,3395.593,3395.593
3400.964,1774782000,3401.895,3395.768,3401.737
3399.995,1774782900,3404.529,3399.289,3400.965
3405.962,1774783800,3405.962,3399.998,3399.998
3410.078,1774784700,3411.28,3405.965,3405.965
3408.604,1774785600,3413.275,3407.871,3410.086
3404.496,1774786500,3409.988,3402.418,3408.619
3409.068,1774787400,3409.068,3404.507,3404.507
3397.878,1774788300,3409.484,3393.09,3409.068
3401.587,1774789200,3401.587,3396.418,3397.885
3407.622,1774790100,3407.622,3401.601,3401.601
3404.398,1774791000,3409.905,3404.398,3407.629
3410.466,1774791900,3410.466,3404.412,3404.412
3415.531,1774792800,3415.531,3410.468,3410.468
3417.327,1774793700,3420.342,3415.534,3415.534
3420.248,1774794600,3420.606,3417.336,3417.336
3426.655,1774795500,3426.655,3420.257,3420.257
3426.379,1774796400,3428.488,3422.839,3426.664
3430.932,1774797300,3431.756,3426.385,3426.385
3419.983,1774798200,3432.687,3419.109,3430.939
3419.718,1774799100,3420.715,3414.252,3419.993
3421.105,1774800000,3422.791,3419.721,3419.721
3424.161,1774800900,3424.392,3421.117,3421.117
3430.134,1774801800,3430.134,3424.165,3424.165
3436.277,1774802700,3436.277,3430.137,3430.137
3441.026,1774803600,3441.026,3436.292,3436.292
3427.938,1774804500,3443.811,3427.044,3441.035
3433.496,1774805400,3433.496,3427.943,3427.943
3433.331,1774806300,3438.93,3433.036,3433.511
3429.698,1774807200,3435.989,3428.776,3433.332
3433.323,1774808100,3433.323,3429.71,3429.71
3439.438,1774809000,3439.438,3433.339,3433.339
3445.569,1774809900,3445.569,3439.444,3439.444
3444.77,1774810800,3451.776,3444.663,3445.573
3442.602,1774811700,3445.715,3440.44,3444.777
3448.684,1774812600,3448.684,3442.614,3442.614
3454.943,1774813500,3454.943,3448.698,3448.698
3461.192,1774814400,3461.192,3454.954,3454.954
3452.819,1774815300,3462.74,3451.347,3461.206
3455.259,1774816200,3455.259,3449.303,3452.822
3455.59,1774817100,3460.733,3455.269,3455.269
3457.927,1774818000,3461.488,3455.601,3455.601
3459.228,1774818900,3459.228,3454.146,3457.932
3462.127,1774819800,3462.127,3456.475,3459.233
3460.528,1774820700,3462.88,3459.124,3462.139
3459.926,1774821600,3462.443,3455.506,3460.537
3466.432,1774822500,3466.432,3459.934,3459.934
3462.236,1774823400,3467.05,3460.434,3466.433
3465.627,1774824300,3465.934,3462.236,3462.236
3463.325,1774825200,3465.88,3460.594,3465.637
3463.857,1774826100,3467.154,3462.669,3463.331
3469.847,1774827000,3469.847,3463.859,3463.859
3476.063,1774827900,3476.063,3469.856,3469.856
3471.312,1774828800,3476.401,3466.034,3476.064
3477.511,1774829700,3477.511,3471.317,3471.317
3480.113,1774830600,3480.372,3476.92,3477.523
3482.546,1774831500,3484.139,3480.123,3480.123
3488.664,1774832400,3488.664,3482.547,3482.547
3477.72,1774833300,3488.818,3475.264,3488.681
3484.079,1774834200,3484.079,3477.724,3477.724
3485.597,1774835100,3489.062,3484.032,3484.087
3487.954,1774836000,3487.954,3483.09,3485.607
3493.882,1774836900,3493.882,3487.954,3487.954
3484.033,1774837800,3494.479,3482.084,3493.899
3471.247,1774838700,3486.231,3469.513,3484.035
3465.871,1774839600,3475.664,3465.699,3471.25
3462.868,1774840500,3469.427,3461.628,3465.878
3464.545,1774841400,3464.545,3460.025,3462.871
3458.284,1774842300,3465.448,3454.315,3464.546
3441.609,1774843200,3458.378,3440.971,3458.287
3434.349,1774844100,3442.621,3431.044,3441.621
3434.001,1774845000,3435.907,3431.309,3434.359
3429.373,1774845900,3435.437,3427.056,3434.007
3434.645,1774846800,3434.645,3429.374,3429.374
3440.874,1774847700,3440.874,3434.658,3434.658
3440.036,1774848600,3444.67,3438.768,3440.882
3440.802,1774849500,3443.645,3438.137,3440.046
3445.993,1774850400,3445.993,3440.82,3440.82
3452.343,1774851300,3452.343,3445.995,3445.995
3458.521,1774852200,3458.521,3452.347,3452.347
3461.023,1774853100,3461.829,3457.63,3458.539
3466.543,1774854000,3466.947,3461.032,3461.032
3472.391,1774854900,3472.391,3466.547,3466.547
3477.512,1774855800,3477.512,3472.397,3472.397
3467.382,1774856700,3477.678,3466.568,3477.517
3473.499,1774857600,3473.499,3467.382,3467.382
3465.253,1774858500,3476.065,3465.203,3473.502
3471.672,1774859400,3471.672,3465.258,3465.258
3474.919,1774860300,3474.919,3471.676,3471.676
3475.751,1774861200,3480.134,3474.934,3474.934
3467.024,1774862100,3477.09,3465.632,3475.764
3465.849,1774863000,3470.385,3465.71,3467.029
3471.875,1774863900,3471.993,3465.871,3465.871
3476.229,1774864800,3477.555,3471.885,3471.885
3476.02,1774865700,3479.328,3474.682,3476.237
3482.385,1774866600,3482.385,3476.028,3476.028
3484.405,1774867500,3484.952,3482.14,3482.387
3485.315,1774868400,3486.031,3480.769,3484.421
3490.058,1774869300,3490.058,3484.836,3485.317
3488.148,1774870200,3491.177,3483.972,3490.063
3494.333,1774871100,3494.333,3488.151,3488.151
3494.833,1774872000,3495.903,3491.323,3494.342
3494.531,1774872900,3499.209,3492.781,3494.836
3498.5,1774873800,3499.381,3494.534,3494.534
3490.235,1774874700,3501.262,3490.075,3498.503
3496.605,1774875600,3496.605,3490.244,3490.244
3498.72,1774876500,3498.72,3496.084,3496.606
3504.982,1774877400,3504.982,3498.728,3498.728
3504.595,1774878300,3506.782,3501.634,3504.991
3506.889,1774879200,3511.046,3504.602,3504.602
3504.214,1774880100,3512.843,3503.818,3506.898
3509.894,1774881000,3509.894,3504.223,3504.223
3511.021,1774881900,3514.173,3509.528,3509.899
3513.606,1774882800,3517.106,3511.03,3511.03
3517.724,1774883700,3517.724,3513.615,3513.615
3516.277,1774884600,3522.213,3514.645,3517.726
3522.548,1774885500,3522.548,3516.285,3516.285
3527.113,1774886400,3527.113,3522.557,3522.557
3513.243,1774887300,3528.18,3513.243,3527.118
3519.448,1774888200,3519.448,3513.249,3513.249
3511.743,1774889100,3521.451,3508.301,3519.449
3504.042,1774890000,3514.349,3502.577,3511.747
3510.359,1774890900,3510.359,3504.049,3504.049
3511.792,1774891800,3513.487,3508.616,3510.366
3500.892,1774892700,3515.015,3500.286,3511.8
3500.052,1774893600,3504.14,3499.627,3500.902
3498.606,1774894500,3503.618,3495.948,3500.052
3485.397,1774895400,3500.186,3483.418,3498.611
3485.805,1774896300,3485.85,3480.938,3485.406
3476.274,1774897200,3490.261,3475.319,3485.811
3470.02,1774898100,3477.113,3469.245,3476.282
3468.619,1774899000,3471.608,3463.735,3470.027
3474.813,1774899900,3474.813,3468.623,3468.623
3469.835,1774900800,3476.355,3467.691,3474.814
3464.003,1774901700,3471.562,3463.111,3469.84
3470.065,1774902600,3470.065,3464.006,3464.006
3467.348,1774903500,3471.589,3462.391,3470.072
3463.809,1774904400,3472.359,3462.54,3467.352
3453.444,1774905300,3465.853,3453.285,3463.821
3452.924,1774906200,3457.779,3451.107,3453.445
3455.082,1774907100,3455.082,3450.573,3452.936
3458.102,1774908000,3458.102,3452.811,3455.093
3455.686,1774908900,3458.848,3455.01,3458.113
3461.723,1774909800,3461.723,3455.695,3455.695
3454.523,1774910700,3461.955,3450.228,3461.731
3455.213,1774911600,3459.11,3453.634,3454.524
3458.028,1774912500,3458.274,3455.091,3455.214
3445.189,1774913400,3460.505,3444.881,3458.034
3443.838,1774914300,3445.313,3440.249,3445.196
3430.376,1774915200,3444.096,3430.099,3443.842
3434.658,1774916100,3434.658,3430.385,3430.385
3440.281,1774917000,3440.281,3434.665,3434.665
3437.951,1774917900,3441.075,3434.266,3440.287
3435.344,1774918800,3442.353,3433.459,3437.957
3440.504,1774919700,3440.504,3434.709,3435.359
3446.391,1774920600,3446.391,3440.435,3440.506
3445.891,1774921500,3451.031,3445.335,3446.395
3446.287,1774922400,3446.681,3440.757,3445.895
3447.451,1774923300,3449.601,3444.346,3446.301
3438.268,1774924200,3448.903,3438.209,3447.459
3438.444,1774925100,3438.444,3432.381,3432.381
3438.548,1774926000,3441.599,3436.933,3438.449
3436.104,1774926900,3442.776,3434.453,3438.556
3435.17,1774927800,3439.25,3432.774,3436.106
3441.234,1774928700,3441.234,3435.174,3435.174
3443.554,1774929600,3443.554,3438.222,3441.237
3443.773,1774930500,3446.136,3442.365,3443.563
3442.619,1774931400,3446.577,3439.02,3443.797
3445.152,1774932300,3445.152,3440.781,3442.626
3448.261,1774933200,3448.372,3445.16,3445.16
3451.034,1774934100,3451.034,3447.701,3448.267
3452.63,1774935000,3452.63,3447.209,3451.043
3442.566,1774935900,3452.753,3440.881,3452.637
3440.235,1774936800,3445.497,3437.999,3442.567
3446.514,1774937700,3446.514,3440.24,3440.24
3444.397,1774938600,3446.831,3438.45,3446.532
3448.609,1774939500,3448.609,3444.406,3444.406
3447.466,1774940400,3451.229,3446.761,3448.623
3451.619,1774941300,3451.619,3447.467,3447.467
3447.387,1774942200,3454.444,3446.438,3451.642
3453.496,1774943100,3453.496,3447.39,3447.39
3459.766,1774944000,3459.766,3453.508,3453.508
3466.109,1774944900,3466.109,3459.775,3459.775
3465.663,1774945800,3470.971,3464.409,3466.112
3466.77,1774946700,3470.515,3465.667,3465.667
3472.735,1774947600,3472.735,3466.772,3466.772
3470.502,1774948500,3476.119,3468.832,3472.736
3474.498,1774949400,3475.07,3470.51,3470.51
3480.769,1774950300,3480.769,3474.502,3474.502
3486.342,1774951200,3486.342,3480.782,3480.782
3488.754,1774952100,3488.754,3483.284,3486.352
3483.799,1774953000,3489.073,3477.775,3488.763
3489.497,1774953900,3489.497,3483.808,3483.808
3488.909,1774954800,3490.074,3485.186,3489.505
3491.491,1774955700,3492.341,3488.922,3488.922
3492.823,1774956600,3495.397,3491.064,3491.498
3491.993,1774957500,3497.478,3491.865,3492.824
3498.233,1774958400,3498.233,3491.994,3491.994
3493.433,1774959300,3501.433,3490.88,3498.246
3495.978,1774960200,3497.457,3493.445,3493.445
3498.158,1774961100,3499.425,3495.106,3495.983
3498.372,1774962000,3500.068,3495.342,3498.162
3499.709,1774962900,3500.771,3497.766,3498.378
3504.587,1774963800,3504.587,3499.171,3499.717
3505.32,1774964700,3509.161,3503.554,3504.593
3511.681,1774965600,3511.681,3505.32,3505.32
3513.544,1774966500,3516.553,3511.689,3511.689
3517.783,1774967400,3517.783,3513.561,3513.561
3518.758,1774968300,3520.917,3517.792,3517.792
3523.787,1774969200,3523.787,3518.766,3518.766
3527.647,1774970100,3527.647,3523.667,3523.794
3526.513,1774971000,3533.409,3526.444,3527.652
3524.994,1774971900,3528.037,3520.39,3526.521
3521.16,1774972800,3525.775,3517.99,3524.999
3506.672,1774973700,3521.717,3505.65,3521.164
3501.515,1774974600,3507.38,3496.184,3506.687
3503.488,1774975500,3504.957,3500.719,3501.524
3509.723,1774976400,3509.723,3503.498,3503.498
3512.347,1774977300,3512.483,3509.661,3509.727
3515.636,1774978200,3515.692,3512.348,3512.348
3515.863,1774979100,3521.534,3515.363,3515.644
3515.515,1774980000,3518.012,3514.242,3515.87
3511.031,1774980900,3518.029,3510.497,3515.522
3502.208,1774981800,3512.713,3501.821,3511.034
3507.314,1774982700,3507.314,3502.219,3502.219
3506.63,1774983600,3509.712,3504.362,3507.32
3510.841,1774984500,3512.587,3506.63,3506.63
3506.614,1774985400,3512.283,3505.555,3510.844
3507.765,1774986300,3511.752,3506.618,3506.618
3508.541,1774987200,3510.955,3505.289,3507.768
3508.034,1774988100,3512.139,3505.84,3508.553
3501.219,1774989000,3511.705,3500.05,3508.04
3502.434,1774989900,3502.882,3497.746,3501.232
3508.552,1774990800,3508.552,3502.435,3502.435
3512.594,1774991700,3513.656,3508.557,3508.557
3515.439,1774992600,3515.439,3511.77,3512.596
3522.03,1774993500,3522.03,3515.449,3515.449
3526.176,1774994400,3526.176,3519.914,3522.034
3519.15,1774995300,3526.784,3515.84,3526.177
3513.974,1774996200,3521.591,3513.455,3519.157
3511.158,1774997100,3515.663,3506.459,3513.993
3509.576,1774998000,3513.385,3505.477,3511.158
3515.302,1774998900,3515.302,3509.587,3509.587
3508.836,1774999800,3515.945,3505.17,3515.306
3503.971,1775000700,3512.28,3502.934,3508.85
3503.708,1775001600,3505.412,3502.384,3503.977
3498.508,1775002500,3505.416,3493.942,3503.72
3497.577,1775003400,3503.963,3497.083,3498.519
3503.771,1775004300,3503.771,3497.58,3497.58
3493.065,1775005200,3506.346,3493.061,3503.776
3494.496,1775006100,3494.496,3488.932,3493.069
3498.208,1775007000,3499.832,3494.507,3494.507
3495.599,1775007900,3500.631,3493.372,3498.216
3497.302,1775008800,3500.721,3495.603,3495.603
3498.279,1775009700,3502.975,3497.306,3497.306
3501.916,1775010600,3501.916,3497.29,3498.283
3490.743,1775011500,3501.99,3488.604,3501.929
3491.943,1775012400,3492.325,3487.608,3490.755
3498.471,1775013300,3498.471,3491.95,3491.95
3499.314,1775014200,3501.512,3496.285,3498.482
3505.722,1775015100,3505.722,3499.318,3499.318
3504.526,1775016000,3506.815,3501.738,3505.724
3502.477,1775016900,3508.525,3501.734,3504.527
3494.048,1775017800,3505.677,3492.578,3502.481
3490.171,1775018700,3494.819,3485.79,3494.054
3494.525,1775019600,3494.525,3488.542,3490.189
3497.037,1775020500,3497.037,3493.322,3494.538
3494.478,1775021400,3500.113,3491.036,3497.04
3490.807,1775022300,3495.816,3489.388,3494.482
3486.325,1775023200,3491.362,3483.229,3490.81
3487.347,1775024100,3487.347,3482.106,3486.336
3493.531,1775025000,3493.531,3487.362,3487.362
3499.952,1775025900,3499.952,3493.54,3493.54
3485.622,1775026800,3500.427,3484.909,3499.955
3489.169,1775027700,3489.292,3485.623,3485.623
3495.504,1775028600,3495.504,3489.174,3489.174
3495.365,1775029500,3496.273,3490.515,3495.505
3482.364,1775030400,3497.414,3480.499,3495.37
3488.761,1775031300,3488.761,3482.366,3482.366
3485.615,1775032200,3493.767,3484.701,3488.774
3489.742,1775033100,3491.067,3485.635,3485.635
3495.848,1775034000,3495.848,3489.743,3489.743
3498.931,1775034900,3498.931,3495.319,3495.86
3496.875,1775035800,3500.223,3493.303,3498.939
3476.969,1775036700,3497.037,3475.304,3496.88
3476.196,1775037600,3480.304,3474.495,3476.986
3478.993,1775038500,3478.993,3476.169,3476.208
3485.177,1775039400,3485.177,3478.999,3478.999
3486.999,1775040300,3486.999,3482.125,3485.188
3493.293,1775041200,3493.293,3487.001,3487.001
3492.775,1775042100,3496.268,3491.138,3493.294
3497.326,1775043000,3497.326,3492.784,3492.784
3498.826,1775043900,3500.342,3495.519,3497.329
3505.317,1775044800,3505.317,3498.835,3498.835
3505.875,1775045700,3509.195,3503.911,3505.319
3492.741,1775046600,3507.096,3491.75,3505.879
3481.517,1775047500,3494.033,3480.466,3492.746
3487.698,1775048400,3487.698,3481.527,3481.527
3491.15,1775049300,3491.15,3485.015,3487.707
3493.092,1775050200,3495.851,3491.165,3491.165
3495.937,1775051100,3497.729,3493.1,3493.1
3493.482,1775052000,3496.959,3490.5,3495.942
3487.736,1775052900,3493.599,3484.666,3493.493
3487.478,1775053800,3488.536,3482.608,3487.742
3481.749,1775054700,3489.58,3481.633,3487.482
3480.209,1775055600,3485.911,3478.036,3481.759
3473.646,1775056500,3481.579,3473.174,3480.217
3472.686,1775057400,3477.999,3471.99,3473.653
3467.026,1775058300,3473.225,3466.519,3472.695
3465.274,1775059200,3471.122,3463.317,3467.029
3471.535,1775060100,3471.535,3465.286,3465.286
3472.493,1775061000,3474.151,3471.007,3471.543
3469.214,1775061900,3477.731,3468.432,3472.501
3470.755,1775062800,3472.447,3468.339,3469.219
3473.049,1775063700,3474.257,3470.767,3470.767
3479.23,1775064600,3479.23,3473.062,3473.062
3481.371,1775065500,3483.817,3479.235,3479.235
3487.577,1775066400,3487.577,3481.375,3481.375
3478.141,1775067300,3489.9,3475.056,3487.586
3477.635,1775068200,3482.335,3476.365,3478.154
3478.834,1775069100,3478.834,3474.353,3477.641
3468.051,1775070000,3480.951,3466.925,3478.835
3472.23,1775070900,3473.006,3468.052,3468.052
3473.492,1775071800,3476.518,3471.453,3472.237
3466.399,1775072700,3474.329,3465.868,3473.504
3472.729,1775073600,3472.729,3466.409,3466.409
3468.528,1775074500,3475.452,3465.9,3472.739
3474.901,1775075400,3474.901,3468.542,3468.542
3474.233,1775076300,3480.967,3473.845,3474.907
3476.607,1775077200,3477.111,3473.688,3474.234
3469.577,1775078100,3477.115,3466.775,3476.618
3472.215,1775079000,3474.598,3469.586,3469.586
3476.93,1775079900,3476.93,3470.752,3472.223
3473.749,1775080800,3482.7,3473.259,3476.939
3478.65,1775081700,3478.991,3473.751,3473.751
3470.622,1775082600,3478.779,3470.136,3478.653
3472.24,1775083500,3472.24,3467.271,3470.623
3466.893,1775084400,3476.717,3466.185,3472.244
3467.125,1775085300,3468.345,3462.138,3466.896
3466.819,1775086200,3471.032,3464.504,3467.127
3470.933,1775087100,3470.933,3466.832,3466.832
3477.071,1775088000,3477.071,3470.946,3470.946
3478.734,1775088900,3479.661,3475.278,3477.071
3478.567,1775089800,3483.35,3478.484,3478.752
3475.077,1775090700,3479.101,3471.557,3478.572
3475.595,1775091600,3478.094,3474.376,3475.087
3479.495,1775092500,3481.05,3475.602,3475.602
3476.583,1775093400,3484.195,3475.499,3479.499
3482.941,1775094300,3482.941,3476.585,3476.585
3470.27,1775095200,3485.896,3469.221,3482.946
3463.798,1775096100,3470.517,3462.322,3470.274
3466.267,1775097000,3466.267,3461.007,3463.802
3472.546,1775097900,3472.546,3466.268,3466.268
3474.879,1775098800,3476.691,3472.554,3472.554
3472.032,1775099700,3479.216,3470.234,3474.894
3476.794,1775100600,3476.794,3472.044,3472.044
3478.29,1775101500,3481.532,3475.882,3476.796
3482.255,1775102400,3482.255,3477.205,3478.299
3473.106,1775103300,3483.051,3472.135,3482.255
3479.408,1775104200,3479.408,3473.116,3473.116
3470.02,1775105100,3479.608,3468.708,3479.412
3456.612,1775106000,3470.629,3453.712,3470.027
3462.862,1775106900,3462.862,3456.615,3456.615
3463.809,1775107800,3463.809,3457.672,3462.878
3460.854,1775108700,3463.854,3455.674,3463.81
3462.403,1775109600,3462.403,3456.782,3460.857
3465.299,1775110500,3467.022,3462.41,3462.41
3463.812,1775111400,3468.929,3463.522,3465.31
3470.067,1775112300,3470.067,3463.824,3463.824
3476.343,1775113200,3476.343,3470.072,3470.072
3477.85,1775114100,3477.937,3473.246,3476.362
3471.903,1775115000,3479.933,3469.162,3477.858
3475.908,1775115900,3477.37,3471.444,3471.905
3480.595,1775116800,3480.595,3474.252,3475.915
3480.941,1775117700,3481.991,3476.081,3480.609
3477.283,1775118600,3485.064,3476.444,3480.954
3479.524,1775119500,3481.089,3476.973,3477.294
3478.208,1775120400,3479.77,3475.207,3479.528
3484.59,1775121300,3484.59,3478.222,3478.222
3486.528,1775122200,3486.528,3481.603,3484.595
3491.909,1775123100,3491.909,3486.538,3486.538
3498.307,1775124000,3498.307,3491.916,3491.916
3503.747,1775124900,3504.542,3498.307,3498.307
3502.139,1775125800,3505.025,3497.669,3503.758
3504.407,1775126700,3505.239,3501.374,3502.146
3507.424,1775127600,3508.77,3504.408,3504.408
3501.597,1775128500,3510.754,3501.213,3507.43
3503.972,1775129400,3503.972,3497.674,3501.601
3507.862,1775130300,3507.862,3503.894,3503.98
3503.92,1775131200,3511.638,3502.167,3507.866
3492.66,1775132100,3504.293,3488.92,3503.922
3484.43,1775133000,3494.939,3482.175,3492.668
3483.913,1775133900,3486.591,3481.838,3484.433
3479.817,1775134800,3485.485,3478.356,3483.918
3480.252,1775135700,3480.672,3474.714,3479.823
3478.161,1775136600,3484.461,3476.1,3480.256
3465.721,1775137500,3479.925,3465.506,3478.163
3472.101,1775138400,3472.101,3465.733,3465.733
3458.591,1775139300,3473.762,3457.35,3472.104
3464.876,1775140200,3464.876,3458.596,3458.596
3453.308,1775141100,3466.393,3452.303,3464.88
3453.037,1775142000,3453.861,3449.795,3453.31
3451.261,1775142900,3458.527,3450.523,3453.042
3436.041,1775143800,3454.251,3434.963,3451.263
3439.337,1775144700,3441.833,3436.045,3436.045
3445.627,1775145600,3445.627,3439.353,3439.353
3445.63,1775146500,3447.455,3443.051,3445.635
3447.94,1775147400,3451.127,3445.636,3445.636
3450.147,1775148300,3450.147,3444.412,3447.953
3456.347,1775149200,3456.347,3450.154,3450.154
3456.774,1775150100,3461.217,3455.423,3456.35
3462.836,1775151000,3462.836,3456.792,3456.792
3465.514,1775151900,3467.474,3462.84,3462.84
3464.314,1775152800,3465.676,3461.383,3465.53
3469.358,1775153700,3469.358,3464.324,3464.324
3471.556,1775154600,3472.6,3469.332,3469.359
3470.448,1775155500,3473.469,3468.42,3471.562
3467.811,1775156400,3472.503,3463.968,3470.454
3470.966,1775157300,3472.285,3467.813,3467.813
3476.005,1775158200,3476.005,3470.968,3470.968
3481.636,1775159100,3481.636,3476.012,3476.012
3481.405,1775160000,3486.005,3479.411,3481.642
3482.21,1775160900,3487.456,3481.406,3481.406
3488.461,1775161800,3488.461,3482.235,3482.235
3492.82,1775162700,3492.82,3487.41,3488.462
3497.326,1775163600,3498.672,3492.829,3492.829
3497.065,1775164500,3500.491,3493.757,3497.337
3499.377,1775165400,3500.558,3496.567,3497.071
3484.63,1775166300,3501.959,3482.452,3499.392
3478.59,1775167200,3487.628,3478.336,3484.637
3485.003,1775168100,3485.003,3478.598,3478.598
3476.66,1775169000,3486.674,3475.855,3485.021
3468.25,1775169900,3477.844,3464.796,3476.663
3473.273,1775170800,3473.273,3468.265,3468.265
3479.472,1775171700,3479.472,3473.273,3473.273
3472.378,1775172600,3481.579,3470.657,3479.483
3456.256,1775173500,3472.924,3454.613,3472.391
3462.035,1775174400,3462.54,3456.265,3456.265
3465.806,1775175300,3465.806,3460.782,3462.038
3466.591,1775176200,3466.663,3461.183,3465.808
3459.554,1775177100,3469.266,3457.562,3466.605
3457.331,1775178000,3463.769,3455.203,3459.564
3458.32,1775178900,3458.326,3452.864,3457.333
3464.583,1775179800,3464.583,3458.321,3458.321
3461.061,1775180700,3468.949,3459.962,3464.591
3457.937,1775181600,3463.166,3454.424,3461.067
3447.054,1775182500,3459.378,3445.67,3457.947
3446.348,1775183400,3448.227,3442.882,3447.055
3440.756,1775184300,3447.233,3435.776,3446.35
3440.951,1775185200,3442.131,3437.233,3440.756
3434.625,1775186100,3442.035,3434.427,3440.961
3440.644,1775187000,3440.644,3434.628,3434.628
3438.252,1775187900,3444.847,3436.405,3440.656
3439.235,1775188800,3439.235,3433.283,3438.26
3436.782,1775189700,3439.843,3433.652,3439.246
3442.002,1775190600,3442.224,3436.782,3436.782
3436.095,1775191500,3444.21,3434.104,3442.007
3440.288,1775192400,3440.288,3436.107,3436.107
3427.795,1775193300,3441.332,3427.399,3440.295
3430.721,1775194200,3432.711,3427.797,3427.797
3433.538,1775195100,3433.587,3429.857,3430.723
3432.599,1775196000,3438.425,3431.376,3433.552
3434.807,1775196900,3436.299,3432.137,3432.612
3423.437,1775197800,3436.774,3423.062,3434.81
3418.276,1775198700,3425.778,3417.108,3423.439
3423.377,1775199600,3423.377,3418.282,3418.282
3420.438,1775200500,3424.447,3418.109,3423.378
3425.827,1775201400,3425.827,3420.442,3420.442
3427.031,1775202300,3430.01,3425.006,3425.844
3430.819,1775203200,3432.631,3427.04,3427.04
3423.943,1775204100,3433.122,3420.386,3430.823
3420.835,1775205000,3426.363,3417.132,3423.946
3405.795,1775205900,3421.324,3405.58,3420.846
3409.036,1775206800,3409.036,3404.458,3405.797
3411.601,1775207700,3411.601,3407.609,3409.043
3416.881,1775208600,3416.881,3411.607,3411.607
3422.795,1775209500,3422.795,3416.884,3416.884
3422.679,1775210400,3422.817,3418.788,3422.801
3428.685,1775211300,3428.685,3422.682,3422.682
3435.083,1775212200,3435.083,3428.694,3428.694
3439.604,1775213100,3439.604,3434.476,3435.084
3436.031,1775214000,3442.694,3434.88,3439.615
3440.269,1775214900,3440.269,3434.786,3436.031
3446.519,1775215800,3446.519,3440.28,3440.28
3450.247,1775216700,3450.934,3446.521,3446.521
3439.11,1775217600,3452.586,3437.38,3450.258
3434.821,1775218500,3444.687,3434.706,3439.119
3435.596,1775219400,3436.57,3432.468,3434.822
3434.285,1775220300,3437.63,3431.7,3435.602
3432.081,1775221200,3436.709,3429.151,3434.291
3431.475,1775222100,3436.716,3430.773,3432.094
3420.135,1775223000,3432.015,3415.859,3431.487
3426.474,1775223900,3426.474,3420.147,3420.147
3432.003,1775224800,3432.003,3426.482,3426.482
3432.421,1775225700,3437.96,3432.012,3432.012
3427.945,1775226600,3434.189,3427.314,3432.421
3433.727,1775227500,3433.804,3427.95,3427.95
3431.126,1775228400,3434.353,3430.748,3433.728
3422.268,1775229300,3432.313,3422.13,3431.133
3428.508,1775230200,3428.508,3422.269,3422.269
3434.767,1775231100,3434.767,3428.522,3428.522
3437.68,1775232000,3437.68,3433.859,3434.777
3442.74,1775232900,3442.946,3437.681,3437.681
3439.785,1775233800,3444.191,3439.568,3442.74
3436.536,1775234700,3443.905,3434.95,3439.789
3442.168,1775235600,3442.661,3436.543,3436.543
3440.78,1775236500,3443.25,3439.019,3442.179
3446.986,1775237400,3446.986,3440.782,3440.782
3445.158,1775238300,3449.528,3441.331,3446.999
3450.423,1775239200,3450.762,3445.163,3445.163
3456.646,1775240100,3456.646,3450.425,3450.425
3445.095,1775241000,3458.758,3442.646,3456.658
3446.562,1775241900,3447.167,3443.085,3445.1
3445.441,1775242800,3447.798,3441.243,3446.567
3441.674,1775243700,3445.66,3436.651,3445.445
3444.735,1775244600,3444.735,3441.679,3441.679
3442.445,1775245500,3449.971,3441.51,3444.735
3448.7,1775246400,3448.7,3442.453,3442.453
3417.923,1775247300,3448.963,3416.967,3448.707
3419.476,1775248200,3420.99,3417.927,3417.927
3414.141,1775249100,3421.79,3413.069,3419.477
3414.777,1775250000,3417.951,3412.841,3414.15
3409.499,1775250900,3415.573,3407.205,3414.779
3407.209,1775251800,3412.29,3406.125,3409.52
3383.733,1775252700,3407.259,3382.27,3407.219
3389.993,1775253600,3389.993,3383.733,3383.733
3391.772,1775254500,3394.768,3389.994,3389.994
3397.972,1775255400,3397.972,3391.778,3391.778
3403.319,1775256300,3403.721,3397.972,3397.972
3395.974,1775257200,3405.855,3394.517,3403.326
3377.706,1775258100,3396.246,3377.441,3395.978
3368.957,1775259000,3377.925,3368.866,3377.71
3371.59,1775259900,3372.329,3367.023,3368.961
3354.857,1775260800,3373.088,3353.361,3371.595
3360.036,1775261700,3360.036,3354.862,3354.862
3356.419,1775262600,3360.524,3352.858,3360.039
3362.69,1775263500,3362.69,3356.42,3356.42
3366.54,1775264400,3366.54,3362.7,3362.7
3371.285,1775265300,3372.151,3366.549,3366.549
3367.492,1775266200,3374.131,3364.801,3371.297
3373.516,1775267100,3373.516,3367.495,3367.495
3379.618,1775268000,3379.618,3373.525,3373.525
3382.136,1775268900,3382.136,3379.126,3379.623
3386.059,1775269800,3386.069,3382.145,3382.145
3392.215,1775270700,3392.215,3386.07,3386.07
3398.116,1775271600,3398.116,3392.218,3392.218
3397.831,1775272500,3400.448,3395.399,3398.123
3399.179,1775273400,3400.972,3397.7,3397.837
3395.931,1775274300,3399.725,3393.878,3399.189
3396.926,1775275200,3398.772,3393.916,3395.945
3395.355,1775276100,3397.924,3391.664,3396.934
3395.313,1775277000,3399.025,3393.372,3395.367
3400.109,1775277900,3400.109,3395.322,3395.322
3403.461,1775278800,3405.687,3400.118,3400.118
3403.886,1775279700,3409.021,3403.469,3403.469
3409.608,1775280600,3409.608,3403.888,3403.888
3411.665,1775281500,3413.236,3409.615,3409.615
3416.706,1775282400,3416.706,3411.281,3411.67
3422.703,1775283300,3422.703,3416.707,3416.707
3421.678,1775284200,3425.236,3419.24,3422.708
3419.438,1775285100,3421.852,3414.349,3421.68
3414.279,1775286000,3419.821,3410.811,3419.451
3420.313,1775286900,3420.313,3414.284,3414.284
3417.407,1775287800,3423.521,3417.302,3420.314
3420.991,1775288700,3422.385,3417.42,3417.42
3420.623,1775289600,3427.151,3420.588,3420.991
3409.62,1775290500,3422.838,3408.617,3420.631
3398.492,1775291400,3410.933,3398.265,3409.62
3396.413,1775292300,3399.963,3392.165,3398.5
3390.906,1775293200,3397.554,3389.339,3396.426
3388.229,1775294100,3393.891,3388.028,3390.913
3382.782,1775295000,3391.758,3382.394,3388.239
3384.498,1775295900,3385.863,3381.566,3382.788
3389.977,1775296800,3389.977,3384.51,3384.51
3393.924,1775297700,3393.924,3389.978,3389.978
3392.52,1775298600,3394.754,3387.846,3393.933
3396.957,1775299500,3398.119,3392.525,3392.525
3393.845,1775300400,3399.637,3393.066,3396.957
3399.714,1775301300,3399.714,3393.85,3393.85
3406.115,1775302200,3406.115,3399.718,3399.718
3409.426,1775303100,3409.426,3406.115,3406.115
3415.67,1775304000,3415.67,3409.434,3409.434
3417.6,1775304900,3417.6,3413.014,3415.677
3414.711,1775305800,3420.078,3414.212,3417.613
3414.034,1775306700,3419.645,3413.366,3414.711
3414.609,1775307600,3419.358,3414.042,3414.042
3417.627,1775308500,3417.627,3414.166,3414.609
3417.138,1775309400,3419.617,3413.108,3417.632
3415.404,1775310300,3421.136,3415.039,3417.141
3406.554,1775311200,3417.074,3405.526,3415.406
3407.239,1775312100,3407.552,3403.816,3406.555
3411.312,1775313000,3412.25,3407.244,3407.244
3417.437,1775313900,3417.437,3411.314,3411.314
3423.647,1775314800,3423.647,3417.447,3417.447
3424.364,1775315700,3428.118,3422.506,3423.654
3430.601,1775316600,3430.601,3424.37,3424.37
3432.979,1775317500,3433.835,3430.072,3430.617
3439.048,1775318400,3439.048,3432.985,3432.985
3438.857,1775319300,3442.99,3436.529,3439.051
3444.958,1775320200,3444.958,3438.867,3438.867
3443.848,1775321100,3450.203,3443.111,3444.972
3449.995,1775322000,3449.995,3443.848,3443.848
3451.848,1775322900,3454.805,3450.006,3450.006
3455.816,1775323800,3455.816,3451.851,3451.851
3453.276,1775324700,3457.729,3449.912,3455.83
3456.535,1775325600,3459.012,3453.286,3453.286
3453.852,1775326500,3460.792,3452.902,3456.542
3442.431,1775327400,3459.985,3442.311,3453.856
3436.164,1775328300,3443.677,3432.955,3442.438
3440.65,1775329200,3440.65,3436.169,3436.169
3436.955,1775330100,3442.816,3435.141,3440.651
3431.411,1775331000,3438.411,3428.777,3436.964
3420.881,1775331900,3432.318,3420.848,3431.415
3422.851,1775332800,3423.574,3420.885,3420.885
3420.635,1775333700,3424.274,3417.153,3422.853
3422.621,1775334600,3422.621,3417.349,3420.64
3428.793,1775335500,3428.793,3422.627,3422.627
3422.522,1775336400,3432.549,3421.914,3428.794
3419.8,1775337300,3424.37,3417.453,3422.523
3417.39,1775338200,3420.04,3413.53,3419.807
3405.57,1775339100,3420.357,3405.263,3417.401
3411.04,1775340000,3411.185,3405.576,3405.576
3416.795,1775340900,3416.795,3411.048,3411.048
3417.079,1775341800,3421.816,3415.888,3416.801
3416.887,1775342700,3417.116,3413.464,3417.085
3419.33,1775343600,3421.49,3416.894,3416.894
3425.356,1775344500,3425.356,3419.334,3419.334
3422.625,1775345400,3426.897,3422.413,3425.367
3425.075,1775346300,3425.075,3419.78,3422.632
3424.52,1775347200,3430.072,3423.038,3425.08
3423.165,1775348100,3425.344,3417.709,3424.529
3424.689,1775349000,3425.499,3422.499,3423.177
3418.368,1775349900,3426.085,3418.181,3424.699
3419.314,1775350800,3423.474,3418.294,3418.374
3422.868,1775351700,3422.868,3419.321,3419.321
3429.141,1775352600,3429.141,3422.872,3422.872
3435.315,1775353500,3435.315,3429.155,3429.155
3440.998,1775354400,3440.998,3435.324,3435.324
3447.149,1775355300,3447.149,3441.001,3441.001
3440.045,1775356200,3449.963,3439.933,3447.166
3436.999,1775357100,3442.646,3433.381,3440.051
3427.676,1775358000,3438.361,3427.667,3437.006
3425.367,1775358900,3430.118,3423.417,3427.684
3423.479,1775359800,3427.513,3422.098,3425.374
3426.671,1775360700,3428.811,3423.486,3423.486
3417.893,1775361600,3427.447,3414.867,3426.678
3422.637,1775362500,3423.748,3417.895,3417.895
3417.984,1775363400,3425.029,3415.743,3422.637
3421.747,1775364300,3421.747,3417.036,3417.985
3423.336,1775365200,3427.67,3421.756,3421.756
3429.547,1775366100,3429.547,3423.339,3423.339
3430.487,1775367000,3434.257,3429.11,3429.557
3433.077,1775367900,3433.077,3429.115,3430.492
3437.538,1775368800,3437.538,3433.077,3433.077
3437.352,1775369700,3438.921,3432.476,3437.54
3433.208,1775370600,3441.307,3433.097,3437.358
3438.273,1775371500,3438.273,3433.21,3433.21
3437.069,1775372400,3439.277,3433.959,3438.277
3427.923,1775373300,3437.777,3425.041,3437.081
3433.342,1775374200,3433.342,3427.923,3427.923
3433.283,1775375100,3435.493,3430.014,3433.348
3439.332,1775376000,3439.332,3433.284,3433.284
3440.796,1775376900,3443.369,3439.338,3439.338
3446.985,1775377800,3446.985,3440.805,3440.805
3439.604,1775378700,3449.58,3439.058,3446.991
3435.619,1775379600,3440.287,3433.141,3439.616
3441.934,1775380500,3441.934,3435.627,3435.627
3445.384,1775381400,3445.384,3439.824,3441.935
3442.895,1775382300,3446.252,3439.876,3445.388
3448.797,1775383200,3448.797,3442.903,3442.903
3451.072,1775384100,3454.379,3448.804,3448.804
3455.346,1775385000,3455.346,3451.073,3451.073
3449.87,1775385900,3456.52,3447.591,3455.352
3456.276,1775386800,3456.276,3449.883,3449.883
3460.322,1775387700,3460.322,3456.281,3456.281
3466.586,1775388600,3466.586,3460.324,3460.324
3463.941,1775389500,3466.795,3458.896,3466.586
3458.088,1775390400,3465.022,3453.964,3463.943
3459.968,1775391300,3459.968,3454.294,3458.111
3458.162,1775392200,3463.701,3457.928,3459.976
3464.386,1775393100,3464.386,3458.171,3458.171
3470.602,1775394000,3470.602,3464.391,3464.391
3461.936,1775394900,3475.284,3461.55,3470.611
3467.837,1775395800,3467.837,3461.593,3461.938
3473.894,1775396700,3473.894,3467.847,3467.847
3475.586,1775397600,3475.586,3471.386,3473.914
3479.524,1775398500,3479.524,3474.853,3475.599
3485.817,1775399400,3485.817,3479.528,3479.528
3492.294,1775400300,3492.294,3485.818,3485.818
3493.687,1775401200,3495.185,3492.256,3492.296
3494.693,1775402100,3499.634,3493.702,3493.702
3492.105,1775403000,3496.079,3490.558,3494.703
3495.045,1775403900,3497.151,3492.109,3492.109
3499.752,1775404800,3499.752,3494.091,3495.055
3504.2,1775405700,3504.2,3499.756,3499.756
3510.64,1775406600,3510.64,3504.203,3504.203
3516.95,1775407500,3516.95,3510.652,3510.652
3520.047,1775408400,3520.146,3516.905,3516.953
3525.757,1775409300,3525.757,3520.053,3520.053
3516.836,1775410200,3526.87,3516.753,3525.763
3511.629,1775411100,3521.398,3510.653,3516.84
3515.333,1775412000,3515.333,3510.159,3511.629
3519.08,1775412900,3519.08,3515.339,3515.339
3525.266,1775413800,3525.266,3519.094,3519.094
3527.386,1775414700,3527.386,3521.551,3525.275
3527.958,1775415600,3530.192,3525.555,3527.391
3527.987,1775416500,3529.804,3524.387,3527.96
3527.982,1775417400,3528.646,3523.846,3528.004
3534.375,1775418300,3534.375,3527.992,3527.992
3536.784,1775419200,3537.151,3532.827,3534.378
3524.787,1775420100,3537.954,3524.685,3536.808
3526.266,1775421000,3529.892,3524.801,3524.801
3530.876,1775421900,3530.876,3524.574,3526.276
3534.247,1775422800,3534.247,3528.147,3530.887
3526.492,1775423700,3535.948,3524.649,3534.256
3530.748,1775424600,3530.748,3524.609,3526.498
3527.086,1775425500,3534.356,3525.495,3530.75
3529.707,1775426400,3531.766,3527.09,3527.09
3535.994,1775427300,3535.994,3529.719,3529.719
3536.622,1775428200,3536.784,3530.842,3536.0
3543.13,1775429100,3543.13,3536.635,3536.635
3544.764,1775430000,3546.115,3541.194,3543.139
3550.185,1775430900,3550.185,3544.773,3544.773
3549.77,1775431800,3551.491,3544.73,3550.195
3548.465,1775432700,3551.548,3546.517,3549.78
3543.913,1775433600,3550.437,3542.86,3548.468
3543.174,1775434500,3549.443,3543.059,3543.919
3537.826,1775435400,3545.771,3534.4,3543.188
3544.043,1775436300,3544.043,3537.827,3537.827
3546.112,1775437200,3548.445,3544.048,3544.048
3544.316,1775438100,3551.898,3543.706,3546.122
3535.297,1775439000,3545.152,3531.816,3544.326
3536.418,1775439900,3537.029,3532.704,3535.297
3535.55,1775440800,3541.204,3534.058,3536.423
3532.027,1775441700,3535.855,3526.284,3535.553
3536.27,1775442600,3536.27,3530.149,3532.034
3542.693,1775443500,3542.693,3536.279,3536.279
3546.386,1775444400,3546.386,3542.7,3542.7
3548.41,1775445300,3548.525,3544.373,3546.399
3544.741,1775446200,3550.463,3544.018,3548.418
3541.052,1775447100,3546.31,3540.403,3544.747
3537.666,1775448000,3544.967,3536.307,3541.053
3542.263,1775448900,3542.263,3535.713,3537.677
3548.65,1775449800,3548.65,3542.264,3542.264
3555.065,1775450700,3555.065,3548.66,3548.66
3544.614,1775451600,3557.282,3543.266,3555.073
3550.939,1775452500,3550.939,3544.621,3544.621
3554.973,1775453400,3554.973,3550.672,3550.947
3557.486,1775454300,3559.634,3554.986,3554.986
3555.51,1775455200,3559.865,3554.546,3557.496
3561.824,1775456100,3561.824,3555.522,3555.522
3545.456,1775457000,3564.919,3544.168,3561.831
3548.269,1775457900,3548.652,3545.44,3545.468
3544.579,1775458800,3548.574,3542.353,3548.276
3530.779,1775459700,3546.106,3530.496,3544.593
3527.881,1775460600,3531.894,3524.85,3530.785
3528.633,1775461500,3530.389,3525.997,3527.884
3531.207,1775462400,3532.596,3528.635,3528.635
3522.913,1775463300,3531.86,3520.28,3531.215
3519.931,1775464200,3524.357,3515.914,3522.914
3512.35,1775465100,3521.154,3511.132,3519.936
3506.51,1775466000,3512.625,3504.546,3512.356
3509.471,1775466900,3511.557,3505.52,3506.518
3508.494,1775467800,3514.401,3507.124,3509.481
3507.741,1775468700,3513.533,3506.348,3508.497
3505.223,1775469600,3509.754,3501.123,3507.753
3511.443,1775470500,3511.443,3505.224,3505.224
3516.568,1775471400,3516.568,3511.447,3511.447
3520.665,1775472300,3520.665,3514.811,3516.573
3522.009,1775473200,3524.327,3519.846,3520.665
3521.749,1775474100,3526.562,3519.956,3522.011
3524.522,1775475000,3524.522,3520.135,3521.75
3525.455,1775475900,3526.254,3522.133,3524.53
3531.823,1775476800,3531.823,3525.473,3525.473
3532.389,1775477700,3535.264,3531.054,3531.833
3518.483,1775478600,3535.434,3517.901,3532.394
3508.665,1775479500,3519.475,3507.038,3518.483
3504.327,1775480400,3512.824,3503.272,3508.675
3501.698,1775481300,3505.713,3500.562,3504.328
3507.931,1775482200,3507.931,3501.702,3501.702
3511.803,1775483100,3512.603,3507.935,3507.935
3515.971,1775484000,3515.971,3510.889,3511.806
3522.249,1775484900,3522.249,3515.976,3515.976
3523.057,1775485800,3525.171,3521.437,3522.255
3529.371,1775486700,3529.371,3523.068,3523.068
3529.385,1775487600,3532.051,3527.357,3529.375
3524.122,1775488500,3530.038,3520.149,3529.395
3515.993,1775489400,3525.994,3515.907,3524.131
3514.943,1775490300,3518.581,3511.566,3515.996
3514.393,1775491200,3517.379,3512.881,3514.95
3516.788,1775492100,3516.788,3512.602,3514.4
3519.428,1775493000,3519.428,3514.17,3516.804
3525.92,1775493900,3525.92,3519.429,3519.429
3532.297,1775494800,3532.297,3525.938,3525.938
3538.591,1775495700,3538.591,3532.306,3532.306
3545.225,1775496600,3545.225,3538.606,3538.606
3551.68,1775497500,3551.68,3545.231,3545.231
3549.271,1775498400,3555.399,3546.595,3551.686
3549.628,1775499300,3552.294,3546.215,3549.273
3552.916,1775500200,3554.221,3549.633,3549.633
3555.859,1775501100,3557.229,3552.925,3552.925
3554.073,1775502000,3558.0,3552.188,3555.86
3549.214,1775502900,3554.936,3543.78,3554.082
3539.513,1775503800,3550.186,3539.236,3549.216
3539.175,1775504700,3541.692,3535.227,3539.523
3545.528,1775505600,3545.528,3539.194,3539.194
3546.492,1775506500,3549.023,3545.534,3545.534
3548.055,1775507400,3548.055,3542.804,3546.505
3550.422,1775508300,3553.962,3548.06,3548.06
3547.598,1775509200,3555.695,3547.137,3550.431
3551.577,1775510100,3551.577,3546.749,3547.601
3553.982,1775511000,3553.982,3551.089,3551.581
3547.298,1775511900,3555.602,3546.051,3553.985
3550.924,1775512800,3551.702,3547.306,3547.306
3557.339,1775513700,3557.339,3550.934,3550.934
3556.292,1775514600,3558.118,3550.638,3557.349
3562.935,1775515500,3562.935,3556.302,3556.302
3562.327,1775516400,3566.742,3559.657,3562.938
3567.998,1775517300,3567.998,3562.334,3562.334
3570.938,1775518200,3570.938,3565.438,3568.005
3577.46,1775519100,3577.46,3570.943,3570.943
3577.398,1775520000,3577.957,3572.198,3577.468
3583.859,1775520900,3583.859,3577.399,3577.399
3580.127,1775521800,3584.289,3578.422,3583.877
3579.593,1775522700,3584.964,3578.109,3580.132
3582.182,1775523600,3583.962,3579.609,3579.609
3579.826,1775524500,3582.737,3575.993,3582.184
3557.417,1775525400,3580.689,3557.303,3579.827
3549.593,1775526300,3558.353,3548.008,3557.421
3555.45,1775527200,3555.749,3549.593,3549.593
3557.656,1775528100,3557.656,3554.151,3555.453
3558.795,1775529000,3558.795,3554.511,3557.661
3550.401,1775529900,3563.076,3550.306,3558.799
3542.453,1775530800,3554.425,3542.302,3550.404
3549.034,1775531700,3549.034,3542.465,3542.465
3545.268,1775532600,3550.715,3543.939,3549.044
3539.994,1775533500,3547.327,3539.055,3545.275
3536.708,1775534400,3545.085,3536.323,3539.995
3530.038,1775535300,3536.887,3526.997,3536.715
3534.675,1775536200,3535.01,3530.06,3530.06
3530.408,1775537100,3538.661,3529.536,3534.679
3536.466,1775538000,3536.466,3530.408,3530.408
3542.693,1775538900,3542.693,3536.478,3536.478
3544.87,1775539800,3546.799,3542.585,3542.694
3550.496,1775540700,3551.008,3544.875,3544.875
3541.447,1775541600,3552.923,3539.306,3550.501
3537.811,1775542500,3542.622,3534.211,3541.45
3540.193,1775543400,3540.193,3535.706,3537.826
3542.522,1775544300,3542.522,3539.629,3540.204
3545.84,1775545200,3545.84,3539.672,3542.522
3544.926,1775546100,3548.686,3541.469,3545.843
3546.895,1775547000,3546.911,3543.765,3544.935
3539.813,1775547900,3550.972,3539.393,3546.902
3546.343,1775548800,3546.343,3539.814,3539.814
3549.858,1775549700,3549.858,3545.486,3546.354
3553.824,1775550600,3555.682,3549.862,3549.862
3555.444,1775551500,3555.934,3551.527,3553.833
3558.447,1775552400,3558.447,3554.768,3555.451
3552.923,1775553300,3559.48,3550.618,3558.458
3547.58,1775554200,3553.271,3543.061,3552.929
3546.198,1775555100,3550.306,3542.353,3547.593
3546.181,1775556000,3552.212,3545.612,3546.21
3541.299,1775556900,3546.237,3537.525,3546.196
3544.504,1775557800,3544.504,3539.952,3541.309
3543.781,1775558700,3548.506,3542.959,3544.51
3542.81,1775559600,3548.102,3542.665,3543.801
3545.898,1775560500,3546.515,3542.827,3542.827
3550.323,1775561400,3551.843,3545.906,3545.906
3554.136,1775562300,3556.19,3550.332,3550.332
3558.923,1775563200,3558.923,3554.138,3554.138
3558.519,1775564100,3559.717,3554.167,3558.929
3559.864,1775565000,3561.466,3557.839,3558.527
3562.434,1775565900,3562.434,3558.133,3559.877
3568.894,1775566800,3568.894,3562.436,3562.436
3561.19,1775567700,3570.482,3557.707,3568.9
3552.035,1775568600,3561.288,3550.82,3561.203
3558.166,1775569500,3558.166,3552.052,3552.052
3564.543,1775570400,3564.543,3558.172,3558.172
3567.839,1775571300,3567.839,3562.778,3564.561
3565.949,1775572200,3571.895,3563.678,3567.843
3552.905,1775573100,3566.403,3550.775,3565.961
3556.618,1775574000,3556.618,3551.096,3552.92
3546.419,1775574900,3558.186,3544.947,3556.63
3530.727,1775575800,3546.933,3530.727,3546.419
3526.73,1775576700,3530.791,3522.7,3530.735
3529.104,1775577600,3529.104,3523.063,3526.746
3526.807,1775578500,3530.921,3522.838,3529.106
3520.252,1775579400,3529.182,3517.025,3526.821
3523.129,1775580300,3523.129,3517.458,3520.259
3526.931,1775581200,3526.931,3523.135,3523.135
3520.692,1775582100,3527.246,3515.624,3526.945
3518.711,1775583000,3526.287,3517.938,3520.699
3512.979,1775583900,3520.434,3509.957,3518.72
3509.208,1775584800,3513.79,3508.425,3512.984
3509.868,1775585700,3511.421,3507.76,3509.216
3507.701,1775586600,3510.404,3505.175,3509.877
3504.403,1775587500,3510.459,3504.338,3507.707
3509.663,1775588400,3509.663,3503.49,3504.403
3505.272,1775589300,3510.162,3504.03,3509.672
3511.273,1775590200,3511.273,3505.275,3505.275
3517.56,1775591100,3517.56,3511.279,3511.279
3511.333,1775592000,3521.319,3509.789,3517.566
3506.985,1775592900,3512.363,3503.838,3511.342
3491.597,1775593800,3508.801,3491.022,3506.991
3491.188,1775594700,3494.105,3488.032,3491.603
3488.44,1775595600,3494.093,3485.408,3491.192
3489.634,1775596500,3491.751,3487.232,3488.448
3494.068,1775597400,3494.068,3489.644,3489.644
3497.778,1775598300,3498.324,3494.072,3494.072
3487.204,1775599200,3499.824,3484.072,3497.786
3488.191,1775600100,3490.582,3486.047,3487.217
3484.486,1775601000,3491.114,3482.573,3488.203
3477.247,1775601900,3485.004,3475.336,3484.493
3472.731,1775602800,3479.903,3469.822,3477.255
3478.957,1775603700,3478.957,3472.746,3472.746
3477.514,1775604600,3481.35,3475.846,3478.972
3479.829,1775605500,3482.134,3477.527,3477.527
3485.682,1775606400,3485.754,3479.833,3479.833
3487.519,1775607300,3488.101,3484.678,3485.697
3486.979,1775608200,3489.518,3482.85,3487.532
3473.506,1775609100,3489.721,3472.264,3486.981
3480.148,1775610000,3480.148,3473.513,3473.513
3485.012,1775610900,3485.012,3480.153,3480.153
3490.293,1775611800,3490.293,3485.023,3485.023
3493.819,1775612700,3493.819,3489.685,3490.296
3492.302,1775613600,3495.583,3490.72,3493.837
3484.023,1775614500,3492.418,3483.85,3492.308
3483.504,1775615400,3488.03,3482.135,3484.033
3485.273,1775616300,3489.562,3483.514,3483.514
3488.959,1775617200,3488.959,3485.081,3485.291
3482.139,1775618100,3489.606,3481.673,3488.964
3474.929,1775619000,3485.792,3473.684,3482.152
3472.147,1775619900,3478.001,3471.583,3474.936
3473.271,1775620800,3476.022,3471.069,3472.147
3465.036,1775621700,3473.779,3464.435,3473.278
3466.107,1775622600,3467.123,3462.243,3465.044
3459.209,1775623500,3466.884,3459.08,3466.111
3465.554,1775624400,3465.554,3459.209,3459.209
3466.969,1775625300,3471.816,3465.565,3465.565
3466.224,1775626200,3467.088,3461.989,3466.978
3459.16,1775627100,3469.259,3458.908,3466.23
3459.668,1775628000,3461.467,3456.424,3459.166
3464.68,1775628900,3464.68,3459.674,3459.674
3464.332,1775629800,3465.367,3458.773,3464.694
3453.335,1775630700,3468.109,3453.007,3464.334
3448.233,1775631600,3453.365,3442.098,3453.347
3445.54,1775632500,3450.804,3445.41,3448.253
3436.397,1775633400,3446.837,3435.016,3445.557
3439.498,1775634300,3439.498,3436.399,3436.399
3442.032,1775635200,3442.036,3438.174,3439.513
3447.18,1775636100,3447.18,3442.04,3442.04
3450.929,1775637000,3450.929,3445.752,3447.181
3452.688,1775637900,3455.087,3450.934,3450.934
3458.861,1775638800,3458.861,3452.689,3452.689
3460.528,1775639700,3463.964,3458.865,3458.865
3461.162,1775640600,3461.162,3456.311,3460.546
3465.372,1775641500,3467.287,3461.165,3461.165
3471.65,1775642400,3471.65,3465.381,3465.381
3470.282,1775643300,3472.147,3467.883,3471.652
3473.021,1775644200,3473.021,3469.208,3470.29
3470.217,1775645100,3473.735,3468.124,3473.027
3463.613,1775646000,3472.004,3462.622,3470.231
3468.439,1775646900,3468.439,3463.624,3463.624
3474.47,1775647800,3474.47,3468.449,3468.449
3463.15,1775648700,3476.361,3459.911,3474.489
3465.6,1775649600,3467.145,3463.153,3463.153
3463.745,1775650500,3467.345,3461.492,3465.601
3469.981,1775651400,3469.981,3463.748,3463.748
3472.483,1775652300,3474.831,3469.982,3469.982
3473.68,1775653200,3474.65,3469.433,3472.502
3475.26,1775654100,3476.117,3472.416,3473.685
3474.543,1775655000,3477.626,3470.756,3475.263
3479.674,1775655900,3479.674,3474.561,3474.561
3480.55,1775656800,3481.156,3476.551,3479.686
3486.801,1775657700,3486.801,3480.559,3480.559
3484.303,1775658600,3488.508,3480.973,3486.808
3485.361,1775659500,3485.361,3479.835,3484.31
3489.196,1775660400,3490.562,3485.365,3485.365
3479.611,1775661300,3491.521,3478.3,3489.2
3470.572,1775662200,3480.259,3467.303,3479.622
3460.788,1775663100,3470.632,3458.98,3470.576
3448.841,1775664000,3460.904,3445.946,3460.79
3446.661,1775664900,3450.92,3443.098,3448.846
3443.565,1775665800,3448.662,3441.599,3446.675
3449.905,1775666700,3449.905,3443.567,3443.567
3447.086,1775667600,3450.704,3443.666,3449.916
3433.767,1775668500,3450.406,3432.973,3447.094
3432.777,1775669400,3436.867,3431.5,3433.771
3431.344,1775670300,3436.805,3429.34,3432.778
3432.675,1775671200,3432.675,3427.483,3431.352
3436.674,1775672100,3437.235,3432.686,3432.686
3437.177,1775673000,3439.775,3436.542,3436.676
3420.032,1775673900,3439.702,3418.372,3437.179
3419.779,1775674800,3423.184,3418.311,3420.034
3414.718,1775675700,3420.095,3414.541,3419.789
3407.037,1775676600,3415.15,3405.572,3414.724
3413.07,1775677500,3413.07,3407.047,3407.047
3407.587,1775678400,3413.138,3402.3,3413.091
3411.931,1775679300,3411.931,3407.588,3407.588
3417.909,1775680200,3417.909,3411.941,3411.941
3418.499,1775681100,3421.387,3417.042,3417.921
3421.235,1775682000,3421.292,3417.748,3418.499
3427.364,1775682900,3427.364,3421.24,3421.24
3427.717,1775683800,3432.362,3426.988,3427.375
3427.092,1775684700,3429.065,3422.655,3427.719
3433.312,1775685600,3433.312,3427.096,3427.096
3429.472,1775686500,3434.664,3429.132,3433.318
3422.593,1775687400,3429.898,3422.204,3429.473
3421.81,1775688300,3425.951,3419.595,3422.605
3425.833,1775689200,3425.833,3421.824,3421.824
3424.753,1775690100,3429.226,3423.951,3425.835
3429.94,1775691000,3429.94,3424.757,3424.757
3428.626,1775691900,3434.639,3428.607,3429.946
3434.515,1775692800,3434.515,3428.636,3428.636
3432.227,1775693700,3436.525,3428.037,3434.524
3437.263,1775694600,3438.157,3432.236,3432.236
3441.121,1775695500,3441.121,3434.955,3437.273
3442.317,1775696400,3442.745,3439.549,3441.124
3440.198,1775697300,3443.413,3440.182,3442.323
3446.486,1775698200,3446.486,3440.203,3440.203
3443.242,1775699100,3447.673,3441.954,3446.502
3443.926,1775700000,3444.786,3440.603,3443.26
3440.702,1775700900,3444.798,3438.12,3443.93
3442.881,1775701800,3443.47,3439.763,3440.708
3445.076,1775702700,3445.076,3442.198,3442.889
3441.457,1775703600,3447.859,3440.732,3445.086
3439.634,1775704500,3442.779,3436.086,3441.461
3442.191,1775705400,3442.191,3438.576,3439.642
3448.491,1775706300,3448.491,3442.194,3442.194
3450.109,1775707200,3450.109,3443.873,3448.505
3441.26,1775708100,3451.216,3438.853,3450.112
3445.89,1775709000,3445.89,3441.266,3441.266
3447.828,1775709900,3451.705,3445.895,3445.895
3446.572,1775710800,3452.807,3445.996,3447.834
3452.794,1775711700,3452.794,3446.574,3446.574
3453.526,1775712600,3455.811,3450.645,3452.799
3456.378,1775713500,3456.378,3453.142,3453.543
3446.219,1775714400,3457.147,3445.782,3456.387
3452.28,1775715300,3452.28,3446.22,3446.22
3456.607,1775716200,3456.607,3451.226,3452.288
3446.042,1775717100,3456.755,3444.567,3456.615
3452.349,1775718000,3452.349,3446.049,3446.049
3445.572,1775718900,3456.75,3445.314,3452.352
3450.542,1775719800,3451.459,3445.573,3445.573
3439.519,1775720700,3451.64,3435.811,3450.544
3429.057,1775721600,3439.621,3427.462,3439.536
3418.614,1775722500,3430.159,3417.886,3429.067
3414.374,1775723400,3418.8,3410.992,3418.621
3419.953,1775724300,3419.953,3414.121,3414.374
3420.387,1775725200,3420.75,3416.334,3419.963
3423.618,1775726100,3423.618,3417.924,3420.394
3419.923,1775727000,3427.437,3419.416,3423.618
3411.166,1775727900,3422.455,3409.6,3419.935
3417.238,1775728800,3417.238,3411.168,3411.168
3423.252,1775729700,3423.252,3417.246,3417.246
3428.124,1775730600,3428.809,3423.261,3423.261
3426.539,1775731500,3428.593,3421.064,3428.131
3422.216,1775732400,3427.268,3420.55,3426.54
3418.736,1775733300,3423.308,3416.486,3422.217
3420.282,1775734200,3420.896,3416.67,3418.747
3411.383,1775735100,3422.372,3411.331,3420.286
3415.045,1775736000,3416.572,3411.388,3411.388
3415.994,1775736900,3416.021,3411.725,3415.046
3403.963,1775737800,3418.251,3402.176,3416.001
3405.45,1775738700,3405.45,3401.673,3403.967
3411.52,1775739600,3411.52,3405.451,3405.451
3409.987,1775740500,3413.745,3409.184,3411.527
3410.787,1775741400,3410.787,3404.798,3410.002
3416.994,1775742300,3416.994,3410.805,3410.805
3423.34,1775743200,3423.34,3417.004,3417.004
3423.167,1775744100,3424.036,3419.987,3423.346
3417.64,1775745000,3427.554,3416.324,3423.179
3414.852,1775745900,3422.364,3413.648,3417.641
3420.162,1775746800,3420.263,3414.859,3414.859
3404.019,1775747700,3421.338,3403.015,3420.168
3409.99,1775748600,3409.99,3404.032,3404.032
3414.524,1775749500,3415.928,3409.991,3409.991
3420.624,1775750400,3420.624,3414.527,3414.527
3425.332,1775751300,3425.332,3420.624,3420.624
3420.721,1775752200,3426.13,3419.329,3425.338
3423.661,1775753100,3424.684,3420.733,3420.733
3426.189,1775754000,3426.189,3420.744,3423.669
3412.418,1775754900,3428.132,3410.699,3426.192
3417.081,1775755800,3417.081,3412.425,3412.425
3419.927,1775756700,3419.927,3415.251,3417.09
3423.091,1775757600,3423.93,3418.817,3419.94
3429.156,1775758500,3429.156,3423.098,3423.098
3433.743,1775759400,3434.704,3429.163,3429.163
3428.304,1775760300,3434.62,3423.326,3433.751
3431.442,1775761200,3431.442,3427.861,3428.31
3431.765,1775762100,3433.84,3429.082,3431.449
3437.438,1775763000,3437.438,3431.781,3431.781
3439.247,1775763900,3439.247,3436.132,3437.439
3427.436,1775764800,3440.185,3425.053,3439.249
3433.697,1775765700,3433.697,3427.439,3427.439
3435.649,1775766600,3435.649,3430.291,3433.702
3425.944,1775767500,3439.222,3424.306,3435.661
3424.821,1775768400,3429.234,3422.309,3425.952
3421.501,1775769300,3427.537,3418.466,3424.835
3419.98,1775770200,3422.238,3415.2,3421.513
3422.681,1775771100,3422.681,3419.423,3419.991
3428.429,1775772000,3428.429,3422.683,3422.683
3423.509,1775772900,3430.113,3420.085,3428.445
3428.921,1775773800,3428.921,3423.52,3423.52
3431.977,1775774700,3433.319,3428.925,3428.925
3425.384,1775775600,3433.455,3423.414,3431.986
3425.208,1775776500,3425.67,3418.994,3425.394
3431.246,1775777400,3431.246,3425.218,3425.218
3434.872,1775778300,3434.872,3431.175,3431.25
3429.755,1775779200,3436.539,3426.109,3434.881
3435.882,1775780100,3435.882,3429.755,3429.755
3438.511,1775781000,3438.511,3432.946,3435.882
3444.847,1775781900,3444.847,3438.518,3438.518
3451.265,1775782800,3451.265,3444.848,3444.848
3452.84,1775783700,3453.471,3448.78,3451.268
3454.05,1775784600,3455.486,3450.4,3452.844
3452.143,1775785500,3454.807,3448.243,3454.058
3447.665,1775786400,3455.89,3446.811,3452.144
3444.958,1775787300,3448.716,3441.433,3447.666
3443.839,1775788200,3450.827,3443.322,3444.963
3444.668,1775789100,3446.13,3442.78,3443.849
3445.806,1775790000,3449.854,3444.654,3444.669
3432.93,1775790900,3445.984,3427.305,3445.81
3431.615,1775791800,3433.068,3428.414,3432.938
3425.816,1775792700,3432.824,3424.101,3431.623
3429.12,1775793600,3429.12,3423.003,3425.826
3431.359,1775794500,3431.359,3427.707,3429.129
3437.762,1775795400,3437.762,3431.369,3431.369
3433.968,1775796300,3440.557,3432.958,3437.765
3431.236,1775797200,3436.492,3428.141,3433.979
3437.5,1775798100,3437.5,3431.24,3431.24
3439.516,1775799000,3443.455,3437.512,3437.512
3445.596,1775799900,3445.596,3439.521,3439.521
3442.67,1775800800,3448.521,3440.98,3445.606
3445.474,1775801700,3445.474,3442.68,3442.68
3443.778,1775802600,3449.017,3442.771,3445.484
3439.813,1775803500,3443.95,3437.477,3443.778
3446.062,1775804400,3446.062,3439.818,3439.818
3446.276,1775805300,3450.64,3446.067,3446.067
3449.198,1775806200,3449.198,3445.312,3446.285
3452.278,1775807100,3452.278,3449.045,3449.201
3458.59,1775808000,3458.59,3452.289,3452.289
3450.663,1775808900,3462.244,3450.214,3458.598
3450.375,1775809800,3453.878,3448.577,3450.67
3444.829,1775810700,3450.565,3442.845,3450.394
3443.22,1775811600,3448.456,3442.583,3444.831
3448.707,1775812500,3448.707,3442.767,3443.224
3451.679,1775813400,3451.679,3447.589,3448.711
3453.122,1775814300,3455.01,3451.687,3451.687
3451.371,1775815200,3454.533,3448.039,3453.132
3455.747,1775816100,3457.407,3451.372,3451.372
3445.554,1775817000,3456.509,3445.044,3455.765
3451.94,1775817900,3451.94,3445.561,3445.561
3449.667,1775818800,3457.163,3448.743,3451.945
3446.683,1775819700,3452.321,3446.435,3449.681
3451.324,1775820600,3452.497,3446.684,3446.684
3456.482,1775821500,3456.482,3451.33,3451.33
3438.624,1775822400,3456.657,3438.514,3456.484
3423.102,1775823300,3439.379,3423.086,3438.639
3427.632,1775824200,3427.632,3421.464,3423.107
3433.827,1775825100,3433.827,3427.641,3427.641
3440.014,1775826000,3440.014,3433.831,3433.831
3434.3,1775826900,3442.136,3434.079,3440.018
3431.711,1775827800,3438.021,3429.621,3434.317
3421.934,1775828700,3432.102,3420.512,3431.716
3413.208,1775829600,3423.942,3413.108,3421.941
3414.44,1775830500,3418.299,3413.215,3413.215
3415.578,1775831400,3415.578,3409.713,3414.452
3415.887,1775832300,3421.162,3415.583,3415.583
3418.494,1775833200,3419.638,3415.891,3415.891
3419.905,1775834100,3419.905,3414.224,3418.496
3419.749,1775835000,3424.546,3419.218,3419.91
3421.614,1775835900,3421.614,3416.098,3419.754
3427.771,1775836800,3427.771,3421.62,3421.62
3431.373,1775837700,3431.416,3427.784,3427.784
3437.756,1775838600,3437.756,3431.378,3431.378
3416.917,1775839500,3440.26,3416.519,3437.757
3408.158,1775840400,3419.039,3407.582,3416.918
3395.837,1775841300,3408.837,3393.859,3408.159
3401.912,1775842200,3401.912,3395.838,3395.838
3403.998,1775843100,3404.601,3401.737,3401.916
3405.232,1775844000,3405.232,3399.829,3404.007
3409.096,1775844900,3411.26,3405.239,3405.239
3410.756,1775845800,3410.756,3406.341,3409.101
3414.933,1775846700,3416.896,3410.761,3410.761
3407.971,1775847600,3416.872,3405.248,3414.935
3414.215,1775848500,3414.215,3407.984,3407.984
3417.605,1775849400,3418.36,3414.221,3414.221
3422.704,1775850300,3422.704,3417.611,3417.611
3424.169,1775851200,3424.169,3419.141,3422.711
3424.026,1775852100,3424.808,3421.721,3424.175
3426.406,1775853000,3427.285,3423.589,3424.035
3427.729,1775853900,3428.704,3425.55,3426.406
3416.467,1775854800,3427.97,3415.305,3427.74
3422.555,1775855700,3422.555,3416.473,3416.473
3415.919,1775856600,3424.78,3413.243,3422.557
3418.139,1775857500,3420.023,3415.928,3415.928
3414.819,1775858400,3418.158,3409.669,3418.142
3409.768,1775859300,3417.158,3407.348,3414.83
3407.022,1775860200,3411.616,3404.299,3409.768
3405.81,1775861100,3407.658,3403.324,3407.027
3411.874,1775862000,3411.874,3405.814,3405.814
3416.186,1775862900,3416.186,3411.883,3411.883
3409.769,1775863800,3420.185,3409.054,3416.195
3410.212,1775864700,3412.853,3407.325,3409.786
3406.596,1775865600,3414.863,3405.417,3410.213
3409.6,1775866500,3411.696,3406.605,3406.605
3415.034,1775867400,3415.034,3409.615,3409.615
3411.034,1775868300,3419.381,3409.406,3415.049
3417.283,1775869200,3417.283,3411.037,3411.037
3412.649,1775870100,3420.555,3411.303,3417.283
3408.738,1775871000,3414.24,3407.435,3412.65
3410.392,1775871900,3412.251,3408.007,3408.746
3412.054,1775872800,3415.625,3410.396,3410.396
3411.875,1775873700,3415.921,3409.772,3412.062
3418.124,1775874600,3418.124,3411.892,3411.892
3421.214,1775875500,3421.214,3417.491,3418.124
3414.318,1775876400,3423.746,3413.834,3421.215
3420.493,1775877300,3420.493,3414.336,3414.336
3421.785,1775878200,3423.401,3418.862,3420.497
3422.422,1775879100,3424.233,3418.774,3421.792
3413.234,1775880000,3423.169,3413.231,3422.423
3412.135,1775880900,3414.665,3408.313,3413.243
3410.977,1775881800,3416.425,3408.928,3412.14
3417.091,1775882700,3417.091,3410.991,3410.991
3416.346,1775883600,3422.845,3416.173,3417.094
3420.014,1775884500,3420.014,3415.089,3416.367
3420.08,1775885400,3422.012,3417.058,3420.016
3424.266,1775886300,3424.266,3420.086,3420.086
3424.482,1775887200,3430.019,3423.913,3424.27
3422.901,1775888100,3427.379,3420.174,3424.497
3427.79,1775889000,3428.474,3422.902,3422.902
3413.37,1775889900,3430.139,3412.503,3427.801
3416.032,1775890800,3416.032,3412.338,3413.371
3406.732,1775891700,3417.742,3405.055,3416.034
3412.863,1775892600,3412.863,3406.745,3406.745
3417.256,1775893500,3417.256,3412.868,3412.868
3423.095,1775894400,3423.095,3417.26,3417.26
3422.804,1775895300,3423.214,3417.231,3423.099
3416.702,1775896200,3427.297,3416.162,3422.807
3415.954,1775897100,3422.136,3415.143,3416.716
3422.1,1775898000,3422.1,3415.972,3415.972
3428.217,1775898900,3428.217,3422.104,3422.104
3430.153,1775899800,3431.16,3427.034,3428.227
3430.749,1775900700,3435.904,3430.157,3430.157
3437.021,1775901600,3437.021,3430.75,3430.75
3443.083,1775902500,3443.083,3437.031,3437.031
3445.3,1775903400,3445.3,3440.655,3443.09
3451.666,1775904300,3451.666,3445.302,3445.302
3450.582,1775905200,3452.806,3445.362,3451.667
3455.834,1775906100,3455.834,3450.587,3450.587
3446.457,1775907000,3456.979,3443.123,3455.851
3444.611,1775907900,3451.423,3443.796,3446.473
3450.503,1775908800,3450.503,3444.621,3444.621
3449.31,1775909700,3451.646,3446.312,3450.519
3447.251,1775910600,3449.445,3441.237,3449.318
3453.614,1775911500,3453.614,3447.257,3447.257
3449.477,1775912400,3454.444,3446.342,3453.62
3455.939,1775913300,3455.939,3449.484,3449.484
3456.548,1775914200,3456.548,3452.367,3455.94
3454.493,1775915100,3459.843,3454.283,3456.565
3455.876,1775916000,3455.876,3450.356,3454.495
3459.324,1775916900,3461.216,3455.876,3455.876
3465.472,1775917800,3465.472,3459.328,3459.328
3457.559,1775918700,3468.531,3457.485,3465.473
3450.59,1775919600,3458.282,3447.837,3457.562
3453.109,1775920500,3453.109,3447.12,3450.594
3453.258,1775921400,3458.011,3451.782,3453.117
3455.955,1775922300,3455.955,3451.537,3453.258
3450.586,1775923200,3457.483,3449.417,3455.958
3457.0,1775924100,3457.0,3450.587,3450.587
3461.454,1775925000,3461.454,3457.011,3457.011
3460.463,1775925900,3464.431,3458.941,3461.461
3457.631,1775926800,3460.822,3452.654,3460.471
3455.171,1775927700,3459.469,3452.977,3457.642
3454.771,1775928600,3455.999,3450.183,3455.176
3459.464,1775929500,3459.464,3454.782,3454.782
3460.02,1775930400,3461.232,3455.604,3459.476
3455.108,1775931300,3464.372,3453.077,3460.029
3449.382,1775932200,3456.994,3446.399,3455.115
3439.021,1775933100,3450.618,3438.104,3449.384
3445.097,1775934000,3445.097,3439.031,3439.031
3447.748,1775934900,3450.622,3445.1,3445.1
3452.521,1775935800,3452.521,3447.756,3447.756
3451.995,1775936700,3454.862,3448.149,3452.526
3457.86,1775937600,3457.86,3451.64,3451.998
3455.089,1775938500,3461.274,3453.751,3457.872
3458.528,1775939400,3458.528,3453.558,3455.095
3461.775,1775940300,3461.775,3456.806,3458.531
3467.001,1775941200,3467.001,3460.943,3461.789
3464.375,1775942100,3467.029,3461.267,3467.003
3464.589,1775943000,3466.029,3459.924,3464.376
3470.768,1775943900,3470.768,3464.596,3464.596
3460.708,1775944800,3471.564,3460.402,3470.768
3466.917,1775945700,3466.917,3460.71,3460.71
3473.076,1775946600,3473.076,3466.92,3466.92
3475.134,1775947500,3476.238,3472.428,3473.082
3480.732,1775948400,3480.732,3475.144,3475.144
3476.733,1775949300,3482.463,3473.802,3480.746
3469.425,1775950200,3477.102,3466.48,3476.739
3464.874,1775951100,3470.85,3460.422,3469.436
3468.143,1775952000,3469.959,3464.881,3464.881
3471.039,1775952900,3471.039,3465.569,3468.149
3476.705,1775953800,3476.705,3471.05,3471.05
3482.912,1775954700,3482.912,3476.707,3476.707
3489.093,1775955600,3489.093,3482.917,3482.917
3482.745,1775956500,3490.937,3479.243,3489.102
3463.961,1775957400,3482.823,3460.483,3482.748
3450.037,1775958300,3464.718,3445.74,3463.963
3447.588,1775959200,3452.691,3446.8,3450.045
3442.924,1775960100,3447.72,3440.344,3447.59
3436.161,1775961000,3446.34,3435.724,3442.931
3436.232,1775961900,3436.987,3431.969,3436.168
3442.41,1775962800,3442.41,3436.234,3436.234
3434.286,1775963700,3443.005,3433.655,3442.416
3437.588,1775964600,3437.588,3432.625,3434.297
3425.351,1775965500,3438.273,3424.764,3437.606
3427.999,1775966400,3427.999,3423.802,3425.36
3415.607,1775967300,3429.393,3412.961,3428.008
3412.503,1775968200,3419.47,3411.682,3415.609
3418.729,1775969100,3418.729,3412.503,3412.503
3413.896,1775970000,3422.446,3412.768,3418.731
3414.265,1775970900,3416.859,3411.178,3413.91
3411.156,1775971800,3414.408,3409.0,3414.269
3404.243,1775972700,3413.799,3403.059,3411.157
3402.218,1775973600,3407.189,3401.301,3404.249
3405.534,1775974500,3407.149,3402.106,3402.22
3408.291,1775975400,3410.446,3405.539,3405.539
3412.795,1775976300,3412.795,3408.294,3408.294
3418.149,1775977200,3418.149,3412.803,3412.803
3414.807,1775978100,3419.418,3412.235,3418.152
3419.783,1775979000,3419.783,3414.813,3414.813
3412.598,1775979900,3421.519,3409.625,3419.793
3412.722,1775980800,3415.207,3408.93,3412.607
3418.745,1775981700,3418.745,3412.727,3412.727
3414.667,1775982600,3419.873,3410.713,3418.754
3413.293,1775983500,3416.341,3410.13,3414.669
3419.53,1775984400,3419.53,3413.305,3413.305
3425.669,1775985300,3425.669,3419.543,3419.543
3429.41,1775986200,3429.455,3425.682,3425.682
3429.19,1775987100,3433.305,3426.993,3429.413
3433.803,1775988000,3433.803,3429.073,3429.199
3436.156,1775988900,3438.1,3433.394,3433.811
3434.834,1775989800,3439.661,3434.393,3436.157
3440.883,1775990700,3440.883,3434.835,3434.835
3440.438,1775991600,3445.582,3438.986,3440.892
3442.999,1775992500,3444.027,3439.811,3440.441
3446.464,1775993400,3447.836,3443.007,3443.007
3447.668,1775994300,3448.049,3443.564,3446.465
3454.136,1775995200,3454.136,3447.677,3447.677
3458.287,1775996100,3459.585,3454.149,3454.149
3462.273,1775997000,3462.273,3458.298,3458.298
3456.94,1775997900,3463.941,3456.125,3462.277
3459.416,1775998800,3459.416,3454.844,3456.941
3455.869,1775999700,3462.049,3452.994,3459.42
3453.131,1776000600,3461.208,3452.651,3455.87
3457.51,1776001500,3458.716,3453.132,3453.132
3459.419,1776002400,3463.266,3457.514,3457.514
3447.836,1776003300,3460.072,3443.228,3459.431
3448.736,1776004200,3452.517,3447.375,3447.842
3435.446,1776005100,3449.484,3435.08,3448.747
3431.41,1776006000,3439.388,3430.383,3435.447
3437.429,1776006900,3437.429,3431.41,3431.41
3438.969,1776007800,3438.969,3434.231,3437.435
3435.653,1776008700,3442.712,3433.634,3438.974
3431.196,1776009600,3437.079,3428.026,3435.663
3429.93,1776010500,3434.515,3427.503,3431.201
3436.078,1776011400,3436.078,3429.935,3429.935
3436.202,1776012300,3440.923,3434.945,3436.087
3424.165,1776013200,3437.034,3422.603,3436.213
3420.916,1776014100,3425.238,3420.633,3424.186
3422.048,1776015000,3426.129,3420.92,3420.92
3418.624,1776015900,3422.77,3414.999,3422.056
3419.731,1776016800,3420.154,3416.1,3418.627
3409.61,1776017700,3422.729,3408.515,3419.741
3413.679,1776018600,3413.679,3408.936,3409.612
3411.388,1776019500,3416.287,3408.449,3413.703
3409.645,1776020400,3414.268,3407.921,3411.401
3405.8,1776021300,3412.847,3404.231,3409.654
3400.931,1776022200,3407.513,3398.751,3405.807
3386.917,1776023100,3403.402,3386.474,3400.934
3389.236,1776024000,3392.969,3386.925,3386.925
3389.811,1776024900,3391.04,3385.883,3389.249
3384.566,1776025800,3391.746,3383.14,3389.815
3390.667,1776026700,3390.667,3384.583,3384.583
3386.412,1776027600,3391.836,3384.056,3390.669
3384.463,1776028500,3387.904,3380.661,3386.417
3390.387,1776029400,3390.387,3384.47,3384.47
3390.454,1776030300,3392.604,3386.598,3390.398
3396.482,1776031200,3396.482,3390.47,3390.47
3402.043,1776032100,3402.043,3396.482,3396.482
3394.746,1776033000,3403.29,3393.837,3402.051
3387.886,1776033900,3397.175,3387.513,3394.748
3390.478,1776034800,3391.318,3387.859,3387.894
3382.591,1776035700,3390.693,3381.495,3390.484
3388.368,1776036600,3388.574,3382.602,3382.602
3387.573,1776037500,3389.697,3383.086,3388.382
3391.861,1776038400,3391.861,3387.584,3387.584
3397.84,1776039300,3397.84,3391.861,3391.861
3396.321,1776040200,3400.045,3393.086,3397.851
3400.628,1776041100,3400.628,3395.985,3396.331
3406.476,1776042000,3406.476,3400.637,3400.637
3405.261,1776042900,3407.283,3401.753,3406.479
3411.401,1776043800,3411.401,3405.265,3405.265
3411.218,1776044700,3413.213,3408.521,3411.41
3406.65,1776045600,3411.726,3403.739,3411.224
3412.818,1776046500,3412.818,3406.655,3406.655
3413.732,1776047400,3416.772,3412.824,3412.824
3417.087,1776048300,3418.047,3413.741,3413.741
3415.742,1776049200,3418.632,3414.501,3417.096
3415.508,1776050100,3416.547,3410.094,3415.75
3416.941,1776051000,3421.015,3415.516,3415.516
3416.348,1776051900,3418.802,3415.299,3416.948
3414.325,1776052800,3419.256,3411.983,3416.354
3417.032,1776053700,3418.498,3414.334,3414.334
3418.446,1776054600,3418.446,3413.009,3417.047
3417.796,1776055500,3422.723,3415.957,3418.463
3411.641,1776056400,3422.737,3411.147,3417.801
3417.722,1776057300,3417.722,3411.65,3411.65
3420.625,1776058200,3421.158,3417.731,3417.731
3412.973,1776059100,3422.336,3412.303,3420.628
3418.816,1776060000,3418.816,3412.974,3412.974
3412.908,1776060900,3421.81,3411.704,3418.818
3416.87,1776061800,3417.894,3412.913,3412.913
3417.654,1776062700,3418.429,3412.82,3416.872
3412.43,1776063600,3419.291,3412.414,3417.657
3398.021,1776064500,3412.661,3395.511,3412.44
3404.343,1776065400,3404.343,3398.039,3398.039
3410.515,1776066300,3410.515,3404.345,3404.345
3403.395,1776067200,3410.569,3400.212,3410.522
3397.916,1776068100,3403.355,3397.499,3397.512
3395.845,1776069000,3401.739,3395.079,3397.925
3401.993,1776069900,3401.993,3395.862,3395.862
3408.112,1776070800,3408.112,3401.999,3401.999
3401.704,1776071700,3408.674,3397.973,3408.116
3403.413,1776072600,3403.8,3399.935,3401.709
3401.592,1776073500,3404.503,3397.85,3403.424
3402.278,1776074400,3405.789,3401.604,3401.604
3401.834,1776075300,3404.039,3398.715,3402.293
3408.053,1776076200,3408.053,3401.838,3401.838
3403.221,1776077100,3410.639,3400.294,3408.058
3406.458,1776078000,3406.458,3400.385,3403.222
3405.661,1776078900,3408.693,3401.67,3406.461
3412.094,1776079800,3412.094,3405.668,3405.668
3417.26,1776080700,3417.26,3411.323,3412.11
3418.47,1776081600,3418.47,3413.743,3417.267
3415.605,1776082500,3420.304,3411.245,3418.476
3421.67,1776083400,3421.67,3415.606,3415.606
3420.659,1776084300,3424.65,3420.183,3421.684
3423.217,1776085200,3423.366,3419.987,3420.661
3429.338,1776086100,3429.338,3423.223,3423.223
3428.529,1776087000,3430.953,3424.766,3429.344
3434.674,1776087900,3434.674,3428.53,3428.53
3429.844,1776088800,3435.377,3424.503,3434.676
3430.342,1776089700,3434.17,3428.428,3429.851
3427.846,1776090600,3432.28,3426.987,3430.353
3429.309,1776091500,3429.642,3426.362,3427.858
3425.135,1776092400,3430.681,3423.949,3429.32
3405.759,1776093300,3427.118,3405.224,3425.143
3411.517,1776094200,3411.517,3405.77,3405.77
3405.5,1776095100,3412.7,3404.839,3411.524
3405.415,1776096000,3406.718,3402.402,3405.507
3411.451,1776096900,3411.451,3405.419,3405.419
3408.833,1776097800,3411.933,3404.497,3411.471
3401.388,1776098700,3411.097,3400.238,3408.845
3395.588,1776099600,3401.51,3394.964,3401.391
3393.064,1776100500,3396.706,3390.947,3395.589
3399.07,1776101400,3399.07,3393.072,3393.072
3402.12,1776102300,3403.755,3399.075,3399.075
3396.161,1776103200,3403.859,3395.937,3402.123
3398.896,1776104100,3398.896,3392.98,3396.178
3404.862,1776105000,3404.862,3398.908,3398.908
3411.022,1776105900,3411.022,3404.864,3404.864
3417.254,1776106800,3417.254,3411.039,3411.039
3407.119,1776107700,3418.198,3405.752,3417.273
3406.116,1776108600,3412.281,3405.239,3407.127
3407.142,1776109500,3408.961,3405.162,3406.123
3413.348,1776110400,3413.348,3407.149,3407.149
3413.306,1776111300,3417.89,3412.714,3413.35
3412.325,1776112200,3417.787,3410.7,3413.312
3416.913,1776113100,3416.913,3412.112,3412.333
3413.071,1776114000,3417.858,3410.443,3416.915
3401.536,1776114900,3413.556,3400.856,3413.077
3404.992,1776115800,3405.018,3401.553,3401.553
3396.948,1776116700,3405.795,3395.297,3404.993
3402.308,1776117600,3402.857,3396.952,3396.952
3398.812,1776118500,3402.558,3394.103,3402.314
3397.446,1776119400,3402.005,3397.365,3398.826
3399.539,1776120300,3399.539,3394.482,3397.451
3405.592,1776121200,3405.592,3399.548,3399.548
3401.102,1776122100,3407.946,3399.746,3405.596
3399.925,1776123000,3403.835,3398.139,3401.109
3398.648,1776123900,3400.965,3394.626,3399.927
3395.195,1776124800,3402.628,3394.577,3398.656
3396.615,1776125700,3399.679,3394.55,3395.206
3401.444,1776126600,3402.442,3396.625,3396.625
3392.395,1776127500,3403.464,3390.598,3401.456
3398.524,1776128400,3398.524,3392.397,3392.397
3401.339,1776129300,3401.664,3398.528,3398.528
3394.937,1776130200,3402.588,3394.217,3401.349
3394.218,1776131100,3397.529,3392.147,3394.938
3397.989,1776132000,3397.989,3394.223,3394.223
3384.432,1776132900,3399.422,3382.067,3397.995
3378.342,1776133800,3384.883,3377.877,3384.437
3384.464,1776134700,3384.464,3378.352,3378.352
3373.246,1776135600,3387.09,3372.003,3384.475
3367.382,1776136500,3376.389,3366.905,3373.248
3362.935,1776137400,3371.046,3361.673,3367.386
3357.503,1776138300,3367.5,3357.167,3362.944
3354.354,1776139200,3360.77,3352.91,3357.518
3360.493,1776140100,3360.493,3354.358,3354.358
3363.908,1776141000,3366.616,3360.496,3360.496
3356.444,1776141900,3363.961,3353.233,3363.917
3358.256,1776142800,3359.922,3356.144,3356.452
3342.339,1776143700,3360.964,3342.332,3358.26
3344.481,1776144600,3345.772,3341.678,3342.344
3350.486,1776145500,3350.486,3344.487,3344.487
3345.298,1776146400,3352.601,3343.86,3350.491
3351.719,1776147300,3351.719,3345.306,3345.306
3349.326,1776148200,3354.234,3347.706,3351.719
3353.437,1776149100,3353.437,3349.303,3349.335
3359.507,1776150000,3359.507,3353.449,3353.449
3361.703,1776150900,3361.703,3356.977,3359.515
3367.742,1776151800,3367.742,3361.703,3361.703
3350.832,1776152700,3367.82,3349.29,3367.742
3349.665,1776153600,3355.955,3348.543,3350.846
3355.658,1776154500,3355.658,3349.676,3349.676
3353.207,1776155400,3356.649,3351.556,3355.664
3350.283,1776156300,3355.881,3346.963,3353.212
3343.764,1776157200,3351.634,3342.115,3350.29
3347.366,1776158100,3347.962,3343.771,3343.771
3353.052,1776159000,3353.052,3347.367,3347.367
3353.382,1776159900,3356.476,3352.421,3353.058
3353.343,1776160800,3355.315,3350.633,3353.392
3352.011,1776161700,3354.13,3347.566,3353.349
3330.228,1776162600,3353.048,3329.454,3352.029
3331.924,1776163500,3332.499,3329.869,3330.231
3332.895,1776164400,3337.763,3331.942,3331.942
3338.833,1776165300,3338.833,3332.907,3332.907
3337.001,1776166200,3340.937,3333.703,3338.847
3330.167,1776167100,3340.311,3328.507,3337.014
3333.86,1776168000,3333.86,3328.931,3330.168
3333.961,1776168900,3335.709,3330.712,3333.862
3329.541,1776169800,3334.857,3326.616,3333.968
3331.845,1776170700,3333.13,3329.248,3329.547
3334.228,1776171600,3336.055,3331.85,3331.85
3332.487,1776172500,3335.66,3329.039,3334.242
3331.723,1776173400,3333.047,3328.574,3332.489
3337.691,1776174300,3337.691,3331.731,3331.731
3332.811,1776175200,3337.83,3330.242,3337.707
3332.393,1776176100,3333.047,3327.186,3332.815
3329.726,1776177000,3335.727,3327.76,3332.393
3330.101,1776177900,3330.254,3325.294,3329.73
3324.843,1776178800,3330.351,3324.176,3330.102
3324.955,1776179700,3326.711,3320.844,3324.849
3318.555,1776180600,3328.017,3317.43,3324.96
3316.106,1776181500,3321.482,3313.155,3318.559
3314.383,1776182400,3319.676,3314.383,3316.106
3320.15,1776183300,3320.15,3314.389,3314.389
3320.798,1776184200,3325.523,3320.158,3320.158
3326.987,1776185100,3326.987,3320.807,3320.807
3329.86,1776186000,3330.658,3326.996,3326.996
3334.72,1776186900,3334.72,3329.866,3329.866
3338.966,1776187800,3338.966,3334.723,3334.723
3344.992,1776188700,3344.992,3338.982,3338.982
3341.289,1776189600,3347.883,3340.603,3344.998
3346.081,1776190500,3346.163,3341.3,3341.3
3336.98,1776191400,3347.29,3336.035,3346.081
3334.256,1776192300,3340.206,3333.884,3336.987
3335.678,1776193200,3335.986,3331.493,3334.262
3337.169,1776194100,3338.748,3333.991,3335.682
3342.779,1776195000,3342.779,3337.186,3337.186
3330.009,1776195900,3344.276,3329.131,3342.789
3331.574,1776196800,3333.001,3329.668,3330.012
3330.962,1776197700,3336.742,3330.196,3331.574
3326.351,1776198600,3334.346,3323.984,3330.964
3320.295,1776199500,3329.246,3318.723,3326.36
3322.698,1776200400,3323.034,3319.307,3320.308
3326.563,1776201300,3326.563,3322.704,3322.704
3332.723,1776202200,3332.723,3326.564,3326.564
3326.638,1776203100,3334.095,3323.782,3332.733
3326.597,1776204000,3328.516,3325.56,3326.64
3332.571,1776204900,3332.571,3326.598,3326.598
3313.761,1776205800,3333.855,3313.189,3332.581
3312.641,1776206700,3317.134,3310.174,3313.765
3316.315,1776207600,3317.029,3312.648,3312.648
3318.347,1776208500,3318.347,3315.269,3316.324
3318.879,1776209400,3322.018,3316.569,3318.362
3324.961,1776210300,3324.961,3318.887,3318.887
3326.447,1776211200,3330.251,3324.963,3324.963
3332.193,1776212100,3332.193,3326.453,3326.453
3337.739,1776213000,3337.739,3332.196,3332.196
3330.455,1776213900,3339.123,3327.113,3337.748
3325.939,1776214800,3334.089,3324.134,3330.463
3331.435,1776215700,3331.435,3325.944,3325.944
3334.068,1776216600,3335.671,3330.921,3331.439
3333.912,1776217500,3336.421,3330.404,3334.081
3340.02,1776218400,3340.02,3333.929,3333.929
3340.356,1776219300,3341.526,3336.51,3340.023
3341.57,1776220200,3342.741,3337.996,3340.36
3347.45,1776221100,3347.45,3341.575,3341.575
3343.637,1776222000,3347.697,3341.106,3347.46
3342.82,1776222900,3349.517,3342.751,3343.648
3339.449,1776223800,3344.551,3337.653,3342.822
3337.549,1776224700,3340.742,3336.477,3339.455
3326.94,1776225600,3337.945,3324.625,3337.552
3326.363,1776226500,3332.564,3326.092,3326.946
3320.013,1776227400,3329.77,3319.766,3326.375
3319.165,1776228300,3321.02,3314.323,3320.015
3306.428,1776229200,3322.319,3306.297,3319.168
3304.786,1776230100,3306.697,3300.495,3306.429
3308.689,1776231000,3308.689,3303.45,3304.796
3297.917,1776231900,3308.956,3296.231,3308.7
3286.175,1776232800,3297.978,3282.058,3297.92
3286.257,1776233700,3286.599,3281.096,3286.193
3284.556,1776234600,3289.279,3283.475,3286.262
3276.517,1776235500,3287.309,3275.625,3284.562
3282.461,1776236400,3282.461,3276.524,3276.524
3288.563,1776237300,3288.563,3282.461,3282.461
3290.918,1776238200,3290.918,3287.074,3288.565
3293.012,1776239100,3295.176,3290.933,3290.933
3285.719,1776240000,3293.559,3283.423,3293.023
3282.576,1776240900,3286.19,3278.846,3285.729
3288.362,1776241800,3288.362,3282.586,3282.586
3288.524,1776242700,3293.487,3287.584,3288.376
3283.65,1776243600,3293.309,3282.705,3288.532
3276.617,1776244500,3288.518,3276.226,3283.659
3282.668,1776245400,3282.668,3276.623,3276.623
3288.677,1776246300,3288.677,3282.67,3282.67
3287.749,1776247200,3293.767,3287.698,3288.677
3275.144,1776248100,3291.669,3275.091,3287.76
3263.013,1776249000,3275.406,3260.718,3275.151
3264.644,1776249900,3266.812,3261.57,3263.015
3259.789,1776250800,3266.306,3258.441,3264.652
3260.995,1776251700,3261.655,3257.867,3259.793
3261.081,1776252600,3261.53,3257.48,3261.008
3257.695,1776253500,3262.673,3256.477,3261.083
3262.412,1776254400,3262.412,3257.536,3257.703
3246.425,1776255300,3262.947,3245.78,3262.415
3244.393,1776256200,3247.587,3241.451,3246.435
3241.388,1776257100,3246.642,3239.397,3244.413
3242.278,1776258000,3244.333,3239.223,3241.392
3238.815,1776258900,3242.498,3235.626,3242.281
3244.897,1776259800,3244.897,3238.834,3238.834
3250.12,1776260700,3250.332,3244.899,3244.899
3251.607,1776261600,3255.058,3250.123,3250.123
3250.424,1776262500,3251.967,3245.076,3251.612
3242.342,1776263400,3253.443,3240.321,3250.427
3247.286,1776264300,3247.288,3242.346,3242.346
3246.914,1776265200,3251.151,3244.785,3247.291
3252.75,1776266100,3252.75,3246.922,3246.922
3258.867,1776267000,3258.867,3252.756,3252.756
3259.156,1776267900,3260.507,3254.909,3258.875
3255.948,1776268800,3263.166,3255.747,3259.164
3250.61,1776269700,3257.042,3248.75,3255.955
3247.878,1776270600,3254.529,3247.618,3250.616
3235.8,1776271500,3248.012,3235.515,3247.883
3231.115,1776272400,3236.322,3228.767,3235.81
3230.101,1776273300,3233.964,3228.589,3231.125
3233.26,1776274200,3233.7,3230.109,3230.109
3230.801,1776275100,3236.209,3227.842,3233.264
3223.677,1776276000,3231.237,3223.654,3230.812
3221.974,1776276900,3225.427,3220.943,3223.69
3222.381,1776277800,3225.313,3220.073,3221.986
3222.625,1776278700,3224.453,3221.51,3222.392
3225.779,1776279600,3227.767,3222.632,3222.632
3223.849,1776280500,3226.88,3221.508,3225.784
3223.926,1776281400,3226.251,3220.577,3223.863
3225.417,1776282300,3225.51,3221.271,3223.93
3219.407,1776283200,3227.22,3218.761,3225.42
3211.054,1776284100,3220.638,3208.592,3219.419
3216.944,1776285000,3216.944,3211.059,3211.059
3216.472,1776285900,3220.968,3215.762,3216.954
3222.309,1776286800,3222.309,3216.473,3216.473
3221.749,1776287700,3222.788,3219.494,3222.317
3214.63,1776288600,3222.767,3211.28,3221.751
3216.85,1776289500,3216.85,3214.416,3214.64
3222.459,1776290400,3222.459,3216.856,3216.856
3227.244,1776291300,3227.244,3222.46,3222.46
3225.1,1776292200,3228.538,3221.935,3227.253
3221.288,1776293100,3225.602,3215.818,3225.105
3215.356,1776294000,3222.079,3213.612,3221.294
3219.458,1776294900,3219.893,3215.362,3215.362
3221.658,1776295800,3224.173,3219.462,3219.462
3213.3,1776296700,3222.52,3212.303,3221.661
3207.26,1776297600,3215.836,3206.896,3213.305
3206.723,1776298500,3209.934,3203.641,3207.265
3205.898,1776299400,3208.745,3203.724,3206.739
3193.804,1776300300,3206.598,3191.736,3205.898
3191.587,1776301200,3196.618,3190.382,3193.81
3191.857,1776302100,3193.349,3189.575,3191.596
3197.531,1776303000,3197.531,3191.867,3191.867
3202.705,1776303900,3202.705,3197.533,3197.533
3208.573,1776304800,3208.573,3202.723,3202.723
3210.678,1776305700,3212.307,3208.575,3208.579
3206.626,1776306600,3212.58,3206.592,3210.681
3209.094,1776307500,3209.094,3205.706,3206.632
3215.065,1776308400,3215.065,3209.1,3209.1
3208.537,1776309300,3215.666,3206.643,3215.07
3211.155,1776310200,3214.171,3208.541,3208.541
3201.177,1776311100,3211.171,3200.463,3211.155
3206.752,1776312000,3206.752,3201.18,3201.18
3211.623,1776312900,3211.623,3206.752,3206.752
3214.65,1776313800,3214.65,3210.15,3211.631
3212.834,1776314700,3215.842,3210.1,3214.662
3212.693,1776315600,3215.037,3211.38,3212.835
3213.591,1776316500,3215.583,3210.876,3212.696
3218.102,1776317400,3219.435,3213.6,3213.6
3220.765,1776318300,3220.765,3216.682,3218.104
3220.471,1776319200,3222.89,3216.905,3220.776
3223.688,1776320100,3223.688,3220.459,3220.48
3225.141,1776321000,3228.097,3223.695,3223.695
3231.117,1776321900,3231.117,3225.145,3225.145
3230.13,1776322800,3235.167,3228.402,3231.126
3232.289,1776323700,3232.289,3228.285,3230.137
3224.617,1776324600,3232.6,3223.177,3232.303
3226.436,1776325500,3228.545,3224.596,3224.621
3232.165,1776326400,3232.165,3226.445,3226.445
3233.779,1776327300,3237.646,3232.167,3232.167
3234.594,1776328200,3235.907,3231.056,3233.787
3231.906,1776329100,3236.26,3231.625,3234.605
3220.604,1776330000,3235.296,3219.683,3231.911
3203.213,1776330900,3221.2,3201.53,3220.62
3205.77,1776331800,3208.199,3203.219,3203.219
3206.154,1776332700,3209.701,3204.203,3205.77
3206.078,1776333600,3209.195,3203.258,3206.162
3207.291,1776334500,3210.059,3205.267,3206.088
3213.056,1776335400,3213.056,3207.294,3207.294
3212.078,1776336300,3217.238,3210.389,3213.063
3206.617,1776337200,3213.16,3205.19,3212.084
3195.978,1776338100,3208.068,3195.421,3206.624
3192.699,1776339000,3198.364,3190.9,3195.983
3190.249,1776339900,3195.158,3189.341,3192.716
3190.351,1776340800,3193.521,3188.494,3190.259
3196.116,1776341700,3196.116,3190.364,3190.364
3194.479,1776342600,3198.355,3194.149,3196.117
3188.372,1776343500,3196.826,3187.968,3194.485
3189.786,1776344400,3192.249,3188.007,3188.382
3195.501,1776345300,3195.501,3189.788,3189.788
3199.384,1776346200,3199.384,3195.068,3195.503
3205.015,1776347100,3205.015,3199.39,3199.39
3199.187,1776348000,3207.567,3197.017,3205.023
3203.275,1776348900,3204.393,3199.188,3199.188
3205.656,1776349800,3206.823,3203.282,3203.282
3209.993,1776350700,3209.993,3205.304,3205.665
3212.432,1776351600,3213.921,3209.999,3209.999
3209.864,1776352500,3214.121,3207.674,3212.452
3193.803,1776353400,3210.37,3191.124,3209.864
3195.171,1776354300,3197.78,3193.516,3193.803
3195.041,1776355200,3195.286,3190.973,3195.181
3196.244,1776356100,3199.967,3195.051,3195.051
3195.828,1776357000,3196.49,3192.244,3196.248
3201.516,1776357900,3201.516,3195.829,3195.829
3205.266,1776358800,3206.519,3201.522,3201.522
3207.962,1776359700,3207.962,3205.269,3205.269
3213.855,1776360600,3213.855,3207.971,3207.971
3208.884,1776361500,3213.933,3207.946,3213.857
3206.045,1776362400,3211.418,3205.627,3208.891
3211.807,1776363300,3211.807,3206.05,3206.05
3212.812,1776364200,3212.812,3208.567,3211.808
3209.489,1776365100,3213.041,3207.312,3212.814
3206.805,1776366000,3211.584,3205.419,3209.493
3206.448,1776366900,3210.305,3204.781,3206.809
3200.481,1776367800,3207.181,3199.816,3206.451
3203.516,1776368700,3206.327,3200.491,3200.491
3203.758,1776369600,3207.384,3202.994,3203.53
3203.748,1776370500,3205.17,3199.163,3203.768
3209.562,1776371400,3209.562,3203.758,3203.758
3211.768,1776372300,3212.595,3209.564,3209.564
3209.605,1776373200,3212.279,3207.028,3211.776
3215.406,1776374100,3215.406,3209.614,3209.614
3215.344,1776375000,3217.322,3213.993,3215.412
3221.233,1776375900,3221.233,3215.346,3215.346
3220.928,1776376800,3223.946,3217.862,3221.234
3226.403,1776377700,3226.403,3220.935,3220.935
3230.875,1776378600,3230.875,3225.612,3226.407
3231.924,1776379500,3233.146,3228.677,3230.884
3236.358,1776380400,3236.358,3230.852,3231.929
3240.162,1776381300,3240.162,3235.858,3236.359
3242.085,1776382200,3242.682,3237.977,3240.171
3244.053,1776383100,3244.053,3241.236,3242.087
3247.196,1776384000,3247.196,3242.823,3244.056
3251.796,1776384900,3251.796,3246.062,3247.207
3257.656,1776385800,3257.656,3251.797,3251.797
3263.54,1776386700,3263.54,3257.663,3257.663
3263.358,1776387600,3265.498,3260.13,3263.541
3269.139,1776388500,3269.139,3263.369,3263.369
3269.404,1776389400,3274.644,3269.148,3269.148
3261.047,1776390300,3270.829,3259.586,3269.41
3266.95,1776391200,3266.95,3261.058,3261.058
3264.919,1776392100,3270.023,3263.75,3266.955
3262.081,1776393000,3266.345,3259.84,3264.926
3254.453,1776393900,3262.547,3253.918,3262.085
3257.669,1776394800,3259.479,3254.464,3254.464
3258.923,1776395700,3261.452,3257.018,3257.671
3264.879,1776396600,3264.879,3258.925,3258.925
3267.939,1776397500,3268.661,3264.888,3264.888
3272.657,1776398400,3272.657,3267.074,3267.957
3270.926,1776399300,3273.746,3266.368,3272.67
3272.797,1776400200,3272.797,3268.848,3270.935
3262.186,1776401100,3273.956,3260.384,3272.805
3265.173,1776402000,3266.134,3262.188,3262.188
3258.47,1776402900,3266.997,3257.835,3265.189
3258.914,1776403800,3262.57,3258.152,3258.478
3255.95,1776404700,3259.014,3251.631,3258.918
3255.428,1776405600,3257.035,3251.763,3255.951
3256.725,1776406500,3258.573,3255.438,3255.438
3259.631,1776407400,3259.631,3254.127,3256.728
3261.796,1776408300,3261.796,3257.271,3259.64
3260.871,1776409200,3264.35,3260.09,3261.807
3265.105,1776410100,3265.105,3260.878,3260.878
3264.528,1776411000,3270.296,3264.104,3265.115
3263.394,1776411900,3268.019,3260.843,3264.53
3269.396,1776412800,3269.396,3263.397,3263.397
3266.121,1776413700,3270.742,3261.538,3269.401
3272.081,1776414600,3272.081,3266.136,3266.136
3277.582,1776415500,3277.582,3272.092,3272.092
3270.611,1776416400,3279.068,3269.444,3277.587
3276.439,1776417300,3276.439,3270.616,3270.616
3278.931,1776418200,3278.931,3274.368,3276.441
3267.35,1776419100,3279.17,3266.562,3278.944
3268.038,1776420000,3268.323,3262.989,3267.355
3274.095,1776420900,3274.095,3268.044,3268.044
3264.007,1776421800,3276.949,3262.377,3274.099
3258.106,1776422700,3266.856,3255.507,3264.016
3263.781,1776423600,3263.781,3258.107,3258.107
3265.258,1776424500,3268.253,3263.773,3263.788
3257.07,1776425400,3267.095,3255.99,3265.26
3262.406,1776426300,3262.406,3257.076,3257.076
3255.615,1776427200,3262.579,3253.212,3262.41
3251.985,1776428100,3258.786,3251.769,3255.63
3253.168,1776429000,3256.052,3251.386,3251.989
3254.69,1776429900,3254.73,3250.43,3253.174
3256.364,1776430800,3256.364,3251.523,3254.697
3248.389,1776431700,3260.168,3247.798,3256.365
3240.849,1776432600,3248.945,3238.744,3248.396
3227.707,1776433500,3241.502,3227.304,3240.85
3232.578,1776434400,3233.254,3227.721,3227.721
3237.448,1776435300,3237.706,3232.584,3232.584
3243.497,1776436200,3243.497,3237.461,3237.461
3240.183,1776437100,3244.431,3239.178,3243.512
3246.228,1776438000,3246.228,3240.193,3240.193
3252.153,1776438900,3252.153,3246.237,3246.237
3245.154,1776439800,3252.244,3243.365,3252.166
3246.113,1776440700,3249.456,3245.013,3245.157
3243.05,1776441600,3251.085,3242.833,3246.125
3248.852,1776442500,3248.852,3243.052,3243.052
3242.636,1776443400,3251.25,3240.81,3248.856
3235.749,1776444300,3243.22,3234.971,3242.646
3241.57,1776445200,3241.57,3235.757,3235.757
3242.727,1776446100,3243.1,3238.92,3241.576
3241.765,1776447000,3244.042,3239.954,3242.742
3239.809,1776447900,3243.039,3235.367,3241.771
3245.537,1776448800,3245.537,3239.818,3239.818
3246.856,1776449700,3248.024,3243.608,3245.54
3249.538,1776450600,3249.778,3246.428,3246.86
3248.945,1776451500,3253.59,3247.261,3249.543
3250.394,1776452400,3250.394,3244.946,3248.952
3249.655,1776453300,3253.269,3248.203,3250.399
3255.058,1776454200,3255.058,3249.663,3249.663
3257.697,1776455100,3257.875,3254.487,3255.064
3255.651,1776456000,3260.034,3252.082,3257.698
3255.635,1776456900,3256.507,3250.657,3255.66
3248.449,1776457800,3258.738,3246.027,3255.649
3254.337,1776458700,3254.337,3248.46,3248.46
3239.36,1776459600,3254.884,3238.913,3254.338
3225.997,1776460500,3240.015,3224.963,3239.364
3219.006,1776461400,3226.114,3217.022,3226.005
3220.662,1776462300,3220.662,3216.214,3219.007
3218.484,1776463200,3220.784,3214.875,3220.663
3219.0,1776464100,3223.606,3218.489,3218.489
3220.486,1776465000,3220.486,3215.525,3219.007
3223.123,1776465900,3223.123,3219.249,3220.489
3197.144,1776466800,3224.108,3196.684,3223.137
3195.163,1776467700,3197.954,3191.527,3197.148
3200.837,1776468600,3200.837,3195.172,3195.172
3206.725,1776469500,3206.725,3200.844,3200.844
3208.388,1776470400,3208.388,3204.263,3206.734
3204.313,1776471300,3212.549,3203.576,3208.398
3205.413,1776472200,3206.343,3201.57,3204.318
3209.559,1776473100,3209.559,3205.414,3205.414
3213.979,1776474000,3213.979,3209.568,3209.568
3215.298,1776474900,3216.344,3212.128,3213.993
3221.138,1776475800,3221.138,3215.306,3215.306
3223.722,1776476700,3223.722,3220.929,3221.142
3217.263,1776477600,3226.883,3216.172,3223.731
3223.039,1776478500,3223.039,3217.279,3217.279
3213.505,1776479400,3225.867,3213.397,3223.053
3217.627,1776480300,3217.825,3213.506,3213.506
3218.497,1776481200,3219.914,3214.995,3217.629
3215.59,1776482100,3218.678,3210.703,3218.502
3213.712,1776483000,3218.157,3211.177,3215.598
3216.07,1776483900,3218.944,3213.715,3213.715
3219.403,1776484800,3219.403,3214.965,3216.079
3221.75,1776485700,3221.823,3218.375,3219.414
3226.423,1776486600,3226.423,3221.752,3221.752
3232.347,1776487500,3232.347,3226.433,3226.433
3232.457,1776488400,3234.198,3229.811,3232.35
3234.044,1776489300,3235.818,3231.414,3232.472
3231.669,1776490200,3236.603,3231.094,3234.049
3234.833,1776491100,3234.833,3231.662,3231.674
3235.203,1776492000,3237.257,3233.162,3234.847
3237.478,1776492900,3237.478,3234.644,3235.205
3238.239,1776493800,3243.052,3237.482,3237.482
3240.097,1776494700,3243.245,3238.242,3238.242
3246.04,1776495600,3246.04,3240.102,3240.102
3249.781,1776496500,3249.781,3244.242,3246.042
3255.583,1776497400,3255.583,3249.794,3249.794
3261.44,1776498300,3261.44,3255.593,3255.593
3257.851,1776499200,3264.251,3255.568,3261.447
3263.749,1776500100,3263.749,3257.853,3257.853
3269.725,1776501000,3269.725,3263.751,3263.751
3271.488,1776501900,3273.014,3268.977,3269.727
3276.216,1776502800,3276.216,3271.492,3271.492
3269.903,1776503700,3277.495,3267.445,3276.229
3275.756,1776504600,3275.756,3269.911,3269.911
3278.784,1776505500,3278.784,3275.558,3275.763
3280.305,1776506400,3280.305,3275.217,3278.784
3285.622,1776507300,3285.622,3280.311,3280.311
3283.82,1776508200,3289.561,3283.557,3285.624
3281.666,1776509100,3285.887,3279.285,3283.826
3285.946,1776510000,3285.946,3281.679,3281.679
3283.183,1776510900,3288.082,3280.322,3285.951
3289.016,1776511800,3289.016,3283.188,3283.188
3292.982,1776512700,3292.982,3288.967,3289.02
3290.844,1776513600,3293.428,3286.405,3292.987
3292.833,1776514500,3293.258,3289.806,3290.849
3289.815,1776515400,3293.488,3287.494,3292.849
3295.929,1776516300,3295.929,3289.833,3289.833
3293.948,1776517200,3298.749,3292.955,3295.936
3289.403,1776518100,3294.526,3288.096,3293.953
3292.393,1776519000,3292.393,3287.738,3289.403
3294.497,1776519900,3294.497,3289.891,3292.393
3294.695,1776520800,3298.549,3292.942,3294.502
3298.805,1776521700,3300.363,3294.696,3294.696
3294.89,1776522600,3300.16,3291.447,3298.81
3289.658,1776523500,3299.3,3288.78,3294.89
3295.764,1776524400,3295.764,3289.673,3289.673
3296.35,1776525300,3299.107,3295.171,3295.779
3283.568,1776526200,3297.746,3280.03,3296.352
3279.819,1776527100,3284.679,3279.094,3283.574
3279.146,1776528000,3280.358,3274.319,3279.823
3271.974,1776528900,3280.316,3271.551,3279.149
3276.071,1776529800,3277.799,3271.98,3271.98
3281.92,1776530700,3281.92,3276.078,3276.078
3276.879,1776531600,3284.444,3275.54,3281.931
3275.866,1776532500,3277.594,3272.119,3276.881
3278.682,1776533400,3278.682,3274.647,3275.88
3266.112,1776534300,3281.527,3265.832,3278.691
3267.364,1776535200,3267.364,3261.788,3266.116
3263.485,1776536100,3269.637,3263.422,3267.374
3261.484,1776537000,3265.554,3261.385,3263.491
3263.222,1776537900,3264.69,3260.325,3261.489
3267.3,1776538800,3267.3,3261.712,3263.223
3266.6,1776539700,3267.77,3262.227,3267.303
3269.687,1776540600,3269.687,3265.726,3266.605
3275.603,1776541500,3275.603,3269.701,3269.701
3279.09,1776542400,3280.966,3275.613,3275.613
3280.664,1776543300,3282.127,3277.78,3279.107
3283.899,1776544200,3283.899,3280.536,3280.674
3283.038,1776545100,3285.612,3279.448,3283.909
3289.167,1776546000,3289.167,3283.043,3283.043
3290.283,1776546900,3291.323,3287.55,3289.17
3292.196,1776547800,3293.828,3290.269,3290.295
3296.899,1776548700,3297.83,3292.206,3292.206
3289.114,1776549600,3299.216,3288.196,3296.9
3291.524,1776550500,3291.524,3286.252,3289.121
3281.544,1776551400,3291.694,3281.53,3291.536
3279.838,1776552300,3283.908,3277.271,3281.551
3280.645,1776553200,3282.148,3277.768,3279.84
3285.215,1776554100,3286.279,3280.659,3280.659
3283.859,1776555000,3287.525,3282.458,3285.221
3278.129,1776555900,3287.726,3277.096,3283.872
3273.642,1776556800,3279.007,3273.244,3278.14
3278.781,1776557700,3278.781,3273.651,3273.651
3277.662,1776558600,3282.546,3277.662,3278.785
3272.24,1776559500,3278.646,3272.071,3277.67
3257.078,1776560400,3273.394,3254.72,3272.242
3260.611,1776561300,3262.432,3257.089,3257.089
3251.991,1776562200,3262.091,3248.545,3260.622
3253.62,1776563100,3255.864,3251.998,3251.998
3245.94,1776564000,3253.781,3244.001,3253.624
3239.544,1776564900,3248.847,3238.768,3245.94
3231.827,1776565800,3239.7,3228.982,3239.553
3224.95,1776566700,3232.257,3222.569,3231.83
3220.518,1776567600,3225.961,3220.035,3224.951
3223.783,1776568500,3223.783,3220.338,3220.522
3216.046,1776569400,3223.816,3213.951,3223.802
3218.593,1776570300,3219.172,3215.815,3216.056
3224.543,1776571200,3224.543,3218.594,3218.594
3230.303,1776572100,3230.303,3224.544,3224.544
3236.118,1776573000,3236.118,3230.322,3230.322
3236.189,1776573900,3241.441,3235.6,3236.119
3236.756,1776574800,3240.561,3235.649,3236.19
3234.742,1776575700,3237.879,3231.313,3236.761
3237.904,1776576600,3237.904,3234.747,3234.747
3243.677,1776577500,3243.677,3237.914,3237.914
3242.499,1776578400,3246.293,3239.568,3243.678
3238.704,1776579300,3243.953,3235.211,3242.501
3239.443,1776580200,3240.694,3235.493,3238.713
3235.399,1776581100,3240.112,3233.417,3239.449
3239.731,1776582000,3239.731,3235.407,3235.407
3241.176,1776582900,3241.176,3236.417,3239.748
3223.491,1776583800,3244.997,3222.774,3241.182
3228.609,1776584700,3228.609,3223.493,3223.493
3223.167,1776585600,3230.769,3220.531,3228.613
3226.787,1776586500,3227.094,3223.17,3223.17
3232.621,1776587400,3232.621,3226.793,3226.793
3232.931,1776588300,3235.86,3230.437,3232.628
3238.47,1776589200,3238.47,3232.934,3232.934
3238.96,1776590100,3243.506,3238.374,3238.486
3224.013,1776591000,3240.493,3220.85,3238.962
3225.773,1776591900,3225.773,3220.959,3224.014
3226.119,1776592800,3230.992,3225.602,3225.774
3225.481,1776593700,3227.217,3223.907,3226.123
3216.36,1776594600,3226.778,3215.448,3225.486
3219.767,1776595500,3220.624,3216.366,3216.366
3220.139,1776596400,3224.451,3219.055,3219.775
3223.273,1776597300,3225.522,3220.147,3220.147
3226.562,1776598200,3228.538,3223.276,3223.276
3231.5,1776599100,3231.5,3226.564,3226.564
3237.253,1776600000,3237.253,3231.508,3231.508
3233.378,1776600900,3238.444,3231.68,3237.254
3239.139,1776601800,3239.139,3233.388,3233.388
3236.51,1776602700,3241.002,3234.56,3239.14
3219.374,1776603600,3237.917,3219.353,3236.519
3214.681,1776604500,3223.616,3213.379,3219.378
3202.922,1776605400,3211.74,3200.971,3209.451
3206.352,1776606300,3206.933,3202.927,3202.927
3204.72,1776607200,3208.363,3202.981,3206.373
3210.294,1776608100,3210.294,3204.729,3204.729
3207.527,1776609000,3210.405,3202.894,3210.296
3208.86,1776609900,3212.253,3207.532,3207.532
3202.056,1776610800,3209.131,3200.997,3208.861
3203.555,1776611700,3206.099,3202.06,3202.06
3201.002,1776612600,3204.401,3198.104,3203.556
3206.928,1776613500,3206.928,3201.006,3201.006
3212.652,1776614400,3212.652,3206.938,3206.938
3213.253,1776615300,3213.253,3208.285,3212.667
3210.919,1776616200,3218.281,3210.187,3213.264
3216.908,1776617100,3216.908,3210.927,3210.927
3201.453,1776618000,3218.95,3200.267,3216.925
3200.746,1776618900,3203.616,3197.098,3201.461
3206.561,1776619800,3206.561,3200.753,3200.753
3206.451,1776620700,3206.845,3200.93,3206.562
3206.772,1776621600,3207.653,3203.278,3206.456
3210.18,1776622500,3211.672,3206.778,3206.778
3215.969,1776623400,3215.969,3210.186,3210.186
3214.809,1776624300,3217.331,3211.366,3215.981
3216.788,1776625200,3216.788,3211.937,3214.816
3208.396,1776626100,3220.467,3206.318,3216.794
3214.113,1776627000,3214.269,3208.412,3208.412
3205.847,1776627900,3215.504,3205.249,3214.122
3193.547,1776628800,3206.231,3191.886,3205.854
3198.79,1776629700,3198.79,3193.551,3193.551
3199.261,1776630600,3201.207,3196.789,3198.794
3194.935,1776631500,3202.565,3193.544,3199.272
3195.663,1776632400,3198.408,3193.384,3194.949
3200.297,1776633300,3200.297,3195.674,3195.674
3198.429,1776634200,3203.255,3197.473,3200.3
3198.326,1776635100,3201.14,3197.129,3198.435
3201.243,1776636000,3201.243,3197.709,3198.338
3207.096,1776636900,3207.096,3201.255,3201.255
3212.918,1776637800,3212.918,3207.1,3207.1
3213.717,1776638700,3216.792,3212.342,3212.921
3214.843,1776639600,3216.395,3212.119,3213.725
3211.533,1776640500,3215.92,3210.498,3214.846
3214.316,1776641400,3217.065,3211.533,3211.533
3215.741,1776642300,3219.258,3214.317,3214.317
3214.321,1776643200,3215.769,3209.348,3215.748
3202.899,1776644100,3216.844,3202.438,3214.332
3208.058,1776645000,3208.058,3202.913,3202.913
3204.528,1776645900,3211.549,3204.507,3208.062
3204.515,1776646800,3207.163,3202.64,3204.549
3203.916,1776647700,3205.689,3201.342,3204.527
3209.522,1776648600,3209.522,3203.917,3203.917
3209.673,1776649500,3214.398,3209.208,3209.53
3197.983,1776650400,3210.034,3197.827,3209.684
3203.439,1776651300,3203.439,3197.991,3197.991
3193.844,1776652200,3206.589,3193.735,3203.444
3194.694,1776653100,3196.991,3192.233,3193.849
3190.758,1776654000,3199.461,3190.638,3194.696
3192.675,1776654900,3194.155,3189.625,3190.76
3177.791,1776655800,3193.89,3177.418,3192.683
3181.461,1776656700,3181.461,3176.151,3177.793
3177.481,1776657600,3185.39,3177.406,3181.467
3180.029,1776658500,3180.788,3177.419,3177.498
3182.89,1776659400,3182.89,3178.024,3180.036
3187.421,1776660300,3187.421,3182.896,3182.896
3183.585,1776661200,3190.072,3181.293,3187.438
3181.258,1776662100,3187.302,3180.65,3183.596
3179.617,1776663000,3183.428,3177.338,3181.258
3185.225,1776663900,3185.225,3179.625,3179.625
3177.267,1776664800,3185.23,3176.609,3185.23
3179.099,1776665700,3179.099,3174.268,3177.275
3182.045,1776666600,3182.263,3177.483,3179.107
3175.506,1776667500,3182.7,3173.762,3182.06
3170.549,1776668400,3177.003,3169.25,3175.509
3163.371,1776669300,3171.768,3161.526,3170.549
3169.264,1776670200,3169.264,3163.376,3163.376
3174.912,1776671100,3174.912,3169.27,3169.27
3180.56,1776672000,3180.56,3174.919,3174.919
3173.172,1776672900,3183.438,3172.421,3180.561
3177.613,1776673800,3177.613,3172.174,3173.18
3179.582,1776674700,3179.582,3175.579,3177.618
3185.248,1776675600,3185.248,3179.594,3179.594
3182.955,1776676500,3189.13,3182.063,3185.256
3188.749,1776677400,3188.749,3182.962,3182.962
3192.296,1776678300,3192.296,3188.755,3188.755
3188.797,1776679200,3196.871,3188.74,3192.297
3185.145,1776680100,3190.76,3184.516,3188.811
3189.135,1776681000,3189.135,3185.141,3185.148
3187.418,1776681900,3190.781,3185.959,3189.143
3186.52,1776682800,3190.09,3184.807,3187.428
3184.108,1776683700,3188.247,3180.615,3186.524
3184.475,1776684600,3186.242,3181.536,3184.115
3181.023,1776685500,3186.006,3178.016,3184.476
3186.949,1776686400,3186.949,3181.039,3181.039
3189.885,1776687300,3190.49,3186.96,3186.96
3195.776,1776688200,3195.776,3189.896,3189.896
3186.114,1776689100,3195.852,3184.858,3195.786
3191.918,1776690000,3191.918,3186.125,3186.125
3191.729,1776690900,3193.907,3188.58,3191.931
3191.278,1776691800,3195.505,3189.121,3191.733
3192.253,1776692700,3193.596,3189.896,3191.292
3187.065,1776693600,3194.464,3183.889,3192.255
3192.645,1776694500,3192.645,3187.069,3187.069
3195.188,1776695400,3195.188,3191.172,3192.648
3201.084,1776696300,3201.084,3195.198,3195.198
3206.35,1776697200,3206.35,3201.09,3201.09
3211.691,1776698100,3211.691,3206.357,3206.357
3202.006,1776699000,3211.729,3201.14,3211.705
3192.425,1776699900,3202.304,3191.756,3202.016
3197.064,1776700800,3197.064,3191.505,3192.428
3202.152,1776701700,3202.152,3197.073,3197.073
3201.36,1776702600,3202.682,3199.324,3202.162
3198.414,1776703500,3202.348,3198.215,3201.364
3204.247,1776704400,3204.247,3198.422,3198.422
3197.809,1776705300,3205.689,3195.901,3204.257
3203.859,1776706200,3203.859,3197.813,3197.813
3187.484,1776707100,3205.259,3187.268,3203.861
3189.092,1776708000,3190.713,3186.688,3187.491
3189.235,1776708900,3190.42,3185.741,3189.103
3191.82,1776709800,3191.82,3187.853,3189.246
3197.736,1776710700,3197.736,3191.826,3191.826
3195.85,1776711600,3198.603,3192.544,3197.742
3197.048,1776712500,3199.153,3195.676,3195.854
3196.699,1776713400,3198.063,3194.743,3197.048
3199.859,1776714300,3199.859,3194.372,3196.706
3200.888,1776715200,3201.324,3196.552,3199.869
3198.492,1776716100,3202.498,3198.121,3200.895
3193.976,1776717000,3199.384,3191.696,3198.497
3189.321,1776717900,3196.281,3186.074,3193.977
3192.786,1776718800,3195.011,3189.327,3189.327
3194.115,1776719700,3196.2,3192.28,3192.787
3182.872,1776720600,3195.371,3182.433,3194.118
3188.668,1776721500,3188.668,3182.873,3182.873
3188.99,1776722400,3191.823,3188.333,3188.674
3183.436,1776723300,3189.375,3181.504,3189.003
3189.205,1776724200,3189.205,3183.44,3183.44
3192.347,1776725100,3194.693,3189.216,3189.216
3197.892,1776726000,3197.892,3192.357,3192.357
3196.581,1776726900,3198.175,3193.043,3197.893
3198.154,1776727800,3198.393,3194.178,3196.583
3203.811,1776728700,3203.811,3198.165,3198.165
3207.543,1776729600,3208.906,3203.823,3203.823
3210.12,1776730500,3212.971,3207.545,3207.545
3208.574,1776731400,3213.014,3207.45,3210.132
3202.986,1776732300,3209.144,3198.482,3208.579
3201.119,1776733200,3204.16,3198.547,3202.989
3200.091,1776734100,3201.989,3195.163,3201.121
3200.533,1776735000,3201.027,3196.196,3200.098
3199.646,1776735900,3202.124,3198.327,3200.536
3201.158,1776736800,3202.006,3198.616,3199.653
3205.11,1776737700,3205.11,3201.169,3201.169
3204.474,1776738600,3211.029,3204.434,3205.11
3209.667,1776739500,3209.795,3204.474,3204.474
3215.52,1776740400,3215.52,3209.677,3209.677
3218.353,1776741300,3219.622,3215.523,3215.523
3219.316,1776742200,3219.316,3214.982,3218.359
3217.169,1776743100,3225.183,3217.061,3219.316
3219.569,1776744000,3219.859,3216.651,3217.174
3221.017,1776744900,3223.463,3219.574,3219.574
3226.091,1776745800,3226.525,3221.031,3221.031
3227.29,1776746700,3228.227,3223.437,3226.1
3225.234,1776747600,3228.229,3223.078,3227.314
3230.703,1776748500,3230.703,3225.235,3225.235
3222.144,1776749400,3234.338,3221.789,3230.705
3211.79,1776750300,3222.284,3211.152,3222.148
3215.688,1776751200,3217.65,3211.807,3211.807
3220.35,1776752100,3220.35,3214.665,3215.701
3218.296,1776753000,3222.266,3214.378,3220.352
3221.186,1776753900,3221.186,3216.45,3218.297
3226.584,1776754800,3226.584,3221.19,3221.19
3232.342,1776755700,3232.342,3226.585,3226.585
3236.299,1776756600,3236.299,3232.352,3232.352
3233.848,1776757500,3239.478,3232.932,3236.31
3235.214,1776758400,3235.214,3231.554,3233.853
3231.548,1776759300,3237.491,3230.401,3235.22
3233.903,1776760200,3233.903,3229.965,3231.559
3220.739,1776761100,3234.387,3219.325,3233.908
3222.762,1776762000,3224.53,3220.748,3220.748
3226.218,1776762900,3226.218,3222.763,3222.763
3230.366,1776763800,3230.366,3225.661,3226.22
3236.157,1776764700,3236.157,3230.374,3230.374
3242.094,1776765600,3242.094,3236.164,3236.164
3243.832,1776766500,3245.922,3242.06,3242.103
3246.544,1776767400,3248.229,3243.843,3243.843
3252.673,1776768300,3252.673,3246.548,3246.548
3258.406,1776769200,3258.406,3252.682,3252.682
3255.963,1776770100,3259.105,3253.558,3258.408
3261.793,1776771000,3261.793,3255.97,3255.97
3263.975,1776771900,3263.975,3259.309,3261.797
3252.848,1776772800,3267.447,3251.58,3263.98
3247.822,1776773700,3255.052,3246.739,3252.852
3248.707,1776774600,3252.293,3247.282,3247.828
3253.366,1776775500,3253.366,3248.714,3248.714
3252.214,1776776400,3254.6,3248.602,3253.371
3258.153,1776777300,3258.153,3252.22,3252.22
3258.877,1776778200,3262.261,3257.692,3258.161
3258.104,1776779100,3259.658,3253.382,3258.884
3258.555,1776780000,3261.309,3257.017,3258.111
3256.747,1776780900,3258.666,3252.417,3258.565
3258.612,1776781800,3258.612,3253.962,3256.748
3254.398,1776782700,3260.533,3251.608,3258.612
3258.305,1776783600,3259.71,3254.411,3254.411
3254.864,1776784500,3259.157,3253.278,3258.314
3257.444,1776785400,3257.444,3252.378,3254.871
3252.413,1776786300,3258.563,3249.699,3257.453
3249.018,1776787200,3252.421,3245.175,3252.417
3248.643,1776788100,3250.69,3246.598,3249.031
3250.176,1776789000,3250.176,3246.705,3248.653
3250.671,1776789900,3254.977,3249.479,3250.181
3252.194,1776790800,3252.194,3248.031,3250.673
3256.711,1776791700,3256.711,3252.195,3252.195
3252.235,1776792600,3257.826,3251.827,3256.716
3250.731,1776793500,3255.931,3250.312,3252.246
3256.7,1776794400,3256.7,3250.738,3250.738
3258.329,1776795300,3258.329,3254.149,3256.706
3257.414,1776796200,3259.588,3254.584,3258.346
3263.306,1776797100,3263.306,3257.42,3257.42
3265.808,1776798000,3266.072,3263.311,3263.311
3269.254,1776798900,3269.254,3264.979,3265.812
3275.022,1776799800,3275.022,3269.263,3269.263
3276.787,1776800700,3276.787,3272.486,3275.024
3280.662,1776801600,3281.372,3276.794,3276.794
3285.582,1776802500,3285.582,3280.663,3280.663
3288.455,1776803400,3290.448,3285.582,3285.582
3294.701,1776804300,3294.701,3288.459,3288.459
3298.738,1776805200,3298.738,3293.436,3294.706
3304.181,1776806100,3304.181,3298.744,3298.744
3308.81,1776807000,3308.81,3304.188,3304.188
3308.527,1776807900,3309.379,3303.965,3308.821
3314.622,1776808800,3314.622,3308.527,3308.527
3300.454,1776809700,3315.962,3300.414,3314.625
3301.09,1776810600,3302.441,3297.447,3300.472
3299.824,1776811500,3301.804,3295.465,3301.1
3301.9,1776812400,3301.9,3297.548,3299.836
3289.155,1776813300,3302.394,3287.569,3301.918
3291.27,1776814200,3291.956,3288.779,3289.158
3297.304,1776815100,3297.304,3291.28,3291.28
3299.696,1776816000,3299.696,3296.667,3297.314
3300.652,1776816900,3305.18,3299.7,3299.7
3300.149,1776817800,3304.05,3298.351,3300.674
3306.156,1776818700,3306.156,3300.15,3300.15
3300.199,1776819600,3306.262,3296.027,3306.157
3296.438,1776820500,3305.967,3296.39,3300.212
3302.552,1776821400,3302.552,3296.438,3296.438
3297.676,1776822300,3305.53,3295.252,3302.558
3293.538,1776823200,3298.874,3289.351,3297.681
3293.822,1776824100,3294.329,3291.558,3293.542
3294.66,1776825000,3296.505,3291.303,3293.836
3295.287,1776825900,3295.287,3290.025,3294.662
3291.292,1776826800,3299.405,3290.804,3295.29
3292.858,1776827700,3292.858,3288.425,3291.304
3286.063,1776828600,3294.624,3284.113,3292.865
3289.026,1776829500,3289.456,3286.077,3286.077
3292.89,1776830400,3294.042,3289.029,3289.029
3298.95,1776831300,3298.95,3292.897,3292.897
3289.048,1776832200,3300.12,3287.4,3298.953
3282.612,1776833100,3291.75,3281.97,3289.05
3284.034,1776834000,3284.034,3278.583,3282.615
3287.012,1776834900,3288.366,3284.036,3284.036
3290.687,1776835800,3291.057,3287.016,3287.016
3290.207,1776836700,3291.321,3285.02,3290.691
3296.083,1776837600,3296.083,3290.218,3290.218
3287.409,1776838500,3296.246,3283.227,3296.084
3293.184,1776839400,3293.184,3287.411,3287.411
3286.384,1776840300,3294.368,3284.994,3293.194
3286.983,1776841200,3290.478,3285.44,3286.387
3286.873,1776842100,3289.863,3285.564,3286.985
3288.575,1776843000,3290.318,3286.11,3286.879
3288.515,1776843900,3294.007,3288.235,3288.581
3289.76,1776844800,3290.489,3286.057,3288.518
3281.679,1776845700,3290.196,3279.748,3289.769
3285.564,1776846600,3285.564,3279.665,3281.682
3289.433,1776847500,3289.433,3285.579,3285.579
3285.613,1776848400,3291.274,3284.413,3289.441
3280.39,1776849300,3286.404,3279.444,3285.623
3280.573,1776850200,3280.573,3276.428,3280.392
3280.047,1776851100,3280.749,3277.034,3280.578
3281.341,1776852000,3282.05,3277.231,3280.054
3280.837,1776852900,3281.429,3275.268,3281.346
3283.482,1776853800,3284.752,3280.845,3280.845
3289.454,1776854700,3289.454,3283.494,3283.494
3295.315,1776855600,3295.315,3289.456,3289.456
3295.367,1776856500,3295.613,3289.795,3295.323
3296.076,1776857400,3299.017,3294.386,3295.381
3290.252,1776858300,3298.378,3289.771,3296.079
3280.615,1776859200,3290.955,3278.892,3290.261
3282.364,1776860100,3282.641,3279.697,3280.633
3278.009,1776861000,3282.862,3274.62,3282.371
3280.009,1776861900,3282.654,3278.012,3278.012
3274.296,1776862800,3281.938,3272.179,3280.012
3274.354,1776863700,3279.331,3274.304,3274.304
3276.837,1776864600,3277.16,3273.185,3274.355
3271.099,1776865500,3277.18,3269.599,3276.838
3269.246,1776866400,3274.416,3268.934,3271.113
3262.108,1776867300,3269.81,3260.193,3269.25
3261.422,1776868200,3262.83,3257.13,3262.116
3263.597,1776869100,3265.412,3261.427,3261.427
3266.82,1776870000,3268.082,3263.598,3263.598
3272.771,1776870900,3272.771,3266.829,3266.829
3273.294,1776871800,3277.659,3272.166,3272.783
3272.894,1776872700,3277.661,3271.29,3273.302
3270.352,1776873600,3273.617,3267.617,3272.899
3274.215,1776874500,3274.215,3270.359,3270.359
3266.94,1776875400,3277.776,3265.963,3274.222
3267.822,1776876300,3269.41,3264.746,3266.948
3266.155,1776877200,3268.804,3264.656,3267.825
3268.812,1776878100,3268.812,3264.377,3266.159
3271.894,1776879000,3272.718,3268.816,3268.816
3274.788,1776879900,3276.937,3271.895,3271.895
3277.457,1776880800,3277.457,3274.012,3274.803
3278.568,1776881700,3280.676,3277.275,3277.48
3284.587,1776882600,3284.587,3278.579,3278.579
3288.075,1776883500,3290.419,3284.59,3284.59
3289.105,1776884400,3291.565,3288.078,3288.078
3289.583,1776885300,3291.133,3286.589,3289.122
3289.489,1776886200,3295.336,3289.315,3289.585
3284.34,1776887100,3292.71,3283.675,3289.493
3287.453,1776888000,3288.419,3284.34,3284.34
3288.913,1776888900,3288.913,3285.298,3287.46
3279.918,1776889800,3293.224,3279.479,3288.914
3286.088,1776890700,3286.088,3279.929,3279.929
3281.171,1776891600,3288.653,3279.468,3286.097
3282.011,1776892500,3284.754,3279.58,3281.184
3280.576,1776893400,3283.422,3276.892,3282.024
3283.722,1776894300,3283.722,3280.095,3280.581
3281.126,1776895200,3285.652,3277.163,3283.727
3282.442,1776896100,3282.442,3278.037,3281.131
3273.762,1776897000,3283.122,3273.456,3282.455
3279.818,1776897900,3279.818,3273.772,3273.772
3285.813,1776898800,3285.813,3279.832,3279.832
3280.901,1776899700,3289.156,3279.449,3285.83
3284.987,1776900600,3285.337,3280.906,3280.906
3273.295,1776901500,3287.335,3273.139,3284.989
3275.947,1776902400,3276.545,3273.233,3273.307
3279.389,1776903300,3279.82,3275.959,3275.959
3275.204,1776904200,3280.178,3271.606,3279.406
3281.463,1776905100,3281.463,3275.207,3275.207
3286.991,1776906000,3286.991,3281.465,3281.465
3285.366,1776906900,3289.699,3285.305,3287.001
3285.842,1776907800,3286.281,3281.042,3285.37
3289.021,1776908700,3289.021,3284.642,3285.856
3292.041,1776909600,3292.041,3289.031,3289.031
3286.724,1776910500,3293.605,3285.774,3292.045
3286.79,1776911400,3287.723,3281.942,3286.733
3292.74,1776912300,3292.74,3286.795,3286.795
3293.337,1776913200,3295.291,3289.876,3292.747
3299.15,1776914100,3299.15,3293.34,3293.34
3290.218,1776915000,3300.74,3289.912,3299.152
3294.701,1776915900,3294.701,3290.222,3290.222
3287.488,1776916800,3295.313,3285.179,3294.714
3291.847,1776917700,3291.847,3287.491,3287.491
3284.135,1776918600,3292.205,3283.645,3291.853
3276.368,1776919500,3284.979,3273.854,3284.135
3276.234,1776920400,3279.177,3274.089,3276.377
3275.36,1776921300,3277.568,3273.111,3276.243
3262.174,1776922200,3276.956,3260.555,3275.366
3262.819,1776923100,3264.738,3260.164,3262.184
3259.41,1776924000,3263.819,3257.514,3262.826
3250.222,1776924900,3261.031,3247.697,3259.413
3254.118,1776925800,3254.149,3250.224,3250.224
3247.097,1776926700,3254.441,3245.516,3254.122
3252.605,1776927600,3252.605,3247.016,3247.097
3241.779,1776928500,3254.112,3241.748,3252.618
3236.303,1776929400,3243.589,3235.263,3241.785
3241.721,1776930300,3241.721,3236.314,3236.314
3240.211,1776931200,3244.656,3239.494,3241.728
3245.912,1776932100,3245.912,3240.218,3240.218
3246.189,1776933000,3246.761,3241.313,3245.918
3247.756,1776933900,3247.756,3244.436,3246.194
3253.71,1776934800,3253.71,3247.76,3247.76
3259.806,1776935700,3259.806,3253.714,3253.714
3265.537,1776936600,3265.537,3259.809,3259.809
3270.683,1776937500,3270.683,3265.549,3265.549
3269.344,1776938400,3275.046,3267.863,3270.689
3265.594,1776939300,3272.802,3265.368,3269.36
3271.505,1776940200,3271.505,3265.595,3265.595
3271.465,1776941100,3275.845,3269.753,3271.511
3269.009,1776942000,3272.687,3264.449,3271.47
3265.374,1776942900,3270.269,3263.969,3269.017
3266.005,1776943800,3268.244,3262.894,3265.385
3265.198,1776944700,3267.355,3260.496,3266.02
3262.464,1776945600,3270.449,3262.306,3265.203
3263.545,1776946500,3266.235,3261.235,3262.467
3269.418,1776947400,3269.418,3263.546,3263.546
3269.571,1776948300,3274.021,3268.298,3269.433
3268.34,1776949200,3271.245,3265.564,3269.573
3268.771,1776950100,3270.201,3266.513,3268.345
3272.215,1776951000,3273.296,3268.776,3268.776
3268.07,1776951900,3272.75,3263.498,3272.216
3267.155,1776952800,3273.172,3266.599,3268.074
3266.898,1776953700,3267.473,3261.672,3267.156
3267.834,1776954600,3271.852,3266.904,3266.904
3262.235,1776955500,3271.101,3262.02,3267.839
3259.764,1776956400,3263.806,3259.321,3262.244
3265.735,1776957300,3265.735,3259.767,3259.767
3270.597,1776958200,3270.597,3265.743,3265.743
3275.251,1776959100,3275.251,3269.48,3270.601
3276.904,1776960000,3276.904,3272.737,3275.251
3279.742,1776960900,3282.573,3276.908,3276.908
3276.909,1776961800,3283.003,3274.3,3279.746
3272.596,1776962700,3279.426,3269.971,3276.913
3268.81,1776963600,3276.214,3267.153,3272.601
3274.715,1776964500,3274.715,3268.82,3268.82
3279.02,1776965400,3279.02,3274.635,3274.722
3285.156,1776966300,3285.156,3279.027,3279.027
3291.144,1776967200,3291.144,3285.164,3285.164
3296.898,1776968100,3296.898,3291.156,3291.156
3302.742,1776969000,3302.742,3296.914,3296.914
3304.756,1776969900,3304.956,3301.237,3302.744
3303.61,1776970800,3307.733,3301.36,3304.76
3307.493,1776971700,3307.493,3302.33,3303.613
3311.494,1776972600,3311.494,3307.505,3307.505
3310.327,1776973500,3313.349,3306.609,3311.505
3312.615,1776974400,3313.784,3310.329,3310.329
3313.465,1776975300,3315.995,3311.592,3312.62
3316.159,1776976200,3316.159,3312.593,3313.476
3312.375,1776977100,3318.914,3311.712,3316.166
3298.025,1776978000,3313.265,3297.476,3312.387
3303.812,1776978900,3303.812,3298.028,3298.028
3307.692,1776979800,3309.626,3303.815,3303.815
3309.982,1776980700,3313.904,3307.693,3307.693
3316.025,1776981600,3316.025,3309.993,3309.993
3322.095,1776982500,3322.095,3316.032,3316.032
3323.502,1776983400,3323.502,3320.169,3322.095
3327.108,1776984300,3328.928,3323.505,3323.505
3333.075,1776985200,3333.075,3327.112,3327.112
3335.383,1776986100,3335.438,3331.598,3333.076
3336.271,1776987000,3337.146,3333.076,3335.391
3334.224,1776987900,3337.349,3329.565,3336.281
3332.397,1776988800,3334.616,3328.732,3334.238
3331.81,1776989700,3335.067,3328.694,3332.408
3335.381,1776990600,3335.381,3330.294,3331.82
3337.974,1776991500,3338.441,3335.273,3335.389
3330.663,1776992400,3341.471,3330.101,3337.986
3334.46,1776993300,3334.46,3330.674,3330.674
3340.297,1776994200,3340.297,3334.464,3334.464
3335.38,1776995100,3342.291,3333.856,3340.308
3334.966,1776996000,3336.12,3332.248,3335.391
3340.902,1776996900,3340.902,3334.967,3334.967
3332.523,1776997800,3342.526,3329.322,3340.909
3331.54,1776998700,3333.496,3328.222,3332.525
3332.4,1776999600,3334.165,3330.629,3331.551
3335.53,1777000500,3335.53,3330.064,3332.409
3339.696,1777001400,3339.696,3335.541,3335.541
3345.669,1777002300,3345.669,3339.706,3339.706
3338.943,1777003200,3348.925,3338.678,3345.679
3333.132,1777004100,3341.271,3332.807,3338.945
3329.778,1777005000,3335.843,3327.057,3333.136
3335.047,1777005900,3335.047,3329.375,3329.779
3324.388,1777006800,3336.233,3321.416,3335.051
3319.922,1777007700,3324.496,3316.834,3324.4
3315.684,1777008600,3320.405,3313.201,3319.937
3315.965,1777009500,3318.283,3312.587,3315.689
3317.218,1777010400,3317.218,3311.127,3315.968
3318.04,1777011300,3318.04,3312.266,3317.223
3319.487,1777012200,3319.487,3314.588,3318.047
3320.287,1777013100,3323.882,3319.264,3319.498
3324.186,1777014000,3326.019,3320.295,3320.295
3321.884,1777014900,3325.084,3317.317,3324.198
3316.403,1777015800,3322.908,3316.141,3321.892
3313.353,1777016700,3320.177,3313.106,3316.414
3318.237,1777017600,3318.237,3313.354,3313.354
3313.645,1777018500,3321.657,3312.229,3318.243
3316.522,1777019400,3318.712,3313.657,3313.657
3322.604,1777020300,3322.604,3316.526,3316.526
3328.881,1777021200,3328.881,3322.608,3322.608
3329.042,1777022100,3332.629,3327.397,3328.889
3332.48,1777023000,3333.013,3329.048,3329.048
3337.851,1777023900,3338.281,3332.483,3332.483
3316.603,1777024800,3338.094,3312.766,3337.855
3316.124,1777025700,3319.741,3313.207,3316.616
3319.467,1777026600,3319.467,3315.907,3316.124
3308.407,1777027500,3319.693,3305.024,3319.471
3309.509,1777028400,3309.509,3303.791,3308.414
3315.742,1777029300,3315.742,3309.517,3309.517
3303.116,1777030200,3317.125,3302.492,3315.752
3306.442,1777031100,3306.442,3303.117,3303.117
3297.484,1777032000,3307.333,3296.297,3306.452
3296.343,1777032900,3299.795,3292.693,3297.487
3296.466,1777033800,3299.833,3294.224,3296.348
3291.468,1777034700,3299.413,3288.972,3296.469
3297.657,1777035600,3297.657,3291.478,3291.478
3303.444,1777036500,3303.444,3297.668,3297.668
3304.774,1777037400,3304.774,3299.403,3303.445
3307.209,1777038300,3307.352,3303.729,3304.783
3298.147,1777039200,3307.408,3295.132,3307.218
3293.178,1777040100,3298.337,3293.122,3298.153
3296.552,1777041000,3297.256,3293.194,3293.194
3299.663,1777041900,3300.158,3296.553,3296.553
3294.615,1777042800,3299.822,3291.356,3299.679
3288.161,1777043700,3297.229,3287.464,3294.617
3292.194,1777044600,3292.194,3288.17,3288.17
3294.861,1777045500,3294.861,3289.139,3292.2
3292.468,1777046400,3295.344,3290.504,3294.861
3298.412,1777047300,3298.412,3292.468,3292.468
3293.308,1777048200,3298.691,3288.434,3298.417
3299.347,1777049100,3299.347,3293.314,3293.314
3297.524,1777050000,3302.256,3294.829,3299.354
3303.51,1777050900,3303.51,3297.524,3297.524
3305.685,1777051800,3307.409,3303.513,3303.513
3311.484,1777052700,3311.484,3305.69,3305.69
3312.658,1777053600,3314.472,3309.551,3311.486
3317.508,1777054500,3318.209,3312.675,3312.675
3312.646,1777055400,3317.855,3312.286,3317.51
3318.143,1777056300,3318.143,3312.658,3312.658
3324.024,1777057200,3324.024,3318.15,3318.15
3327.714,1777058100,3329.139,3324.027,3324.027
3328.313,1777059000,3333.132,3327.657,3327.717
3327.991,1777059900,3330.038,3325.955,3328.317
3332.626,1777060800,3332.626,3327.998,3327.998
3333.106,1777061700,3337.511,3332.629,3332.629
3339.049,1777062600,3339.049,3333.113,3333.113
3343.739,1777063500,3343.739,3339.06,3339.06
3347.904,1777064400,3349.129,3343.74,3343.74
3340.032,1777065300,3349.924,3337.068,3347.913
3338.408,1777066200,3342.4,3336.447,3340.039
3341.659,1777067100,3341.659,3337.811,3338.416
3347.727,1777068000,3347.727,3341.671,3341.671
3348.654,1777068900,3351.761,3347.515,3347.741
3344.725,1777069800,3349.931,3341.571,3348.656
3351.14,1777070700,3351.14,3344.727,3344.727
3355.79,1777071600,3355.79,3351.145,3351.145
3350.767,1777072500,3359.073,3350.288,3355.793
3351.095,1777073400,3354.818,3349.204,3350.779
3357.226,1777074300,3357.226,3351.1,3351.1
3349.826,1777075200,3361.509,3348.081,3357.234
3348.202,1777076100,3351.224,3347.523,3349.843
3347.792,1777077000,3350.193,3345.709,3348.205
3344.893,1777077900,3352.296,3344.82,3347.801
3348.204,1777078800,3348.204,3344.259,3344.893
3343.552,1777079700,3348.561,3343.522,3348.207
3346.145,1777080600,3349.039,3343.552,3343.552
3343.065,1777081500,3348.291,3340.375,3346.145
3349.225,1777082400,3349.225,3343.069,3343.069
3352.464,1777083300,3353.385,3349.235,3349.235
3341.189,1777084200,3352.55,3341.162,3352.469
3331.067,1777085100,3341.911,3330.396,3341.192
3328.87,1777086000,3331.574,3324.798,3331.072
3314.901,1777086900,3329.344,3313.565,3328.87
3316.303,1777087800,3318.017,3313.407,3314.905
3320.325,1777088700,3320.777,3316.324,3316.324
3326.347,1777089600,3326.347,3320.329,3320.329
3327.233,1777090500,3327.233,3321.358,3326.349
3326.014,1777091400,3328.981,3323.004,3327.235
3329.505,1777092300,3329.505,3323.626,3326.017
3331.886,1777093200,3334.387,3329.513,3329.513
3337.482,1777094100,3337.482,3331.894,3331.894
3337.65,1777095000,3340.748,3334.837,3337.491
3340.183,1777095900,3340.183,3335.647,3337.653
3341.141,1777096800,3343.963,3340.185,3340.185
3341.29,1777097700,3344.707,3340.762,3341.147
3343.111,1777098600,3343.778,3339.247,3341.306
3340.145,1777099500,3345.289,3337.597,3343.125
3342.504,1777100400,3345.693,3340.153,3340.153
3340.533,1777101300,3343.878,3337.062,3342.507
3346.83,1777102200,3346.83,3340.534,3340.534
3343.449,1777103100,3348.51,3341.005,3346.844
3341.444,1777104000,3345.272,3339.33,3343.452
3345.911,1777104900,3345.911,3341.047,3341.452
3348.287,1777105800,3348.799,3345.07,3345.913
3351.632,1777106700,3351.632,3347.905,3348.292
3353.988,1777107600,3356.756,3351.645,3351.645
3360.362,1777108500,3360.362,3353.992,3353.992
3363.407,1777109400,3363.407,3360.345,3360.363
3365.395,1777110300,3365.395,3361.371,3363.41
3370.995,1777111200,3370.995,3365.403,3365.403
3371.695,1777112100,3375.838,3370.998,3370.998
3368.816,1777113000,3375.934,3367.523,3371.698
3362.463,1777113900,3369.418,3359.111,3368.826
3345.597,1777114800,3363.784,3344.762,3362.475
3345.528,1777115700,3346.29,3340.144,3345.608
3339.798,1777116600,3349.246,3339.703,3345.538
3342.743,1777117500,3343.754,3339.803,3339.803
3347.12,1777118400,3347.12,3342.75,3342.75
3346.514,1777119300,3348.861,3342.712,3347.12
3350.964,1777120200,3350.964,3346.521,3346.521
3356.667,1777121100,3356.667,3350.965,3350.965
3356.599,1777122000,3357.833,3353.044,3356.68
3356.02,1777122900,3361.013,3355.477,3356.612
3362.063,1777123800,3362.063,3356.023,3356.023
3355.507,1777124700,3364.494,3353.992,3362.065
3355.958,1777125600,3359.131,3355.072,3355.508
3356.195,1777126500,3356.712,3352.497,3355.968
3355.684,1777127400,3359.674,3353.038,3356.202
3349.583,1777128300,3358.348,3348.102,3355.684
3349.888,1777129200,3353.419,3348.896,3349.601
3350.707,1777130100,3350.707,3345.257,3349.894
3350.359,1777131000,3350.827,3346.372,3350.714
3345.973,1777131900,3352.401,3343.599,3350.362
3351.904,1777132800,3351.904,3345.987,3345.987
3347.073,1777133700,3355.341,3346.469,3351.908
3344.146,1777134600,3349.699,3341.988,3347.077
3346.446,1777135500,3347.158,3343.312,3344.155
3350.074,1777136400,3350.074,3345.908,3346.451
3348.185,1777137300,3352.523,3345.632,3350.081
3346.227,1777138200,3349.253,3341.912,3348.192
3348.279,1777139100,3348.279,3342.882,3346.24
3345.294,1777140000,3353.496,3344.887,3348.28
3340.8,1777140900,3345.68,3337.159,3345.3
3341.296,1777141800,3342.512,3337.243,3340.803
3339.564,1777142700,3343.029,3337.284,3341.3
3339.905,1777143600,3342.13,3338.515,3339.568
3337.922,1777144500,3342.426,3335.185,3339.908
3343.199,1777145400,3343.199,3337.927,3337.927
3347.093,1777146300,3348.022,3343.201,3343.201
3349.979,1777147200,3349.979,3346.444,3347.096
3355.868,1777148100,3355.868,3349.979,3349.979
3357.633,1777149000,3360.483,3355.874,3355.874
3356.979,1777149900,3360.301,3356.335,3357.638
3360.754,1777150800,3360.754,3356.991,3356.991
3359.262,1777151700,3364.033,3356.473,3360.761
3348.138,1777152600,3359.416,3348.138,3359.268
3354.119,1777153500,3354.119,3348.144,3348.144
3359.712,1777154400,3359.712,3354.135,3354.135
3351.402,1777155300,3360.944,3348.212,3359.715
3346.411,1777156200,3353.358,3344.471,3351.415
3350.886,1777157100,3351.307,3346.42,3346.42
3356.878,1777158000,3356.878,3350.887,3350.887
3352.717,1777158900,3358.526,3351.453,3356.883
3353.292,1777159800,3356.801,3352.727,3352.727
3353.592,1777160700,3354.696,3348.617,3353.304
3351.598,1777161600,3359.304,3351.279,3353.6
3354.79,1777162500,3354.79,3350.174,3351.601
3357.792,1777163400,3357.792,3352.151,3354.793
3354.883,1777164300,3358.118,3352.847,3357.805
3351.864,1777165200,3357.745,3350.268,3354.888
3351.371,1777166100,3352.278,3347.239,3351.887
3349.316,1777167000,3353.492,3345.411,3351.377
3353.084,1777167900,3353.084,3349.327,3349.327
3355.496,1777168800,3358.179,3353.092,3353.092
3352.335,1777169700,3356.323,3349.613,3355.497
3354.224,1777170600,3356.815,3352.34,3352.34
3356.908,1777171500,3356.908,3353.65,3354.235
3354.889,1777172400,3361.485,3353.36,3356.912
3357.741,1777173300,3357.741,3352.378,3354.891
3362.295,1777174200,3362.295,3357.745,3357.745
3361.684,1777175100,3364.978,3360.887,3362.306
3359.539,1777176000,3362.156,3354.656,3361.692
3362.442,1777176900,3363.602,3359.545,3359.545
3365.728,1777177800,3365.728,3361.769,3362.45
3371.364,1777178700,3371.364,3365.737,3365.737
3377.422,1777179600,3377.422,3371.371,3371.371
3382.077,1777180500,3382.077,3377.426,3377.426
3383.665,1777181400,3386.06,3381.497,3382.085
3383.978,1777182300,3384.788,3381.406,3383.67
3381.236,1777183200,3388.4,3380.263,3383.989
3387.496,1777184100,3387.496,3381.238,3381.238
3382.323,1777185000,3390.568,3381.54,3387.501
3377.762,1777185900,3384.73,3375.975,3382.324
3377.118,1777186800,3381.756,3375.113,3377.77
3383.434,1777187700,3383.434,3377.125,3377.125
3379.684,1777188600,3388.743,3378.889,3383.446
3385.941,1777189500,3385.941,3379.688,3379.688
3382.128,1777190400,3388.525,3380.607,3385.954
3383.063,1777191300,3383.063,3377.051,3382.13
3380.513,1777192200,3383.22,3377.749,3383.066
3377.239,1777193100,3382.12,3376.346,3380.523
3382.556,1777194000,3382.556,3377.258,3377.258
3388.558,1777194900,3388.558,3382.559,3382.559
3393.881,1777195800,3394.334,3388.572,3388.572
3396.802,1777196700,3397.62,3393.21,3393.889
3400.142,1777197600,3400.142,3396.367,3396.802
3406.316,1777198500,3406.316,3400.147,3400.147
3399.97,1777199400,3406.858,3399.588,3406.326
3396.603,1777200300,3402.615,3396.344,3399.977
3399.938,1777201200,3399.938,3396.607,3396.607
3406.203,1777202100,3406.203,3399.945,3399.945
3412.208,1777203000,3412.208,3406.206,3406.206
3391.011,1777203900,3413.551,3390.688,3412.21
3391.578,1777204800,3392.48,3388.598,3391.019
3393.171,1777205700,3394.841,3390.364,3391.578
3391.229,1777206600,3396.016,3387.975,3393.187
3384.24,1777207500,3393.89,3381.819,3391.23
3386.957,1777208400,3386.957,3382.043,3384.244
3382.187,1777209300,3387.848,3378.773,3386.973
3374.58,1777210200,3383.366,3373.111,3382.196
3377.646,1777211100,3380.297,3374.583,3374.583
3368.674,1777212000,3379.534,3367.872,3377.646
3369.474,1777212900,3372.163,3367.914,3368.685
3370.465,1777213800,3374.737,3369.476,3369.476
3376.689,1777214700,3376.689,3370.471,3370.471
3359.166,1777215600,3377.074,3356.887,3376.691
3364.98,1777216500,3364.98,3359.166,3359.166
3365.053,1777217400,3365.684,3361.491,3364.983
3364.334,1777218300,3368.047,3363.668,3365.056
3370.397,1777219200,3370.397,3364.347,3364.347
3365.813,1777220100,3373.224,3362.786,3370.408
3366.375,1777221000,3369.744,3364.14,3365.815
3363.433,1777221900,3368.42,3362.774,3366.382
3365.018,1777222800,3365.018,3360.245,3363.433
3365.534,1777223700,3366.81,3362.934,3365.021
3363.299,1777224600,3370.992,3362.649,3365.541
3356.633,1777225500,3365.64,3356.404,3363.306
3362.321,1777226400,3362.321,3356.648,3356.648
3347.011,1777227300,3363.306,3345.529,3362.326
3352.987,1777228200,3352.987,3347.021,3347.021
3351.681,1777229100,3355.343,3348.696,3352.988
3351.579,1777230000,3352.997,3346.824,3351.685
3357.533,1777230900,3357.533,3351.583,3351.583
3359.127,1777231800,3359.127,3353.347,3357.534
3350.441,1777232700,3361.551,3348.59,3359.131
3345.845,1777233600,3352.897,3342.699,3350.464
3351.957,1777234500,3351.957,3345.85,3345.85
3348.124,1777235400,3354.542,3346.789,3351.96
3353.944,1777236300,3353.944,3347.894,3348.132
3354.276,1777237200,3355.305,3350.682,3353.951
3349.488,1777238100,3357.052,3346.374,3354.278
3341.944,1777239000,3349.919,3341.701,3349.502
3348.01,1777239900,3348.01,3341.948,3341.948
3349.144,1777240800,3350.229,3346.025,3348.016
3355.375,1777241700,3355.375,3349.145,3349.145
3355.27,1777242600,3359.342,3354.114,3355.378
3361.274,1777243500,3361.274,3355.277,3355.277
3364.268,1777244400,3366.895,3361.28,3361.28
3357.497,1777245300,3366.398,3357.013,3364.275
3347.661,1777246200,3358.778,3343.921,3357.509
3353.351,1777247100,3353.351,3347.666,3347.666
3348.234,1777248000,3356.032,3344.745,3353.36
3345.931,1777248900,3350.531,3344.212,3348.243
3337.072,1777249800,3349.653,3336.521,3345.931
3327.134,1777250700,3338.811,3326.017,3337.081
3329.397,1777251600,3332.357,3327.136,3327.136
3334.811,1777252500,3334.811,3329.397,3329.397
3340.884,1777253400,3340.884,3334.818,3334.818
3325.215,1777254300,3342.241,3325.128,3340.895
3325.342,1777255200,3327.981,3324.814,3325.219
3331.089,1777256100,3331.089,3325.351,3325.351
3337.118,1777257000,3337.118,3331.091,3331.091
3329.03,1777257900,3338.674,3328.989,3337.12
3329.441,1777258800,3333.521,3328.082,3329.041
3322.955,1777259700,3329.596,3320.221,3329.452
3323.627,1777260600,3324.62,3319.29,3322.961
3325.626,1777261500,3325.626,3320.352,3323.635
3319.217,1777262400,3329.208,3318.483,3325.635
3325.155,1777263300,3325.155,3319.223,3319.223
3318.782,1777264200,3328.846,3316.53,3325.16
3316.827,1777265100,3322.83,3315.098,3318.797
3321.29,1777266000,3321.29,3316.842,3316.842
3327.452,1777266900,3327.452,3321.304,3321.304
3333.454,1777267800,3333.454,3327.463,3327.463
3328.395,1777268700,3333.597,3324.309,3333.458
3330.562,1777269600,3331.681,3327.866,3328.395
3333.618,1777270500,3333.618,3328.329,3330.566
3334.477,1777271400,3339.556,3333.621,3333.621
3336.395,1777272300,3338.15,3334.163,3334.487
3338.663,1777273200,3341.711,3336.395,3336.395
3334.384,1777274100,3338.746,3329.515,3338.677
3340.33,1777275000,3340.33,3334.385,3334.385
3339.341,1777275900,3342.903,3336.632,3340.337
3330.008,1777276800,3339.634,3329.26,3339.356
3328.158,1777277700,3332.814,3327.356,3330.014
3334.369,1777278600,3334.369,3328.167,3328.167
3338.658,1777279500,3338.658,3333.335,3334.372
3338.994,1777280400,3340.069,3334.439,3338.664
3342.49,1777281300,3342.49,3336.708,3338.994
3347.067,1777282200,3347.067,3341.274,3342.495
3342.445,1777283100,3348.839,3342.009,3347.076
3347.579,1777284000,3347.937,3342.455,3342.455
3349.201,1777284900,3350.203,3346.327,3347.58
3347.905,1777285800,3350.236,3346.044,3349.204
3344.261,1777286700,3348.276,3340.997,3347.907
3346.659,1777287600,3349.15,3344.267,3344.267
3351.914,1777288500,3352.534,3346.676,3346.676
3350.527,1777289400,3357.225,3350.278,3351.939
3356.521,1777290300,3356.521,3350.527,3350.527
3362.47,1777291200,3362.47,3356.532,3356.532
3368.187,1777292100,3368.187,3362.481,3362.481
3367.018,1777293000,3370.323,3365.969,3368.193
3361.157,1777293900,3367.437,3360.783,3367.028
3360.686,1777294800,3364.092,3359.266,3361.157
3362.528,1777295700,3362.902,3359.938,3360.691
3367.818,1777296600,3367.818,3362.533,3362.533
3371.146,1777297500,3371.471,3367.097,3367.818
3367.84,1777298400,3373.363,3365.922,3371.154
3368.508,1777299300,3369.879,3364.271,3367.845
3366.29,1777300200,3370.397,3363.586,3368.51
3368.478,1777301100,3368.478,3363.19,3366.3
3368.201,1777302000,3371.559,3367.901,3368.481
3374.203,1777302900,3374.203,3368.21,3368.21
3372.632,1777303800,3376.0,3368.224,3374.22
3362.079,1777304700,3374.137,3361.382,3372.636
3367.952,1777305600,3367.952,3362.089,3362.089
3373.221,1777306500,3373.221,3367.956,3367.956
3363.52,1777307400,3375.084,3362.653,3373.226
3361.889,1777308300,3363.742,3357.221,3363.538
3362.277,1777309200,3366.128,3360.811,3361.895
3365.242,1777310100,3366.235,3362.287,3362.287
3355.2,1777311000,3365.735,3354.037,3365.245
3352.437,1777311900,3358.26,3351.915,3355.209
3354.639,1777312800,3354.639,3350.211,3352.443
3352.654,1777313700,3355.874,3350.594,3354.644
3351.457,1777314600,3353.272,3347.356,3352.657
3350.426,1777315500,3354.529,3347.885,3351.462
3348.048,1777316400,3355.789,3347.809,3350.44
3349.215,1777317300,3353.561,3347.998,3348.062
3346.523,1777318200,3353.734,3345.142,3349.225
3344.68,1777319100,3346.615,3339.516,3346.524
3338.626,1777320000,3347.92,3337.474,3344.681
3342.964,1777320900,3342.964,3337.68,3338.629
3344.181,1777321800,3344.181,3338.697,3342.965
3341.189,1777322700,3345.792,3336.701,3344.188
3347.309,1777323600,3347.309,3341.198,3341.198
3353.564,1777324500,3353.564,3347.314,3347.314
3355.304,1777325400,3355.304,3350.929,3353.565
3355.908,1777326300,3357.968,3353.199,3355.307
3361.882,1777327200,3361.882,3355.92,3355.92
3358.052,1777328100,3365.339,3356.693,3361.893
3349.827,1777329000,3359.748,3347.895,3358.054
3352.041,1777329900,3352.041,3347.617,3349.838
3352.648,1777330800,3355.5,3351.382,3352.049
3354.965,1777331700,3356.955,3352.67,3352.67
3355.467,1777332600,3356.593,3353.851,3354.971
3348.425,1777333500,3355.642,3346.825,3355.475
3354.108,1777334400,3354.108,3348.439,3348.439
3354.328,1777335300,3357.617,3353.625,3354.122
3346.298,1777336200,3357.831,3345.879,3354.34
3334.255,1777337100,3347.971,3330.995,3346.309
3325.421,1777338000,3335.591,3323.433,3334.257
3321.419,1777338900,3329.217,3320.64,3325.424
3316.736,1777339800,3322.915,3313.44,3321.42
3322.726,1777340700,3322.726,3316.751,3316.751
3320.013,1777341600,3324.288,3319.072,3322.734
3312.051,1777342500,3321.505,3307.691,3320.014
3318.0,1777343400,3318.0,3312.055,3312.055
3319.097,1777344300,3322.86,3318.008,3318.008
3325.049,1777345200,3325.049,3319.101,3319.101
3323.158,1777346100,3325.507,3317.638,3325.056
3329.115,1777347000,3329.115,3323.166,3323.166
3318.556,1777347900,3332.459,3317.444,3329.135
3318.172,1777348800,3321.45,3318.081,3318.56
3323.98,1777349700,3323.98,3318.18,3318.18
3330.231,1777350600,3330.231,3323.989,3323.989
3325.257,1777351500,3333.125,3323.506,3330.239
3329.772,1777352400,3329.902,3325.26,3325.26
3314.555,1777353300,3330.516,3314.311,3329.775
3313.81,1777354200,3316.41,3311.896,3314.562
3317.19,1777355100,3317.19,3313.539,3313.816
3317.415,1777356000,3321.676,3315.97,3317.19
3314.944,1777356900,3322.99,3314.729,3317.423
3319.971,1777357800,3319.971,3314.949,3314.949
3313.203,1777358700,3323.928,3312.235,3319.985
3316.278,1777359600,3316.278,3311.56,3313.206
3313.88,1777360500,3319.98,3312.64,3316.28
3319.809,1777361400,3319.809,3313.882,3313.882
3310.187,1777362300,3319.97,3308.745,3319.812
3292.139,1777363200,3311.691,3290.967,3310.193
3290.164,1777364100,3294.494,3286.951,3292.151
3286.27,1777365000,3294.089,3285.326,3290.179
3292.123,1777365900,3292.123,3286.271,3286.271
3292.505,1777366800,3297.455,3292.133,3292.133
3283.788,1777367700,3293.282,3283.636,3292.506
3289.824,1777368600,3289.824,3283.803,3283.803
3283.848,1777369500,3290.535,3282.768,3289.835
3289.48,1777370400,3289.48,3283.85,3283.85
3292.812,1777371300,3292.812,3289.247,3289.49
3295.025,1777372200,3295.025,3291.461,3292.826
3288.574,1777373100,3295.915,3285.413,3295.029
3294.548,1777374000,3294.548,3288.574,3288.574
3300.224,1777374900,3300.224,3294.551,3294.551
3297.957,1777375800,3302.664,3295.967,3300.23
3301.923,1777376700,3301.923,3297.959,3297.959
3293.882,1777377600,3305.167,3292.986,3301.925
3299.203,1777378500,3299.203,3293.324,3293.888
3295.996,1777379400,3299.49,3292.545,3299.204
3285.676,1777380300,3297.469,3283.998,3296.008
3272.839,1777381200,3286.098,3272.211,3285.68
3274.931,1777382100,3277.675,3272.853,3272.853
3280.813,1777383000,3280.813,3274.94,3274.94
3281.609,1777383900,3283.645,3278.499,3280.815
3278.284,1777384800,3285.756,3277.5,3281.611
3278.87,1777385700,3283.497,3278.255,3278.286
3260.093,1777386600,3280.773,3258.55,3278.87
3261.377,1777387500,3265.711,3260.099,3260.099
3266.318,1777388400,3266.318,3261.381,3261.381
3266.595,1777389300,3269.792,3265.807,3266.325
3261.474,1777390200,3269.256,3259.752,3266.609
3262.757,1777391100,3263.823,3260.139,3261.489
3268.709,1777392000,3268.709,3262.761,3262.761
3258.259,1777392900,3269.376,3258.061,3268.721
3257.601,1777393800,3262.486,3256.928,3258.271
3263.243,1777394700,3263.243,3257.609,3257.609
3265.482,1777395600,3268.466,3263.25,3263.25
3263.741,1777396500,3267.15,3259.602,3265.496
3265.611,1777397400,3267.909,3263.742,3263.742
3266.279,1777398300,3267.458,3262.043,3265.622
3270.899,1777399200,3270.899,3266.286,3266.286
3273.616,1777400100,3275.377,3270.913,3270.913
3270.325,1777401000,3277.813,3269.404,3273.617
3271.369,1777401900,3271.369,3266.257,3270.335
3272.972,1777402800,3273.72,3269.191,3271.373
3277.28,1777403700,3277.293,3272.973,3272.973
3278.06,1777404600,3281.712,3277.28,3277.298
3276.815,1777405500,3278.341,3274.783,3278.063
3267.962,1777406400,3276.911,3265.267,3276.82
3263.214,1777407300,3269.449,3261.368,3267.963
3258.131,1777408200,3263.291,3256.057,3263.219
3255.737,1777409100,3261.312,3254.885,3258.139
3255.648,1777410000,3256.177,3250.289,3255.739
3256.114,1777410900,3259.477,3254.021,3255.653
3257.792,1777411800,3257.792,3252.363,3256.121
3260.987,1777412700,3260.987,3255.173,3257.801
3258.248,1777413600,3264.328,3258.15,3260.994
3257.138,1777414500,3262.155,3256.516,3258.259
3254.133,1777415400,3258.403,3252.436,3257.149
3256.739,1777416300,3259.031,3254.135,3254.135
3260.707,1777417200,3261.697,3256.755,3256.755
3255.768,1777418100,3262.023,3254.172,3260.71
3253.313,1777419000,3257.224,3251.759,3255.771
3250.483,1777419900,3254.246,3248.374,3253.319
3249.778,1777420800,3255.046,3248.441,3250.496
3252.022,1777421700,3252.022,3248.468,3249.782
3255.415,1777422600,3256.218,3252.027,3252.027
3258.285,1777423500,3258.285,3253.731,3255.427
3262.412,1777424400,3264.125,3258.292,3258.292
3266.859,1777425300,3266.859,3262.121,3262.413
3262.621,1777426200,3269.689,3260.897,3266.871
3256.924,1777427100,3263.5,3253.041,3262.63
3255.318,1777428000,3257.536,3252.642,3256.929
3261.051,1777428900,3261.051,3255.33,3255.33
3266.815,1777429800,3266.815,3261.06,3261.06
3272.948,1777430700,3272.948,3266.816,3266.816
3274.884,1777431600,3275.245,3271.496,3272.958
3270.89,1777432500,3278.327,3270.792,3274.891
3276.905,1777433400,3276.905,3270.894,3270.894
3282.577,1777434300,3282.577,3276.915,3276.915
3270.716,1777435200,3284.674,3270.342,3282.584
3262.931,1777436100,3273.245,3262.435,3270.719
3264.143,1777437000,3264.143,3259.109,3262.934
3266.091,1777437900,3266.261,3263.002,3264.145
3252.45,1777438800,3266.162,3251.574,3266.099
3258.298,1777439700,3258.298,3252.452,3252.452
3260.148,1777440600,3261.131,3257.745,3258.302
3255.944,1777441500,3263.757,3255.319,3260.157
3259.766,1777442400,3261.388,3255.944,3255.944
3258.088,1777443300,3260.771,3255.921,3259.769
3252.203,1777444200,3260.66,3250.715,3258.102
3248.391,1777445100,3252.884,3246.198,3252.208
3252.576,1777446000,3252.576,3248.397,3248.397
3247.948,1777446900,3257.965,3247.39,3252.581
3250.456,1777447800,3251.337,3247.382,3247.953
3243.699,1777448700,3250.474,3239.57,3250.46
3246.558,1777449600,3246.558,3241.112,3243.71
3246.239,1777450500,3250.844,3245.958,3246.565
3234.09,1777451400,3249.515,3233.245,3246.249
3233.33,1777452300,3234.263,3228.464,3234.095
3224.128,1777453200,3236.604,3223.89,3233.343
3223.776,1777454100,3227.374,3221.318,3224.142
3229.127,1777455000,3229.127,3223.781,3223.781
3234.915,1777455900,3234.915,3229.14,3229.14
3233.535,1777456800,3237.529,3230.271,3234.931
3236.903,1777457700,3236.903,3233.539,3233.539
3240.372,1777458600,3242.278,3236.907,3236.907
3239.444,1777459500,3246.178,3239.438,3240.392
3240.751,1777460400,3244.535,3239.465,3239.465
3246.683,1777461300,3246.683,3240.753,3240.753
3246.376,1777462200,3251.949,3245.993,3246.684
3231.888,1777463100,3247.731,3230.979,3246.382
3232.466,1777464000,3234.338,3230.647,3231.893
3238.265,1777464900,3238.265,3232.467,3232.467
3238.747,1777465800,3239.88,3234.675,3238.269
3240.442,1777466700,3241.44,3237.909,3238.75
3233.87,1777467600,3242.15,3232.959,3240.451
3238.823,1777468500,3238.823,3233.878,3233.878
3231.606,1777469400,3238.864,3229.531,3238.831
3233.143,1777470300,3233.386,3228.174,3231.607
3229.091,1777471200,3235.66,3228.931,3233.155
3230.553,1777472100,3231.575,3228.186,3229.094
3221.24,1777473000,3231.06,3217.685,3230.557
3223.365,1777473900,3224.678,3220.93,3221.244
3225.592,1777474800,3225.782,3223.281,3223.37
3223.138,1777475700,3226.478,3220.873,3225.6
3216.473,1777476600,3225.249,3214.385,3223.141
3212.533,1777477500,3219.464,3210.026,3216.473
3218.555,1777478400,3218.555,3212.541,3212.541
3223.47,1777479300,3223.671,3218.566,3218.566
3229.202,1777480200,3229.202,3223.473,3223.473
3222.141,1777481100,3229.231,3219.538,3229.204
3220.955,1777482000,3226.597,3220.478,3222.151
3202.903,1777482900,3222.319,3202.457,3220.958
3208.819,1777483800,3208.819,3202.912,3202.912
3207.163,1777484700,3209.041,3203.03,3208.828
3204.055,1777485600,3211.974,3202.872,3207.163
3209.425,1777486500,3209.425,3204.063,3204.063
3206.921,1777487400,3210.168,3203.971,3209.447
3204.258,1777488300,3207.876,3201.634,3206.936
3206.059,1777489200,3209.477,3204.271,3204.271
3211.864,1777490100,3211.864,3206.064,3206.064
3199.137,1777491000,3211.935,3198.551,3211.871
3197.923,1777491900,3200.146,3192.975,3199.137
3200.241,1777492800,3200.241,3195.066,3197.929
3201.634,1777493700,3203.201,3200.251,3200.251
3206.161,1777494600,3206.161,3201.641,3201.641
3203.145,1777495500,3211.162,3202.645,3206.165
3205.932,1777496400,3205.932,3201.896,3203.154
3209.978,1777497300,3209.978,3205.937,3205.937
3210.155,1777498200,3212.885,3208.009,3209.984
3214.795,1777499100,3214.795,3209.799,3210.157
3209.145,1777500000,3214.969,3208.736,3214.798
3214.947,1777500900,3214.947,3209.15,3209.15
3220.859,1777501800,3220.859,3214.955,3214.955
3224.731,1777502700,3224.731,3219.862,3220.874
3220.958,1777503600,3228.684,3220.467,3224.737
3221.585,1777504500,3225.626,3220.964,3220.964
3226.819,1777505400,3226.819,3221.602,3221.602
3225.736,1777506300,3229.69,3222.939,3226.823
3216.54,1777507200,3225.879,3214.494,3225.74
3215.355,1777508100,3217.102,3210.243,3216.544
3213.329,1777509000,3216.663,3212.144,3215.366
3211.114,1777509900,3213.784,3210.254,3213.336
3216.36,1777510800,3216.36,3211.122,3211.122
3222.198,1777511700,3222.198,3216.367,3216.367
3226.586,1777512600,3226.586,3222.208,3222.208
3232.335,1777513500,3232.335,3226.59,3226.59
3233.088,1777514400,3233.088,3229.156,3232.337
3235.038,1777515300,3235.038,3230.181,3233.095
3225.976,1777516200,3237.102,3225.033,3235.045
3231.886,1777517100,3231.886,3225.984,3225.984
3230.131,1777518000,3232.485,3226.6,3231.892
3232.358,1777518900,3232.577,3228.937,3230.142
3237.901,1777519800,3237.901,3232.175,3232.365
3236.069,1777520700,3239.233,3232.518,3237.903
3242.084,1777521600,3242.084,3236.073,3236.073
3233.199,1777522500,3242.118,3232.491,3242.085
3235.65,1777523400,3238.026,3233.199,3233.199
3235.29,1777524300,3238.335,3233.33,3235.657
3241.43,1777525200,3241.43,3235.297,3235.297
3230.377,1777526100,3241.661,3228.391,3241.442
3230.358,1777527000,3234.218,3229.796,3230.379
3234.976,1777527900,3234.976,3230.358,3230.358
3221.3,1777528800,3235.655,3220.465,3234.983
3226.892,1777529700,3226.892,3221.302,3221.302
3232.768,1777530600,3232.768,3226.903,3226.903
3232.941,1777531500,3232.941,3227.046,3232.778
3238.678,1777532400,3238.678,3232.941,3232.941
3230.083,1777533300,3239.562,3229.096,3238.686
3228.277,1777534200,3231.357,3223.429,3230.092
3230.21,1777535100,3231.377,3228.277,3228.277
3232.71,1777536000,3234.338,3230.221,3230.221
3238.485,1777536900,3238.485,3232.711,3232.711
3240.447,1777537800,3242.424,3238.487,3238.487
3235.818,1777538700,3241.545,3234.418,3240.448
3240.105,1777539600,3240.105,3235.823,3235.823
3246.208,1777540500,3246.208,3240.111,3240.111
3244.298,1777541400,3250.631,3243.379,3246.217
3237.139,1777542300,3244.47,3236.205,3244.303
3240.781,1777543200,3240.781,3237.144,3237.144
3243.938,1777544100,3245.18,3240.788,3240.788
3241.739,1777545000,3244.696,3236.845,3243.951
3242.331,1777545900,3246.07,3241.538,3241.745
3238.676,1777546800,3245.823,3237.692,3242.336
3237.166,1777547700,3240.974,3234.776,3238.688
3242.104,1777548600,3242.104,3237.169,3237.169
3241.91,1777549500,3243.889,3237.751,3242.105
3245.578,1777550400,3245.578,3241.924,3241.924
3244.749,1777551300,3250.339,3244.714,3245.582
3248.031,1777552200,3248.031,3243.986,3244.751
3242.687,1777553100,3248.277,3239.879,3248.035
3237.102,1777554000,3244.566,3236.757,3242.688
3240.191,1777554900,3241.402,3237.104,3237.104
3243.778,1777555800,3243.778,3240.2,3240.2
3246.905,1777556700,3248.192,3243.798,3243.798
3252.589,1777557600,3252.589,3246.909,3246.909
3252.973,1777558500,3253.484,3248.229,3252.593
3255.442,1777559400,3256.533,3252.979,3252.979
3246.834,1777560300,3260.2,3246.491,3255.447
3247.253,1777561200,3248.435,3243.013,3246.841
3248.328,1777562100,3248.511,3243.511,3247.269
3251.379,1777563000,3251.379,3247.643,3248.33
3257.296,1777563900,3257.296,3251.385,3251.385
3262.927,1777564800,3262.927,3257.305,3257.305
3264.565,1777565700,3264.565,3260.562,3262.931
3251.25,1777566600,3264.963,3247.464,3264.572
3251.175,1777567500,3254.909,3251.108,3251.251
3256.051,1777568400,3256.051,3251.14,3251.178
3256.108,1777569300,3259.281,3253.342,3256.055
3249.062,1777570200,3258.969,3248.896,3256.117
3252.685,1777571100,3252.685,3249.068,3249.068
3258.611,1777572000,3258.611,3252.69,3252.69
3262.39,1777572900,3262.39,3258.555,3258.624
3257.341,1777573800,3264.838,3255.736,3262.393
3263.273,1777574700,3263.273,3257.347,3257.347
3257.372,1777575600,3265.978,3257.079,3263.273
3261.415,1777576500,3261.415,3256.384,3257.372
3263.156,1777577400,3264.867,3261.429,3261.429
3256.843,1777578300,3265.541,3255.238,3263.162
3254.508,1777579200,3256.996,3251.151,3256.852
3248.829,1777580100,3256.233,3244.723,3254.51
3238.501,1777581000,3250.289,3238.206,3248.838
3230.802,1777581900,3239.734,3228.744,3238.512
3235.845,1777582800,3235.845,3230.804,3230.804
3230.831,1777583700,3237.712,3228.929,3235.846
3221.83,1777584600,3234.493,3221.249,3230.846
3205.562,1777585500,3221.906,3201.391,3221.833
3204.217,1777586400,3209.926,3202.873,3205.568
3204.499,1777587300,3206.021,3201.083,3204.219
3206.501,1777588200,3206.712,3204.244,3204.506
3208.838,1777589100,3209.041,3205.523,3206.507
3214.707,1777590000,3214.707,3208.847,3208.847
3205.193,1777590900,3217.055,3204.593,3214.716
3210.9,1777591800,3210.9,3205.196,3205.196
3212.554,1777592700,3213.789,3210.62,3210.911
3204.428,1777593600,3216.091,3204.356,3212.559
3195.988,1777594500,3204.887,3193.973,3204.436
3201.137,1777595400,3201.137,3196.004,3196.004
3193.663,1777596300,3201.757,3191.837,3201.147
3185.218,1777597200,3194.447,3185.061,3193.673
3187.332,1777598100,3189.076,3185.223,3185.223
3193.168,1777599000,3193.168,3187.335,3187.335
3198.775,1777599900,3198.775,3193.177,3193.177
3197.036,1777600800,3200.1,3193.007,3198.779
3192.915,1777601700,3198.01,3191.617,3197.037
3196.402,1777602600,3196.402,3190.677,3192.917
3202.255,1777603500,3202.255,3196.404,3196.404
3207.47,1777604400,3207.47,3202.261,3202.261
3202.549,1777605300,3209.349,3198.87,3207.47
3205.451,1777606200,3205.451,3201.051,3202.553
3211.233,1777607100,3211.233,3205.461,3205.461
3215.199,1777608000,3215.199,3210.938,3211.235
3210.403,1777608900,3216.088,3209.466,3215.205
3204.279,1777609800,3210.504,3201.774,3210.41
3199.624,1777610700,3205.926,3197.518,3204.28
3201.288,1777611600,3201.288,3198.199,3199.632
3181.567,1777612500,3202.764,3179.892,3201.289
3183.836,1777613400,3185.846,3181.573,3181.573
3187.443,1777614300,3188.127,3183.838,3183.838
3189.082,1777615200,3189.082,3184.052,3187.448
3193.512,1777616100,3193.512,3189.094,3189.094
3198.803,1777617000,3198.885,3193.513,3193.513
3200.06,1777617900,3203.516,3198.812,3198.812
3203.848,1777618800,3203.848,3200.076,3200.076
3206.541,1777619700,3206.541,3201.099,3203.849
3204.452,1777620600,3206.698,3200.476,3206.544
3194.009,1777621500,3205.921,3193.732,3204.46
3199.91,1777622400,3199.91,3194.016,3194.016
3195.62,1777623300,3204.753,3195.462,3199.918
3187.967,1777624200,3196.601,3185.978,3195.626
3185.407,1777625100,3188.811,3182.43,3187.98
3190.937,1777626000,3190.937,3185.422,3185.422
3193.225,1777626900,3196.168,3190.944,3190.944
3198.371,1777627800,3198.371,3193.229,3193.229
3183.832,1777628700,3199.788,3182.27,3198.377
3173.823,1777629600,3184.921,3173.465,3183.838
3179.572,1777630500,3179.572,3173.83,3173.83
3176.986,1777631400,3182.302,3176.198,3179.579
3174.92,1777632300,3177.011,3169.656,3177.0
3180.636,1777633200,3180.636,3174.934,3174.934
3183.104,1777634100,3183.504,3180.302,3180.638
3183.534,1777635000,3183.578,3178.945,3183.112
3181.467,1777635900,3187.996,3180.371,3183.542
3178.238,1777636800,3182.777,3176.179,3181.476
3177.417,1777637700,3182.922,3176.956,3178.238
3178.373,1777638600,3182.112,3177.164,3177.418
3171.539,1777639500,3178.375,3170.639,3178.375
3169.276,1777640400,3172.877,3167.051,3171.547
3174.949,1777641300,3174.949,3169.29,3169.29
3160.03,1777642200,3175.896,3159.725,3174.95
3159.811,1777643100,3160.176,3155.151,3160.032
3165.16,1777644000,3165.16,3159.813,3159.813
3158.728,1777644900,3166.925,3158.664,3165.171
3153.853,1777645800,3161.512,3153.37,3158.731
3157.061,1777646700,3157.061,3153.858,3153.858
3160.239,1777647600,3160.91,3157.061,3157.061
3159.076,1777648500,3161.889,3155.236,3160.241
3159.248,1777649400,3159.805,3154.295,3159.08
3164.945,1777650300,3164.945,3159.263,3159.263
3148.583,1777651200,3166.293,3147.744,3164.954
3146.725,1777652100,3151.225,3146.523,3148.588
3139.763,1777653000,3148.943,3137.502,3146.727
3141.865,1777653900,3144.818,3139.765,3139.765
3143.779,1777654800,3144.508,3141.471,3141.882
3146.113,1777655700,3149.301,3143.781,3143.781
3142.372,1777656600,3148.29,3140.31,3146.121
3142.732,1777657500,3144.646,3139.513,3142.383
3137.545,1777658400,3142.928,3136.009,3142.739
3133.291,1777659300,3139.318,3131.321,3137.548
3132.368,1777660200,3135.379,3129.934,3133.299
3135.949,1777661100,3136.209,3132.379,3132.379
3136.341,1777662000,3137.772,3132.482,3135.952
3138.054,1777662900,3138.054,3132.586,3136.351
3142.958,1777663800,3143.66,3138.07,3138.07
3135.885,1777664700,3145.001,3134.085,3142.962
3139.996,1777665600,3139.996,3135.886,3135.886
3144.361,1777666500,3144.361,3140.003,3140.003
3150.061,1777667400,3150.061,3144.372,3144.372
3155.815,1777668300,3155.815,3150.07,3150.07
3154.584,1777669200,3161.018,3154.071,3155.816
3157.394,1777670100,3157.394,3154.492,3154.6
3157.326,1777671000,3159.201,3153.474,3157.409
3161.241,1777671900,3161.241,3156.611,3157.332
3155.873,1777672800,3162.61,3153.028,3161.251
3159.306,1777673700,3160.532,3155.874,3155.874
3156.43,1777674600,3159.504,3154.191,3159.309
3153.881,1777675500,3159.529,3152.848,3156.437
3159.543,1777676400,3159.641,3153.893,3153.893
3165.286,1777677300,3165.286,3159.544,3159.544
3169.13,1777678200,3169.13,3163.651,3165.287
3172.377,1777679100,3172.396,3169.135,3169.135
3169.525,1777680000,3173.731,3166.174,3172.386
3169.659,1777680900,3171.224,3167.253,3169.533
3170.599,1777681800,3171.714,3168.48,3169.666
3169.795,1777682700,3175.877,3169.694,3170.613
3175.454,1777683600,3175.454,3169.796,3169.796
3173.558,1777684500,3179.379,3172.599,3175.47
3176.333,1777685400,3176.333,3172.45,3173.571
3177.497,1777686300,3180.006,3175.531,3176.337
3168.211,1777687200,3182.435,3168.075,3177.499
3168.433,1777688100,3171.352,3167.457,3168.213
3160.292,1777689000,3168.676,3158.526,3168.436
3165.96,1777689900,3165.96,3160.293,3160.293
3171.02,1777690800,3171.568,3165.969,3165.969
3157.242,1777691700,3172.331,3155.497,3171.02
3161.473,1777692600,3161.99,3157.255,3157.255
3166.978,1777693500,3166.978,3161.478,3161.478
3166.624,1777694400,3172.366,3166.402,3166.984
3171.899,1777695300,3171.899,3166.638,3166.638
3175.218,1777696200,3175.218,3171.531,3171.907
3173.785,1777697100,3176.467,3169.498,3175.222
3163.662,1777698000,3173.877,3163.55,3173.796
3160.756,1777698900,3168.379,3159.659,3163.662
3166.487,1777699800,3166.487,3160.76,3160.76
3169.437,1777700700,3169.741,3166.487,3166.487
3169.534,1777701600,3171.007,3165.619,3169.447
3174.507,1777702500,3174.507,3169.537,3169.537
3174.074,1777703400,3179.275,3173.749,3174.509
3174.729,1777704300,3176.469,3171.407,3174.081
3179.78,1777705200,3179.78,3174.736,3174.736
3178.789,1777706100,3181.467,3174.671,3179.782
3173.474,1777707000,3181.306,3172.958,3178.793
3168.92,1777707900,3174.775,3168.852,3173.478
3171.075,1777708800,3171.587,3166.952,3168.92
3173.903,1777709700,3175.972,3171.081,3171.081
3179.383,1777710600,3179.383,3173.903,3173.903
3178.944,1777711500,3181.138,3177.121,3179.388
3179.811,1777712400,3180.587,3175.665,3178.946
3184.867,1777713300,3185.306,3179.824,3179.824
3190.666,1777714200,3190.666,3184.868,3184.868
3185.571,1777715100,3193.257,3184.711,3190.669
3182.618,1777716000,3186.221,3179.416,3185.577
3185.755,1777716900,3185.755,3182.623,3182.623
3191.361,1777717800,3191.361,3185.765,3185.765
3193.787,1777718700,3194.182,3190.797,3191.365
3191.196,1777719600,3196.08,3188.092,3193.807
3197.055,1777720500,3197.055,3191.204,3191.204
3201.496,1777721400,3201.496,3196.385,3197.061
3202.49,1777722300,3206.811,3201.503,3201.503
3192.631,1777723200,3203.653,3191.493,3202.491
3197.08,1777724100,3197.08,3191.795,3192.639
3185.668,1777725000,3198.594,3184.339,3197.085
3178.14,1777725900,3185.932,3177.625,3185.681
3179.282,1777726800,3179.386,3175.044,3178.143
3175.855,1777727700,3180.45,3174.705,3179.289
3175.645,1777728600,3181.296,3175.545,3175.856
3181.248,1777729500,3181.248,3175.653,3175.653
3186.724,1777730400,3186.724,3181.251,3181.251
3192.49,1777731300,3192.49,3186.74,3186.74
3194.95,1777732200,3196.289,3192.502,3192.502
3200.758,1777733100,3200.758,3194.956,3194.956
3206.596,1777734000,3206.596,3200.768,3200.768
3188.619,1777734900,3208.478,3187.627,3206.598
3187.599,1777735800,3189.901,3184.734,3188.626
3182.913,1777736700,3188.031,3181.625,3187.613
3173.627,1777737600,3185.482,3172.318,3182.919
3179.242,1777738500,3179.242,3173.631,3173.631
3170.525,1777739400,3182.313,3170.311,3179.254
3168.957,1777740300,3174.055,3166.774,3170.527
3171.168,1777741200,3171.168,3166.32,3168.97
3169.854,1777742100,3171.468,3165.671,3171.182
3175.486,1777743000,3175.486,3169.859,3169.859
3179.487,1777743900,3179.487,3175.49,3175.49
3180.09,1777744800,3181.985,3178.721,3179.488
3172.583,1777745700,3183.859,3172.547,3180.105
3166.91,1777746600,3172.77,3165.584,3172.597
3161.159,1777747500,3169.722,3158.898,3166.917
3158.517,1777748400,3163.72,3156.751,3161.165
3157.819,1777749300,3160.145,3154.802,3158.518
3153.941,1777750200,3160.529,3152.219,3157.827
3152.44,1777751100,3155.403,3148.289,3153.942
3143.173,1777752000,3153.734,3139.804,3152.442
3147.462,1777752900,3147.462,3143.181,3143.181
3153.074,1777753800,3153.074,3147.465,3147.465
3158.836,1777754700,3158.836,3153.087,3153.087
3156.847,1777755600,3160.585,3153.957,3158.842
3144.281,1777756500,3158.311,3143.676,3156.854
3129.818,1777757400,3144.743,3128.468,3144.291
3131.399,1777758300,3132.028,3128.985,3129.82
3134.904,1777759200,3136.824,3131.404,3131.404
3128.479,1777760100,3136.737,3127.955,3134.912
3134.118,1777761000,3134.118,3128.485,3128.485
3139.908,1777761900,3139.908,3134.129,3134.129
3127.197,1777762800,3141.373,3126.137,3139.916
3123.054,1777763700,3129.454,3122.215,3127.208
3122.575,1777764600,3124.595,3119.649,3123.067
3116.255,1777765500,3125.199,3113.628,3122.578
3121.884,1777766400,3121.884,3116.266,3116.266
3116.446,1777767300,3124.084,3114.147,3121.892
3119.457,1777768200,3121.704,3116.456,3116.456
3120.469,1777769100,3123.601,3119.462,3119.462
3126.158,1777770000,3126.158,3120.477,3120.477
3131.727,1777770900,3131.727,3126.162,3126.162
3137.735,1777771800,3137.735,3131.732,3131.732
3140.142,1777772700,3141.999,3137.737,3137.737
3139.602,1777773600,3142.259,3135.964,3140.152
3139.573,1777774500,3144.969,3139.322,3139.602
3143.535,1777775400,3143.535,3139.417,3139.578
3144.6,1777776300,3148.386,3143.546,3143.546
3145.064,1777777200,3145.23,3142.062,3144.605
3135.254,1777778100,3149.399,3135.187,3145.065
3121.539,1777779000,3135.397,3121.042,3135.265
3121.674,1777779900,3122.322,3117.932,3121.544
3120.613,1777780800,3122.525,3115.78,3121.677
3119.832,1777781700,3121.541,3115.5,3120.617
3112.868,1777782600,3121.279,3112.242,3119.838
3103.163,1777783500,3114.605,3099.918,3112.875
3108.534,1777784400,3108.534,3103.173,3103.173
3106.883,1777785300,3113.024,3106.295,3108.535
3112.565,1777786200,3112.565,3106.892,3106.892
3115.491,1777787100,3117.162,3112.585,3112.585
3116.882,1777788000,3117.057,3112.847,3115.491
3104.084,1777788900,3117.691,3103.884,3116.888
3107.13,1777789800,3107.13,3102.319,3104.091
3102.073,1777790700,3107.839,3101.953,3107.136
3106.928,1777791600,3106.963,3102.086,3102.086
3101.653,1777792500,3110.42,3100.914,3106.94
3093.495,1777793400,3104.014,3091.92,3101.66
3094.472,1777794300,3094.991,3090.679,3093.512
3091.689,1777795200,3095.634,3090.627,3094.476
3084.177,1777796100,3092.395,3084.13,3091.696
3073.7,1777797000,3085.124,3072.599,3084.185
3079.122,1777797900,3079.122,3073.708,3073.708
3066.854,1777798800,3079.488,3065.277,3079.131
3071.331,1777799700,3071.331,3066.869,3066.869
3069.933,1777800600,3073.155,3067.503,3071.34
3072.373,1777801500,3074.921,3069.94,3069.94
3075.416,1777802400,3075.984,3072.382,3072.382
3072.766,1777803300,3077.079,3070.026,3075.419
3071.37,1777804200,3072.874,3067.858,3072.772
3072.186,1777805100,3072.186,3066.972,3071.371
3076.318,1777806000,3076.318,3071.221,3072.188
3077.771,1777806900,3077.771,3073.467,3076.323
3066.66,1777807800,3077.879,3064.568,3077.774
3069.939,1777808700,3069.939,3064.884,3066.671
3058.247,1777809600,3071.757,3056.647,3069.948
3056.061,1777810500,3061.256,3054.777,3058.258
3051.348,1777811400,3056.347,3050.802,3056.07
3052.758,1777812300,3053.812,3049.527,3051.357
3055.125,1777813200,3056.351,3052.761,3052.761
3057.402,1777814100,3057.402,3052.866,3055.131
3055.665,1777815000,3058.544,3053.96,3057.409
3049.367,1777815900,3058.437,3048.281,3055.667
3044.522,1777816800,3050.494,3043.665,3049.37
3049.947,1777817700,3049.947,3044.533,3044.533
3055.51,1777818600,3055.51,3049.949,3049.949
3056.792,1777819500,3058.288,3054.122,3055.516
3061.611,1777820400,3061.611,3056.798,3056.798
3067.15,1777821300,3067.15,3061.613,3061.613
3069.692,1777822200,3072.274,3067.154,3067.154
3067.455,1777823100,3072.376,3066.199,3069.692
3061.022,1777824000,3067.884,3060.969,3067.456
3059.766,1777824900,3064.014,3058.875,3061.035
3064.157,1777825800,3064.157,3059.074,3059.772
3067.461,1777826700,3068.738,3064.158,3064.158
3073.026,1777827600,3073.026,3067.47,3067.47
3074.133,1777828500,3075.232,3070.927,3073.037
3070.369,1777829400,3075.293,3069.049,3074.142
3076.103,1777830300,3076.103,3070.378,3070.378
3073.395,1777831200,3076.128,3069.372,3076.12
3074.917,1777832100,3075.89,3073.027,3073.397
3080.744,1777833000,3080.744,3074.93,3074.93
3084.248,1777833900,3084.248,3080.747,3080.747
3081.954,1777834800,3084.577,3078.485,3084.25
